{
  "dataList": [
    {
      "id": "0",
      "content": "追逐虚影的旧时光"
    },
    {
      "id": "1",
      "content": "只剩下空洞的回忆"
    },
    {
      "id": "2",
      "content": "就像火焰灼烧了我"
    },
    {
      "id": "3",
      "content": "我的手中只剩下灰烬"
    },
    {
      "id": "4",
      "content": "我奔跑着，毫不停歇"
    },
    {
      "id": "5",
      "content": "那些曾让我感到窒息的时光"
    },
    {
      "id": "6",
      "content": "到头来也会让我觉得珍贵吗"
    },
    {
      "id": "7",
      "content": "那是很久很久以前的事情"
    },
    {
      "id": "8",
      "content": "当我回顾那些记忆时"
    },
    {
      "id": "9",
      "content": "我真希望自己能够微笑"
    },
    {
      "id": "10",
      "content": "不论现在还剩下多少时间"
    },
    {
      "id": "11",
      "content": "我都该向前迈步了"
    },
    {
      "id": "12",
      "content": "将自己燃烧殆尽"
    },
    {
      "id": "13",
      "content": "我须如蜡烛一般"
    },
    {
      "id": "14",
      "content": "没有喘息的空闲"
    },
    {
      "id": "15",
      "content": "我被卷入这动荡的日子里"
    },
    {
      "id": "16",
      "content": "希望我能够开拓自己的路"
    },
    {
      "id": "17",
      "content": "那是很久很久以前的事情"
    },
    {
      "id": "18",
      "content": "当我回顾那些记忆时"
    },
    {
      "id": "19",
      "content": "我真希望自己能够微笑"
    },
    {
      "id": "20",
      "content": "让我，让我飞得如此之远"
    },
    {
      "id": "21",
      "content": "像夜空中的鸟儿一般触摸星辰"
    },
    {
      "id": "22",
      "content": "这夜，这夜晚一定还会到来"
    },
    {
      "id": "23",
      "content": "但没关系，我会活下去"
    },
    {
      "id": "24",
      "content": "会没事的"
    }
  ]
}