{
  "dataList": [
    {
      "id": "0",
      "content": "<color=red>可能就是那个时候</color>"
    },
    {
      "id": "1",
      "content": "<color=red>我选择从此持续堕落</color>"
    },
    {
      "id": "2",
      "content": "<color=red><size=20>道道光芒</size></color>"
    },
    {
      "id": "3",
      "content": "<color=red>一颗<size=20>星星</size></color>"
    },
    {
      "id": "4",
      "content": "<color=red>一句<size=20>轻声</size></color>"
    },
    {
      "id": "5",
      "content": "<color=red>一丝扭曲的<size=20>思想</size></color>"
    },
    {
      "id": "6",
      "content": "<color=red>一份<size=20>感触</size></color>"
    },
    {
      "id": "7",
      "content": "<color=red>一个<size=20>吻</size></color>"
    },
    {
      "id": "8",
      "content": "<color=red>一场歪曲的<size=20>梦</size></color>"
    },
    {
      "id": "9",
      "content": "<color=red><size=20>层层波浪</size></color>"
    },
    {
      "id": "10",
      "content": "<color=red>一口<size=20>井</size></color>"
    },
    {
      "id": "11",
      "content": "<color=red>一块<size=20>石头</size></color>"
    },
    {
      "id": "12",
      "content": "<color=red>一股无尽繁殖的<size=20>欲望</size></color>"
    },
    {
      "id": "13",
      "content": "<color=red>一颗果实</color>"
    },
    {
      "id": "14",
      "content": "<color=red>一项<size=20>罪恶</size></color>"
    },
    {
      "id": "15",
      "content": "<color=red>一位圣母</color>"
    },
    {
      "id": "16",
      "content": "<color=red>我也被感染，<size=20>我已被感染</size></color>"
    },
    {
      "id": "17",
      "content": "<color=red>你侵入于我，<size=20>将我重造</size></color>"
    },
    {
      "id": "18",
      "content": "<color=red>踏过我的<size=20>尸体</size></color>"
    },
    {
      "id": "19",
      "content": "<color=red>找一个充满<size=20>阳光</size>的地方</color>"
    },
    {
      "id": "20",
      "content": "<color=red>团成一个<size=20>小球</size></color>"
    },
    {
      "id": "21",
      "content": "<color=red>吐出<size=20>蚕丝</size></color>"
    },
    {
      "id": "22",
      "content": "<color=red>包裹从<size=20>头</size>到<size=20>脚</size></color>"
    },
    {
      "id": "23",
      "content": "<color=red>在温暖的<size=20>茧中</size>，我作着<size=20>终化成</size>你的<size=20>梦</size></color>"
    },
    {
      "id": "24",
      "content": "<color=red>虽明白我已无法重建往日</color>"
    },
    {
      "id": "25",
      "content": "<color=red>但尝试一下又能怎样？</color>"
    },
    {
      "id": "26",
      "content": "<color=red><size=20>分裂</size></color>"
    },
    {
      "id": "27",
      "content": "<color=red>一角<size=20>天空</size></color>"
    },
    {
      "id": "28",
      "content": "<color=red>一片<size=20>大地</size></color>"
    },
    {
      "id": "29",
      "content": "<color=red>我落入一条<size=20>缝隙</size></color>"
    },
    {
      "id": "30",
      "content": "<color=red>一次<size=20>诞生</size></color>"
    },
    {
      "id": "31",
      "content": "<color=red>一颗<size=20>蛋</size></color>"
    },
    {
      "id": "32",
      "content": "<color=red>一层新鲜切开的<size=20>薄膜</size></color>"
    },
    {
      "id": "33",
      "content": "<color=red>一个<size=20>细胞</size></color>"
    },
    {
      "id": "34",
      "content": "<color=red>一块<size=20>腐坏</size></color>"
    },
    {
      "id": "35",
      "content": "<color=red>一张回归于灰烬的<size=20>脸</size></color>"
    },
    {
      "id": "36",
      "content": "<color=red>一道<size=20>伤口</size></color>"
    },
    {
      "id": "37",
      "content": "<color=red>一份<size=20>艺术</size></color>"
    },
    {
      "id": "38",
      "content": "<color=red>一幅拥有知觉力的<size=20>画布</size></color>"
    },
    {
      "id": "39",
      "content": "<color=red>破损破损破损外壳</color>"
    },
    {
      "id": "40",
      "content": "<color=red>脱出这里，快来破坏它呀</color>"
    },
    {
      "id": "41",
      "content": "<color=red>做给我看，做给我看</color>"
    },
    {
      "id": "42",
      "content": "<color=red>竖起耳朵，支离破碎的孩子</color>"
    },
    {
      "id": "43",
      "content": "<color=red>让我们悲叹（喇们），</color>"
    },
    {
      "id": "44",
      "content": "<color=red>让我们悲叹（喇们）</color>"
    },
    {
      "id": "45",
      "content": "<color=red>生<size=20>死</size>善<size=20>恶</size></color>"
    },
    {
      "id": "46",
      "content": "<color=red>那些被我们施下的<size=20>永恒</size>诅咒</color>"
    },
    {
      "id": "47",
      "content": "<color=red><size=20>掌控</size>掌控<size=20>掌控</size>释放</color>"
    },
    {
      "id": "48",
      "content": "<color=red>掌控<size=20>背叛</size>掌控<size=20>放弃</size></color>"
    },
    {
      "id": "49",
      "content": "<color=red><size=20>隐蔽暴露非实超实</size></color>"
    },
    {
      "id": "50",
      "content": "<color=red><size=20>祈祷召唤解读重载</size></color>"
    },
    {
      "id": "51",
      "content": "<color=red>让我们悲叹（喇们），</color>"
    },
    {
      "id": "52",
      "content": "<color=red><size=20>让我们悲叹（喇们）</size></color>"
    },
    {
      "id": "53",
      "content": "<color=red>那些<size=20>只有</size>在残缺圣地才能存活的我们的<size=20>过去</size></color>"
    },
    {
      "id": "54",
      "content": "<color=red>天体</color>"
    },
    {
      "id": "55",
      "content": "<color=red>Ayiah</color>"
    },
    {
      "id": "56",
      "content": "<color=red>星际你我</color>"
    },
    {
      "id": "57",
      "content": "<color=red>Ayiou</color>"
    },
    {
      "id": "58",
      "content": "<color=red>我已重生</color>"
    },
    {
      "id": "59",
      "content": "<color=red>Le rheaiah</color>"
    },
    {
      "id": "60",
      "content": "<color=red>获得完全的自由</color>"
    },
    {
      "id": "61",
      "content": "<color=red>Katre o lamenta</color>"
    },
    {
      "id": "62",
      "content": "<color=red>软嫩肌肤</color>"
    },
    {
      "id": "63",
      "content": "<color=red>一首婴儿哭声的歌谣</color>"
    },
    {
      "id": "64",
      "content": "<color=red>必须的</color>"
    },
    {
      "id": "65",
      "content": "<color=red>我吸一口气</color>"
    },
    {
      "id": "66",
      "content": "<color=red>必然的</color>"
    },
    {
      "id": "67",
      "content": "<color=red>释放尖叫</color>"
    },
    {
      "id": "68",
      "content": "<color=red>永恒的</color>"
    },
    {
      "id": "69",
      "content": "<color=red>发自于我崭新的肺腑</color>"
    },
    {
      "id": "70",
      "content": "<color=red>不可避免的灵魂解放</color>"
    }
  ]
}