{
  "dataList": [
    {
      "id": 0,
      "content": "<color=purple>我多么希望能够拥有</color>",
      "vocalid": 0
    },
    {
      "id": 1,
      "content": "<color=purple>一个更加幸福明亮的未来</color>",
      "vocalid": 0
    },
    {
      "id": 2,
      "content": "<color=purple>我站立于大门之前</color>",
      "vocalid": 0
    },
    {
      "id": 3,
      "content": "<color=purple>亲爱的过去</color>",
      "vocalid": 0
    },
    {
      "id": 4,
      "content": "<color=purple>我已下决心</color>",
      "vocalid": 0
    },
    {
      "id": 5,
      "content": "<color=purple>你忍耐了多少份我的愤怒</color>",
      "vocalid": 0
    },
    {
      "id": 6,
      "content": "<color=purple>我那野蛮又可耻的态度</color>",
      "vocalid": 0
    },
    {
      "id": 7,
      "content": "你忽视了多少次你的美好",
      "vocalid": 1
    },
    {
      "id": 8,
      "content": "你那直率又真诚的作为",
      "vocalid": 1
    },
    {
      "id": 9,
      "content": "<color=purple>在这命运之地</color>",
      "vocalid": 0
    },
    {
      "id": 10,
      "content": "<color=purple>我会让这一切结束</color>",
      "vocalid": 0
    },
    {
      "id": 11,
      "content": "你愿意看我结束吗？",
      "vocalid": 1
    },
    {
      "id": 12,
      "content": "<color=purple>噢</color>",
      "vocalid": 0
    },
    {
      "id": 13,
      "content": "<color=purple>我们在原地旋转</color>",
      "vocalid": 0
    },
    {
      "id": 14,
      "content": "<color=purple>手中紧握</color>",
      "vocalid": 0
    },
    {
      "id": 15,
      "content": "<color=purple>由自我而生的痛苦</color>",
      "vocalid": 0
    },
    {
      "id": 16,
      "content": "<color=purple>未能传达的情感</color>",
      "vocalid": 0
    },
    {
      "id": 17,
      "content": "<color=purple>纺织一条条你永远无法理解的</color>",
      "vocalid": 0
    },
    {
      "id": 18,
      "content": "<color=purple>我们各自独创的历史</color>",
      "vocalid": 0
    },
    {
      "id": 19,
      "content": "<color=purple>因为我知道</color>",
      "vocalid": 0
    },
    {
      "id": 20,
      "content": "<color=purple>一定是因为我</color>",
      "vocalid": 0
    },
    {
      "id": 21,
      "content": "<color=purple>你放弃了笑颜</color>",
      "vocalid": 0
    },
    {
      "id": 22,
      "content": "<color=purple>你眼中的希望就此被夺去</color>",
      "vocalid": 0
    },
    {
      "id": 23,
      "content": "<color=purple>一定是因为我</color>",
      "vocalid": 0
    },
    {
      "id": 24,
      "content": "<color=purple>你不得不对我说出这些谎言</color>",
      "vocalid": 0
    },
    {
      "id": 25,
      "content": "<color=purple>没有我，但愿你过得更好</color>",
      "vocalid": 0
    },
    {
      "id": 26,
      "content": "<color=purple>其实真心早已被种在那一片片紫色之间</color>",
      "vocalid": 0
    },
    {
      "id": 27,
      "content": "<color=purple>我们偏离了有多么远</color>",
      "vocalid": 0
    },
    {
      "id": 28,
      "content": "<color=purple>早上好</color>",
      "vocalid": 0
    },
    {
      "id": 29,
      "content": "晚安",
      "vocalid": 1
    },
    {
      "id": 30,
      "content": "<color=purple>再见</color>",
      "vocalid": 0
    },
    {
      "id": 31,
      "content": "早安",
      "vocalid": 1
    },
    {
      "id": 32,
      "content": "<color=purple>晚安</color>",
      "vocalid": 0
    },
    {
      "id": 33,
      "content": "我在这里",
      "vocalid": 1
    },
    {
      "id": 34,
      "content": "<color=purple>再见</color>",
      "vocalid": 0
    },
    {
      "id": 35,
      "content": "等待你",
      "vocalid": 1
    },
    {
      "id": 36,
      "content": "<color=purple>看，这是我们最后的机会</color>",
      "vocalid": 0
    },
    {
      "id": 37,
      "content": "<color=purple>由你亲手来</color>",
      "vocalid": 0
    },
    {
      "id": 38,
      "content": "<color=purple>达成那必须被达成的事</color>",
      "vocalid": 0
    },
    {
      "id": 39,
      "content": "<color=purple>删除</color>",
      "vocalid": 0
    },
    {
      "id": 40,
      "content": "删除",
      "vocalid": 1
    },
    {
      "id": 41,
      "content": "<color=purple>删除</color>",
      "vocalid": 0
    },
    {
      "id": 42,
      "content": "删除",
      "vocalid": 1
    },
    {
      "id": 43,
      "content": "<color=purple>删除</color>",
      "vocalid": 0
    },
    {
      "id": 44,
      "content": "删除",
      "vocalid": 1
    },
    {
      "id": 45,
      "content": "<color=purple>删除</color>",
      "vocalid": 0
    },
    {
      "id": 46,
      "content": "删除",
      "vocalid": 1
    },
    {
      "id": 47,
      "content": "<color=purple>噢</color>",
      "vocalid": 0
    },
    {
      "id": 48,
      "content": "<color=purple>我们在原地旋转</color>",
      "vocalid": 0
    },
    {
      "id": 49,
      "content": "<color=purple>手中紧握</color>",
      "vocalid": 0
    },
    {
      "id": 50,
      "content": "<color=purple>由自我而生的痛苦</color>",
      "vocalid": 0
    },
    {
      "id": 51,
      "content": "<color=purple>未能传达的情感</color>",
      "vocalid": 0
    },
    {
      "id": 52,
      "content": "<color=purple>纺织一条条你永远无法理解的</color>",
      "vocalid": 0
    },
    {
      "id": 53,
      "content": "<color=purple>我们各自独创的历史</color>",
      "vocalid": 0
    },
    {
      "id": 54,
      "content": "<color=purple>我怎能知道？</color>",
      "vocalid": 0
    },
    {
      "id": 55,
      "content": "<color=purple>原来是因为我</color>",
      "vocalid": 0
    },
    {
      "id": 56,
      "content": "<color=purple>你才如此温柔</color>",
      "vocalid": 0
    },
    {
      "id": 57,
      "content": "<color=purple>我们不肯放手的这两颗心并不会永远破碎</color>",
      "vocalid": 0
    },
    {
      "id": 58,
      "content": "<color=purple>一定是因为爱</color>",
      "vocalid": 0
    },
    {
      "id": 59,
      "content": "<color=purple>我还深信这个谎言</color>",
      "vocalid": 0
    },
    {
      "id": 60,
      "content": "<color=purple>“没有我，你会过得更好”</color>",
      "vocalid": 0
    },
    {
      "id": 61,
      "content": "<color=purple>其实真心早已被种在那一片片紫色之间</color>",
      "vocalid": 0
    },
    {
      "id": 909,
      "content": "在这命运之地",
      "vocalid": 1
    },
    {
      "id": 912,
      "content": "噢",
      "vocalid": 1
    },
    {
      "id": 913,
      "content": "我们在原地旋转",
      "vocalid": 1
    },
    {
      "id": 914,
      "content": "手中紧握",
      "vocalid": 1
    },
    {
      "id": 915,
      "content": "由自我而生的痛苦",
      "vocalid": 1
    },
    {
      "id": 916,
      "content": "未能传达的情感",
      "vocalid": 1
    },
    {
      "id": 917,
      "content": "纺织一条条你永远无法理解的",
      "vocalid": 1
    },
    {
      "id": 918,
      "content": "我们各自独创的历史",
      "vocalid": 1
    },
    {
      "id": 919,
      "content": "因为我知道",
      "vocalid": 1
    },
    {
      "id": 920,
      "content": "一定是因为我",
      "vocalid": 1
    },
    {
      "id": 921,
      "content": "你放弃了笑颜",
      "vocalid": 1
    },
    {
      "id": 922,
      "content": "你眼中的希望就此被夺去",
      "vocalid": 1
    },
    {
      "id": 923,
      "content": "一定是因为我",
      "vocalid": 1
    },
    {
      "id": 924,
      "content": "你不得不对我说出这些谎言",
      "vocalid": 1
    },
    {
      "id": 925,
      "content": "没有我，但愿你过得更好",
      "vocalid": 1
    },
    {
      "id": 926,
      "content": "其实真心早已被种在那一片片紫色之间",
      "vocalid": 1
    },
    {
      "id": 927,
      "content": "我们偏离了有多么远",
      "vocalid": 1
    },
    {
      "id": 936,
      "content": "这是我们最后的机会",
      "vocalid": 1
    },
    {
      "id": 937,
      "content": "由你亲手来",
      "vocalid": 1
    },
    {
      "id": 938,
      "content": "达成那必须被达成的事",
      "vocalid": 1
    },
    {
      "id": 947,
      "content": "噢",
      "vocalid": 1
    },
    {
      "id": 948,
      "content": "我们在原地旋转",
      "vocalid": 1
    },
    {
      "id": 949,
      "content": "手中紧握",
      "vocalid": 1
    },
    {
      "id": 950,
      "content": "由自我而生的痛苦",
      "vocalid": 1
    },
    {
      "id": 951,
      "content": "未能传达的情感",
      "vocalid": 1
    },
    {
      "id": 952,
      "content": "纺织一条条你永远无法理解的",
      "vocalid": 1
    },
    {
      "id": 953,
      "content": "我们各自独创的历史",
      "vocalid": 1
    },
    {
      "id": 954,
      "content": "我怎能知道？",
      "vocalid": 1
    },
    {
      "id": 955,
      "content": "原来是因为我",
      "vocalid": 1
    },
    {
      "id": 956,
      "content": "你才如此温柔",
      "vocalid": 1
    },
    {
      "id": 957,
      "content": "我们不肯放手的这两颗心并不会永远破碎",
      "vocalid": 1
    },
    {
      "id": 958,
      "content": "一定是因为爱",
      "vocalid": 1
    },
    {
      "id": 959,
      "content": "我还深信这个谎言",
      "vocalid": 1
    },
    {
      "id": 960,
      "content": "“没有我，你会过得更好”",
      "vocalid": 1
    },
    {
      "id": 961,
      "content": "其实真心早已被种在那一片片紫色之间",
      "vocalid": 1
    }
  ]
}