{
  "dataList": [
    {
      "id": 0,
      "content": "<color=purple>比野兽还要劣等的我……还有必要装作人类吗？</color>"
    },
    {
      "id": 1,
      "content": "<color=purple>害死了凯瑟琳的我们，已经没有活下去的价值了。</color>"
    },
    {
      "id": 2,
      "content": "<color=purple>我的脑海中不断传来某人的声音……</color>"
    },
    {
      "id": 3,
      "content": "<color=purple>我那低贱而卑微的本性无法改变。</color>"
    },
    {
      "id": 4,
      "content": "<color=purple>是啊，我无法改变。现如今只是一个装满垃圾的破袋子而已。</color>"
    },
    {
      "id": 5,
      "content": "<color=purple>所以我也没有如人类般言语的必要了。仅仅是哭嚎着。</color>"
    },
    {
      "id": 6,
      "content": "<color=purple>我回来了，凯茜……求你了……</color>"
    },
    {
      "id": 7,
      "content": "<color=purple>你和我必须被塞入这袋中。然后粉碎殆尽。</color>"
    },
    {
      "id": 8,
      "content": "<color=purple>我会将其拖至……地狱的尽头。</color>"
    }
  ]
}