{
  "dataList": [
    {
      "id": 0,
      "content": "旅途愉快"
    },
    {
      "id": 1,
      "content": "你的人鱼扬帆出航"
    },
    {
      "id": 2,
      "content": "终于"
    },
    {
      "id": 3,
      "content": "全速前进走向你的心脏"
    },
    {
      "id": 4,
      "content": "全速前进走向你的心脏"
    },
    {
      "id": 5,
      "content": "我已受够了"
    },
    {
      "id": 6,
      "content": "现在开始重新找回自己"
    },
    {
      "id": 7,
      "content": "船尾"
    },
    {
      "id": 8,
      "content": "遗弃这些悲痛"
    },
    {
      "id": 9,
      "content": "遗弃这些悲痛"
    },
    {
      "id": 10,
      "content": "当它绷裂之时"
    },
    {
      "id": 11,
      "content": "海水吞噬了属于我的指南针"
    },
    {
      "id": 12,
      "content": "海水吞噬了属于我的指南针"
    },
    {
      "id": 13,
      "content": "我诅咒你我之间这份因缘"
    },
    {
      "id": 14,
      "content": "<color=red>我期待了暴力</color>"
    },
    {
      "id": 15,
      "content": "<color=red>也期待了黑白分明</color>"
    },
    {
      "id": 16,
      "content": "<color=red>明确清晰</color>"
    },
    {
      "id": 17,
      "content": "<color=red>已被定义的你的罪恶</color>"
    },
    {
      "id": 18,
      "content": "<color=red>已被定义的你的罪恶</color>"
    },
    {
      "id": 19,
      "content": "抓紧它"
    },
    {
      "id": 20,
      "content": "求知欲才是我真正的指南针"
    },
    {
      "id": 21,
      "content": "求知欲才是我真正的指南针"
    },
    {
      "id": 22,
      "content": "我刺穿这条紧勒你我颈部的绳"
    },
    {
      "id": 23,
      "content": "让我们从此自由"
    },
    {
      "id": 24,
      "content": "涨潮，"
    },
    {
      "id": 25,
      "content": "退潮。"
    },
    {
      "id": 26,
      "content": "涨潮，"
    },
    {
      "id": 27,
      "content": "退潮。"
    },
    {
      "id": 28,
      "content": "涨潮，"
    },
    {
      "id": 29,
      "content": "退潮。"
    },
    {
      "id": 30,
      "content": "涨潮，"
    },
    {
      "id": 31,
      "content": "退潮。"
    }
  ]
}