{
  "dataList": [
    {
      "id": "0",
      "content": "<i><size=43>看不见花，花在飘香。</size></i>"
    },
    {
      "id": "1",
      "content": "<i><size=43>花香满溢，我为自己挖掘墓穴。</size></i>"
    },
    {
      "id": "2",
      "content": "追逐虚影的旧时光"
    },
    {
      "id": "3",
      "content": "只剩下空洞的回忆"
    },
    {
      "id": "4",
      "content": "就像火焰灼烧了我"
    },
    {
      "id": "5",
      "content": "我的手中只剩下灰烬"
    },
    {
      "id": "6",
      "content": "<i><size=43>花香满溢，我为自己挖掘墓穴。</size></i>"
    },
    {
      "id": "7",
      "content": "<i><size=43>墓穴也看不见，我在看不见的墓穴中落座。</size></i>"
    },
    {
      "id": "8",
      "content": "<i><size=43>我躺了下来</size></i>"
    },
    {
      "id": "9",
      "content": "我奔跑着，毫不停歇"
    },
    {
      "id": "10",
      "content": "那些曾让我感到窒息的时光"
    },
    {
      "id": "11",
      "content": "到头来也会让我觉得珍贵吗"
    },
    {
      "id": "12",
      "content": "那是很久很久以前的事情"
    },
    {
      "id": "13",
      "content": "当我回顾那些记忆时"
    },
    {
      "id": "14",
      "content": "我真希望自己能够微笑"
    },
    {
      "id": "15",
      "content": "<i><size=43>花香满溢。</size></i>"
    },
    {
      "id": "16",
      "content": "<i><size=43>我在忘却之后，再次在那挖掘墓穴。</size></i>"
    },
    {
      "id": "17",
      "content": "<i><size=43>墓穴看不见</size></i>"
    },
    {
      "id": "18",
      "content": "<i><size=43>我将花香忘却之后进入了不可见的墓穴</size></i>"
    },
    {
      "id": "19",
      "content": "不论现在还剩下多少时间"
    },
    {
      "id": "20",
      "content": "我都该向前迈步了"
    },
    {
      "id": "21",
      "content": "将自己燃烧殆尽"
    },
    {
      "id": "22",
      "content": "我须如蜡烛一般"
    },
    {
      "id": "23",
      "content": "没有喘息的空闲"
    },
    {
      "id": "24",
      "content": "我被卷入这动荡的日子里"
    },
    {
      "id": "25",
      "content": "希望我能够开拓自己的路"
    },
    {
      "id": "26",
      "content": "那是很久很久以前的事情"
    },
    {
      "id": "27",
      "content": "当我回顾那些记忆时"
    },
    {
      "id": "28",
      "content": "我真希望自己能够微笑"
    },
    {
      "id": "29",
      "content": "<i><size=43>我再度真正的躺下，花朵再次飘香</size></i>"
    },
    {
      "id": "30",
      "content": "让我，让我飞得如此之远"
    },
    {
      "id": "31",
      "content": "像夜空中的鸟儿一般触摸星辰"
    },
    {
      "id": "32",
      "content": "这夜，这夜晚一定还会到来"
    },
    {
      "id": "33",
      "content": "但没关系，我会活下去"
    },
    {
      "id": "34",
      "content": "<i><size=43>看不见的花，不可见的花。</size></i>"
    },
    {
      "id": "35",
      "content": "会没事的"
    }
  ]
}