{
  "dataList": [
    {
      "id": 0,
      "content": "飞呀，破碎的翅膀"
    },
    {
      "id": 1,
      "content": "我知道你仍在我身旁"
    },
    {
      "id": 2,
      "content": "只需你轻轻一推，我就能再次起飞"
    },
    {
      "id": 3,
      "content": "飞呀，破碎的翅膀"
    },
    {
      "id": 4,
      "content": "带我前往自由之地"
    },
    {
      "id": 5,
      "content": "接近我们的“理想”"
    },
    {
      "id": 6,
      "content": "湿润的双眼"
    },
    {
      "id": 7,
      "content": "曾经温柔的某人"
    },
    {
      "id": 8,
      "content": "我旁观逐渐腐朽不见的你"
    },
    {
      "id": 9,
      "content": "镜子说"
    },
    {
      "id": 10,
      "content": "我并未忘记希望"
    },
    {
      "id": 11,
      "content": "嗯嗯嗯"
    },
    {
      "id": 12,
      "content": "能做你喜欢做的事"
    },
    {
      "id": 13,
      "content": "难道还不够吗？难道还不够吗？"
    },
    {
      "id": 14,
      "content": "拥有天生的才能，完美的职位"
    },
    {
      "id": 15,
      "content": "难道还不够吗？难道还不够吗？"
    },
    {
      "id": 16,
      "content": "一次又一次"
    },
    {
      "id": 17,
      "content": "你束缚了我，我束缚了我"
    },
    {
      "id": 18,
      "content": "我们一同把我钉在地上"
    },
    {
      "id": 19,
      "content": "土壤温暖我的身体"
    },
    {
      "id": 20,
      "content": "求你死去吧，渺小的梦想"
    },
    {
      "id": 21,
      "content": "来杀尽我心中那朵朵山茶花呀"
    },
    {
      "id": 22,
      "content": "若能放弃，有多容易？"
    },
    {
      "id": 23,
      "content": "为何这双不听话的手非要伸向那些过于遥远的梦？"
    },
    {
      "id": 24,
      "content": "憧憬普通的我这份饥渴是否“异常”？"
    },
    {
      "id": 25,
      "content": "飞呀，完美的翅膀"
    },
    {
      "id": 26,
      "content": "（再见，再见，再见）"
    },
    {
      "id": 27,
      "content": "你至今为止到底藏在哪里？"
    },
    {
      "id": 28,
      "content": "（再见，再见，再见）"
    },
    {
      "id": 29,
      "content": "带我回到我们最初始的那个心境"
    },
    {
      "id": 30,
      "content": "飞呀，完美的翅膀"
    },
    {
      "id": 31,
      "content": "（再见，再见，再见）"
    },
    {
      "id": 32,
      "content": "为大家展现我的实力"
    },
    {
      "id": 33,
      "content": "（再见，再见，再见）"
    },
    {
      "id": 34,
      "content": "一次就够，还请帮我实现"
    },
    {
      "id": 35,
      "content": "“以上”就是我最后的愿望"
    }
  ]
}