{
  "dataList": [
    {
      "id": "battle_8099_s4_1-02",
      "desc": "技能发动",
      "dlg": "游戏到此为止。"
    },
    {
      "id": "battle_8099_s2_2-01",
      "desc": "技能发动",
      "dlg": "全员，"
    },
    {
      "id": "battle_8099_s2_2-02",
      "desc": "技能发动",
      "dlg": "处刑！"
    },
    {
      "id": "battle_ak_8105_1-02",
      "desc": "技能发动",
      "dlg": "我掌舵着这片大湖……这座都市……\n我将握住这头野兽的心脏，斩断邪恶的根源……！"
    },
    {
      "id": "battle_selection1_8105_1",
      "desc": "技能发动",
      "dlg": "是的，碾碎我的心脏……洞穿我的颅骨吧，以实玛利……！"
    },
    {
      "id": "battle_selection2_8105_1",
      "desc": "技能发动",
      "dlg": "我是亚哈船长，我永远都是亚哈……！"
    },
    {
      "id": "battle_sacrifice_8106_1",
      "desc": "阶段开始",
      "dlg": "来，削割你自己吧！"
    },
    {
      "id": "battle_sacrifice_8106_2",
      "desc": "阶段开始",
      "dlg": "时机到了，船员们！"
    },
    {
      "id": "battle_order_attack_8106",
      "desc": "掩护攻击",
      "dlg": "掩护我！"
    },
    {
      "id": "battle_order_defence_8106",
      "desc": "掩护防御",
      "dlg": "来，为我防御！"
    },
    {
      "id": "battle_entry_10001_1",
      "desc": "技能发动",
      "dlg": "当你不见前路，不知应去往何方时……"
    },
    {
      "id": "battle_entry_10001_2",
      "desc": "技能发动",
      "dlg": "向导会为你指引方向，"
    },
    {
      "id": "battle_entry_10001_3",
      "desc": "技能发动",
      "dlg": "但丁。"
    },
    {
      "id": "battle_8173_phaseclear_2",
      "desc": "",
      "dlg": "真恶心。"
    },
    {
      "id": "battle_8173_phaseclear_3",
      "desc": "",
      "dlg": "我们无法安息。"
    },
    {
      "id": "battle_8173_kill_1",
      "desc": "",
      "dlg": "不，你必须承受更多痛苦！"
    },
    {
      "id": "battle_8173_kill_2",
      "desc": "",
      "dlg": "我们甚至无权呼吸。"
    },
    {
      "id": "battle_8173_kill_3",
      "desc": "",
      "dlg": "凄惨地合上眼吧。"
    },
    {
      "id": "battle_8173_skill_1",
      "desc": "",
      "dlg": "毁灭之时。"
    },
    {
      "id": "battle_8173_skill_2",
      "desc": "",
      "dlg": "愿所有人在痛苦的深渊里挣扎！"
    },
    {
      "id": "battle_8173_phase_1_1",
      "desc": "",
      "dlg": "你在哪儿……？回我身边来啊，凯瑟琳！"
    },
    {
      "id": "battle_8173_phase_1_2",
      "desc": "",
      "dlg": "希斯克利夫！"
    },
    {
      "id": "battle_8173_phase_1_3",
      "desc": "",
      "dlg": "你在哪儿……我能听见你的声音。但愿……"
    },
    {
      "id": "battle_8173_phase_2",
      "desc": "",
      "dlg": "愿你在苦痛中醒来，我的凯瑟琳。"
    },
    {
      "id": "battle_8173_phase_3",
      "desc": "",
      "dlg": "求你了，凯瑟琳。在我面前现身吧……将我撕碎吧。\n让我看着你的眼睛咽气吧。"
    }
  ]
}