{
  "dataList": [
    {
      "id": "battle_awaken_20601_1",
      "desc": "E.G.O觉醒",
      "dlg": "让我们一起步入这幻境中的世界吧。"
    },
    {
      "id": "battle_awaken_20602_1",
      "desc": "E.G.O觉醒",
      "dlg": "我会好好把握这捆缚的力度。"
    },
    {
      "id": "battle_erosion_20602_1",
      "desc": "E.G.O侵蚀",
      "dlg": "脚踝对脚踝，咔哧……咔嚓……"
    },
    {
      "id": "battle_awaken_20603_1",
      "desc": "E.G.O觉醒",
      "dlg": "想要跃迁到下一个世界的话……嘿咻！是这里啊！"
    },
    {
      "id": "battle_erosion_20603_1",
      "desc": "E.G.O侵蚀",
      "dlg": "反正……我也不是必须待在那边……嘿嘿。"
    },
    {
      "id": "battle_awaken_20604_1",
      "desc": "E.G.O觉醒",
      "dlg": "好~变身完成！呼呼，满载而归哦！"
    },
    {
      "id": "battle_erosion_20604_1",
      "desc": "E.G.O侵蚀",
      "dlg": "海鸥……海鸥的叫声一直停不下来……！"
    },
    {
      "id": "battle_awaken_20605_1",
      "desc": "E.G.O觉醒",
      "dlg": "应该会很痛哦~一旦你被割伤，它就再也取不出来了。"
    },
    {
      "id": "battle_erosion_20605_1",
      "desc": "E.G.O侵蚀",
      "dlg": "污秽寄宿进我的身体……从而重生为可用之材。"
    },
    {
      "id": "battle_awaken_20606_1",
      "desc": "E.G.O觉醒",
      "dlg": "因悲伤而动摇的心会像这样……破裂开来。"
    },
    {
      "id": "battle_erosion_20606_1",
      "desc": "E.G.O侵蚀",
      "dlg": "与我一同哭泣吧……直至身体破裂。"
    }
  ]
}