{
  "dataList": [
    {
      "id": "battle_awaken_20901_1",
      "desc": "E.G.O觉醒",
      "dlg": "我无法挽回这一切……"
    },
    {
      "id": "battle_awaken_20902_1",
      "desc": "E.G.O觉醒",
      "dlg": "如若热忱的烈焰能融化那颗心……"
    },
    {
      "id": "battle_awaken_20903_1",
      "desc": "E.G.O觉醒",
      "dlg": "但，我不能一直这样在寒风中颤抖。"
    },
    {
      "id": "battle_erosion_20902_1",
      "desc": "E.G.O侵蚀",
      "dlg": "归尘……归土……"
    },
    {
      "id": "battle_erosion_20903_1",
      "desc": "E.G.O侵蚀",
      "dlg": "冰封之后……便无需再感受痛苦。"
    },
    {
      "id": "battle_awaken_20904_1",
      "desc": "E.G.O觉醒",
      "dlg": "这东西很黏……你绝对躲不开的！"
    },
    {
      "id": "battle_erosion_20904_1",
      "desc": "E.G.O侵蚀",
      "dlg": "嗯……咳，难吃。连转化成珍珠的价值都没有！"
    },
    {
      "id": "battle_awaken_20905_1",
      "desc": "E.G.O觉醒",
      "dlg": "遵从记录……必将对你施以执行。"
    },
    {
      "id": "battle_erosion_20905_1",
      "desc": "E.G.O侵蚀",
      "dlg": "因我将遵从那位所书写的内容，尽数执行。"
    },
    {
      "id": "battle_awaken_20906_1",
      "desc": "E.G.O觉醒",
      "dlg": "唯有我才能跳出如此华丽的舞蹈……所以只要我砍断你的脚踝……！"
    },
    {
      "id": "battle_erosion_20906_1",
      "desc": "E.G.O侵蚀",
      "dlg": "啊哈哈！磨得锋利……为了那更令人恍惚的血色……！"
    }
  ]
}