{
  "dataList": [
    {
      "id": "battle_erosion_21102_1",
      "desc": "E.G.O侵蚀",
      "dlg": "就差一点……"
    },
    {
      "id": "battle_awaken_21101_1",
      "desc": "E.G.O觉醒",
      "dlg": "这漫漫旅途怀抱着一个目的……"
    },
    {
      "id": "battle_awaken_21102_1",
      "desc": "E.G.O觉醒",
      "dlg": "如果是为了手握胜利……"
    },
    {
      "id": "battle_awaken_21103_1",
      "desc": "E.G.O觉醒",
      "dlg": "业报将再度回归汝身，于汝头顶恒久驻留。"
    },
    {
      "id": "battle_erosion_21103_1",
      "desc": "E.G.O侵蚀",
      "dlg": "陷入死寂……好似最初起就未曾存在任何烦恼……"
    },
    {
      "id": "battle_awaken_21104_1",
      "desc": "E.G.O觉醒",
      "dlg": "毫无意义的关心……我不需要！"
    },
    {
      "id": "battle_erosion_21104_1",
      "desc": "E.G.O侵蚀",
      "dlg": "这一次，不要弃我而去……"
    },
    {
      "id": "battle_awaken_21105_1",
      "desc": "E.G.O觉醒",
      "dlg": "我会带着你无谓的暴怒……将这礼物倾倒出去。"
    },
    {
      "id": "battle_erosion_21105_1",
      "desc": "E.G.O侵蚀",
      "dlg": "明明……连哭泣的孩子们……都收到了礼物……！"
    },
    {
      "id": "battle_awaken_21106_1",
      "desc": "E.G.O觉醒",
      "dlg": "多么乏味……我必须亲手处理吗？"
    },
    {
      "id": "battle_erosion_21106_1",
      "desc": "E.G.O侵蚀",
      "dlg": "你竟敢……挑战我的权威？！"
    },
    {
      "id": "battle_awaken_21107_1",
      "desc": "E.G.O觉醒",
      "dlg": "不要移开目光。哪怕错过一瞬，或许就会陷入永远的徘徊之中。"
    },
    {
      "id": "battle_erosion_21107_1",
      "desc": "E.G.O侵蚀",
      "dlg": "不管打开哪扇门……都找不到……路……我的路……！"
    }
  ]
}