{
  "dataList": [
    {
      "id": "battle_awaken_20701_1",
      "desc": "E.G.O觉醒",
      "dlg": "把你也……塞进这裹尸袋！"
    },
    {
      "id": "battle_awaken_20702_1",
      "desc": "E.G.O觉醒",
      "dlg": "好啊，我要把你烤得外焦里嫩！"
    },
    {
      "id": "battle_erosion_20702_1",
      "desc": "E.G.O侵蚀",
      "dlg": ""
    },
    {
      "id": "battle_awaken_20703_1",
      "desc": "E.G.O觉醒",
      "dlg": "啊哈哈哈！直至心脏……全部电焦！"
    },
    {
      "id": "battle_erosion_20703_1",
      "desc": "E.G.O侵蚀",
      "dlg": "这次轮到我来折磨你了……需要电击的，是这个身体吗？！"
    },
    {
      "id": "battle_awaken_20704_1",
      "desc": "E.G.O觉醒",
      "dlg": "一，二。随地面轰响，汝之业报应声而归。"
    },
    {
      "id": "battle_erosion_20704_1",
      "desc": "E.G.O侵蚀",
      "dlg": "循环之轮一巡。汝即应之消弭。这即是世界。这即是……我。"
    },
    {
      "id": "battle_awaken_20705_1",
      "desc": "E.G.O觉醒",
      "dlg": "哈，能做个好礼物吧！"
    },
    {
      "id": "battle_erosion_20705_1",
      "desc": "E.G.O侵蚀",
      "dlg": "快乐的！孩子们！理应收到！礼物！"
    },
    {
      "id": "battle_overdrive_20701_1-1",
      "desc": "E.G.O失控",
      "dlg": "你所做的……践踏我、把我和凯茜分开的那一切……"
    },
    {
      "id": "battle_overdrive_20701_1-2",
      "desc": "E.G.O失控",
      "dlg": "都会被我装到这袋子里……不论天涯海角，一直拖至地狱尽头……"
    },
    {
      "id": "battle_overdrive_20701_1-3",
      "desc": "E.G.O失控",
      "dlg": "挥打到我精疲力竭为止。"
    },
    {
      "id": "battle_awaken_20706_1",
      "desc": "E.G.O觉醒",
      "dlg": "我注定被束缚在这王座之上，独自统治……"
    },
    {
      "id": "battle_erosion_20706_1",
      "desc": "E.G.O侵蚀",
      "dlg": "这些绳子既是绷带，也是枷锁……到底何时才能放开我！！"
    },
    {
      "id": "battle_awaken_20701_2",
      "desc": "E.G.O觉醒",
      "dlg": "我一定要……见到凯瑟琳。而挡在我面前的一切……"
    },
    {
      "id": "battle_awaken_20701_3",
      "desc": "E.G.O觉醒",
      "dlg": "即使你被这世间遗忘……我也绝对要把你带回来。"
    },
    {
      "id": "battle_awaken_20707_1",
      "desc": "E.G.O觉醒",
      "dlg": "逃跑是没用的。四散而去的子弹，不论在哪儿都能华丽地击碎你的脑壳。"
    },
    {
      "id": "battle_erosion_20707_1",
      "desc": "E.G.O侵蚀",
      "dlg": "一发子弹完全不够……直到枪声和烟雾……把一切记忆埋葬为止……！"
    }
  ]
}