{
  "dataList": [
    {
      "id": "battle_awaken_21001_1",
      "desc": "E.G.O觉醒",
      "dlg": "若我能亲自用双手折下……"
    },
    {
      "id": "battle_awaken_21002_1",
      "desc": "E.G.O觉醒",
      "dlg": "我要碾碎你……"
    },
    {
      "id": "battle_erosion_21002_1",
      "desc": "E.G.O侵蚀",
      "dlg": "汝也，一并成为活祭。"
    },
    {
      "id": "battle_awaken_21003_1",
      "desc": "E.G.O觉醒",
      "dlg": "这就是究，究极的……！哇，哇啊啊……"
    },
    {
      "id": "battle_erosion_21003_1",
      "desc": "E.G.O侵蚀",
      "dlg": "呼……消化……完成……"
    },
    {
      "id": "battle_awaken_21004_1",
      "desc": "E.G.O觉醒",
      "dlg": "将你们与树……一同砍倒。"
    },
    {
      "id": "battle_erosion_21004_1",
      "desc": "E.G.O侵蚀",
      "dlg": "当你们踏入森林的那一刻起……就该注意到的！"
    },
    {
      "id": "battle_awaken_21005_1",
      "desc": "E.G.O觉醒",
      "dlg": "你的弱点都写在……这儿呢！"
    },
    {
      "id": "battle_erosion_21005_1",
      "desc": "E.G.O侵蚀",
      "dlg": "破坏，毁灭，破坏……！@#()*!%&#@&(!*)"
    },
    {
      "id": "battle_awaken_21006_1",
      "desc": "E.G.O觉醒",
      "dlg": "若我能聚集起所有的悲伤与泪水，并代替他们去哭泣的话……"
    },
    {
      "id": "battle_erosion_21006_1",
      "desc": "E.G.O侵蚀",
      "dlg": ""
    }
  ]
}