{
  "dataList": [
    {
      "id": "battle_awaken_20101_1",
      "desc": "E.G.O觉醒",
      "dlg": "告诉我你为“理想”作何定义。"
    },
    {
      "id": "battle_upgrade_20101_1",
      "desc": "E.G.O解放",
      "dlg": "打破樊笼，"
    },
    {
      "id": "battle_upgrade_20101_2",
      "desc": "E.G.O解放",
      "dlg": "飞向自由。"
    },
    {
      "id": "battle_awaken_20102_1",
      "desc": "E.G.O觉醒",
      "dlg": "只是焚毁了我所欲焚之物。"
    },
    {
      "id": "battle_erosion_20102_1",
      "desc": "E.G.O侵蚀",
      "dlg": "都将……化作灰烬。"
    },
    {
      "id": "battle_awaken_20103_1",
      "desc": "E.G.O觉醒",
      "dlg": "汝若寻求福运，还请诚心祈祷。"
    },
    {
      "id": "battle_erosion_20103_1",
      "desc": "E.G.O侵蚀",
      "dlg": "诉说汝之心愿……直言汝所希冀……"
    },
    {
      "id": "battle_awaken_20104_1",
      "desc": "E.G.O觉醒",
      "dlg": "形色恍惚……仿佛此路抗拒受人铭记。"
    },
    {
      "id": "battle_erosion_20104_1",
      "desc": "E.G.O侵蚀",
      "dlg": "至终，此为通路。"
    },
    {
      "id": "battle_awaken_20105_1",
      "desc": "E.G.O觉醒",
      "dlg": "在这倾盆大雨中，不知伞是否会漏水。"
    },
    {
      "id": "battle_erosion_20105_1",
      "desc": "E.G.O侵蚀",
      "dlg": "空气太过寒冷……雨滴也只会愈加稠密。"
    },
    {
      "id": "battle_awaken_20106_1",
      "desc": "E.G.O觉醒",
      "dlg": "此为那位的肖像。你要靠过来……仔细观赏吗？"
    },
    {
      "id": "battle_erosion_20106_1",
      "desc": "E.G.O侵蚀",
      "dlg": "不速之客请立刻离去，不速之客请……！"
    }
  ]
}