{
  "dataList": [
    {
      "id": "battle_awaken_20801_1",
      "desc": "E.G.O觉醒",
      "dlg": "那个混蛋……一定还活着。"
    },
    {
      "id": "battle_awaken_20801_2",
      "desc": "E.G.O觉醒",
      "dlg": "我已经找到了，属于自己的航行方式……"
    },
    {
      "id": "battle_special_1",
      "desc": "E.G.O觉醒",
      "dlg": "我驾驶的船会有些颠簸，大家抓好了！"
    },
    {
      "id": "battle_special_2",
      "desc": "E.G.O觉醒",
      "dlg": "希望你，追寻自己的道路。"
    },
    {
      "id": "battle_awaken_20802_1",
      "desc": "E.G.O觉醒",
      "dlg": "在我被欢愉吞噬之前……"
    },
    {
      "id": "battle_erosion_20802_1",
      "desc": "E.G.O侵蚀",
      "dlg": "呜呼！我会将它裹紧……让它沉醉。"
    },
    {
      "id": "battle_awaken_20803_1",
      "desc": "E.G.O觉醒",
      "dlg": "即使我无法为您指引前路……我仍能给予您一个温暖的拥抱。"
    },
    {
      "id": "battle_erosion_20803_1",
      "desc": "E.G.O侵蚀",
      "dlg": "能看到吗？想与世界一同焚烧殆尽的，我的挣扎……"
    },
    {
      "id": "battle_awaken_20804_1",
      "desc": "E.G.O觉醒",
      "dlg": "来吧……这里！"
    },
    {
      "id": "battle_erosion_20804_1",
      "desc": "E.G.O侵蚀",
      "dlg": "肯定在这里的……哦，是在那边吗？"
    },
    {
      "id": "battle_awaken_20805_1",
      "desc": "E.G.O觉醒",
      "dlg": "全员，向灯火闪烁的方位行进。\n浪潮……会摧毁一切。"
    },
    {
      "id": "battle_erosion_20805_1",
      "desc": "E.G.O侵蚀",
      "dlg": "大海，向大海。全员弃船，沉没向下。直至光辉闪烁的深渊！"
    },
    {
      "id": "battle_erosion_20805_3",
      "desc": "E.G.O侵蚀",
      "dlg": "大海，向大海。全员弃船，沉没向下。直至光辉闪烁的深渊！"
    },
    {
      "id": "battle_awaken_20806_1",
      "desc": "E.G.O觉醒",
      "dlg": "很好。就这么别动。受了伤的肉……并不美味。"
    },
    {
      "id": "battle_erosion_20806_1",
      "desc": "E.G.O侵蚀",
      "dlg": "你、你怀疑我了对吧……？怀有那种坏心思的家伙必须被……！"
    }
  ]
}