{
  "dataList": [
    {
      "id": "battle_awaken_21201_1",
      "desc": "E.G.O觉醒",
      "dlg": "我的手臂……发生了变化。"
    },
    {
      "id": "battle_awaken_21202_1",
      "desc": "E.G.O觉醒",
      "dlg": "听着，你有自信能抗住这一招吗？"
    },
    {
      "id": "battle_erosion_21202_1",
      "desc": "E.G.O侵蚀",
      "dlg": "我们一起……腐烂吧。"
    },
    {
      "id": "battle_awaken_21203_1",
      "desc": "E.G.O觉醒",
      "dlg": "我给你读一则童话故事怎么样？"
    },
    {
      "id": "battle_erosion_21203_1",
      "desc": "E.G.O侵蚀",
      "dlg": "所有人都已经……被迷惑了。"
    },
    {
      "id": "battle_awaken_21204_1",
      "desc": "E.G.O觉醒",
      "dlg": "来啊，尝尝这个……我要把你煎个刚刚好。"
    },
    {
      "id": "battle_erosion_21204_1",
      "desc": "E.G.O侵蚀",
      "dlg": "唔呵呵呵呵……你就是新的实验体吗？"
    },
    {
      "id": "battle_awaken_21205_1",
      "desc": "E.G.O觉醒",
      "dlg": "算不上是礼物……来！用这个代替吧！"
    },
    {
      "id": "battle_erosion_21205_1",
      "desc": "E.G.O侵蚀",
      "dlg": "别碰我！……别想解开这些荆棘。这才是……在帮我。"
    },
    {
      "id": "battle_awaken_21206_1",
      "desc": "E.G.O觉醒",
      "dlg": "请让我来……为你介绍宅邸吧……"
    },
    {
      "id": "battle_erosion_21206_1",
      "desc": "E.G.O侵蚀",
      "dlg": "管家们……执事们在哪里？你知道的吧……马上带我过去！"
    }
  ]
}