{
  "dataList": [
    {
      "id": "battle_awaken_20301_1",
      "desc": "E.G.O觉醒",
      "dlg": "奔腾吧，驽骍难得！正义必胜！"
    },
    {
      "id": "battle_awaken_20302_1",
      "desc": "E.G.O觉醒",
      "dlg": "这招也试着接下吧！"
    },
    {
      "id": "battle_erosion_20302_1",
      "desc": "E.G.O侵蚀",
      "dlg": "……碾碎他们。"
    },
    {
      "id": "battle_awaken_20303_1",
      "desc": "E.G.O觉醒",
      "dlg": "哈！吾将以雷电击碎一切！！！"
    },
    {
      "id": "battle_erosion_20303_1",
      "desc": "E.G.O侵蚀",
      "dlg": ""
    },
    {
      "id": "battle_awaken_20304_1",
      "desc": "E.G.O觉醒",
      "dlg": "向您致敬！！！！！吾恳求您在离去之前尝尝这碗汤！！！！！"
    },
    {
      "id": "battle_erosion_20304_1",
      "desc": "E.G.O侵蚀",
      "dlg": "呕呕……吃，吃完再走……"
    },
    {
      "id": "battle_awaken_20305_1",
      "desc": "E.G.O觉醒",
      "dlg": "来，祈愿吧！祈愿此石自愿向汝飞去！"
    },
    {
      "id": "battle_erosion_20305_1",
      "desc": "E.G.O侵蚀",
      "dlg": "虔诚地……祈祷吧……以免灾祸……降于汝身……"
    },
    {
      "id": "battle_awaken_20306_1",
      "desc": "E.G.O觉醒",
      "dlg": "汝所见的电火花……是何种颜色！"
    },
    {
      "id": "battle_erosion_20306_1",
      "desc": "E.G.O侵蚀",
      "dlg": "不要再……夺走吾的东西了……"
    }
  ]
}