{
  "dataList": [
    {
      "id": "battle_awaken_20201_1",
      "desc": "E.G.O觉醒",
      "dlg": "浮士德通晓一切答案。"
    },
    {
      "id": "battle_awaken_20202_1",
      "desc": "E.G.O觉醒",
      "dlg": "这场战斗，将以胜利告终。"
    },
    {
      "id": "battle_awaken_20203_1",
      "desc": "E.G.O觉醒",
      "dlg": "刺穿……直到心灵的深邃之处……"
    },
    {
      "id": "battle_erosion_20202_1",
      "desc": "E.G.O侵蚀",
      "dlg": "即便我必须把一切尽数吐出……"
    },
    {
      "id": "battle_erosion_20203_1",
      "desc": "E.G.O侵蚀",
      "dlg": "来吧……让我们抱紧紧……"
    },
    {
      "id": "battle_awaken_20204_1",
      "desc": "E.G.O觉醒",
      "dlg": "雷电，完全充能。"
    },
    {
      "id": "battle_erosion_20204_1",
      "desc": "E.G.O侵蚀",
      "dlg": ""
    },
    {
      "id": "battle_awaken_20205_1",
      "desc": "E.G.O觉醒",
      "dlg": "记录完成。所剩唯有……放你自由。"
    },
    {
      "id": "battle_erosion_20205_1",
      "desc": "E.G.O侵蚀",
      "dlg": "真理、真理近在眼前……嘻嘻、嘻嘻嘻、嘻嘻！！！"
    },
    {
      "id": "battle_awaken_20206_1",
      "desc": "E.G.O觉醒",
      "dlg": "在你眼中，我是何种模样？或许那答案，就于时间的发条中隐藏？"
    },
    {
      "id": "battle_erosion_20206_1",
      "desc": "E.G.O侵蚀",
      "dlg": "就那样。停下吧。在静止的时间中。永远地。"
    }
  ]
}