{
  "dataList": [
    {
      "id": "battle_awaken_20401_1",
      "desc": "E.G.O觉醒",
      "dlg": "美・见・纵・焚。\n（美景只消如此见，纵使万物焚作灰。）"
    },
    {
      "id": "battle_awaken_20402_1",
      "desc": "E.G.O觉醒",
      "dlg": "这火焰亦是，闪烁着艺术的狂欢。"
    },
    {
      "id": "battle_erosion_20402_1",
      "desc": "E.G.O侵蚀",
      "dlg": "那焚尽一切的是……"
    },
    {
      "id": "battle_awaken_20403_1",
      "desc": "E.G.O觉醒",
      "dlg": "来，好好品鉴一下吧。"
    },
    {
      "id": "battle_erosion_20403_1",
      "desc": "E.G.O侵蚀",
      "dlg": "是时候变为养分了……呼。"
    },
    {
      "id": "battle_awaken_20404_1",
      "desc": "E.G.O觉醒",
      "dlg": "我会一直……死死盯着你。"
    },
    {
      "id": "battle_erosion_20404_1",
      "desc": "E.G.O侵蚀",
      "dlg": "没有人会来救你的……哈哈哈。"
    },
    {
      "id": "battle_awaken_20405_1",
      "desc": "E.G.O觉醒",
      "dlg": "来，所有人把嘴张开。放心地喝下去吧，呵呵。"
    },
    {
      "id": "battle_awaken_20405_2",
      "desc": "E.G.O觉醒",
      "dlg": "来，所有人把嘴张开。"
    },
    {
      "id": "battle_erosion_20405_1",
      "desc": "E.G.O侵蚀",
      "dlg": "应该慢慢觉得困了……对吧？"
    },
    {
      "id": "battle_awaken_20406_1",
      "desc": "E.G.O觉醒",
      "dlg": "能在这浪潮中行动的，唯有我一人。……四分五裂吧。"
    },
    {
      "id": "battle_erosion_20406_1",
      "desc": "E.G.O侵蚀",
      "dlg": "乖乖坐好了……我要用这束荧光灯将你刺穿！"
    },
    {
      "id": "battle_awaken_20407_1",
      "desc": "E.G.O觉醒",
      "dlg": "泼洒吧。万众将为此等丑陋瞩目。"
    },
    {
      "id": "battle_erosion_20407_1",
      "desc": "E.G.O侵蚀",
      "dlg": "轻蔑吧……！倾泻出炙热到足以穿透的嫌恶！"
    }
  ]
}