{
  "dataList": [
    {
      "id": 0,
      "place": "4区 脑叶公司支部内某处",
      "content": "黑暗中，又一名表情阴郁的残兵露出身影。"
    },
    {
      "id": 1,
      "content": "他佩戴着一枚勋章。虽然看起来很老旧，却依然熠熠生辉，昭示着其主人也曾有过非凡的地位。"
    },
    {
      "id": 2,
      "model": "G사부장",
      "teller": "？？？",
      "title": "？？？",
      "content": "……格里高尔科长？"
    },
    {
      "id": 3,
      "model": "그레고르",
      "content": "总感觉我也应该认得你的脸。为什么会觉得脸熟呢？"
    },
    {
      "id": 4,
      "model": "G사부장",
      "teller": "衰老的旧G公司部长",
      "title": "没落的G公司",
      "content": "……我曾是你的部长。"
    },
    {
      "id": 5,
      "model": "G사부장",
      "teller": "衰老的旧G公司部长",
      "title": "没落的G公司",
      "content": "你嫌独自逃命还不够，现在还要对既是你的老战友，又是我的部下的那些家伙们痛下杀手。"
    },
    {
      "id": 6,
      "model": "그레고르",
      "content": "你看，战争早在十年前就结束了。你还没从军队过家家中清醒过来吗？"
    },
    {
      "id": 7,
      "model": "G사부장",
      "teller": "衰老的旧G公司部长",
      "title": "没落的G公司",
      "content": "结束？什么都没结束。"
    },
    {
      "id": 8,
      "model": "G사부장",
      "teller": "衰老的旧G公司部长",
      "title": "没落的G公司",
      "content": "什么……都……没有结束……"
    },
    {
      "id": 9,
      "model": "G사부장",
      "teller": "衰老的旧G公司部长",
      "title": "没落的G公司",
      "content": "不过对于从G公司逃走的你来说，那战争可能确实是结束了。"
    },
    {
      "id": 10,
      "model": "G사부장",
      "teller": "衰老的旧G公司部长",
      "title": "没落的G公司",
      "content": "而我们，仍旧坚守在战火纷飞的战场中央。"
    },
    {
      "id": 11,
      "model": "그레고르",
      "content": "虽然不想认同这种事……"
    },
    {
      "id": 12,
      "model": "그레고르",
      "content": "但我也没有多大的区别。"
    },
    {
      "id": 13,
      "model": "G사부장",
      "teller": "衰老的旧G公司部长",
      "title": "没落的G公司",
      "content": "既然如此，你也得理解一下了，科长。"
    },
    {
      "id": 14,
      "model": "G사부장",
      "teller": "衰老的旧G公司部长",
      "title": "没落的G公司",
      "content": "对于战场上的逃兵，所得出的结论向来都一样。"
    },
    {
      "id": 15,
      "model": "그레고르",
      "content": "虽然你说得还挺像那么一回事……但为了报复进行即决处刑是违反公司规定的嗷，部长先生。"
    }
  ]
}