{
  "dataList": [
    {
      "id": 0,
      "place": "烟霾战争 中部战线",
      "model": "유리",
      "teller": "尤莉",
      "title": "8阶收尾人",
      "content": "唔……我快要吐了，眼前的一切都在摇晃……"
    },
    {
      "id": 1,
      "model": "파우스트",
      "content": "看来你的心压正在提高。"
    },
    {
      "id": 2,
      "model": "파우스트",
      "content": "但你应该……不会有……"
    },
    {
      "id": 3,
      "model": "그레고르",
      "content": "我应该做过一个令人不安的噩梦。"
    },
    {
      "id": 4,
      "model": "그레고르",
      "content": "或者说，我可能仍身处于噩梦之中。"
    },
    {
      "id": 5,
      "model": "그레고르",
      "content": "在这个梦中，这个空间里存在的颜色只有两种。"
    },
    {
      "id": 6,
      "model": "그레고르",
      "content": "覆盖了每一面墙壁的蓝色。以及摇摆的红色。"
    },
    {
      "id": 7,
      "model": "그레고르",
      "content": "而我知道关于离开这个地方的方法。"
    },
    {
      "id": 8,
      "model": "그레고르",
      "content": "只需要伸出手臂，切开那颗正在无力摇摆的苹果就可以。"
    },
    {
      "id": 9,
      "model": "그레고르",
      "content": "不过，那些身穿蓝色工作服的人，似乎认为我没有理解那个条件。"
    },
    {
      "id": 10,
      "model": "그레고르",
      "content": "虽然每天都会数次找过来进行反复说明……"
    },
    {
      "id": 11,
      "model": "그레고르",
      "content": "但遗憾的是，我未能理解的并不是那种东西。"
    },
    {
      "id": 12,
      "model": "그레고르",
      "content": "最终，当我放弃尝试去理解，被切碎的苹果落到地上的时候，"
    },
    {
      "id": 13,
      "model": "그레고르",
      "content": "紧闭的门扉打开了。"
    },
    {
      "id": 14,
      "model": "그레고르",
      "content": "契机已无从忆起。"
    },
    {
      "id": 15,
      "model": "그레고르",
      "content": "或许是因为我已经心力交瘁。"
    },
    {
      "id": 16,
      "model": "그레고르",
      "content": "又或许我只是决定顺从。"
    },
    {
      "id": 17,
      "model": "그레고르",
      "content": "无论如何，我唯一能够清晰回忆起的，只有对逃离这场噩梦的渴望。"
    },
    {
      "id": 18,
      "teller": "？？？",
      "title": "？？？",
      "content": "你终于做到了。我就知道你可以。这是一次相当成功的手术。"
    },
    {
      "id": 19,
      "teller": "？？？",
      "title": "？？？",
      "content": "从今往后，也只要那么做就好。切开眼前的苹果。很简单吧？"
    },
    {
      "id": 20,
      "teller": "？？？",
      "title": "？？？",
      "content": "啊，对了。祝你15岁生日快乐！"
    },
    {
      "id": 21,
      "model": "그레고르",
      "content": "……好的。"
    },
    {
      "id": 22,
      "model": "그레고르",
      "content": "通过放弃与顺从逃离的噩梦。"
    },
    {
      "id": 23,
      "model": "그레고르",
      "content": "有一天早晨，当我从梦中苏醒。"
    },
    {
      "id": 24,
      "model": "그레고르",
      "content": "我发现自己竟然变成了一只可怕的害虫。"
    },
    {
      "id": 25,
      "model": "그레고르",
      "content": "切开苹果。"
    },
    {
      "id": 26,
      "model": "그레고르",
      "content": "有些很坚硬，有些很酥脆，有些很柔软，而有些充满了汁水。"
    },
    {
      "id": 27,
      "model": "그레고르",
      "content": "每当那股香甜的气味弥漫在空气中，我都会不时感到恶心。"
    },
    {
      "id": 28,
      "model": "그레고르",
      "content": "究竟是什么时候意识到的呢。"
    },
    {
      "id": 29,
      "model": "그레고르",
      "content": "虽然我认为自己已经从梦中苏醒。"
    },
    {
      "id": 30,
      "model": "그레고르",
      "content": "<color=#69350b>但我却仍身处噩梦的正中心。</color>"
    }
  ]
}