{
  "dataList": [
    {
      "id": 0,
      "place": "烟霾战争 中部战线",
      "model": "그레고르",
      "content": "尤莉小姐，你不过来是在做什么？"
    },
    {
      "id": 1,
      "model": "유리",
      "teller": "尤莉",
      "title": "8阶收尾人",
      "content": "请、请等一下。防毒面具从背包里掉出来了……"
    },
    {
      "id": 2,
      "model": "오티스",
      "content": "现在应该已经派不上用场了，只是徒增军装的重量。"
    },
    {
      "id": 3,
      "model": "유리",
      "teller": "尤莉",
      "title": "8阶收尾人",
      "content": "可这是阿雅小姐的……遗物。"
    },
    {
      "id": 4,
      "model": "오티스",
      "content": "你明明不是N公司所属，却又做着世上最没意义的事情。"
    },
    {
      "id": 5,
      "model": "이스마엘",
      "content": "……"
    },
    {
      "id": 6,
      "model": "이스마엘",
      "content": "要反着绑才行。"
    },
    {
      "id": 7,
      "model": "유리",
      "teller": "尤莉",
      "title": "8阶收尾人",
      "content": "什么？"
    },
    {
      "id": 8,
      "model": "이스마엘",
      "content": "绳结。如果那么绑的话很快就会再掉下去的。"
    },
    {
      "id": 9,
      "model": "이스마엘",
      "content": "这是我在船上学到的水手结。回到巴士的话我会教你这个方法。"
    },
    {
      "id": 10,
      "model": "유리",
      "teller": "尤莉",
      "title": "8阶收尾人",
      "content": "啊……谢谢你。"
    },
    {
      "id": 11,
      "model": "히스클리프",
      "content": "怎么回事。你们关系什么时候变这么好了？"
    },
    {
      "id": 12,
      "model": "로쟈",
      "content": "尤莉~都这样了，作为新的罪人加入边狱公司怎么样啊？"
    },
    {
      "id": 13,
      "model": "유리",
      "teller": "尤莉",
      "title": "8阶收尾人",
      "content": "我、我吗？"
    },
    {
      "id": 14,
      "model": "파우스트",
      "content": "恐怕……"
    },
    {
      "id": 15,
      "model": "로쟈",
      "content": "我懂，我懂。这是维吉里乌斯或者他上司的权限。但是说说看也无伤大雅嘛。"
    },
    {
      "id": 16,
      "model": "파우스트",
      "content": "嗯……或许吧。"
    },
    {
      "id": 17,
      "model": "로쟈",
      "content": "再说，粉头发可是能成为代表我们的完美吉祥物哦。如何，如何？嗯？"
    },
    {
      "id": 18,
      "model": "유리",
      "teller": "尤莉",
      "title": "8阶收尾人",
      "content": "吉、吉祥物嘛……？嘿嘿。"
    },
    {
      "id": 19,
      "content": "尤莉露出了从未有过的微笑。"
    }
  ]
}