{
  "dataList": [
    {
      "id": 0,
      "place": "烟霾战争 中部战线",
      "model": "그레고르",
      "content": "又是，战场之中……"
    },
    {
      "id": 1,
      "model": "유리",
      "teller": "尤莉",
      "title": "8阶收尾人",
      "content": "……是和之前一样的场所。虽然有了点变化。"
    },
    {
      "id": 2,
      "content": "有谁急切地扯了扯希斯克利夫的外套。"
    },
    {
      "id": 3,
      "teller": "托玛",
      "title": "记忆中的士兵",
      "content": "你们疯了吗？快点去避难啊！被那种炸弹爆炸波及到的话，会急剧衰老。"
    },
    {
      "id": 4,
      "teller": "托玛",
      "title": "记忆中的士兵",
      "content": "隔壁巢的员工们别说是打仗了，他们现在没有拐杖都走不了路！"
    },
    {
      "id": 5,
      "model": "로쟈",
      "content": "等等，这个人不是刚刚那个……"
    },
    {
      "id": 6,
      "teller": "托玛",
      "title": "记忆中的士兵",
      "content": "不过没什么好担心的，毕竟格里高尔先生在这里！"
    },
    {
      "id": 7,
      "teller": "托玛",
      "title": "记忆中的士兵",
      "content": "不像我们，不仅没有什么副作用，甚至还可以再生，不是吗？"
    },
    {
      "id": 8,
      "teller": "托玛",
      "title": "记忆中的士兵",
      "content": "毕竟是由论实力比任何人都卓越的赫尔曼董事亲自主刀的人。"
    },
    {
      "id": 9,
      "model": "그레고르",
      "content": "……"
    },
    {
      "id": 10,
      "teller": "托玛",
      "title": "记忆中的士兵",
      "content": "您这样的英雄可不该留在后方。我来送您一程吧！"
    },
    {
      "id": 11,
      "model": "로쟈",
      "content": "搞、搞什么啊？不要靠近我！"
    },
    {
      "id": 12,
      "content": "伴随着嘎吱嘎吱的声音，四对翅膀从他的后背中钻了出来。"
    },
    {
      "id": 13,
      "teller": "托玛",
      "title": "记忆中的士兵",
      "content": "为什么要逃跑？您应该高举G公司的旗帜，冲在战斗的最前线！"
    },
    {
      "id": 14,
      "model": "그레고르",
      "content": "我……"
    },
    {
      "id": 15,
      "model": "그레고르",
      "content": "从来没有期待过这些事……无论是改造，还是战争……"
    },
    {
      "id": 16,
      "teller": "托玛",
      "title": "记忆中的士兵",
      "content": "带领我们……带领……带……"
    },
    {
      "id": 17,
      "content": "托玛的嘴部以一种古怪的方式裂开了，他的头上开始长出一对长长的触角。"
    },
    {
      "id": 18,
      "model": "로쟈",
      "content": "噫……又要开打了吗？我的胃里要开始翻江倒海了……"
    },
    {
      "id": 19,
      "model": "오티스",
      "content": "你在胡说什么？你想成为抗命者吗？"
    },
    {
      "id": 20,
      "model": "단테",
      "content": "<……还是逃命比较好吧？>"
    },
    {
      "id": 21,
      "model": "오티스",
      "content": "杰出的计划，经理。您很清楚什么时候该暂避锋芒。"
    },
    {
      "id": 22,
      "model": "히스클리프",
      "content": "……她到底有什么问题？"
    },
    {
      "id": 23,
      "model": "파우스트",
      "content": "……后退应该是不被允许的。"
    },
    {
      "id": 24,
      "model": "이스마엘",
      "content": "我不理解。虽然听说是对所有员工都进行过改造，但应该还没有这么过分吧。"
    },
    {
      "id": 25,
      "model": "파우스트",
      "content": "可能与事实多少有些出入。"
    },
    {
      "id": 26,
      "model": "파우스트",
      "content": "因为，这条道路是由格里高尔先生的“心”而非“记忆”塑造而成的。"
    },
    {
      "id": 27,
      "model": "유리",
      "teller": "尤莉",
      "title": "8阶收尾人",
      "content": "……在他的心中，战友们所留下的印象就是这样的。"
    },
    {
      "id": 28,
      "model": "유리",
      "teller": "尤莉",
      "title": "8阶收尾人",
      "content": "那个巢中的所有员工……都接受了改造手术吗？"
    },
    {
      "id": 29,
      "model": "그레고르",
      "content": "……大部分是。"
    },
    {
      "id": 30,
      "model": "유리",
      "teller": "尤莉",
      "title": "8阶收尾人",
      "content": "他们都是在同意之下进行执刀的吗？这可真是……"
    },
    {
      "id": 31,
      "model": "그레고르",
      "content": "L公司的员工，难道都是心甘情愿去献祭人类的吗？"
    },
    {
      "id": 32,
      "model": "유리",
      "teller": "尤莉",
      "title": "8阶收尾人",
      "content": "那个……那个，据说是有明示在合同上的。"
    },
    {
      "id": 33,
      "model": "유리",
      "teller": "尤莉",
      "title": "8阶收尾人",
      "content": "虽然我们并不知情……但是据说为了高效的管理，应当排除那些手续……"
    },
    {
      "id": 34,
      "model": "유리",
      "teller": "尤莉",
      "title": "8阶收尾人",
      "content": "只是说，应当直面恐惧。"
    },
    {
      "id": 35,
      "model": "유리",
      "teller": "尤莉",
      "title": "8阶收尾人",
      "content": "所以说……加入公司的员工们全都是在不知情的状态下同意的。"
    },
    {
      "id": 36,
      "model": "그레고르",
      "content": "……我们又有什么不同呢？"
    }
  ]
}