{
  "dataList": [
    {
      "id": "get_10102_1",
      "desc": "获得时",
      "dlg": "对我无须有任何隐瞒。"
    },
    {
      "id": "lobby_morning_10102_1",
      "desc": "早间问候",
      "dlg": "回首昨日吧。那将对今日有所助益。"
    },
    {
      "id": "lobby_noon_10102_1",
      "desc": "午间问候",
      "dlg": "日光蕴藏了无数光谱。同理，世间也被无数秘密所笼罩。"
    },
    {
      "id": "lobby_night_10102_1",
      "desc": "晚间问候",
      "dlg": "黑暗中悄言密语，需时常竖耳倾听。"
    },
    {
      "id": "smalltalk_10102_1",
      "desc": "对话 1",
      "dlg": "如果有机会，我想研究一下你的头。"
    },
    {
      "id": "smalltalk_10102_2",
      "desc": "对话 2",
      "dlg": "人无完人。正因此，无论是多么华丽且危险的技术，于我而言都毫无意义。"
    },
    {
      "id": "smalltalk_10102_3",
      "desc": "对话 3",
      "dlg": "稍加注意即可获取许多信息。例如，现在不是和希斯克利夫先生搭话的好时机。"
    },
    {
      "id": "smalltalk_10102_4",
      "desc": "同步后对话 1",
      "dlg": "你若是在意自己的过去，就请来依靠我。……无须推辞……但丁，越是观察，我便越对你的奇特心生兴趣。"
    },
    {
      "id": "smalltalk_10102_5",
      "desc": "同步后对话 2",
      "dlg": "另外，此处不乏奇物趣事。发现的喜悦令我无比充实。你也是如此。"
    },
    {
      "id": "neglect_10102_1",
      "desc": "闲置",
      "dlg": "嗯……寂静也是优良信息的一种。"
    },
    {
      "id": "gacksung_10102_1",
      "desc": "进行同步",
      "dlg": "预料之中。"
    },
    {
      "id": "formation_10102_1",
      "desc": "人格出战",
      "dlg": "是蓄积知识之时。"
    },
    {
      "id": "battleentry_10102_1",
      "desc": "进入战斗",
      "dlg": "我应探究何物？"
    },
    {
      "id": "battle_select_10102_1",
      "desc": "战斗中选中人格",
      "dlg": "研究那人，如何？"
    },
    {
      "id": "battle_endcommand_10102_1",
      "desc": "进行攻击",
      "dlg": "研究结束。"
    },
    {
      "id": "battle_enemy_break_10102_1",
      "desc": "敌方混乱",
      "dlg": "那人弱点暴露无遗。"
    },
    {
      "id": "battle_break_10102_1",
      "desc": "自身混乱",
      "dlg": "啊……"
    },
    {
      "id": "battle_kill_10102_1",
      "desc": "击杀敌方",
      "dlg": "归于沉寂。"
    },
    {
      "id": "battle_allydead_10102_1",
      "desc": "友方阵亡",
      "dlg": "情况不容乐观。"
    },
    {
      "id": "choice_success_p_10102_1",
      "desc": "判定成功",
      "dlg": "如我所料。"
    },
    {
      "id": "choice_fail_n_10102_1",
      "desc": "判定失败",
      "dlg": "预料之外……"
    },
    {
      "id": "battle_clear_10102_1",
      "desc": "战斗胜利",
      "dlg": "敌人攻击方式分析成功。"
    },
    {
      "id": "battle_clear_ex_10102_1",
      "desc": "EX CLEAR战斗胜利",
      "dlg": "有效地侦破了他们的弱点。"
    },
    {
      "id": "battle_defeat_10102_1",
      "desc": "战斗失败",
      "dlg": "需要寻找其他方法……"
    }
  ]
}