{
  "dataList": [
    {
      "id": "get_10506_1",
      "desc": "获得时",
      "dlg": "准备完毕。我来打头阵。"
    },
    {
      "id": "lobby_morning_10506_1",
      "desc": "早间问候",
      "dlg": "每当清晨苏醒，都如同重新孵化一般。"
    },
    {
      "id": "lobby_noon_10506_1",
      "desc": "午间问候",
      "dlg": "正午，是进行机动训练的时间。午饭，已简单解决。"
    },
    {
      "id": "lobby_night_10506_1",
      "desc": "晚间问候",
      "dlg": "夜晚会让我回忆起那些被筛选时的记忆。"
    },
    {
      "id": "smalltalk_10506_1",
      "desc": "对话 1",
      "dlg": "您问这套装甲……？十分抱歉。但只有犀牛队才能使用这套装甲。\n重量是问题之一，若是想要感应生物电流则需要实施另外的手术，否则连移动都无法做到。"
    },
    {
      "id": "smalltalk_10506_2",
      "desc": "对话 2",
      "dlg": "我们在战斗中位当先锋。为了协助者们，我们会弹开一切并摧毁敌方阵线。"
    },
    {
      "id": "smalltalk_10506_3",
      "desc": "对话 3",
      "dlg": "虽然训练看似特别频繁……但这全都有必要。不可预料的部署随时可能发生。\n……然而，很少有人积极参加训练。"
    },
    {
      "id": "smalltalk_10506_4",
      "desc": "同步后对话 1",
      "dlg": "缺乏战斗经验的情况……事实上并不常见。因为一旦加入R公司，就会过分地积累那些经验……\n我不想再回想起那些。"
    },
    {
      "id": "smalltalk_10506_5",
      "desc": "同步后对话 2",
      "dlg": "由我亲手摧毁自己，真是不快的经历。虽然我充分了解其必要性，并且可以理解……\n希望您永远不会经历这些。"
    },
    {
      "id": "neglect_10506_1",
      "desc": "闲置",
      "dlg": "这个时间适合进行一些无氧锻炼。"
    },
    {
      "id": "gacksung_10506_1",
      "desc": "进行同步",
      "dlg": "明白。我会带来与您支援一样有效的结果。"
    },
    {
      "id": "formation_10506_1",
      "desc": "人格出战",
      "dlg": "部署完成。"
    },
    {
      "id": "battleentry_10506_1",
      "desc": "进入战斗",
      "dlg": "装甲增压……施行。"
    },
    {
      "id": "battle_select_10506_1",
      "desc": "战斗中选中人格",
      "dlg": "此处危险。"
    },
    {
      "id": "battle_endcommand_10506_1",
      "desc": "进行攻击",
      "dlg": "哈！"
    },
    {
      "id": "battle_enemy_break_10506_1",
      "desc": "敌方混乱",
      "dlg": "对方阵线崩溃。"
    },
    {
      "id": "battle_break_10506_1",
      "desc": "自身混乱",
      "dlg": "唔……"
    },
    {
      "id": "battle_kill_10506_1",
      "desc": "击杀敌方",
      "dlg": "已确认生命活动停止。"
    },
    {
      "id": "battle_dead_10506_1",
      "desc": "自身阵亡",
      "dlg": "啊……又需要重新筛选吗……"
    },
    {
      "id": "choice_success_p_10506_2",
      "desc": "判定成功",
      "dlg": "是筛选而出之人的成果。"
    },
    {
      "id": "choice_fail_n_10506_1",
      "desc": "判定失败",
      "dlg": "未能预测到……这种情况。"
    },
    {
      "id": "battle_clear_10506_1",
      "desc": "战斗胜利",
      "dlg": "不错的成果。今日的不足之处我会通过训练补足。"
    },
    {
      "id": "battle_clear_ex_10506_1",
      "desc": "EX CLEAR战斗胜利",
      "dlg": "完美的成果。是孵化室严格筛选的结果。"
    },
    {
      "id": "battle_defeat_10506_1",
      "desc": "战斗失败",
      "dlg": "战斗经验……依旧有所欠缺。我会再次被送进孵化室吧……"
    }
  ]
}