{
  "dataList": [
    {
      "id": "get_10203_1",
      "desc": "获得时",
      "dlg": "我是浮士德，请多指教。"
    },
    {
      "id": "lobby_morning_10203_1",
      "desc": "早间问候",
      "dlg": "我养成了总是会仔细观察周围的习惯。我已经能猜到你现在要去哪儿了。"
    },
    {
      "id": "lobby_noon_10203_1",
      "desc": "午间问候",
      "dlg": "让每个人都有时间放松紧绷的弦是件好事。毕竟对心理健康的管理，可能比你想象得还要困难。"
    },
    {
      "id": "lobby_night_10203_1",
      "desc": "晚间问候",
      "dlg": "我已经习惯了黑暗。在停电的狭小房间中，我曾孤身一人度过了59天。"
    },
    {
      "id": "smalltalk_10203_1",
      "desc": "对话 1",
      "dlg": "我之前的公司深埋于地底。冰冷的人工照明，已是我们那时能见到的唯一光亮。"
    },
    {
      "id": "smalltalk_10203_2",
      "desc": "对话 2",
      "dlg": "我会去尽力理解世间万物……但在这个世界上，有些存在本就不应被理解。"
    },
    {
      "id": "smalltalk_10203_3",
      "desc": "对话 3",
      "dlg": "……我之前的工作单位也有一个经理，可我却从未和对方这样面对面地说过话。虽然有些不习惯，但……我感觉这样聊聊也不错。"
    },
    {
      "id": "smalltalk_10203_4",
      "desc": "同步后对话 1",
      "dlg": "往往昨天还和我一起吃饭的同事，第二天就会变成我不得不处理的尸体。至少在这里……我不用经历同样的事。对，这还不错。"
    },
    {
      "id": "smalltalk_10203_5",
      "desc": "同步后对话 2",
      "dlg": "无法忍受的痛楚，身份不明的怪物，垂死挣扎的同事……都不会让我害怕。而我所害怕的是……"
    },
    {
      "id": "neglect_10203_1",
      "desc": "闲置",
      "dlg": "突然的失踪。我已经习惯了。"
    },
    {
      "id": "gacksung_10203_1",
      "desc": "进行同步",
      "dlg": "这次我也会试着去努力。"
    },
    {
      "id": "formation_10203_1",
      "desc": "人格出战",
      "dlg": "我准备好了。"
    },
    {
      "id": "battleentry_10203_1",
      "desc": "进入战斗",
      "dlg": "希望作战能顺利进行。"
    },
    {
      "id": "battle_select_10203_1",
      "desc": "战斗中选中人格",
      "dlg": "我有什么失误吗？"
    },
    {
      "id": "battle_endcommand_10203_1",
      "desc": "进行攻击",
      "dlg": "现在我不会再害怕了。"
    },
    {
      "id": "battle_enemy_break_10203_1",
      "desc": "敌方混乱",
      "dlg": "下一个，请指教。"
    },
    {
      "id": "battle_break_10203_1",
      "desc": "自身混乱",
      "dlg": "啊！"
    },
    {
      "id": "battle_kill_10203_1",
      "desc": "击杀敌方",
      "dlg": "没什么好怕的。"
    },
    {
      "id": "battle_allydead_10203_1",
      "desc": "友方阵亡",
      "dlg": "与你并肩作战过，我深感荣幸。"
    },
    {
      "id": "choice_success_p_10203_1",
      "desc": "判定成功",
      "dlg": "充足的准备可以让事情变得简单。"
    },
    {
      "id": "choice_fail_n_10203_1",
      "desc": "判定失败",
      "dlg": "我已经习惯了。"
    },
    {
      "id": "battle_clear_10203_1",
      "desc": "战斗胜利",
      "dlg": "在我经历过的战斗中，这种程度还算得上容易。"
    },
    {
      "id": "battle_clear_ex_10203_1",
      "desc": "EX CLEAR战斗胜利",
      "dlg": "浮士德在任何地方都很优秀。"
    },
    {
      "id": "battle_defeat_10203_1",
      "desc": "战斗失败",
      "dlg": "幸好，我们还有下一次机会。"
    }
  ]
}