{
  "dataList": [
    {
      "id": "get_10104_1",
      "desc": "获得时",
      "dlg": "欢迎。我的内心……是否合你心意？"
    },
    {
      "id": "lobby_morning_10104_1",
      "desc": "早间问候",
      "dlg": "障子微掩便可。日光灿暖……久未曾见。"
    },
    {
      "id": "lobby_noon_10104_1",
      "desc": "午间问候",
      "dlg": "不知你吃饭了没有。让我看看……土豆怎么样？很适合当作午饭。\n……别担心，它们没有发芽。"
    },
    {
      "id": "lobby_night_10104_1",
      "desc": "晚间问候",
      "dlg": "我不习惯夜晚……因为连一寸开外都难以目见。\n想到那些逝去的新同事们……使我，开始担心被寂寞吞噬。"
    },
    {
      "id": "smalltalk_10104_1",
      "desc": "对话 1",
      "dlg": "关于K公司那人的事？那不再是什么同伴，只不过是有着恶心思想、妄图侮辱科技的……不，没必要因为他玷污我的嘴。"
    },
    {
      "id": "smalltalk_10104_2",
      "desc": "对话 2",
      "dlg": "……偶尔会有这种想法吧？当你看到一个了不起的事物，而后想要把它和他人分享的时候……\n你会希望所有人重新经历你第一次看见它的感受。"
    },
    {
      "id": "smalltalk_10104_3",
      "desc": "对话 3",
      "dlg": "我见过鸡打架。个子小的那个总是会被啄脑袋。\n目前为止，我们一直很相似……但，这能持续多久？答案终将揭晓。"
    },
    {
      "id": "smalltalk_10104_4",
      "desc": "同步后对话 1",
      "dlg": "这花香十分刺鼻。是一种好像天塌地陷般令人晕眩的……深沉而芬芳的香气。"
    },
    {
      "id": "smalltalk_10104_5",
      "desc": "同步后对话 2",
      "dlg": "怎么，为什么这样专注地盯着别人的脸？这样啊……你是一时失魂了吗？"
    },
    {
      "id": "neglect_10104_1",
      "desc": "闲置",
      "dlg": "好吧。你应该先去完成你应做之事。\n毕竟，没有比彼此的目标更为重要的东西。"
    },
    {
      "id": "gacksung_10104_1",
      "desc": "进行同步",
      "dlg": "来……看罢。这些如锦绣般灿烂的繁花。\n当这些花儿被尽数染红……那，才是“我”绽放之时。"
    },
    {
      "id": "formation_10104_1",
      "desc": "人格出战",
      "dlg": "不用催促。当需要时，我自然会在路上。"
    },
    {
      "id": "battleentry_10104_1",
      "desc": "进入战斗",
      "dlg": "……回到那个纯粹的年代。"
    },
    {
      "id": "battle_select_10104_1",
      "desc": "战斗中选中人格",
      "dlg": "在叫我吗？"
    },
    {
      "id": "battle_endcommand_10104_1",
      "desc": "进行攻击",
      "dlg": "绽放吧。"
    },
    {
      "id": "battle_enemy_break_10104_1",
      "desc": "敌方混乱",
      "dlg": "局面混乱。"
    },
    {
      "id": "battle_break_10104_1",
      "desc": "自身混乱",
      "dlg": "啊……怎会如此。"
    },
    {
      "id": "battle_kill_10104_1",
      "desc": "击杀敌方",
      "dlg": "他们不能再折磨任何人了。"
    },
    {
      "id": "battle_dead_10104_1",
      "desc": "自身阵亡",
      "dlg": "时机来临时……我注定凋零……"
    },
    {
      "id": "choice_success_p_10104_2",
      "desc": "判定成功",
      "dlg": "感谢你，向我展示这样的时刻。"
    },
    {
      "id": "choice_fail_n_10104_1",
      "desc": "判定失败",
      "dlg": "……来让我们以沃土掩埋此刻。"
    },
    {
      "id": "battle_clear_10104_1",
      "desc": "战斗胜利",
      "dlg": "花蕾绽放。硕果累累。"
    },
    {
      "id": "battle_clear_ex_10104_1",
      "desc": "EX CLEAR战斗胜利",
      "dlg": "它开花了……我想在某处将此刻记录下来。"
    },
    {
      "id": "battle_defeat_10104_1",
      "desc": "战斗失败",
      "dlg": "只不过是被幸运眷顾罢了……因为，我们耕耘的泥土，本就如此肥沃……"
    }
  ]
}