{
  "dataList": [
    {
      "id": "get_10904_1",
      "desc": "获得时",
      "dlg": "最后你还是选择了我……！呼，我一定不会让你后悔的。"
    },
    {
      "id": "lobby_morning_10904_1",
      "desc": "早间问候",
      "dlg": "执柄者的晨间布道一直让我着迷，你也想来听一听吗？"
    },
    {
      "id": "lobby_noon_10904_1",
      "desc": "午间问候",
      "dlg": "你吃的开心吗？哦，我？我正在斋戒以达到最纯净的状态。"
    },
    {
      "id": "lobby_night_10904_1",
      "desc": "晚间问候",
      "dlg": "我看看，今天要净化的区域是……哦，你来了。我今晚很忙，有些净化工作要做，所以晚点再聊吧，唔呵呵。"
    },
    {
      "id": "smalltalk_10904_1",
      "desc": "对话 1",
      "dlg": "执柄者……因为执柄者如此渴望着它……"
    },
    {
      "id": "smalltalk_10904_2",
      "desc": "对话 2",
      "dlg": "义肢……我不懂为什么有人会穿这种东西。“万一有人丢了胳膊呢？”哈，要我说，你怎么不好好品味那一刻的痛苦，反倒担心以后怎么办？"
    },
    {
      "id": "smalltalk_10904_3",
      "desc": "对话 3",
      "dlg": "我最近刚成为了中锤。因为我是小锤里最虔诚的那个！呼呼，真为我自己感到骄傲……"
    },
    {
      "id": "smalltalk_10904_4",
      "desc": "同步后对话 1",
      "dlg": "你是……异端吗？那个表——哦，只是面具吗？啊哈，我知道了……差点就闯大祸了。差点就快用钉子把新交的朋友刺穿了。"
    },
    {
      "id": "smalltalk_10904_5",
      "desc": "同步后对话 2",
      "dlg": "呼呼，哈哈哈哈！每一个被我刺穿的异端……都让我感到越来越完整……！……咳咳，你在那多久了？这种事情可不太适合你看。"
    },
    {
      "id": "neglect_10904_1",
      "desc": "闲置",
      "dlg": "第3章第9节，“执柄者呼唤那锤……”哦，别在意，我只是在学习我的教义。"
    },
    {
      "id": "gacksung_10904_1",
      "desc": "进行同步",
      "dlg": "我向你，向你发誓！我一定报答你的关照……呼呼！"
    },
    {
      "id": "formation_10904_1",
      "desc": "人格出战",
      "dlg": "我一直在等待着。"
    },
    {
      "id": "battleentry_10904_1",
      "desc": "进入战斗",
      "dlg": "异端……将受到钢铁的惩罚。"
    },
    {
      "id": "battle_select_10904_1",
      "desc": "战斗中选中人格",
      "dlg": "你在呼唤我吗？"
    },
    {
      "id": "battle_endcommand_10904_1",
      "desc": "进行攻击",
      "dlg": " 净化！"
    },
    {
      "id": "battle_enemy_break_10904_1",
      "desc": "敌方混乱",
      "dlg": "异端已如风中残烛。"
    },
    {
      "id": "battle_break_10904_1",
      "desc": "自身混乱",
      "dlg": "真是弱不禁风。"
    },
    {
      "id": "battle_kill_10904_1",
      "desc": "击杀敌方",
      "dlg": "你将以死亡来忏悔。"
    },
    {
      "id": "battle_dead_10904_1",
      "desc": "自身阵亡",
      "dlg": "这……不可能…… "
    },
    {
      "id": "choice_success_p_10904_2",
      "desc": "判定成功",
      "dlg": "我回报了你的信任，呵呵。"
    },
    {
      "id": "choice_fail_n_10904_1",
      "desc": "判定失败",
      "dlg": "……我会从头开始学习。"
    },
    {
      "id": "battle_clear_10904_1",
      "desc": "战斗胜利",
      "dlg": " 信仰的胜利。"
    },
    {
      "id": "battle_clear_ex_10904_1",
      "desc": "EX CLEAR战斗胜利",
      "dlg": "啊哈哈！有——有了这个，我迟早会获得更高的职位……！"
    },
    {
      "id": "battle_defeat_10904_1",
      "desc": "战斗失败",
      "dlg": "这……耻辱……不会被忘记。"
    }
  ]
}