{
  "dataList": [
    {
      "id": "get_10701_1",
      "desc": "获得时",
      "dlg": "希斯克利夫。把人砸碎是我的长项。当然，得在我愿意的时候。"
    },
    {
      "id": "lobby_morning_10701_1",
      "desc": "早间问候",
      "dlg": "一大早的把钟收起来……看着不顺眼。"
    },
    {
      "id": "lobby_noon_10701_1",
      "desc": "午间问候",
      "dlg": "怎么样？您午饭吃了什么？你不会是期待着和我进行这样的对话吧？"
    },
    {
      "id": "lobby_night_10701_1",
      "desc": "晚间问候",
      "dlg": "等下，如果说又要进行什么作战啊训练啊之类的东西的话劝你考虑一下再张嘴。"
    },
    {
      "id": "smalltalk_10701_1",
      "desc": "对话 1",
      "dlg": "别以为是执行经理就可以进行训诫或者是规划一些没用的作战计划。我可不听别人的话。"
    },
    {
      "id": "smalltalk_10701_2",
      "desc": "对话 2",
      "dlg": "老兄，你不好奇吗？关于那个钟表内部是个什么样的……哈，玩笑而已。干嘛浑身发抖啊？"
    },
    {
      "id": "smalltalk_10701_3",
      "desc": "对话 3",
      "dlg": "别跟我长篇大论。如果是用拳头的话倒是说不定。"
    },
    {
      "id": "neglect_10701_1",
      "desc": "闲置",
      "dlg": "好啊，想吃我一记是吧？给我等着。"
    },
    {
      "id": "formation_10701_1",
      "desc": "人格出战",
      "dlg": "刚好浑身不自在。是时候去砸碎一些东西了！"
    },
    {
      "id": "battleentry_10701_1",
      "desc": "进入战斗",
      "dlg": "没必要拖拖拉拉的，直接开打！"
    },
    {
      "id": "battle_select_10701_1",
      "desc": "战斗中选中人格",
      "dlg": "怎么？什么事？"
    },
    {
      "id": "battle_endcommand_10701_1",
      "desc": "进行攻击",
      "dlg": "我先上了！"
    },
    {
      "id": "battle_enemy_break_10701_1",
      "desc": "敌方混乱",
      "dlg": "哈哈，怎么样？"
    },
    {
      "id": "battle_break_10701_1",
      "desc": "自身混乱",
      "dlg": "呃……！"
    },
    {
      "id": "battle_kill_10701_1",
      "desc": "击杀敌方",
      "dlg": "小菜一碟。"
    },
    {
      "id": "battle_allydead_10701_1",
      "desc": "友方阵亡",
      "dlg": "搞啥，这就被打烂了？"
    },
    {
      "id": "choice_success_p_10701_1",
      "desc": "判定成功",
      "dlg": "你咋看起来那么自豪？这可都是我办的。"
    },
    {
      "id": "choice_fail_n_10701_1",
      "desc": "判定失败",
      "dlg": "……让人火大。我不是让你找别人去了吗？"
    },
    {
      "id": "battle_clear_10701_1",
      "desc": "战斗胜利",
      "dlg": "嘛，就这种程度我还不至于高兴到嬉皮笑脸的。"
    },
    {
      "id": "battle_clear_ex_10701_1",
      "desc": "EX CLEAR战斗胜利",
      "dlg": "哼，看到了吗？一通乱打全干碎！"
    },
    {
      "id": "battle_defeat_10701_1",
      "desc": "战斗失败",
      "dlg": "妈的，真让人火大！哥们你不会就这么放了他们吧？"
    }
  ]
}