{
  "dataList": [
    {
      "id": "get_10906_1",
      "desc": "获得时",
      "dlg": "唔~天气真不错啊。好了，是谁需要我的保护呢？"
    },
    {
      "id": "lobby_morning_10906_1",
      "desc": "早间问候",
      "dlg": "早起可不是件易事……但是天气这么好的话~不就能神清气爽地起床了吗？"
    },
    {
      "id": "lobby_noon_10906_1",
      "desc": "午间问候",
      "dlg": "今天午饭……简简单单来点甜甜圈和咖啡吧。啊？已经腻了？可这是盯梢任务的基本功诶~！"
    },
    {
      "id": "lobby_night_10906_1",
      "desc": "晚间问候",
      "dlg": "啊啊……我不能把这墨镜摘下来吗？因为太黑了我什么都看不见~"
    },
    {
      "id": "smalltalk_10906_1",
      "desc": "对话 1",
      "dlg": "我的工作是~保护指定的人。为确保我的客户们在生活中不会陷入麻烦~我可以成为一面天然的盾牌。"
    },
    {
      "id": "smalltalk_10906_2",
      "desc": "对话 2",
      "dlg": "……呼呼，你觉得我可能太引人注目了？哇~比起自己，我更担心其它人呢。"
    },
    {
      "id": "smalltalk_10906_3",
      "desc": "对话 3",
      "dlg": "像这样的盯梢任务……太无聊了……呃。没有什么事发生吗~？"
    },
    {
      "id": "smalltalk_10906_4",
      "desc": "同步后对话 1",
      "dlg": "啊~你来了啊？我穿着协会外套的样子不是很熟悉？好吧，我也是有这种形象的~"
    },
    {
      "id": "smalltalk_10906_5",
      "desc": "同步后对话 2",
      "dlg": "别靠得太近。你会沾上血的。\n另外……那不是很好看吧？"
    },
    {
      "id": "neglect_10906_1",
      "desc": "闲置",
      "dlg": "唔唔唔~呼。我去小睡一会~"
    },
    {
      "id": "gacksung_10906_1",
      "desc": "进行同步",
      "dlg": "被认可的感觉真是太好了~嗯……要是能多给我点任务津贴就更好了~"
    },
    {
      "id": "formation_10906_1",
      "desc": "人格出战",
      "dlg": "摘下墨镜~"
    },
    {
      "id": "battleentry_10906_1",
      "desc": "进入战斗",
      "dlg": "任务开始。"
    },
    {
      "id": "battle_select_10906_1",
      "desc": "战斗中选中人格",
      "dlg": "躲在我身后！"
    },
    {
      "id": "battle_endcommand_10906_1",
      "desc": "进行攻击",
      "dlg": "压制目标！"
    },
    {
      "id": "battle_enemy_break_10906_1",
      "desc": "敌方混乱",
      "dlg": "呼~他们晕倒了吗？"
    },
    {
      "id": "battle_break_10906_1",
      "desc": "自身混乱",
      "dlg": "天，天哪……"
    },
    {
      "id": "battle_kill_10906_1",
      "desc": "击杀敌方",
      "dlg": "威胁对象，移除~"
    },
    {
      "id": "battle_dead_10906_1",
      "desc": "自身阵亡",
      "dlg": "啊……这样的话……业绩就……"
    },
    {
      "id": "choice_success_p_10906_2",
      "desc": "判定成功",
      "dlg": "呼，轻轻松松~"
    },
    {
      "id": "choice_fail_n_10906_1",
      "desc": "判定失败",
      "dlg": "这，这不是我的专业领域呀……"
    },
    {
      "id": "battle_clear_10906_1",
      "desc": "战斗胜利",
      "dlg": "好~顺利完成任务！回去的路上要来杯啤酒吗？"
    },
    {
      "id": "battle_clear_ex_10906_1",
      "desc": "EX CLEAR战斗胜利",
      "dlg": "完美完成任务！呼呼，下次请再次雇佣我们Zwei协会！"
    },
    {
      "id": "battle_defeat_10906_1",
      "desc": "战斗失败",
      "dlg": "啊……要写检讨书了……呜呜。"
    }
  ]
}