{
  "dataList": [
    {
      "id": "get_10807_1",
      "desc": "获得时",
      "dlg": "哈啊，请不要靠近。我还有好多螃蟹要捕获。还有……你可能会溅到螃蟹的内脏。"
    },
    {
      "id": "lobby_morning_10807_1",
      "desc": "早间问候",
      "dlg": "早上必须努力动起来。我也必须提早抓好晚饭要吃的，还要留下时间喝酒。"
    },
    {
      "id": "lobby_noon_10807_1",
      "desc": "午间问候",
      "dlg": "呼……真是闷热。你知道吗？正午的时候，这里会涌上十分糟糕的湿气和鱼腥味。很烦人吧？"
    },
    {
      "id": "lobby_night_10807_1",
      "desc": "晚间问候",
      "dlg": "太阳落山了，差不多可以休息了。正好……是我珍藏的酒泡好的日子！呼呼。"
    },
    {
      "id": "smalltalk_10807_1",
      "desc": "对话 1",
      "dlg": "如果天气稍微凉快一点就会轻松许多了，呜……"
    },
    {
      "id": "smalltalk_10807_2",
      "desc": "对话 2",
      "dlg": "嘿……那个凿蟹机十分危险。我匆忙地用废料做出来还附加了各种各样的东西，如果不按规范使用的话说不定会造成骨折。"
    },
    {
      "id": "smalltalk_10807_3",
      "desc": "对话 3",
      "dlg": "啊，你是说我正在做的事情吗？唔，要像这样把废料从废料蟹上全部剥离下来才能处理它们……然后用这些废品做出新的部件来运营修船厂。这样也方便把它们做成菜肴。"
    },
    {
      "id": "smalltalk_10807_4",
      "desc": "同步后对话 1",
      "dlg": "话说回来……那个大家伙爬到我们工坊的某个地方去了。它杀掉了那些帮我们从零开始的人……然后轻松地走掉了。\n嘛，我并没有特别恨它。那个大家伙也是，我也是，只是在为生存而战……那是不是同一只也说不定。"
    },
    {
      "id": "smalltalk_10807_5",
      "desc": "同步后对话 2",
      "dlg": "唔~嗯。不用那么全神贯注，偶尔一起喝一杯怎么样？"
    },
    {
      "id": "gacksung_10807_1",
      "desc": "进行同步",
      "dlg": "哎呀……我稍微改造了一下凿蟹机。我果然还是要去捉那个大家伙才行。"
    },
    {
      "id": "neglect_10807_1",
      "desc": "闲置",
      "dlg": "呼……好闷……"
    },
    {
      "id": "formation_10807_1",
      "desc": "人格出战",
      "dlg": "各位，工具都带了吧。"
    },
    {
      "id": "battleentry_10807_1",
      "desc": "进入战斗",
      "dlg": "潜水准备完毕。"
    },
    {
      "id": "battle_select_10807_1",
      "desc": "战斗中选中人格",
      "dlg": "怎么了？"
    },
    {
      "id": "battle_endcommand_10807_1",
      "desc": "进行攻击",
      "dlg": "刺穿你。"
    },
    {
      "id": "battle_enemy_break_10807_1",
      "desc": "敌方混乱",
      "dlg": "站不稳了吧，暂时应该不能重新振作了。"
    },
    {
      "id": "battle_break_10807_1",
      "desc": "自身混乱",
      "dlg": "噢……"
    },
    {
      "id": "battle_kill_10807_1",
      "desc": "击杀敌方",
      "dlg": "粉碎完毕。"
    },
    {
      "id": "battle_dead_10807_1",
      "desc": "自身阵亡",
      "dlg": "啊……哈啊……就这样结束了……吗？"
    },
    {
      "id": "choice_success_p_10807_2",
      "desc": "判定成功",
      "dlg": "好，成功了！"
    },
    {
      "id": "choice_fail_n_10807_1",
      "desc": "判定失败",
      "dlg": "没办法做出估计啊，这个……"
    },
    {
      "id": "battle_clear_10807_1",
      "desc": "战斗胜利",
      "dlg": "快点回去洗澡休息吧。"
    },
    {
      "id": "battle_clear_ex_10807_1",
      "desc": "EX CLEAR战斗胜利",
      "dlg": "嗯……这样一来报酬十分可观呢。大家一起去吃陆产肉类吧？"
    },
    {
      "id": "battle_defeat_10807_1",
      "desc": "战斗失败",
      "dlg": "哈啊……这样我就必须交违约金了对吧？"
    }
  ]
}