{
  "dataList": [
    {
      "id": "get_10202_1",
      "desc": "获得时",
      "dlg": "您的问题……很快就会得到处理。"
    },
    {
      "id": "lobby_morning_10202_1",
      "desc": "早间问候",
      "dlg": "浮士德不太喜欢乘坐列车。旅行作为单独的概念，不一定需要肉体进行物理上的移动。"
    },
    {
      "id": "lobby_noon_10202_1",
      "desc": "午间问候",
      "dlg": "看清事物本质是十分重要的。如同你的钟表脑袋不是真的钟表一样，WARP列车也不会真的能迁跃时空。"
    },
    {
      "id": "lobby_night_10202_1",
      "desc": "晚间问候",
      "dlg": "不要对传闻嗤之以鼻，但丁。每条传闻的源头，都来自于某种真相。"
    },
    {
      "id": "smalltalk_10202_1",
      "desc": "对话 1",
      "dlg": "说实话，浮士德并不喜欢打扫卫生。或许应该说，与那完全相反。"
    },
    {
      "id": "smalltalk_10202_2",
      "desc": "对话 2",
      "dlg": "只要结果是好的，过程如何就无关紧要了吗？就像你用等价于死亡的痛苦交换他们从死地归来一样？"
    },
    {
      "id": "smalltalk_10202_3",
      "desc": "对话 3",
      "dlg": "和我不同，你很少探究自身的处境。莫非，你已经下定决心接受现状了？"
    },
    {
      "id": "smalltalk_10202_4",
      "desc": "同步后对话 1",
      "dlg": "总有一天，我会集齐都市中的所有秘密，再把它们放在同一块画布里。到时候，我就可以好好鉴赏一下这副作品了。"
    },
    {
      "id": "smalltalk_10202_5",
      "desc": "同步后对话 2",
      "dlg": "浮士德喜欢探索都市的角角落落。在这方面，没有比这里更适合的地方了。"
    },
    {
      "id": "neglect_10202_1",
      "desc": "闲置",
      "dlg": "……偶尔会毫无征兆地消失。记录结束。"
    },
    {
      "id": "gacksung_10202_1",
      "desc": "进行同步",
      "dlg": "我开始对这里了如指掌。"
    },
    {
      "id": "formation_10202_1",
      "desc": "人格出战",
      "dlg": "好，我们出发吧。"
    },
    {
      "id": "battleentry_10202_1",
      "desc": "进入战斗",
      "dlg": "浮士德。开始战斗。"
    },
    {
      "id": "battle_select_10202_1",
      "desc": "战斗中选择人格",
      "dlg": "我在忙。"
    },
    {
      "id": "battle_endcommand_10202_1",
      "desc": "进行攻击",
      "dlg": "我会很快处理好。"
    },
    {
      "id": "battle_enemy_break_10202_1",
      "desc": "敌方混乱",
      "dlg": "发现弱点。"
    },
    {
      "id": "battle_break_10202_1",
      "desc": "自身混乱",
      "dlg": "嘁！"
    },
    {
      "id": "battle_kill_10202_1",
      "desc": "击杀敌方",
      "dlg": "已处理。"
    },
    {
      "id": "battle_allydead_10202_1",
      "desc": "友方阵亡",
      "dlg": "这就是我讨厌列车的原因。"
    },
    {
      "id": "choice_success_p_10202_1",
      "desc": "判定成功",
      "dlg": "浮士德，完成任务。"
    },
    {
      "id": "choice_fail_n_10202_1",
      "desc": "判定失败",
      "dlg": "或许我们太仓促了吗？"
    },
    {
      "id": "battle_clear_10202_1",
      "desc": "战斗胜利",
      "dlg": "下次我们可以更快地了结它。"
    },
    {
      "id": "battle_clear_ex_10202_1",
      "desc": "EX CLEAR战斗胜利",
      "dlg": "浮士德，此次作战也完美地结束。"
    },
    {
      "id": "battle_defeat_10202_1",
      "desc": "战斗失败",
      "dlg": "有几个人，多余的动作太多了。"
    }
  ]
}