{
  "dataList": [
    {
      "id": "get_10905_1",
      "desc": "获得时",
      "dlg": "你好你好~这里是玫瑰扳手工坊代表，罗佳哦~"
    },
    {
      "id": "lobby_morning_10905_1",
      "desc": "早间问候",
      "dlg": "哈啊……先休息一下~也泡点咖啡喝。不要从早上开始就太勉强自己哦~"
    },
    {
      "id": "lobby_noon_10905_1",
      "desc": "午间问候",
      "dlg": "你来了？看看这个！又~赚了不少钱呢！午饭时间玩牌比一周赚的都多~\n……哭哭。"
    },
    {
      "id": "lobby_night_10905_1",
      "desc": "晚间问候 ",
      "dlg": "我先走啦~什么，加班吗？哎呀……辛苦了。会为你准备好加班费的！"
    },
    {
      "id": "smalltalk_10905_1",
      "desc": "对话 1",
      "dlg": "我们用的武器都是工坊自己制造的~啊，这是怎么了……\n哈哈，修、修理的事我们也会亲自做的。"
    },
    {
      "id": "smalltalk_10905_2",
      "desc": "对话 2",
      "dlg": "噢~什么什么？找着活给我了吗？"
    },
    {
      "id": "smalltalk_10905_3",
      "desc": "对话 3",
      "dlg": "为什么我不在干活？我嘛~适合去现场哦。呼呼。而且其他的家伙做的也不错，没问题的~"
    },
    {
      "id": "smalltalk_10905_4",
      "desc": "同步后对话 1",
      "dlg": "什什么~？！老虎机？啊，笨蛋。你真以为这能赚钱吗？\n你得靠你自己的本事！"
    },
    {
      "id": "smalltalk_10905_5",
      "desc": "同步后对话 2",
      "dlg": "来，坐在这里……握住鼠标！对嘛。点这里的话~现在就可以和那家伙一决胜负了！\n什……四条？！"
    },
    {
      "id": "neglect_10905_1",
      "desc": "闲置",
      "dlg": "哎呀~稍微躺一会儿吧~？"
    },
    {
      "id": "gacksung_10905_1",
      "desc": "进行同步",
      "dlg": "嗯~？我是代表，应该不能再升职了哦~就再去给我们多揽点活吧！"
    },
    {
      "id": "formation_10905_1",
      "desc": "人格出战",
      "dlg": "好，稍微热个身吧！"
    },
    {
      "id": "battleentry_10905_1",
      "desc": "进入战斗",
      "dlg": "我们去搞点钱吧~！"
    },
    {
      "id": "battle_select_10905_1",
      "desc": "战斗中选择人格",
      "dlg": "嗯？现在很忙，有事快点！"
    },
    {
      "id": "battle_endcommand_10905_1",
      "desc": "进行攻击",
      "dlg": "上吧！"
    },
    {
      "id": "battle_enemy_break_10905_1",
      "desc": "敌方混乱",
      "dlg": "哼哼，扎得真准！"
    },
    {
      "id": "battle_break_10905_1",
      "desc": "自身混乱",
      "dlg": "呃……"
    },
    {
      "id": "battle_kill_10905_1",
      "desc": "击杀敌方",
      "dlg": "好，解决一个！"
    },
    {
      "id": "battle_dead_10905_1",
      "desc": "自身阵亡",
      "dlg": "早知道会这样的话……之前就去好好狂欢一场了……"
    },
    {
      "id": "choice_success_p_10905_1",
      "desc": "判定成功",
      "dlg": "哼，小菜一碟！"
    },
    {
      "id": "choice_fail_n_10905_1",
      "desc": "判定失败",
      "dlg": "嘁……没什么合适的工具啊。"
    },
    {
      "id": "battle_clear_10905_1",
      "desc": "战斗胜利",
      "dlg": "好！差不多够糊口了吧~要给我家的孩子们发工资的话，还得多赚一些钱才行~呼呼。"
    },
    {
      "id": "battle_clear_ex_10905_1",
      "desc": "EX CLEAR战斗胜利",
      "dlg": "嘿呀，这样不是超级成功吗？我会得到奖金吗？"
    },
    {
      "id": "battle_defeat_10905_1",
      "desc": "战斗失败",
      "dlg": "哈……这样的话可要毁约了……"
    }
  ]
}