{
  "dataList": [
    {
      "id": "get_10403_1",
      "desc": "获得时",
      "dlg": "什么都挡不住我的刀刃……就连影子我也能斩断。"
    },
    {
      "id": "lobby_morning_10403_1",
      "desc": "早间问候",
      "dlg": "我在磨剑。这是一早起最有意义的事情了。"
    },
    {
      "id": "lobby_noon_10403_1",
      "desc": "午间问候",
      "dlg": "我在擦剑，正午正适合这样度过。"
    },
    {
      "id": "lobby_night_10403_1",
      "desc": "晚间问候",
      "dlg": "我在养剑，夜晚最好像这样画上句号。"
    },
    {
      "id": "smalltalk_10403_1",
      "desc": "对话 1",
      "dlg": "我一个人行动，别人只会碍事。啊，某个人除外。"
    },
    {
      "id": "smalltalk_10403_2",
      "desc": "对话 2",
      "dlg": "废话最好少说，有些人会以为你在挑衅。"
    },
    {
      "id": "smalltalk_10403_3",
      "desc": "对话 3",
      "dlg": "罗佳是独一无二的能跟我合得来的人。或者我该说，她是可以毫不犹豫地与我交锋的人吗？"
    },
    {
      "id": "smalltalk_10403_4",
      "desc": "同步后对话 1",
      "dlg": "这地方满是无用之人。要是只留下四分之一的话，肯定能轻松一点，你觉得怎么样？"
    },
    {
      "id": "smalltalk_10403_5",
      "desc": "同步后对话 2",
      "dlg": "如果是为了更完美的艺术……这种程度的恩惠我就收下了。"
    },
    {
      "id": "neglect_10403_1",
      "desc": "闲置",
      "dlg": "喂，什么话不说就消失了？你这块钟真是有胆子。"
    },
    {
      "id": "gacksung_10403_1",
      "desc": "进行同步",
      "dlg": "让你看看我极致的剑术。"
    },
    {
      "id": "formation_10403_1",
      "desc": "人格出战",
      "dlg": "我的刀可已经磨好了。"
    },
    {
      "id": "battleentry_10403_1",
      "desc": "进入战斗",
      "dlg": "你想知道用利剑该怎样创作艺术吗？"
    },
    {
      "id": "battle_select_10403_1",
      "desc": "战斗中选中人格",
      "dlg": "你没想跟我掐架吧？"
    },
    {
      "id": "battle_endcommand_10403_1",
      "desc": "进行攻击",
      "dlg": "可别拖我后腿。"
    },
    {
      "id": "battle_enemy_break_10403_1",
      "desc": "敌方混乱",
      "dlg": "剑还不够锋利吗？"
    },
    {
      "id": "battle_break_10403_1",
      "desc": "自身混乱",
      "dlg": "嘁！"
    },
    {
      "id": "battle_kill_10403_1",
      "desc": "击杀敌方",
      "dlg": "看来磨得很锋利啊。"
    },
    {
      "id": "battle_allydead_10403_1",
      "desc": "友方阵亡",
      "dlg": "少了个吵吵的。"
    },
    {
      "id": "choice_success_p_10403_1",
      "desc": "判定成功",
      "dlg": "我们很合得来呢。"
    },
    {
      "id": "choice_fail_n_10403_1",
      "desc": "判定失败",
      "dlg": "一直喋喋不休，可不就这样。"
    },
    {
      "id": "battle_clear_10403_1",
      "desc": "战斗胜利",
      "dlg": "好好欣赏，蠢货们，这才是剑术。"
    },
    {
      "id": "battle_clear_ex_10403_1",
      "desc": "EX CLEAR战斗胜利",
      "dlg": "这次，应该见了足够的血。"
    },
    {
      "id": "battle_defeat_10403_1",
      "desc": "战斗失败",
      "dlg": "要是我一个人来，早就完事了。"
    }
  ]
}