{
  "dataList": [
    {
      "id": "get_11205_1",
      "desc": "获得时",
      "dlg": "嗯，是，我也很高兴见到你……你有多余的螺丝吗？"
    },
    {
      "id": "lobby_morning_11205_1",
      "desc": "早间问候",
      "dlg": "让我看看~今天上午工作有两件，下午有三件……嗯，我想我还能奢侈地空出来一次咖啡休息时间。"
    },
    {
      "id": "lobby_noon_11205_1",
      "desc": "午间问候",
      "dlg": "话说回来看到我家队长了吗？刚才她赌输了一个胡椒辣椒咖喱生菜派，然后就突然消失了。"
    },
    {
      "id": "lobby_night_11205_1",
      "desc": "晚间问候",
      "dlg": "巢的夜景总是引人入胜。可惜在万家灯火中，却没有一盏属于我的。"
    },
    {
      "id": "smalltalk_11205_1",
      "desc": "对话 1",
      "dlg": "嘿，你的滴答声让我很焦躁，能让我平心静气地抽会烟吗……"
    },
    {
      "id": "smalltalk_11205_2",
      "desc": "对话 2",
      "dlg": "我只要能按时拿到报酬就行了。如果你手头拮据，来点能用的废铁没关系。"
    },
    {
      "id": "smalltalk_11205_3",
      "desc": "对话 3",
      "dlg": "等一下，这是怎么了……呼？哦……没事了。这东西有时会出点故障……嗯？你为什么站得这么远？"
    },
    {
      "id": "smalltalk_11205_4",
      "desc": "同步后对话 1",
      "dlg": "嗯，我在有需要的时候就会更换这条手臂。我曾经还有一条用来点火的，但使用的时候不小心把自己胡子给烧了。"
    },
    {
      "id": "smalltalk_11205_5",
      "desc": "同步后对话 2",
      "dlg": "你好像跟我很合得来哈？这次委托完成后你如果还有什么想拜托的工作的话，可以经由我们队长联系我。"
    },
    {
      "id": "neglect_11205_1",
      "desc": "闲置",
      "dlg": "别留我一人在这，老兄。我可是很容易感到孤独的。"
    },
    {
      "id": "gacksung_11205_1",
      "desc": "进行同步",
      "dlg": "哦，呃……我本没打算在这里呆太久的……你会对此负责吗？"
    },
    {
      "id": "formation_11205_1",
      "desc": "人格出战",
      "dlg": "我不在乎要去哪。只要带路就行了。"
    },
    {
      "id": "battleentry_11205_1",
      "desc": "进入战斗",
      "dlg": "啊。我给我的手臂换电池了吗？"
    },
    {
      "id": "battle_select_11205_1",
      "desc": "战斗中选择人格",
      "dlg": "怎么了，有东西要维修吗？"
    },
    {
      "id": "battle_endcommand_11205_1",
      "desc": "进行攻击",
      "dlg": "是时候发动引擎了吗？"
    },
    {
      "id": "battle_enemy_break_11205_1",
      "desc": "敌方混乱",
      "dlg": "可行。"
    },
    {
      "id": "battle_break_11205_1",
      "desc": "自身混乱",
      "dlg": "噢……轻点，老兄。"
    },
    {
      "id": "battle_kill_11205_1",
      "desc": "击杀敌方",
      "dlg": "昨天努力打磨锯片还是有价值的。"
    },
    {
      "id": "battle_dead_11205_1",
      "desc": "自身阵亡",
      "dlg": "早知道就把……手臂上的自爆装置……升级了好了……"
    },
    {
      "id": "choice_success_p_11205_1",
      "desc": "判定成功",
      "dlg": "我不是会为这种事情而沾沾自喜的人。哼……哼~"
    },
    {
      "id": "choice_fail_n_11205_1",
      "desc": "判定失败",
      "dlg": "哎哟，我的手臂今天怎么这么僵硬……啊哈……咳咳，嗯……"
    },
    {
      "id": "battle_clear_11205_1",
      "desc": "战斗胜利",
      "dlg": "这种程度还是得做得到的。"
    },
    {
      "id": "battle_clear_ex_11205_1",
      "desc": "EX CLEAR战斗胜利",
      "dlg": "嗯？你要给我额外奖金吗？我不会拒绝的。"
    },
    {
      "id": "battle_defeat_11205_1",
      "desc": "战斗失败",
      "dlg": "唉，真是的……我的手臂跟润滑剂的兼容性不是很好……它有点吱吱作响。"
    }
  ]
}