{
  "dataList": [
    {
      "id": "get_10204_1",
      "desc": "获得时",
      "dlg": "要一起吗……？完成净化污秽的大业。"
    },
    {
      "id": "lobby_morning_10204_1",
      "desc": "早间问候",
      "dlg": "掐着布道时间点过来了呢！呼呼，难能可贵。"
    },
    {
      "id": "lobby_noon_10204_1",
      "desc": "午间问候",
      "dlg": "啊……看来现在外面是午餐时间？哈……我不太关心这些事情。"
    },
    {
      "id": "lobby_night_10204_1",
      "desc": "晚间问候",
      "dlg": "这是净化的时刻……是我们从纯净的土地中涤净污秽的时间。"
    },
    {
      "id": "smalltalk_10204_1",
      "desc": "对话 1",
      "dlg": "必须接受痛苦！只有超越它的瞬间……才能重获新生。"
    },
    {
      "id": "smalltalk_10204_2",
      "desc": "对话 2",
      "dlg": "请跟随浮士德，成为我掌中之物……哈。"
    },
    {
      "id": "smalltalk_10204_3",
      "desc": "对话 3",
      "dlg": "构成人类的是血与肉……以及骨头。此外都是不洁之物。\n……你那面具我可以放过。那与衣物没什么差别。"
    },
    {
      "id": "smalltalk_10204_4",
      "desc": "同步后对话 1",
      "dlg": "您……不打算洗掉沾在手上的东西吗？\n呵呵，您看。清理掉不洁之物是理所当然的事情。"
    },
    {
      "id": "smalltalk_10204_5",
      "desc": "同步后对话 2",
      "dlg": "公司……并不总能给出正确的答案。往往，前路……是自己铸就的哦？"
    },
    {
      "id": "neglect_10204_1",
      "desc": "闲置",
      "dlg": "明明没什么话想说，却还抓着浮士德不放吗……？呼，这次就放过您吧。"
    },
    {
      "id": "gacksung_10204_1",
      "desc": "进行同步",
      "dlg": "高些，再高些！以更加，纯粹的躯体……呼呼！"
    },
    {
      "id": "formation_10204_1",
      "desc": "人格出战",
      "dlg": "执掌锤柄。"
    },
    {
      "id": "battleentry_10204_1",
      "desc": "进入战斗",
      "dlg": "得是值得浮士德出面的场合才行。"
    },
    {
      "id": "battle_select_10204_1",
      "desc": "战斗中选中人格",
      "dlg": "稍后再进行告解。"
    },
    {
      "id": "battle_endcommand_10204_1",
      "desc": "进行攻击",
      "dlg": "净化！"
    },
    {
      "id": "battle_enemy_break_10204_1",
      "desc": "敌方混乱",
      "dlg": "始于沙土……"
    },
    {
      "id": "battle_break_10204_1",
      "desc": "自身混乱",
      "dlg": "……天啊。"
    },
    {
      "id": "battle_kill_10204_1",
      "desc": "击杀敌方",
      "dlg": "……归于尘埃！"
    },
    {
      "id": "battle_dead_10204_1",
      "desc": "自身阵亡",
      "dlg": "还没能……成为完人……"
    },
    {
      "id": "choice_success_p_10204_2",
      "desc": "判定成功",
      "dlg": "理所当然！"
    },
    {
      "id": "choice_fail_n_10204_1",
      "desc": "判定失败",
      "dlg": "……怎么会？"
    },
    {
      "id": "battle_clear_10204_1",
      "desc": "战斗胜利",
      "dlg": "净化结束了……？呼呼。"
    },
    {
      "id": "battle_clear_ex_10204_1",
      "desc": "EX CLEAR战斗胜利",
      "dlg": "为了前往最纯粹的世界！"
    },
    {
      "id": "battle_defeat_10204_1",
      "desc": "战斗失败",
      "dlg": "败北……？不可思议。那些锤们都去了哪里？"
    }
  ]
}