{
  "dataList": [
    {
      "id": "get_11108_1",
      "desc": "获得时",
      "dlg": "鞋上的泥都清理干净了吗？事先声明，在这栋宅邸里，没有我的许可，就算家具也不许碰。"
    },
    {
      "id": "lobby_morning_11108_1",
      "desc": "早间问候",
      "dlg": "是时候让这座宅邸呼吸一下了。好，大家拉开窗帘。让呼啸的风和一捧阳光充斥它的肺部。"
    },
    {
      "id": "lobby_noon_11108_1",
      "desc": "午间问候",
      "dlg": "如果感觉冷的话，就在这座壁炉边暖个身吧。这可能是你在这座宅邸里唯一能感受到温暖的地方。"
    },
    {
      "id": "lobby_night_11108_1",
      "desc": "晚间问候",
      "dlg": "一场风暴正在酝酿。所以我会打开窗户。这样一来，夫人……夫人的话语便能被更清晰地听到。"
    },
    {
      "id": "smalltalk_11108_1",
      "desc": "对话1",
      "dlg": "如果有要找的东西的话请告诉我。因为我对这里所有的餐具和家具了如指掌。"
    },
    {
      "id": "smalltalk_11108_2",
      "desc": "对话2",
      "dlg": "两勺半糖浆，温度适当，今天您要看的文件已经放在桌子上了。再过不久就要狩猎疯狼了，我们已经做好了充分的准备。"
    },
    {
      "id": "smalltalk_11108_3",
      "desc": "对话3",
      "dlg": "我的祖先们都被埋葬在这座宅邸下。虽然很遥远，但是这份没有期限的合同一定会有履行完毕的一天吧。"
    },
    {
      "id": "smalltalk_11108_4",
      "desc": "同步后对话 1",
      "dlg": "偶尔，我会感觉到来自土地深处那难以忍受的干渴……但我会坚持下去，等待得到回报的那一天。当所有的磨难终于过去，喝下去的那一口流淌过喉咙的瞬间，该是多么的欣喜若狂……"
    },
    {
      "id": "smalltalk_11108_5",
      "desc": "同步后对话 2",
      "dlg": "我们是与这座宅邸所在的土地签订合同的人。在合同履行完成之前，没有什么可以阻止我们。不论狂风暴雨，电闪雷鸣，甚至那只该死的狼也不行。"
    },
    {
      "id": "neglect_11108_1",
      "desc": "闲置",
      "dlg": "从踏入这座宅邸的那一刻起，无论你如何躲藏，夫人都能感受到你的存在。"
    },
    {
      "id": "gacksung_11108_1",
      "desc": "进行同步",
      "dlg": "啊，是夫人送来的礼物。我要心怀感激地接受它。"
    },
    {
      "id": "formation_11108_1",
      "desc": "人格出战",
      "dlg": "看来是迎接不速之客的时间了。"
    },
    {
      "id": "battleentry_11108_1",
      "desc": "进入战斗",
      "dlg": "我会在下次午饭之前回来。"
    },
    {
      "id": "battle_select_11108_1",
      "desc": "战斗中选中人格",
      "dlg": "有什么不合您心意之处吗？"
    },
    {
      "id": "battle_endcommand_11108_1",
      "desc": "进行攻击",
      "dlg": "如果有谁敢打这片土地和夫人的主意……"
    },
    {
      "id": "battle_enemy_break_11108_1",
      "desc": "敌方混乱",
      "dlg": "击溃不速之客。"
    },
    {
      "id": "battle_break_11108_1",
      "desc": "自身混乱",
      "dlg": "我听到了……从下方呼唤着我的河水的声音……"
    },
    {
      "id": "battle_kill_11108_1",
      "desc": "击杀敌方",
      "dlg": "未被邀请之物必须要处理干净。"
    },
    {
      "id": "battle_dead_11108_1",
      "desc": "自身阵亡",
      "dlg": "不行，我不能……在没来得及喝一口那水之前……"
    },
    {
      "id": "choice_success_p_11108_2",
      "desc": "判定成功",
      "dlg": "按照您的吩咐完成了。"
    },
    {
      "id": "choice_fail_n_11108_1",
      "desc": "判定失败",
      "dlg": "是我的失误，对不起……夫人。"
    },
    {
      "id": "battle_clear_11108_1",
      "desc": "战斗胜利",
      "dlg": "好，我们这就回呼啸山庄去。宅邸里还有很多工作要做。"
    },
    {
      "id": "battle_clear_ex_11108_1",
      "desc": "EX CLEAR战斗胜利",
      "dlg": "您看到了吗，夫人。谢谢您的夸奖。不速之客无一例外地都被处理掉了。"
    },
    {
      "id": "battle_defeat_11108_1",
      "desc": "战斗失败",
      "dlg": "教育和准备……都有不足。万分抱歉，夫人。"
    }
  ]
}