{
  "dataList": [
    {
      "id": "get_10510_1",
      "desc": "获得时",
      "dlg": "嗯，这次的晚自习没有人缺勤。重新积累挥发掉的知识固然可取，但也不要忘记学习新的知识。"
    },
    {
      "id": "lobby_morning_10510_1",
      "desc": "早间问候",
      "dlg": "早上了。不要拖拖拉拉，睁开眼睛后稍稍活动一下身体。\n如果头脑和身体完全清醒，最好到外面去晒晒太阳，接着便去求知吧。"
    },
    {
      "id": "lobby_noon_10510_1",
      "desc": "午间问候",
      "dlg": "已经是午饭时间了。此时吃得太饱的话会引起睡意。\n一定程度的空腹感能提高集中力。如果你有之后的日程安排，最好记住。"
    },
    {
      "id": "lobby_night_10510_1",
      "desc": "晚间问候",
      "dlg": "马上就到孩子们的就寝时间了。睡眠是大脑处理和回顾清醒时收集到的知识的重要学习行为，建议保持安静，不要打扰他们。"
    },
    {
      "id": "smalltalk_10510_1",
      "desc": "对话 1",
      "dlg": "视线再凑近些。和钥派们不同，我们是以拳探寻，进而握取知识之人。"
    },
    {
      "id": "smalltalk_10510_2",
      "desc": "对话 2",
      "dlg": "除了하나协会的收尾人考核以外，Dieci协会内另外进行的知识考试也为求知提供了可持续的动机。\n通过考试积累知识，总有一天会谒见圣者。"
    },
    {
      "id": "smalltalk_10510_3",
      "desc": "对话 3",
      "dlg": "据记载，南部Dieci协会要用生命守护的圣物，是在很深的废墟中发现的。\n在北部，东部及西方本部所守护的圣物也是如此。"
    },
    {
      "id": "smalltalk_10510_4",
      "desc": "同步后对话 1",
      "dlg": "是问关于知识挥发后转换成强大的物理力量的现象吗……\n嗯，关于此，现在的我并不知道，也许在这之前我曾知道，但也只是不明知而已。"
    },
    {
      "id": "smalltalk_10510_5",
      "desc": "同步后对话 2",
      "dlg": "积累知识等于积累生存的养分。这是被收养者的天性和规律，不能怠于积累新的知识。\n这也是我常常对不喜欢求知的孩子们说的话。"
    },
    {
      "id": "neglect_10510_1",
      "desc": "闲置",
      "dlg": "忘了来这里的理由了吗？如果忘记了，就应该重新求知。"
    },
    {
      "id": "gacksung_10510_1",
      "desc": "进行同步",
      "dlg": "以缠绕于拳上的这片光辉之布释放层层积累的知识，将你碾碎。"
    },
    {
      "id": "formation_10510_1",
      "desc": "人格出战",
      "dlg": "以拳触碰求知的瞬间。"
    },
    {
      "id": "battleentry_10510_1",
      "desc": "进入战斗",
      "dlg": "只是按照Dieci的教义行事罢了。"
    },
    {
      "id": "battle_select_10510_1",
      "desc": "战斗中选中人格",
      "dlg": "提问将在任务完成后被接受。"
    },
    {
      "id": "battle_endcommand_10510_1",
      "desc": "进行攻击",
      "dlg": "这也将成为知识。"
    },
    {
      "id": "battle_enemy_break_10510_1",
      "desc": "敌方混乱",
      "dlg": "因为知识不会永存。"
    },
    {
      "id": "battle_break_10510_1",
      "desc": "自身混乱",
      "dlg": "嗯……"
    },
    {
      "id": "battle_kill_10510_1",
      "desc": "击杀敌方",
      "dlg": "……不要逃避无知。"
    },
    {
      "id": "battle_dead_10510_1",
      "desc": "自身阵亡",
      "dlg": "我也迎来了……最理所当然的时刻吗……"
    },
    {
      "id": "choice_success_p_10510_2",
      "desc": "判定成功",
      "dlg": "这次做出了正确的选择。但不知下次是否还会正确。"
    },
    {
      "id": "choice_fail_n_10510_1",
      "desc": "判定失败",
      "dlg": "也许这是已经被遗忘的知识。错误是理所当然的结果。"
    },
    {
      "id": "battle_clear_10510_1",
      "desc": "战斗胜利",
      "dlg": "先想想遗忘了什么知识。胜利的喜悦在那之后尽情享受也为时不晚。"
    },
    {
      "id": "battle_clear_ex_10510_1",
      "desc": "EX CLEAR战斗胜利",
      "dlg": "我仅仅是研习战斗中遗忘的东西与学到的东西，重新积累知识来完成Dieci协会的工作而已。"
    },
    {
      "id": "battle_defeat_10510_1",
      "desc": "战斗失败",
      "dlg": "虽然失败了，但是也能从中获得知识吧。所以接下来要做的，就是通过那些知识取得胜利。"
    }
  ]
}