{
  "dataList": [
    {
      "id": "get_10301_1",
      "desc": "获得时",
      "dlg": "已至吾之时刻？吾乃，堂吉诃德！"
    },
    {
      "id": "lobby_morning_10301_1",
      "desc": "早间问候",
      "dlg": "哈欠……经理老爷可真是个勤恳的人啊。这个点是怎么让自己保持清醒的啊…？"
    },
    {
      "id": "lobby_noon_10301_1",
      "desc": "午间问候",
      "dlg": "汝对午饭有何打算？听闻罗佳打听到了不错的食堂，吾现在十分期待。"
    },
    {
      "id": "lobby_night_10301_1",
      "desc": "晚间问候",
      "dlg": "今天的星星格外明亮。经理老爷也看得见星星吗？"
    },
    {
      "id": "smalltalk_10301_1",
      "desc": "对话 1",
      "dlg": "经理老爷，要欣赏一下吗？此皆吾之珍宝，呼呼……其中不乏吾竭尽全力才得到的限量版！"
    },
    {
      "id": "smalltalk_10301_2",
      "desc": "对话 2",
      "dlg": "请把目光投向那些收尾人吧，他们正为了这世间的正义而奔波！不觉得他们是如此耀眼吗？"
    },
    {
      "id": "smalltalk_10301_3",
      "desc": "对话 3",
      "dlg": "经理老爷最喜欢的收尾人是谁？分您一个徽章贴在衣服上如何？"
    },
    {
      "id": "neglect_10301_1",
      "desc": "闲置",
      "dlg": "经理老爷！！！！！把吾丢在这里上哪儿去啦！！！！！！！！！！"
    },
    {
      "id": "formation_10301_1",
      "desc": "人格出战",
      "dlg": "驰骋吧！驽骍难得！"
    },
    {
      "id": "battleentry_10301_1",
      "desc": "进入战斗",
      "dlg": "轮到吾出场了吗！"
    },
    {
      "id": "battle_select_10301_1",
      "desc": "战斗中选中人格",
      "dlg": "原来您一直在注视着吾！"
    },
    {
      "id": "battle_endcommand_10301_1",
      "desc": "进行攻击",
      "dlg": "出征！"
    },
    {
      "id": "battle_enemy_break_10301_1",
      "desc": "敌方混乱",
      "dlg": "如我所料！"
    },
    {
      "id": "battle_break_10301_1",
      "desc": "自身混乱",
      "dlg": "啊！"
    },
    {
      "id": "battle_kill_10301_1",
      "desc": "击杀敌方",
      "dlg": "大捷！"
    },
    {
      "id": "battle_allydead_10301_1",
      "desc": "友方阵亡",
      "dlg": "经理老爷，虽然会很辛苦，但还是拜托您了！"
    },
    {
      "id": "choice_success_p_10301_1",
      "desc": "判定成功",
      "dlg": "吾岂敢自满！历史必将铭记此功！"
    },
    {
      "id": "choice_fail_n_10301_1",
      "desc": "判定失败",
      "dlg": "战胜逆境者方为英雄。来日吾等将再度出征！"
    },
    {
      "id": "battle_clear_10301_1",
      "desc": "战斗胜利",
      "dlg": "实然！正义永存！"
    },
    {
      "id": "battle_clear_ex_10301_1",
      "desc": "EX CLEAR战斗胜利",
      "dlg": "吾果然有着成为伟大收尾人的资质！！！！哇哈哈哈哈！！！！"
    },
    {
      "id": "battle_defeat_10301_1",
      "desc": "战斗失败",
      "dlg": "咳……你们会……付出……代价的……"
    }
  ]
}