{
  "dataList": [
    {
      "id": "get_10902_1",
      "desc": "获得时",
      "dlg": "我来砍东西了。不论活人，流水，浮云，还是人心。"
    },
    {
      "id": "lobby_morning_10902_1",
      "desc": "早间问候",
      "dlg": "我到了晚上才开始工作~换句话说……现在别吵醒我。"
    },
    {
      "id": "lobby_noon_10902_1",
      "desc": "午间问候",
      "dlg": "嗨，但丁！中午吃的什么？最好不是比我的午饭更香的伙食哦。"
    },
    {
      "id": "lobby_night_10902_1",
      "desc": "晚间问候",
      "dlg": "今天可赚了一大笔保护费呢~ 我把它该花在哪呢？嘻嘻。"
    },
    {
      "id": "smalltalk_10902_1",
      "desc": "对话 1",
      "dlg": "我的剑锋利至极。而且急不可待。这说明你的命令会偶~尔会被当作耳边风。那不是我，而是我的剑干的好事。呼呼。"
    },
    {
      "id": "smalltalk_10902_2",
      "desc": "对话 2",
      "dlg": "我说啊~你知道有个孩子总是对我唠唠叨叨的事情吧？说什么战斗方式太残忍了啊之类的……谁让我的剑如此锋利，而敌人又如此脆弱呢？哎，不如少让他来烦我。"
    },
    {
      "id": "smalltalk_10902_3",
      "desc": "对话 3",
      "dlg": "提前跟你说一声~我要是觉得无聊的话随时都会离开这里。别以为你能拦住我~ "
    },
    {
      "id": "smalltalk_10902_4",
      "desc": "同步后对话 1",
      "dlg": "我喜欢后巷~那里肮脏的恰到好处。我这般华丽的剑术若想熠熠生辉，至少需要一定程度的简陋作衬托才行。"
    },
    {
      "id": "smalltalk_10902_5",
      "desc": "同步后对话 2",
      "dlg": "世上的吝啬鬼真多。把钱严严实实的藏起来只会让钱失去意义。……所以让我们找回那些钱的意义吧。"
    },
    {
      "id": "neglect_10902_1",
      "desc": "闲置",
      "dlg": "呣~ 让我干等着可不便宜。你觉得自己付得起吗？"
    },
    {
      "id": "gacksung_10902_1",
      "desc": "进行同步",
      "dlg": "底层的人生并不会因为这点帮助而有所改变。反正我也不打算久留于此……但是，嘛……心情还算不错。"
    },
    {
      "id": "formation_10902_1",
      "desc": "人格出战",
      "dlg": "收款时间到~"
    },
    {
      "id": "battleentry_10902_1",
      "desc": "进入战斗",
      "dlg": "这次要砍谁，但丁？"
    },
    {
      "id": "battle_select_10902_1",
      "desc": "战斗中选中人格",
      "dlg": "哎呀，我可不喜欢在工作的时候被打扰~"
    },
    {
      "id": "battle_endcommand_10902_1",
      "desc": "进行攻击",
      "dlg": "我比较喜欢有斩击手感的目标~"
    },
    {
      "id": "battle_enemy_break_10902_1",
      "desc": "敌方混乱",
      "dlg": "看来没我想的那么脆弱？"
    },
    {
      "id": "battle_break_10902_1",
      "desc": "自身混乱",
      "dlg": "哈……"
    },
    {
      "id": "battle_kill_10902_1",
      "desc": "击杀敌方",
      "dlg": "果然，还是脆弱。"
    },
    {
      "id": "battle_allydead_10902_1",
      "desc": "友方阵亡",
      "dlg": "唉。可不要上别处说自己是个硬茬~"
    },
    {
      "id": "choice_success_p_10902_1",
      "desc": "判定成功",
      "dlg": "这种事情可从未失过手！"
    },
    {
      "id": "choice_fail_n_10902_1",
      "desc": "判定失败",
      "dlg": "哎呀~搞砸了，搞砸了。"
    },
    {
      "id": "battle_clear_10902_1",
      "desc": "战斗胜利",
      "dlg": "真是个粗杂的活儿。难道没有更有趣点的吗？"
    },
    {
      "id": "battle_clear_ex_10902_1",
      "desc": "EX CLEAR战斗胜利",
      "dlg": "果然，没有我斩不断的东西。"
    },
    {
      "id": "battle_defeat_10902_1",
      "desc": "战斗失败",
      "dlg": "万事皆有不顺心的时候~可别怪我的剑哦。"
    }
  ]
}