{
  "dataList": [
    {
      "id": "get_10208_1",
      "desc": "获得时",
      "dlg": "出战前夜定是寂静无声。正巧……也是一轮盈月。"
    },
    {
      "id": "lobby_morning_10208_1",
      "desc": "早间问候",
      "dlg": "早安。现在正是享受简餐温茶之时。无需急躁。"
    },
    {
      "id": "lobby_noon_10208_1",
      "desc": "午间问候",
      "dlg": "我正考虑将正午的训练推迟至下一次。\n不如说……现在正是重读我的剑术手册，裨补阙漏的好时机。"
    },
    {
      "id": "lobby_night_10208_1",
      "desc": "晚间问候",
      "dlg": "皓月当空，未有一丝阴翳。真是恰逢佳时。"
    },
    {
      "id": "smalltalk_10208_1",
      "desc": "对话 1",
      "dlg": "我曾在武艺练习时，掷出红梅花瓣并将其斩碎。鲜红的花瓣飞舞四散的模样，美丽至极。\n现在，我时不时也会看到那美丽的景象。只是如今，那花瓣已更接近于液体。"
    },
    {
      "id": "smalltalk_10208_2",
      "desc": "对话 2",
      "dlg": "任何委身于契的人，无不醉心于剑术……\n我已经过了用身体领会剑术的阶段，所以像这样通过头脑学习。"
    },
    {
      "id": "smalltalk_10208_3",
      "desc": "对话 3",
      "dlg": "看到了剑的流动之后，不会偶尔觉得那比起武术更像是艺术吗？\n那连绵的流动以天空为画纸，行云流水般地……噢，我稍微沉浸于想象之中了。"
    },
    {
      "id": "smalltalk_10208_4",
      "desc": "同步后对话 1",
      "dlg": "只有这种水平吗，黑云会。趁夜晚侵占至我等据点前方的这群无赖，就这样溃如散沙了。"
    },
    {
      "id": "smalltalk_10208_5",
      "desc": "同步后对话 2",
      "dlg": "他们，连自己已经变成飞散的花瓣也毫无自觉。虽然同样使用着名为“剑”的道具，但格调的差距却是如此明显。"
    },
    {
      "id": "neglect_10208_1",
      "desc": "闲置",
      "dlg": "发一整天呆也没有问题。稍微和月亮说说话吧。"
    },
    {
      "id": "gacksung_10208_1",
      "desc": "进行同步",
      "dlg": "今晚是进行剑舞的良时。从映照着明月的刃尖绽放的花朵可谓绝景。一起来赏花如何？"
    },
    {
      "id": "formation_10208_1",
      "desc": "人格出战",
      "dlg": "出征之时。"
    },
    {
      "id": "battleentry_10208_1",
      "desc": "进入战斗",
      "dlg": "让花绽放吧。"
    },
    {
      "id": "battle_select_10208_1",
      "desc": "战斗中选中人格",
      "dlg": "有在享受吗？"
    },
    {
      "id": "battle_endcommand_10208_1",
      "desc": "进行攻击",
      "dlg": "一群无赖。"
    },
    {
      "id": "battle_enemy_break_10208_1",
      "desc": "敌方混乱",
      "dlg": "花开绚烂。"
    },
    {
      "id": "battle_break_10208_1",
      "desc": "自身混乱",
      "dlg": "唔。"
    },
    {
      "id": "battle_kill_10208_1",
      "desc": "击杀敌方",
      "dlg": "落花狼藉。"
    },
    {
      "id": "battle_dead_10208_1",
      "desc": "自身阵亡",
      "dlg": "红梅……也……从我身上……绽放了呢。"
    },
    {
      "id": "choice_success_p_10208_2",
      "desc": "判定成功",
      "dlg": "没有失误的理由。"
    },
    {
      "id": "choice_fail_n_10208_1",
      "desc": "判定失败",
      "dlg": "失误也是一种必然。"
    },
    {
      "id": "battle_clear_10208_1",
      "desc": "战斗胜利",
      "dlg": "残败的花朵已然飞散。让我们来看看将来的居处吧。"
    },
    {
      "id": "battle_clear_ex_10208_1",
      "desc": "EX CLEAR战斗胜利",
      "dlg": "花儿凋零，又会有新木在此发芽。毫无疑问，其将成为守护我等居处的支柱。"
    },
    {
      "id": "battle_defeat_10208_1",
      "desc": "战斗失败",
      "dlg": "我们是……没有去处的流民，无地生根的种子……到底何时才能找到得以扎根的居处呢。"
    }
  ]
}