{
  "dataList": [
    {
      "id": "get_11104_1",
      "desc": "获得时",
      "dlg": "嗯，我是奥提斯。你来拜访我的理由是？"
    },
    {
      "id": "lobby_morning_11104_1",
      "desc": "早间问候",
      "dlg": "我在为今日的工作做准备，所以即使你现在来找我我也帮不上什么忙……行吧，我可以先听听你想说什么。"
    },
    {
      "id": "lobby_noon_11104_1",
      "desc": "午间问候",
      "dlg": "午餐？啊，你就先放那吧。我现在正忙着处理这份文件……哦，你想请我一起吃？不好意思，我还抽不出时间。"
    },
    {
      "id": "lobby_night_11104_1",
      "desc": "晚间问候",
      "dlg": "你现在可以离开了，不必等我下班再下班，我没事的。领导自然要承担艰苦的工作。"
    },
    {
      "id": "smalltalk_11104_1",
      "desc": "对话 1",
      "dlg": "帮我买杯红茶吧？钱拿着，给自己也买一杯。"
    },
    {
      "id": "smalltalk_11104_2",
      "desc": "对话 2",
      "dlg": "我没有太多可以浪费的时间……但既然你等了这么久，那我还是听听看吧。发生什么事了？"
    },
    {
      "id": "smalltalk_11104_3",
      "desc": "对话 3",
      "dlg": "虽然到现场工作不是什么坏事……但毕竟还是坐着舒服。"
    },
    {
      "id": "smalltalk_11104_4",
      "desc": "同步后对话 1",
      "dlg": "虽然6科算是基层，但也有宝贵的人才，最近我对一些人愈发关注……\n他们对饮料的品味也和我很像。"
    },
    {
      "id": "smalltalk_11104_5",
      "desc": "同步后对话 2",
      "dlg": "……说了这么多，我一直想听听我信任的人的看法。\n你在打瞌睡吗？嗯，被工作累坏了吧。我给你放半天假，去好好休息吧。等你休息好了，我们再谈。"
    },
    {
      "id": "neglect_11104_1",
      "desc": "闲置",
      "dlg": "南部6科科长，奥提斯。我现在不在，若有要事，请在哔声后留言。"
    },
    {
      "id": "gacksung_11104_1",
      "desc": "进行同步",
      "dlg": "是不是意味着现场工作要增多了？……也行吧，现场指挥也是一种经验。"
    },
    {
      "id": "formation_11104_1",
      "desc": "人格出战",
      "dlg": "需要一位现场指挥吗"
    },
    {
      "id": "battleentry_11104_1",
      "desc": "进入战斗",
      "dlg": "……上吧。"
    },
    {
      "id": "battle_select_11104_1",
      "desc": "战斗中选中人格",
      "dlg": "怎么了，有什么意见？"
    },
    {
      "id": "battle_endcommand_11104_1",
      "desc": "进行攻击",
      "dlg": "我亲自出马。"
    },
    {
      "id": "battle_enemy_break_11104_1",
      "desc": "敌方混乱",
      "dlg": "浑身破绽。"
    },
    {
      "id": "battle_break_11104_1",
      "desc": "自身混乱",
      "dlg": "咕……"
    },
    {
      "id": "battle_kill_11104_1",
      "desc": "击杀敌方",
      "dlg": "倒下一个。"
    },
    {
      "id": "battle_dead_11104_1",
      "desc": "自身阵亡",
      "dlg": "果然……我还是不适合现场工作……"
    },
    {
      "id": "choice_success_p_11104_2",
      "desc": "判定成功",
      "dlg": "和预想的一样。"
    },
    {
      "id": "choice_fail_n_11104_1",
      "desc": "判定失败",
      "dlg": "和我预想的……不太一样。"
    },
    {
      "id": "battle_clear_11104_1",
      "desc": "战斗胜利",
      "dlg": "算是不错的外出散步，该回办公室了。"
    },
    {
      "id": "battle_clear_ex_11104_1",
      "desc": "EX CLEAR战斗胜利",
      "dlg": "比我预想的还要激烈一点……让这些才能被局限在办公桌上真是浪费。"
    },
    {
      "id": "battle_defeat_11104_1",
      "desc": "战斗失败",
      "dlg": "啧……我是不是生锈太久了。"
    }
  ]
}