{
  "dataList": [
    {
      "id": "get_10406_1",
      "desc": "获得时",
      "dlg": "良秀。在・听……嗯？无线电里不能这么沟通？\n讲话时不许省略……？为啥……因为我是新人？哈啊……"
    },
    {
      "id": "lobby_morning_10406_1",
      "desc": "早间问候",
      "dlg": "真羡慕你，没有早间培训。你应该知道不得不每天进行如此无聊的重复作业有多痛苦。"
    },
    {
      "id": "lobby_noon_10406_1",
      "desc": "午间问候",
      "dlg": "吃饭就用各现场配给的适当解决。……不比点一根烟更香。"
    },
    {
      "id": "lobby_night_10406_1",
      "desc": "晚间问候",
      "dlg": "这个公司不每晚对新人进行精神培训就开不下去吗……？哈啊……"
    },
    {
      "id": "smalltalk_10406_1",
      "desc": "对话 1",
      "dlg": "“我们先遣部队负责的首要任务乃替其他人开辟道路。各位以鲜血铺垫下的……”妈的，这玩意朗诵太多次了，现在随口就来。"
    },
    {
      "id": "smalltalk_10406_2",
      "desc": "对话 2",
      "dlg": "下次要参与的作战貌似是U公司的某座港船……嘛，肯定不会让我干什么有用的工作就是了。"
    },
    {
      "id": "smalltalk_10406_3",
      "desc": "对话 3",
      "dlg": "无・聊。我听说三科最难熬才故意加入的……结果是在这种方面难熬吗……"
    },
    {
      "id": "smalltalk_10406_4",
      "desc": "同步后对话 1",
      "dlg": "就这把霰弹枪最好用了。队长那家伙留下这么个东西后就给我玩消失，这就去以牙还牙来回报其恩吧。"
    },
    {
      "id": "smalltalk_10406_5",
      "desc": "同步后对话 2",
      "dlg": "有点眼力见的家伙培训这么会就差不多明白这工作多容易翘辫子了吧。也亏了这，我能好好戏耍一场了。单・杀开始。呼。"
    },
    {
      "id": "neglect_10406_1",
      "desc": "闲置",
      "dlg": "哈……想……抽烟了……"
    },
    {
      "id": "gacksung_10406_1",
      "desc": "进行同步",
      "dlg": "这里是良秀。作战编成人员全员阵亡……什么，连无线也不接了……好，现在开始就是我的舞台了。"
    },
    {
      "id": "formation_10406_1",
      "desc": "人格出战",
      "dlg": "总算要给我一点像样的工作了吗？"
    },
    {
      "id": "battleentry_10406_1",
      "desc": "进入战斗",
      "dlg": "装填一发弹药。"
    },
    {
      "id": "battle_select_10406_1",
      "desc": "战斗中选中人格",
      "dlg": "哦，无线电吗？听得到吗？"
    },
    {
      "id": "battle_endcommand_10406_1",
      "desc": "进行攻击",
      "dlg": "这就把你暴揍一顿再炸烂。"
    },
    {
      "id": "battle_enemy_break_10406_1",
      "desc": "敌方混乱",
      "dlg": "你的架势已经塌了……下一发就轰掉你的腹部吧。"
    },
    {
      "id": "battle_break_10406_1",
      "desc": "自身混乱",
      "dlg": "啧……"
    },
    {
      "id": "battle_kill_10406_1",
      "desc": "击杀敌方",
      "dlg": "目・无。不……目标无效化。"
    },
    {
      "id": "battle_dead_10406_1",
      "desc": "自身阵亡",
      "dlg": "咕……啧，没想到这么快……就要赶上他们了。"
    },
    {
      "id": "choice_success_p_10406_2",
      "desc": "判定成功",
      "dlg": "霰弹枪可是个解决各种问题的专家。呼。"
    },
    {
      "id": "choice_fail_n_10406_1",
      "desc": "判定失败",
      "dlg": "不是我的错。要怪就怪上头净给些破烂装备。"
    },
    {
      "id": "battle_clear_10406_1",
      "desc": "战斗胜利",
      "dlg": "作战结束。返回指定场所。LCCB/事・观/3科。归队人员……一名。"
    },
    {
      "id": "battle_clear_ex_10406_1",
      "desc": "EX CLEAR战斗胜利",
      "dlg": "已获取似为作战目标的变动坐标。即将归队。哼，以后待遇记得好点。"
    },
    {
      "id": "battle_defeat_10406_1",
      "desc": "战斗失败",
      "dlg": "作战失败。都死光了，成果还不上不下。啧，估计那群厉害的LCCA怎么都会处理掉吧。"
    }
  ]
}