{
  "dataList": [
    {
      "id": "get_11006_1",
      "desc": "获得时",
      "dlg": "啊……您终于……找到我了。"
    },
    {
      "id": "lobby_morning_11006_1",
      "desc": "早间问候",
      "dlg": "您有什么愿望吗？为什么不过来……与我一同尝试这个呢？"
    },
    {
      "id": "lobby_noon_11006_1",
      "desc": "午间问候",
      "dlg": "从斜射进来的日光来看……现在是中午。已经到这个时间了。"
    },
    {
      "id": "lobby_night_11006_1",
      "desc": "晚间问候",
      "dlg": "我需要多点一些蜡烛。太暗的话……对您的眼睛不好。"
    },
    {
      "id": "smalltalk_11006_1",
      "desc": "对话 1",
      "dlg": "真的过了很久……自从我待在这里起，到底过了多久呢？"
    },
    {
      "id": "smalltalk_11006_2",
      "desc": "对话 2",
      "dlg": "符咒……绝不能少。但即使如此……我身上贴太多符咒……也不行。"
    },
    {
      "id": "smalltalk_11006_3",
      "desc": "对话 3",
      "dlg": "这枚符咒……可以阻碍别人的动作。贴得越多……诅咒越会慢慢积累。"
    },
    {
      "id": "smalltalk_11006_4",
      "desc": "同步后对话 1",
      "dlg": "啊……您要与我一同使用它们吗……十分感谢。\n……啊！就算是开、开玩笑也不能往我身上贴！"
    },
    {
      "id": "smalltalk_11006_5",
      "desc": "同步后对话 2",
      "dlg": "附在我身上的这些东西……没法由我自己取下。\n因为就是……这种诅咒。"
    },
    {
      "id": "neglect_11006_1",
      "desc": "闲置",
      "dlg": "如果您有空闲，可以看着火焰休息一下。这能让您心情平静。"
    },
    {
      "id": "gacksung_11006_1",
      "desc": "进行同步",
      "dlg": "如果是为了解放……即使是诅咒我也能接受。"
    },
    {
      "id": "formation_11006_1",
      "desc": "人格出战",
      "dlg": "您似乎有想诅咒的对象。"
    },
    {
      "id": "battleentry_11006_1",
      "desc": "进入战斗",
      "dlg": "我会跟上。"
    },
    {
      "id": "battle_select_11006_1",
      "desc": "战斗中选中人格",
      "dlg": "保持……专注。"
    },
    {
      "id": "battle_endcommand_11006_1",
      "desc": "进行攻击",
      "dlg": "就这样，停下。"
    },
    {
      "id": "battle_enemy_break_11006_1",
      "desc": "敌方混乱",
      "dlg": "他们变迟钝了。"
    },
    {
      "id": "battle_break_11006_1",
      "desc": "自身混乱",
      "dlg": "唔……"
    },
    {
      "id": "battle_kill_11006_1",
      "desc": "击杀敌方",
      "dlg": "他们在诅咒中沉沦。"
    },
    {
      "id": "battle_dead_11006_1",
      "desc": "自身阵亡",
      "dlg": "啊啊……它终于……停下了。"
    },
    {
      "id": "choice_success_p_11006_2",
      "desc": "判定成功",
      "dlg": "如愿以偿的顺利。"
    },
    {
      "id": "choice_fail_n_11006_1",
      "desc": "判定失败",
      "dlg": "这也是诅咒……"
    },
    {
      "id": "battle_clear_11006_1",
      "desc": "战斗胜利",
      "dlg": "我们做到了。呼……这样就能离解放更进一步。"
    },
    {
      "id": "battle_clear_ex_11006_1",
      "desc": "EX CLEAR战斗胜利",
      "dlg": "他们全都停下了……这样一来，我们就能实现技术解放了。"
    },
    {
      "id": "battle_defeat_11006_1",
      "desc": "战斗失败",
      "dlg": "果然……被诅咒的东西，连诅咒他人的能力都没有……"
    }
  ]
}