{
  "dataList": [
    {
      "id": "get_10707_1",
      "desc": "获得时",
      "dlg": "绳子。一定紧紧抓住……如果不想沉下去。"
    },
    {
      "id": "lobby_morning_10707_1",
      "desc": "早间问候",
      "dlg": "太阳升起。开始做该做的事。认真、工作。"
    },
    {
      "id": "lobby_noon_10707_1",
      "desc": "午间问候",
      "dlg": "人鱼鳍，的肉干。很好吃。你们。非常，讨厌吗？"
    },
    {
      "id": "lobby_night_10707_1",
      "desc": "晚间问候",
      "dlg": "夜晚，很棒。因为夜晚之前，先是落日。之后，夜幕覆盖住。不管是我的身体，还是纹身。"
    },
    {
      "id": "smalltalk_10707_1",
      "desc": "对话 1",
      "dlg": "这是……耻辱。直接刻进了，我的皮肤里。想要消去，但做不到。"
    },
    {
      "id": "smalltalk_10707_2",
      "desc": "对话 2",
      "dlg": "藏着。在我的话里，也有烙印。中指的。所以划烂了。喉舌与大脑，由我亲自。"
    },
    {
      "id": "smalltalk_10707_3",
      "desc": "对话 3",
      "dlg": "这种结。在中指用过。经常。绝望结。大部分时候，很难解开。"
    },
    {
      "id": "smalltalk_10707_4",
      "desc": "同步后对话 1",
      "dlg": "鱼叉手，杀鲸鱼。杀了那头鲸鱼，就能结束。这场航海。"
    },
    {
      "id": "smalltalk_10707_5",
      "desc": "同步后对话 2",
      "dlg": "船长命令，不会违背。从来不会。但是，好像不对。和我的方向。不一样。想知道，以后。我前进的方向。"
    },
    {
      "id": "neglect_10707_1",
      "desc": "闲置",
      "dlg": "（打磨鱼叉和系绳结的声音）"
    },
    {
      "id": "gacksung_10707_1",
      "desc": "进行同步",
      "dlg": "时机，到了。该杀了，这头鲸鱼。摧毁，它的心脏。那时，出去。"
    },
    {
      "id": "formation_10707_1",
      "desc": "人格出战",
      "dlg": "绳子，牢牢绑紧。"
    },
    {
      "id": "battleentry_10707_1",
      "desc": "进入战斗",
      "dlg": "走吧，去厮杀。"
    },
    {
      "id": "battle_select_10707_1",
      "desc": "战斗中选中人格",
      "dlg": "还要系上吗？绝望结。"
    },
    {
      "id": "battle_endcommand_10707_1",
      "desc": "进行攻击",
      "dlg": "深深刺入。"
    },
    {
      "id": "battle_enemy_break_10707_1",
      "desc": "敌方混乱",
      "dlg": "那家伙，变慢了。很容易，击垮。"
    },
    {
      "id": "battle_break_10707_1",
      "desc": "自身混乱",
      "dlg": "唔……"
    },
    {
      "id": "battle_kill_10707_1",
      "desc": "击杀敌方",
      "dlg": "接近了，航行的终点。"
    },
    {
      "id": "battle_dead_10707_1",
      "desc": "自身阵亡",
      "dlg": "想看，落日……碧波万顷的……天空。"
    },
    {
      "id": "choice_success_p_10707_2",
      "desc": "判定成功",
      "dlg": "做到了，解决。"
    },
    {
      "id": "choice_fail_n_10707_1",
      "desc": "判定失败",
      "dlg": "这种，做不到。其他人，比较熟练。更好。"
    },
    {
      "id": "battle_clear_10707_1",
      "desc": "战斗胜利",
      "dlg": "呼吸。断了。全都。现在，回船上吧。"
    },
    {
      "id": "battle_clear_ex_10707_1",
      "desc": "EX CLEAR战斗胜利",
      "dlg": "听不到，心跳声。所有鲸的。心跳声。都停下之后。会有吗？我的，归处。"
    },
    {
      "id": "battle_defeat_10707_1",
      "desc": "战斗失败",
      "dlg": "棺材，得做出来……送我一程。放进棺材。至少把我的身体。送去凯茜身边。总有一天……"
    }
  ]
}