{
  "dataList": [
    {
      "id": "get_10801_1",
      "desc": "获得时",
      "dlg": "叫我以实玛利吧。"
    },
    {
      "id": "lobby_morning_10801_1",
      "desc": "早间问候",
      "dlg": "是啊，新的一天开始了。扬帆起航吧。"
    },
    {
      "id": "lobby_noon_10801_1",
      "desc": "午间问候",
      "dlg": "今天已经过半了。您有在好好利用时间吗？"
    },
    {
      "id": "lobby_night_10801_1",
      "desc": "晚间问候",
      "dlg": "今天就这样结束吧。让我们完成余下的工作后好好休息一会。"
    },
    {
      "id": "smalltalk_10801_1",
      "desc": "对话 1",
      "dlg": "我还是很庆幸有您在我们这边。多一个思想正常的人总归是件好事。"
    },
    {
      "id": "smalltalk_10801_2",
      "desc": "对话 2",
      "dlg": "我可以轻松完成大部分的命令。但前提是要有合理且高效的判断。"
    },
    {
      "id": "smalltalk_10801_3",
      "desc": "对话 3",
      "dlg": "恰当地利用水平千差万别的罪人们，也是您的职责。"
    },
    {
      "id": "smalltalk_10801_4",
      "desc": "对话 4",
      "dlg": "先讲清楚，我跟您说过的那些话只是为了确保任务成功而已。并不是说对您有什么不满。"
    },
    {
      "id": "smalltalk_10801_5",
      "desc": "对话 5",
      "dlg": "在我曾经所处的地方，是一个任何微小失误都会危及所有人性命的空间。我之所以偶尔会变得如此敏感，都是因为那些过往的经验所致。啊……我并不是在请求您的理解。"
    },
    {
      "id": "neglect_10801_1",
      "desc": "闲置",
      "dlg": "经理？唉……那我也走了。"
    },
    {
      "id": "formation_10801_1",
      "desc": "人格出战",
      "dlg": "好的，没问题。"
    },
    {
      "id": "battleentry_10801_1",
      "desc": "进入战斗",
      "dlg": "我会听从您的命令。只要命令合理有效。"
    },
    {
      "id": "battle_select_10801_1",
      "desc": "战斗中选中人格",
      "dlg": "我现在很忙，所以请长话短说。"
    },
    {
      "id": "battle_endcommand_10801_1",
      "desc": "进行攻击",
      "dlg": "计划可行，我们上。"
    },
    {
      "id": "battle_enemy_break_10801_1",
      "desc": "敌方混乱",
      "dlg": "敌舰已经搁浅。"
    },
    {
      "id": "battle_break_10801_1",
      "desc": "自身混乱",
      "dlg": "呃……！"
    },
    {
      "id": "battle_kill_10801_1",
      "desc": "击杀敌方",
      "dlg": "沉没吧。"
    },
    {
      "id": "battle_allydead_10801_1",
      "desc": "友方阵亡",
      "dlg": "您该受苦了，经理。"
    },
    {
      "id": "choice_success_p_10801_1",
      "desc": "判定成功",
      "dlg": "尽管如此……我还是设法做到了。"
    },
    {
      "id": "choice_fail_n_10801_1",
      "desc": "判定失败",
      "dlg": "所以说您应该派别人来的。请不要怪我。"
    },
    {
      "id": "battle_clear_10801_1",
      "desc": "战斗胜利",
      "dlg": "我一般不对这种事情大惊小怪。"
    },
    {
      "id": "battle_clear_ex_10801_1",
      "desc": "EX CLEAR战斗胜利",
      "dlg": "呃……老实说，我们这次做的还算不错。对吧？"
    },
    {
      "id": "battle_defeat_10801_1",
      "desc": "战斗失败",
      "dlg": "……刚才那个无视我的话直接冲上去的是谁？"
    }
  ]
}