{
  "dataList": [
    {
      "id": "get_10501_1",
      "desc": "获得时",
      "dlg": "默尔索。请这样称呼我，经理。"
    },
    {
      "id": "lobby_morning_10501_1",
      "desc": "早间问候",
      "dlg": "社规里明确表示员工应在规定时间起床。看来包括您在内的大多数罪人并不知道此事。"
    },
    {
      "id": "lobby_noon_10501_1",
      "desc": "午间问候",
      "dlg": "如果您问我如何度过午后时光……没有规定表明该做什么。"
    },
    {
      "id": "lobby_night_10501_1",
      "desc": "晚间问候",
      "dlg": "如果一定要我比较，我在一天中喜欢白天胜过黑夜。黑暗遮掩视野，难视之物难解。"
    },
    {
      "id": "smalltalk_10501_1",
      "desc": "对话 1",
      "dlg": "有什么需要我做的吗，经理？如有特殊原因，请指明。"
    },
    {
      "id": "smalltalk_10501_2",
      "desc": "对话 2",
      "dlg": "人们建议我平日里多笑笑。您也如此希望吗，经理？"
    },
    {
      "id": "smalltalk_10501_3",
      "desc": "对话 3",
      "dlg": "……您频繁向我搭话。是执行经理的规定指示您如此的吗？"
    },
    {
      "id": "neglect_10501_1",
      "desc": "闲置",
      "dlg": "我将在这里等您回来。"
    },
    {
      "id": "formation_10501_1",
      "desc": "人格出战",
      "dlg": "好，如果您希望如此。"
    },
    {
      "id": "battleentry_10501_1",
      "desc": "进入战斗",
      "dlg": "若规定如此。我将遵从。"
    },
    {
      "id": "battle_select_10501_1",
      "desc": "战斗中选中人格",
      "dlg": "有问题吗，经理？"
    },
    {
      "id": "battle_endcommand_10501_1",
      "desc": "进行攻击",
      "dlg": "我会根据规定执行命令。"
    },
    {
      "id": "battle_enemy_break_10501_1",
      "desc": "敌方混乱",
      "dlg": "等待您的下一步指令。"
    },
    {
      "id": "battle_break_10501_1",
      "desc": "自身混乱",
      "dlg": "呃！"
    },
    {
      "id": "battle_kill_10501_1",
      "desc": "击杀敌方",
      "dlg": "指令已完成。"
    },
    {
      "id": "battle_allydead_10501_1",
      "desc": "友方阵亡",
      "dlg": "将按规定拜托于您。"
    },
    {
      "id": "choice_success_p_10501_2",
      "desc": "判定成功",
      "dlg": "做到了。"
    },
    {
      "id": "choice_fail_n_10501_1",
      "desc": "判定失败",
      "dlg": "失败了。"
    },
    {
      "id": "battle_clear_10501_1",
      "desc": "战斗胜利",
      "dlg": "我只是按命令行事。"
    },
    {
      "id": "battle_clear_ex_10501_1",
      "desc": "EX CLEAR战斗胜利",
      "dlg": "本应如此，不必褒扬。"
    },
    {
      "id": "battle_defeat_10501_1",
      "desc": "战斗失败",
      "dlg": "请求您重新修订策略。"
    }
  ]
}