{
  "dataList": [
    {
      "id": "get_11007_1",
      "desc": "获得时",
      "dlg": "嗯……您就是来这里修船的客人吗？请多多关照。"
    },
    {
      "id": "lobby_morning_11007_1",
      "desc": "早间问候",
      "dlg": "我们还没开业……啊，我给您找把椅子吧，这样您就可以坐下来休息了。"
    },
    {
      "id": "lobby_noon_11007_1",
      "desc": "午间问候",
      "dlg": "嗯……午饭时我想吃点别的东西……我们把那些腥味很重的废料蟹清蒸过、炖煮过、烧烤过、煲汤过……各种烹调方法都试过了，但不管是煮还是烤都好难吃！"
    },
    {
      "id": "lobby_night_11007_1",
      "desc": "晚间问候",
      "dlg": "啊！您被焊条喷溅出的火花弄晃眼了吗？真是对不起……就算店打烊了我们也得在空余时间工作。"
    },
    {
      "id": "smalltalk_11007_1",
      "desc": "对话 1",
      "dlg": "当我最初在这里醒来时真的什么都搞不清楚……只是这么四处徘徊还差点饿死。"
    },
    {
      "id": "smalltalk_11007_2",
      "desc": "对话 2",
      "dlg": "虽然我还不太熟悉机械装置的使用……但为了回到以前住的地方也得努力练习呢。\n说不定，这些经验也许会在我回去后派上用场。"
    },
    {
      "id": "smalltalk_11007_3",
      "desc": "对话 3",
      "dlg": "虽然现在每天都在使用，但我第一次看到U公司的奇点时就觉得非常不可思议……如果用其组合的话，这些零部件就仿佛从开始起就是一个整体。"
    },
    {
      "id": "smalltalk_11007_4",
      "desc": "同步后对话 1",
      "dlg": "这把武器，也是我用从这里学到的焊接技术和机械知识改造和修理的。虽然看上去有些粗糙……但是也还不错吧？"
    },
    {
      "id": "smalltalk_11007_5",
      "desc": "同步后对话 2",
      "dlg": "多亏了身边其他修船厂的人给予的帮助，我们才能走到这一步。\n……虽然他们都已经不在了。"
    },
    {
      "id": "neglect_11007_1",
      "desc": "闲置",
      "dlg": "嗯……我应该趁这个间隙读一读有关维修的书。"
    },
    {
      "id": "gacksung_11007_1",
      "desc": "进行同步",
      "dlg": "升级改造后有效改善了功率输出……但抓到的还尽是些螃蟹壳，感觉似乎没什么用。"
    },
    {
      "id": "formation_11007_1",
      "desc": "人格出战",
      "dlg": "装置引擎已发动。"
    },
    {
      "id": "battleentry_11007_1",
      "desc": "进入战斗",
      "dlg": "诶诶诶？功率输出怎么会成这样……？"
    },
    {
      "id": "battle_select_11007_1",
      "desc": "战斗中选中人格",
      "dlg": "是来询问维修相关事宜的吗？"
    },
    {
      "id": "battle_endcommand_11007_1",
      "desc": "进行攻击",
      "dlg": "稳定输出中……完成！"
    },
    {
      "id": "battle_enemy_break_11007_1",
      "desc": "敌方混乱",
      "dlg": "性能良好……！"
    },
    {
      "id": "battle_break_11007_1",
      "desc": "自身混乱",
      "dlg": "唔……"
    },
    {
      "id": "battle_kill_11007_1",
      "desc": "击杀敌方",
      "dlg": "呼，处理完毕。"
    },
    {
      "id": "battle_dead_11007_1",
      "desc": "自身阵亡",
      "dlg": "啊……大家……还在等着……我。"
    },
    {
      "id": "choice_success_p_11007_2",
      "desc": "判定成功",
      "dlg": "这就是正确答案！"
    },
    {
      "id": "choice_fail_n_11007_1",
      "desc": "判定失败",
      "dlg": "啊……不是这样啊。"
    },
    {
      "id": "battle_clear_11007_1",
      "desc": "战斗胜利",
      "dlg": "我差不多该回去把没做完的工作处理掉了。"
    },
    {
      "id": "battle_clear_ex_11007_1",
      "desc": "EX CLEAR战斗胜利",
      "dlg": "清理干净了吧？连我都感到自豪呢。啊，但是武器……为、为什么成这样了？"
    },
    {
      "id": "battle_defeat_11007_1",
      "desc": "战斗失败",
      "dlg": "不……我没想到会变成这样……是哪里少了什么吗……"
    }
  ]
}