{
  "dataList": [
    {
      "id": "get_10309_1",
      "desc": "获得时",
      "dlg": "啊~失礼了。吾乃T公司3级员工，被委派前来进行时间征收工作。对吾来访的原因，想必诸位心中已有定论了吧？"
    },
    {
      "id": "lobby_morning_10309_1",
      "desc": "早间问候",
      "dlg": "早安。啊，说不定对汝而言已是午饭时间。不能悠闲地享受清晨多少有些悲伤……吾能理解。"
    },
    {
      "id": "lobby_noon_10309_1",
      "desc": "午间问候",
      "dlg": "T公司主要员工福利之中最好的，正是能在午餐时间使用基于TT4协议的睡眠胶囊！\n呼呼……虽然只过了T公司标准时间的30分钟，却能让吾享受6小时的优质睡眠。"
    },
    {
      "id": "lobby_night_10309_1",
      "desc": "晚间问候",
      "dlg": "唔……夜幕将至。于下班前望着这种灰暗的夕阳慢吞吞地落下去也挺有韵味吧？虽说一下班就瞬间变得漆黑一片有些令人悲伤……"
    },
    {
      "id": "smalltalk_10309_1",
      "desc": "对话 1",
      "dlg": "时间滞纳者之多出乎吾的意料。以不被许可的方式获取并使用时间而被揭发的事例也非常多。\n当然，由吾等时间征收人员出马，就连利息也能全数收回，不必为此忧心！"
    },
    {
      "id": "smalltalk_10309_2",
      "desc": "对话 2",
      "dlg": "此表乃是只要进入T公司就会发放的！亦可代替身份证明来使用。\n但最重要的作用乃是！只要转动其后的小小发条……！就能为吾提供完成工作所必须的时间！"
    },
    {
      "id": "smalltalk_10309_3",
      "desc": "对话 3",
      "dlg": "在巢中乃至成为翼的员工，此乃光荣而幸福之事！身为翼之羽毛，能助力都市时间之正确流动，怎不算是至上的荣誉！"
    },
    {
      "id": "smalltalk_10309_4",
      "desc": "同步后对话 1",
      "dlg": "时间之形态一如黏稠的流体。每当进行时间征收时，被吸取的时间尤其给吾这种感觉。"
    },
    {
      "id": "smalltalk_10309_5",
      "desc": "同步后对话 2",
      "dlg": "啊……问吾身着的发条机械吗？此乃执行现场任务时所身着的外骨骼。若想成功回收时间，不应先保证征收人员之安全吗？"
    },
    {
      "id": "neglect_10309_1",
      "desc": "闲置",
      "dlg": "啊~不必担心！就算放着吾不管，对于吾这样的员工来说也不是多长的时间。去做汝自己的事情吧！"
    },
    {
      "id": "gacksung_10309_1",
      "desc": "进行同步",
      "dlg": "执行时间征收。汝的时间也可能被抽取，保持距离。"
    },
    {
      "id": "formation_10309_1",
      "desc": "人格出战",
      "dlg": "有时间滞纳者对吧！时钟准备完毕，征收镐准备完毕！"
    },
    {
      "id": "battleentry_10309_1",
      "desc": "进入战斗",
      "dlg": "征收开始。"
    },
    {
      "id": "battle_select_10309_1",
      "desc": "战斗中选中人格",
      "dlg": "汝大可慢慢说来！吾的时间还多着……也不对，不过姑且还算充足。"
    },
    {
      "id": "battle_endcommand_10309_1",
      "desc": "进行攻击",
      "dlg": "吾会尝试！"
    },
    {
      "id": "battle_enemy_break_10309_1",
      "desc": "敌方混乱",
      "dlg": "还有要征收之条目，汝可别死！"
    },
    {
      "id": "battle_break_10309_1",
      "desc": "自身混乱",
      "dlg": "呜……"
    },
    {
      "id": "battle_kill_10309_1",
      "desc": "击杀敌方",
      "dlg": "怎么会……目标死亡。征收无法执行。"
    },
    {
      "id": "battle_dead_10309_1",
      "desc": "自身阵亡",
      "dlg": "明明还有许多时间亟待回收……"
    },
    {
      "id": "choice_success_p_10309_2",
      "desc": "判定成功",
      "dlg": "本次工作吾也轻松完成！"
    },
    {
      "id": "choice_fail_n_10309_1",
      "desc": "判定失败",
      "dlg": "呜呜，此非对吾之时间最明智的利用方式……"
    },
    {
      "id": "battle_clear_10309_1",
      "desc": "战斗胜利",
      "dlg": "无非是平凡的征收手续而已！时间已分毫不差地全部回收完毕，该回去了。"
    },
    {
      "id": "battle_clear_ex_10309_1",
      "desc": "EX CLEAR战斗胜利",
      "dlg": "不妙，征收之时间已然多于应收之数目……但鉴于滞纳者已一命呜呼，吾认为将所剩之时间收回T公司时间金库才为妙！"
    },
    {
      "id": "battle_defeat_10309_1",
      "desc": "战斗失败",
      "dlg": "时间回收率低于标准值……？吾对时间的使用出现错漏，才会落到如此失败境地……"
    }
  ]
}