{
  "dataList": [
    {
      "id": "get_11208_1",
      "desc": "获得时",
      "dlg": "啊，这个。真好喝啊~再来一瓶，拜托了……嘿嘿。"
    },
    {
      "id": "lobby_morning_11208_1",
      "desc": "早间问候",
      "dlg": "宿醉？没有那种事~只要我整天都在喝酒，就会一直感觉飘在云端吧？嗯？"
    },
    {
      "id": "lobby_noon_11208_1",
      "desc": "午间问候",
      "dlg": "今天不当班吧~你啊，白天也喝一杯吧！来，过来坐吧。这里！要一双筷子和一个酒杯！"
    },
    {
      "id": "lobby_night_11208_1",
      "desc": "晚间问候",
      "dlg": "嗯~一到晚上就吵吵嚷嚷起来了。啊！外面没出什么事吧？对吧？那么~就来这里坐吧~我的酒，你很久没喝了吧？"
    },
    {
      "id": "smalltalk_11208_1",
      "desc": "对话 1",
      "dlg": "帮派生活也没什么特别的~就是去做被吩咐去做的事，然后斩杀被吩咐去杀的人！这样下去你就会有手下人啦~就是这样啊！"
    },
    {
      "id": "smalltalk_11208_2",
      "desc": "对话 2",
      "dlg": "啊……他们是叫剑气还是剑契组来着？今晚要突袭他们？呼……那一天已经到来了吗？"
    },
    {
      "id": "smalltalk_11208_3",
      "desc": "对话 3",
      "dlg": "来！壮行酒、壮行酒！这个时候啊！得先过来干一杯，加深咱们的友情再上路！为什么你们这么严肃啊~诶？"
    },
    {
      "id": "smalltalk_11208_4",
      "desc": "同步后对话 1",
      "dlg": "懂了。他们就是从S公司来的流民啊。\n大家都准备好了吗？是时候挑明这里是谁的地盘了。突击！"
    },
    {
      "id": "smalltalk_11208_5",
      "desc": "同步后对话 2",
      "dlg": "你不会还没醒酒吧？我不是说过，该喝酒的时候就喝酒，该清醒的时候就清醒吗？\n哈啊……我就不多说了，去点两人份的酒吧。那我就原谅你。走吧！"
    },
    {
      "id": "neglect_11208_1",
      "desc": "闲置",
      "dlg": "嗯~哎哟，已经开始醒酒了吗。嗯，我先开始喝咯？"
    },
    {
      "id": "gacksung_11208_1",
      "desc": "进行同步",
      "dlg": "呼……我脑袋比平时清醒多了。香烟的味道也很不错。这正是我……大闹一通的最佳状态啊。"
    },
    {
      "id": "formation_11208_1",
      "desc": "人格出战",
      "dlg": "诶？现在不走不行吗？"
    },
    {
      "id": "battleentry_11208_1",
      "desc": "进入战斗",
      "dlg": "嗝，哈！来吧，醒酒结束了！"
    },
    {
      "id": "battle_select_11208_1",
      "desc": "战斗中选中人格",
      "dlg": "都说了战斗时不要找我说话！……所以这是？"
    },
    {
      "id": "battle_endcommand_11208_1",
      "desc": "进行攻击",
      "dlg": "一刀！"
    },
    {
      "id": "battle_enemy_break_11208_1",
      "desc": "敌方混乱",
      "dlg": "为什么你会这么歪歪倒倒的呢？"
    },
    {
      "id": "battle_break_11208_1",
      "desc": "自身混乱",
      "dlg": "呃……"
    },
    {
      "id": "battle_kill_11208_1",
      "desc": "击杀敌方",
      "dlg": "唉，这也太无聊了。"
    },
    {
      "id": "battle_dead_11208_1",
      "desc": "自身阵亡",
      "dlg": "怎么这个时候……偏偏……想起来的是……我之前喝的酒啊……"
    },
    {
      "id": "choice_success_p_11208_2",
      "desc": "判定成功",
      "dlg": "哦！起作用了！没有奖品吗？"
    },
    {
      "id": "choice_fail_n_11208_1",
      "desc": "判定失败",
      "dlg": "哈，手指从刚刚开始就在颤抖……抱歉啊~"
    },
    {
      "id": "battle_clear_11208_1",
      "desc": "战斗胜利",
      "dlg": "哎呀，至少保住了面子吧……喂，你们啊。就这点实力吗？"
    },
    {
      "id": "battle_clear_ex_11208_1",
      "desc": "EX CLEAR战斗胜利",
      "dlg": "嗯，结果真是太令人满意了！好，今晚聚餐！我现在就去拿会长的卡啦？你们谁也别溜啊！"
    },
    {
      "id": "battle_defeat_11208_1",
      "desc": "战斗失败",
      "dlg": "……我们组。今晚没饭吃。全员回办公室待命。今天我会给你们好好上一课的……！"
    }
  ]
}