{
  "dataList": [
    {
      "id": "get_11203_1",
      "desc": "获得时",
      "dlg": "我是接到入队命令的格里高尔。很荣幸能够和各位并肩作战。"
    },
    {
      "id": "lobby_morning_11203_1",
      "desc": "早间问候",
      "dlg": "长官！早间点名时没有任何异常！"
    },
    {
      "id": "lobby_noon_11203_1",
      "desc": "午间问候",
      "dlg": "长官，现在是午饭时间！下午的工作我也会努力做到最好！"
    },
    {
      "id": "lobby_night_11203_1",
      "desc": "晚间问候",
      "dlg": "没有可报告的异常状况，长官！"
    },
    {
      "id": "smalltalk_11203_1",
      "desc": "对话 1",
      "dlg": "经理！虽然我仍在适应中，但因为有大家照应所以没有问题。只是罗佳阁下偶尔会说我让人不舒服……哈哈，没有问题。"
    },
    {
      "id": "smalltalk_11203_2",
      "desc": "对话 2",
      "dlg": "我会毫不犹豫地战斗。从得到接受身体改造的机会时起，我就下定决心了。"
    },
    {
      "id": "smalltalk_11203_3",
      "desc": "对话 3",
      "dlg": "啊，您问这只手臂吗？我对此深感自豪。比起只能无力的旁观战争……能够身处战场中心是多么幸运啊。"
    },
    {
      "id": "smalltalk_11203_4",
      "desc": "同步后对话 1",
      "dlg": "我并不为自己接受了人体改造这件事而后悔……只是……我应该一辈子都无法回归普通人的生活了吧。"
    },
    {
      "id": "smalltalk_11203_5",
      "desc": "同步后对话 2",
      "dlg": "最近我……正在尽量让自己不去思考。只有这样做我才能坚持下去。"
    },
    {
      "id": "neglect_11203_1",
      "desc": "闲置",
      "dlg": "经理长官？貌似暂时离席了的样子。那我在此待机。"
    },
    {
      "id": "gacksung_11203_1",
      "desc": "进行同步",
      "dlg": "敬礼！我之后也会竭尽全力辅佐您，经理长官！"
    },
    {
      "id": "formation_11203_1",
      "desc": "人格出战",
      "dlg": "这是我的荣幸！"
    },
    {
      "id": "battleentry_11203_1",
      "desc": "进入战斗",
      "dlg": "我会竭尽全力！"
    },
    {
      "id": "battle_select_11203_1",
      "desc": "战斗中选中人格",
      "dlg": "科长代理格里高尔！"
    },
    {
      "id": "battle_endcommand_11203_1",
      "desc": "进行攻击",
      "dlg": "遵命！"
    },
    {
      "id": "battle_enemy_break_11203_1",
      "desc": "敌方混乱",
      "dlg": "利落的一击！"
    },
    {
      "id": "battle_break_11203_1",
      "desc": "自身混乱",
      "dlg": "唔……"
    },
    {
      "id": "battle_kill_11203_1",
      "desc": "击杀敌方",
      "dlg": "干掉一个！"
    },
    {
      "id": "battle_allydead_11203_1",
      "desc": "友方阵亡",
      "dlg": "我会更加努力来弥补……"
    },
    {
      "id": "choice_success_p_11203_1",
      "desc": "判定成功",
      "dlg": "经理长官！真是精明的战术！"
    },
    {
      "id": "choice_fail_n_11203_1",
      "desc": "判定失败",
      "dlg": "明明您很信任我……我却失败了。"
    },
    {
      "id": "battle_clear_11203_1",
      "desc": "战斗胜利",
      "dlg": "多亏了经理长官优秀的战术。"
    },
    {
      "id": "battle_clear_ex_11203_1",
      "desc": "EX CLEAR战斗胜利",
      "dlg": "多亏了经理长官，我们才能取得胜利。"
    },
    {
      "id": "battle_defeat_11203_1",
      "desc": "战斗失败",
      "dlg": "所谓战斗……就是这样吧。我还远远不够格。"
    }
  ]
}