{
  "dataList": [
    {
      "id": "get_10909_1",
      "desc": "获得时",
      "dlg": "呼……竟然要浪费时间吃这种颜色看着就倒胃口的肉……要是我从小到大都不知道颜色就好了。"
    },
    {
      "id": "lobby_morning_10909_1",
      "desc": "早间问候",
      "dlg": "虽然只是相同的一天的开始……但仍然是个美好的早晨。\n要是能和昨日有所不同就好了。"
    },
    {
      "id": "lobby_noon_10909_1",
      "desc": "午间问候",
      "dlg": "居然还是中午。哈啊，时间真是停滞不前。\n我本以为自己迟早会活在更特别一点的时间里……但现在依然很无聊，看来离那时候还需要一些时间。"
    },
    {
      "id": "lobby_night_10909_1",
      "desc": "晚间问候",
      "dlg": "在T公司呆了一段时间后，我就喜欢上了夜晚。知道为什么吗？\n呼，光线消失后……这深褐色的世界也变得能看下去了一点。"
    },
    {
      "id": "smalltalk_10909_1",
      "desc": "对话 1",
      "dlg": "能尽量在有颜色的地方呼叫我吗，但丁。\n虽然透过玻璃窗看到的景色有些朦胧、模糊不清……但心情还是会变好一些。"
    },
    {
      "id": "smalltalk_10909_2",
      "desc": "对话 2",
      "dlg": "T公司这里的上下关系也很森严呢。听我发一下牢骚都不行，真是小心眼……\n不过最近和我一起工作的上司还挺通融的，真不错。要是今后的上司也都是这样就好了。"
    },
    {
      "id": "smalltalk_10909_3",
      "desc": "对话 3",
      "dlg": "我虽然也征收时间，但如果对方是违反了许多规则的高额滞纳者或者是不得了的大人物的话，则由高等级员工来负责；如果他们触犯了禁忌，则由禁忌猎人来处理。\n所以我平时都在检查可疑人员……偶尔也会取缔未登记的发明……事实上就像是打杂的一样。"
    },
    {
      "id": "smalltalk_10909_4",
      "desc": "同步后对话 1",
      "dlg": "每个月T公司都会往征收人员专用的标配型钟表中充入时间。我们可以在镇压滞纳者等工作时取出里面的时间来使用。\n嗯？当然是不够的啦~据说高等级员工那边给的时间会比较多……我现在还是得用自己的时间来工作，唉。"
    },
    {
      "id": "smalltalk_10909_5",
      "desc": "同步后对话 2",
      "dlg": "嘛，也别那么看我啦。我不过是在应缴的时间税上多征收了仅仅三小时罢了。\n我都这么努力地工作了……也不能带走自己的那份时间嘛？不这么做的话，我们自己的时间就不够了。"
    },
    {
      "id": "neglect_10909_1",
      "desc": "闲置",
      "dlg": "别让我等太久。因为你的时间和我的时间价值可是不一样的……"
    },
    {
      "id": "gacksung_10909_1",
      "desc": "进行同步",
      "dlg": "再抵抗也没有用。因为能拉取时间的我永远比你们要快。"
    },
    {
      "id": "formation_10909_1",
      "desc": "人格出战",
      "dlg": "今天我又要夺走多少时间呢。"
    },
    {
      "id": "battleentry_10909_1",
      "desc": "进入战斗",
      "dlg": "现在开始工作。"
    },
    {
      "id": "battle_select_10909_1",
      "desc": "战斗中选中人格",
      "dlg": "能说快点吗？你在字面意思上浪费时间。"
    },
    {
      "id": "battle_endcommand_10909_1",
      "desc": "进行攻击",
      "dlg": "那大概花不了多少时间。"
    },
    {
      "id": "battle_enemy_break_10909_1",
      "desc": "敌方混乱",
      "dlg": "如果支付的能力和意愿你都没有的话……"
    },
    {
      "id": "battle_break_10909_1",
      "desc": "自身混乱",
      "dlg": "呜……"
    },
    {
      "id": "battle_kill_10909_1",
      "desc": "击杀敌方",
      "dlg": "……我就只能一点不剩地拿走你剩下的时间。"
    },
    {
      "id": "battle_dead_10909_1",
      "desc": "自身阵亡",
      "dlg": "哈哈……就像这样结束吗……"
    },
    {
      "id": "choice_success_p_10909_2",
      "desc": "判定成功",
      "dlg": "呼，只要时间充足，就这么简单。"
    },
    {
      "id": "choice_fail_n_10909_1",
      "desc": "判定失败",
      "dlg": "……时间不足，没办法。"
    },
    {
      "id": "battle_clear_10909_1",
      "desc": "战斗胜利",
      "dlg": "好。虽然消耗的时间比预想的要多，但总得有人去做的。"
    },
    {
      "id": "battle_clear_ex_10909_1",
      "desc": "EX CLEAR战斗胜利",
      "dlg": "喔……不知道有多久没有取得这样的成果了。我终于可以受到些关注了。"
    },
    {
      "id": "battle_defeat_10909_1",
      "desc": "战斗失败",
      "dlg": "虽然这次的任务失败了，但也别太气馁。再……花时间，从头开始做就可以了。"
    }
  ]
}