{
  "dataList": [
    {
      "id": "get_10708_1",
      "desc": "获得时",
      "dlg": "那么，从现在开始进行双方公证下的合同审查环节。彼此都别干多余的事，明白吗。"
    },
    {
      "id": "lobby_morning_10708_1",
      "desc": "早间问候",
      "dlg": "别从早上就开始念叨我啊……今天光是要公证的合同就有五个。早上就让我休息一下吧。"
    },
    {
      "id": "lobby_noon_10708_1",
      "desc": "午间问候",
      "dlg": "接下来要审查的部分是……虽然很不好意思，但是本调解人难以容忍在合同签约中的就餐行为。午饭一会儿再吃吧。"
    },
    {
      "id": "lobby_night_10708_1",
      "desc": "晚间问候",
      "dlg": "那边的，醒醒。我们还没确认完最重要的案子呢。我也想早点下班回家睡觉，所以快来帮我处理业务……"
    },
    {
      "id": "smalltalk_10708_1",
      "desc": "对话 1",
      "dlg": "Öufi的主要业务包括调解与公证合同。还包括让那些不想履行合同，或是妨碍合同执行的人……乖乖听话，大概吧。"
    },
    {
      "id": "smalltalk_10708_2",
      "desc": "对话 2",
      "dlg": "虽然我不太喜欢这件臃肿又不舒适的衣服……但它象征着合同执行人的权威之类的东西。\n既然不能随便脱掉，我想自己只能习惯了……因为看起来也确实很高级。"
    },
    {
      "id": "smalltalk_10708_3",
      "desc": "对话 3",
      "dlg": "Öufi的武器专精于切断肢体。处决无法履约或者打破规定的人是很重要的。"
    },
    {
      "id": "smalltalk_10708_4",
      "desc": "同步后对话 1",
      "dlg": "啊……算了，果然变成这样了。所以说有什么不满就去书面抗议，呱呱乱叫是要让我判你妨碍合同吗。"
    },
    {
      "id": "smalltalk_10708_5",
      "desc": "同步后对话 2",
      "dlg": "Öufi所负责的合同必须执行到底。无论是什么合同，都不会有例外。\n……即使有人不得不见血。"
    },
    {
      "id": "neglect_10708_1",
      "desc": "闲置",
      "dlg": "……沉默也被视为不诚实地参与合同审查。说点啥吧。"
    },
    {
      "id": "gacksung_10708_1",
      "desc": "进行同步",
      "dlg": "刚才的就是最后警告。现在开始追究妨碍合同执行的罪责……将你们全部击溃！"
    },
    {
      "id": "formation_10708_1",
      "desc": "人格出战",
      "dlg": "估计是又有人违约了？"
    },
    {
      "id": "battleentry_10708_1",
      "desc": "进入战斗",
      "dlg": "开始公证。"
    },
    {
      "id": "battle_select_10708_1",
      "desc": "战斗中选中人格",
      "dlg": "执行过程中也禁止第三方干涉。"
    },
    {
      "id": "battle_endcommand_10708_1",
      "desc": "进行攻击",
      "dlg": "我警告过你了！"
    },
    {
      "id": "battle_enemy_break_10708_1",
      "desc": "敌方混乱",
      "dlg": "给我从现在开始好好听话。"
    },
    {
      "id": "battle_break_10708_1",
      "desc": "自身混乱",
      "dlg": "咳……"
    },
    {
      "id": "battle_kill_10708_1",
      "desc": "击杀敌方",
      "dlg": "少了一个碍事的家伙。"
    },
    {
      "id": "battle_dead_10708_1",
      "desc": "自身阵亡",
      "dlg": "就算……杀了我。呼，Öufi协会也必定会……执行到底。"
    },
    {
      "id": "choice_success_p_10708_2",
      "desc": "判定成功",
      "dlg": "按合同来办。"
    },
    {
      "id": "choice_fail_n_10708_1",
      "desc": "判定失败",
      "dlg": "……是我误解了合同条款吗？"
    },
    {
      "id": "battle_clear_10708_1",
      "desc": "战斗胜利",
      "dlg": "对妨碍合同执行者的处罚一旦开始……就算不是我，也会由Öufi将其完成……就瞧好吧，哼。"
    },
    {
      "id": "battle_clear_ex_10708_1",
      "desc": "EX CLEAR战斗胜利",
      "dlg": "公证完成。已确认履行了合同义务。我该做的事都做完了！"
    },
    {
      "id": "battle_defeat_10708_1",
      "desc": "战斗失败",
      "dlg": "又有一份合同被打破了吗。哈……这样业绩就完不成了啊。啧，看来要转到下一件案子了。"
    }
  ]
}