{
  "dataList": [
    {
      "id": "get_10608_1",
      "desc": "获得时",
      "dlg": "嗯~原来是这么写的啊~"
    },
    {
      "id": "lobby_morning_10608_1",
      "desc": "早间问候",
      "dlg": "啊，您来了？来得正是时候！我正准备去告诉你午前研讨会的内容呢~"
    },
    {
      "id": "lobby_noon_10608_1",
      "desc": "午间问候",
      "dlg": "吃过午饭了吗？我今天翻开的书里写了以前从来没试过的烹饪方法呢~我想试着烹饪一下，您能试吃看看吗？"
    },
    {
      "id": "lobby_night_10608_1",
      "desc": "晚间问候",
      "dlg": "虽然很多人会在晚上学习，但是我发现自己在充分休息后才更能学得进去~学习的时候要劳逸结合才对！"
    },
    {
      "id": "smalltalk_10608_1",
      "desc": "对话 1",
      "dlg": "你应该很好奇这钥匙是什么吧。嗯~要怎么说明才好呢。开启知识的媒介……？寄托力量的器皿……？不亲自试试的话很难口头说明呢。"
    },
    {
      "id": "smalltalk_10608_2",
      "desc": "对话 2",
      "dlg": "透过钥匙，可以看到之前看不见的东西哦……啊！抱歉~不属于钥派的人是看不到东西的~"
    },
    {
      "id": "smalltalk_10608_3",
      "desc": "对话 3",
      "dlg": "啊~我听说拳派的大家也有各种各样的难处。连开启真理的道具都没有就要协助协会工作~嘛，肯定不容易吧。"
    },
    {
      "id": "smalltalk_10608_4",
      "desc": "同步后对话 1",
      "dlg": "哦，吓到你了吗？这把钥匙可以像这样，变大变小哟。塞进的知识越多~就会变得越强。"
    },
    {
      "id": "smalltalk_10608_5",
      "desc": "同步后对话 2",
      "dlg": "没错。果然使用武器才是更知性的方式不是吗？活用的方法也……比拳头多吧？"
    },
    {
      "id": "neglect_10608_1",
      "desc": "闲置",
      "dlg": "下一本要读的书是……"
    },
    {
      "id": "gacksung_10608_1",
      "desc": "进行同步",
      "dlg": "真是明智的判断啊。如果有想要领悟的知识，我会用这个钥匙引导你哦。"
    },
    {
      "id": "formation_10608_1",
      "desc": "人格出战",
      "dlg": "需要钥匙吗？"
    },
    {
      "id": "battleentry_10608_1",
      "desc": "进入战斗",
      "dlg": "为了揭示真理。"
    },
    {
      "id": "battle_select_10608_1",
      "desc": "战斗中选中人格",
      "dlg": "是的~我在听！"
    },
    {
      "id": "battle_endcommand_10608_1",
      "desc": "进行攻击",
      "dlg": "为了解放黑暗的无知。"
    },
    {
      "id": "battle_enemy_break_10608_1",
      "desc": "敌方混乱",
      "dlg": "被紧紧封闭的知性……"
    },
    {
      "id": "battle_break_10608_1",
      "desc": "自身混乱",
      "dlg": "哎呀……"
    },
    {
      "id": "battle_kill_10608_1",
      "desc": "击杀敌方",
      "dlg": "光明，揭示吧。"
    },
    {
      "id": "battle_dead_10608_1",
      "desc": "自身阵亡",
      "dlg": "嗯……看来关于烹饪的知识……似乎没有太大帮助……"
    },
    {
      "id": "choice_success_p_10608_2",
      "desc": "判定成功",
      "dlg": "这是之前学过的啊！"
    },
    {
      "id": "choice_fail_n_10608_1",
      "desc": "判定失败",
      "dlg": "这种东西……没学过~"
    },
    {
      "id": "battle_clear_10608_1",
      "desc": "战斗胜利",
      "dlg": "怎么样~好像顺利解决了？咦……还有什么需要做的事来着？"
    },
    {
      "id": "battle_clear_ex_10608_1",
      "desc": "EX CLEAR战斗胜利",
      "dlg": "呼~哈！清理干净了呢！啊……我的脑袋里也干干净净了呢……算了，再学一遍就好了对吧！"
    },
    {
      "id": "battle_defeat_10608_1",
      "desc": "战斗失败",
      "dlg": "应该涉猎得更广吗……过于沉迷于单一的学问或许还是克制一下比较好。"
    }
  ]
}