{
  "dataList": [
    {
      "id": "get_10302_1",
      "desc": "获得时",
      "dlg": "各位乘客大家好！！！吾，已然，到来了！！！"
    },
    {
      "id": "lobby_morning_10302_1",
      "desc": "早间问候",
      "dlg": "今天也要像划破黎明的第一辆火车一样向前奔跑！"
    },
    {
      "id": "lobby_noon_10302_1",
      "desc": "午间问候",
      "dlg": "公司竟然会提供午餐……！吾很喜欢这里！吾想永远留在这里！"
    },
    {
      "id": "lobby_night_10302_1",
      "desc": "晚间问候",
      "dlg": "吾今天开会时真的非常认真地做了笔记！看看这个，都用彩笔以多种颜色做了漂亮的装饰！既有星星又有花朵……"
    },
    {
      "id": "smalltalk_10302_1",
      "desc": "对话 1",
      "dlg": "经理老爷乘坐过W列车吗？您说没有？！等一下……请您务必抽出点时间给我。"
    },
    {
      "id": "smalltalk_10302_2",
      "desc": "对话 2",
      "dlg": "来日与吾一起去火车旅行如何，经理老爷？吾会准备便当的！"
    },
    {
      "id": "smalltalk_10302_3",
      "desc": "对话 3",
      "dlg": "您有见到罗佳小姐吗？吾答应她由吾亲自讲述W公司的历史，但刚才开始就看不见她了！"
    },
    {
      "id": "smalltalk_10302_4",
      "desc": "同步后对话 1",
      "dlg": "经理老爷，萦绕在鼻尖的这股血腥味只有吾身上有吗？还是一直在空气中弥漫？"
    },
    {
      "id": "smalltalk_10302_5",
      "desc": "同步后对话 2",
      "dlg": "您知道吗？人类意外地不容易死去。即使血流如注，骨骼寸断也不会断气。"
    },
    {
      "id": "neglect_10302_1",
      "desc": "闲置",
      "dlg": "所以W公司的成果才会广为人知……嗯？经理老爷？"
    },
    {
      "id": "gacksung_10302_1",
      "desc": "进行同步",
      "dlg": "吾终于也要被委以重任了吗？！"
    },
    {
      "id": "formation_10302_1",
      "desc": "人格出战",
      "dlg": "要出发了！"
    },
    {
      "id": "battleentry_10302_1",
      "desc": "进入战斗",
      "dlg": "吾将如同火车一般奔跑！"
    },
    {
      "id": "battle_select_10302_1",
      "desc": "战斗中选中人格",
      "dlg": "吾做好了随时向前奔跑的准备！"
    },
    {
      "id": "battle_endcommand_10302_1",
      "desc": "进行攻击",
      "dlg": "吾无人可挡！"
    },
    {
      "id": "battle_enemy_break_10302_1",
      "desc": "敌方混乱",
      "dlg": "现在应该是个好机会！"
    },
    {
      "id": "battle_break_10302_1",
      "desc": "自身混乱",
      "dlg": "呃！"
    },
    {
      "id": "battle_kill_10302_1",
      "desc": "击杀敌方",
      "dlg": "接下来去哪儿！"
    },
    {
      "id": "battle_allydead_10302_1",
      "desc": "友方阵亡",
      "dlg": "经理老爷！完事之后就拜托您了！"
    },
    {
      "id": "choice_success_p_10302_1",
      "desc": "判定成功",
      "dlg": "经理老爷！吾是不是干得还不错？"
    },
    {
      "id": "choice_fail_n_10302_1",
      "desc": "判定失败",
      "dlg": "明明是很重要的事情，对不起……"
    },
    {
      "id": "battle_clear_10302_1",
      "desc": "战斗胜利",
      "dlg": "公司的杰出人才就在此处！"
    },
    {
      "id": "battle_clear_ex_10302_1",
      "desc": "EX CLEAR战斗胜利",
      "dlg": "这就是所谓的精英？！让吾升职吧，经理老爷！"
    },
    {
      "id": "battle_defeat_10302_1",
      "desc": "战斗失败",
      "dlg": "吾……不会放弃的……"
    }
  ]
}