{
  "dataList": [
    {
      "id": "get_10606_1",
      "desc": "获得时",
      "dlg": "那些WARP列车里往往相当拥挤，您不这么觉得吗？"
    },
    {
      "id": "lobby_morning_10606_1",
      "desc": "早间问候",
      "dlg": "早上起床并不难……但是一想到每次都要做同样的工作，就觉得有点无聊。"
    },
    {
      "id": "lobby_noon_10606_1",
      "desc": "午间问候",
      "dlg": "嗯~外面的天气很好呢！这家店的饮料也很好喝……但我马上又要回去准备清扫列车了。"
    },
    {
      "id": "lobby_night_10606_1",
      "desc": "晚间问候",
      "dlg": "夜班车也不少，所以工作时经常注意不到夜晚降临吧？毕竟月台上一直都灯火通明的。"
    },
    {
      "id": "smalltalk_10606_1",
      "desc": "对话 1",
      "dlg": "虽然我是听了奶奶的安排才到这里工作的，但总在这里做一样的工作也会让人无聊呢~"
    },
    {
      "id": "smalltalk_10606_2",
      "desc": "对话 2",
      "dlg": "嗯~没有团建旅游之类的嘛？毕竟我的职位是列车清扫人员吗。啊！但也不是说我想要乘坐WARP列车就是了~"
    },
    {
      "id": "smalltalk_10606_3",
      "desc": "对话 3",
      "dlg": "啊~为什么其他人都渐渐变得寡言了？表情也比以前更僵硬……难道是感冒了吗？"
    },
    {
      "id": "smalltalk_10606_4",
      "desc": "同步后对话 1",
      "dlg": "呼……这次也是七零八落的。运气好的时候~也会遇到所有乘客安静地待在原位祈祷的情况。要是那样就轻松很多了。"
    },
    {
      "id": "smalltalk_10606_5",
      "desc": "同步后对话 2",
      "dlg": "您问我觉不觉得列车清扫很累？嘛……偶尔清理奇怪的乘客们确实有点累。\n啊，您问的是精神上？嗯……这只是工作，对吧。我并没有什么想法哦？"
    },
    {
      "id": "neglect_10606_1",
      "desc": "闲置",
      "dlg": "嗯~我稍微确认一下家里寄来的信哦~"
    },
    {
      "id": "gacksung_10606_1",
      "desc": "进行同步",
      "dlg": "啊~新的培训吗？嗯，我要是能做一些新工作就好了~"
    },
    {
      "id": "formation_10606_1",
      "desc": "人格出战",
      "dlg": "清扫准备完成~"
    },
    {
      "id": "battleentry_10606_1",
      "desc": "进入战斗",
      "dlg": "清扫工作，开始。"
    },
    {
      "id": "battle_select_10606_1",
      "desc": "战斗中选中人格",
      "dlg": "哦~您不该在工作期间来的。"
    },
    {
      "id": "battle_endcommand_10606_1",
      "desc": "进行攻击",
      "dlg": "清扫异常乘客。"
    },
    {
      "id": "battle_enemy_break_10606_1",
      "desc": "敌方混乱",
      "dlg": "好，请冷静一下~"
    },
    {
      "id": "battle_break_10606_1",
      "desc": "自身混乱",
      "dlg": "哎呀！"
    },
    {
      "id": "battle_kill_10606_1",
      "desc": "击杀敌方",
      "dlg": "好，把这位乘客收集到这里~"
    },
    {
      "id": "battle_dead_10606_1",
      "desc": "自身阵亡",
      "dlg": "啊……明明是……简单的清扫工作……？"
    },
    {
      "id": "choice_success_p_10606_2",
      "desc": "判定成功",
      "dlg": "嗯。很简单呢。"
    },
    {
      "id": "choice_fail_n_10606_1",
      "desc": "判定失败",
      "dlg": "啊……手册上应该是这么说的呀。"
    },
    {
      "id": "battle_clear_10606_1",
      "desc": "战斗胜利",
      "dlg": "好，结束啦。我要去喝杯咖啡。"
    },
    {
      "id": "battle_clear_ex_10606_1",
      "desc": "EX CLEAR战斗胜利",
      "dlg": "哦~今天的工作比平常完成得快了不少呢？您或许有成为清扫人员的潜质呢~"
    },
    {
      "id": "battle_defeat_10606_1",
      "desc": "战斗失败",
      "dlg": "这次的乘客们闹得有些太过了……"
    }
  ]
}