{
  "dataList": [
    {
      "id": "get_10306_1",
      "desc": "获得时",
      "dlg": "吾为堂吉诃德！乃中指的幼妹，亦是幼兄可靠的手下！多多关照！"
    },
    {
      "id": "lobby_morning_10306_1",
      "desc": "早间问候",
      "dlg": "真是美好的清晨！汝知晓幼兄今日的行程吗？告知吾其中细节吧！"
    },
    {
      "id": "lobby_noon_10306_1",
      "desc": "午间问候",
      "dlg": "幼兄今日邀请吾一起去外面吃午餐呢！汝也要一起吗？而且这次他请客诶！"
    },
    {
      "id": "lobby_night_10306_1",
      "desc": "晚间问候",
      "dlg": "晚饭还是适合伴着派对！吾等的晚餐总是如派对一样！大家都很热闹，总是在忙着说些趣事呢。"
    },
    {
      "id": "smalltalk_10306_1",
      "desc": "对话 1",
      "dlg": "对中指成员以及其家人出手的行为，乃是罪恶。将其加倍奉还即是正义！"
    },
    {
      "id": "smalltalk_10306_2",
      "desc": "对话 2",
      "dlg": "吾等的幼兄似乎对自己的发型格外重视。据说他常去……港船里最贵的精品理发店呢。"
    },
    {
      "id": "smalltalk_10306_3",
      "desc": "对话 3",
      "dlg": "虽然吾的力量远远不能和幼兄相比……但是吾偶尔也在想，吾到底比他差了多少倍呢？"
    },
    {
      "id": "smalltalk_10306_4",
      "desc": "同步后对话 1",
      "dlg": "哈哈，汝等为何要对吾等的成员出手？现在，为汝等之罪付出代价吧！"
    },
    {
      "id": "smalltalk_10306_5",
      "desc": "同步后对话 2",
      "dlg": "来，好好看着。此为……复仇账簿。其上乃吾等需为正义而做之事。\n汝的名字也书写于此呢？想要将其消去吗？那……汝葬身此处即可。"
    },
    {
      "id": "neglect_10306_1",
      "desc": "闲置",
      "dlg": "在空闲时间整理账簿是很重要的。总有一日吾会成为幼姊……不，长姊的！"
    },
    {
      "id": "gacksung_10306_1",
      "desc": "进行同步",
      "dlg": "幼兄将处理账簿的任务交给吾了！哈哈，嘿哈！吾定会回应他的期望！"
    },
    {
      "id": "formation_10306_1",
      "desc": "人格出战",
      "dlg": "那边有报复对象！"
    },
    {
      "id": "battleentry_10306_1",
      "desc": "进入战斗",
      "dlg": "请允许吾上前！"
    },
    {
      "id": "battle_select_10306_1",
      "desc": "战斗中选中人格",
      "dlg": "啊！是幼兄召集吾了吗？"
    },
    {
      "id": "battle_endcommand_10306_1",
      "desc": "进行攻击",
      "dlg": "哈哈！冲锋！"
    },
    {
      "id": "battle_enemy_break_10306_1",
      "desc": "敌方混乱",
      "dlg": "汝快给吾振作起来！账簿上要求报复须于汝清醒时执行。"
    },
    {
      "id": "battle_break_10306_1",
      "desc": "自身混乱",
      "dlg": "不……"
    },
    {
      "id": "battle_kill_10306_1",
      "desc": "击杀敌方",
      "dlg": "报复已执行。"
    },
    {
      "id": "battle_dead_10306_1",
      "desc": "自身阵亡",
      "dlg": "吾在这里……倒下吗……但是，中指绝不遗忘……"
    },
    {
      "id": "choice_success_p_10306_2",
      "desc": "判定成功",
      "dlg": "哈！没有更难的了吗？"
    },
    {
      "id": "choice_fail_n_10306_1",
      "desc": "判定失败",
      "dlg": "吾的意志似乎还不够坚定……"
    },
    {
      "id": "battle_clear_10306_1",
      "desc": "战斗胜利",
      "dlg": "报复完美执行到了最后！今天晚饭时又多了能炫耀的事情了！"
    },
    {
      "id": "battle_clear_ex_10306_1",
      "desc": "EX CLEAR战斗胜利",
      "dlg": "让我看看……好！账簿的这行可以划掉了！吾在这次任务中至关重要，幼兄也会很满意的吧！"
    },
    {
      "id": "battle_defeat_10306_1",
      "desc": "战斗失败",
      "dlg": "中指会铭记……记录……且绝不会忘记报复。"
    }
  ]
}