{
  "dataList": [
    {
      "id": "get_10210_1",
      "desc": "获得时",
      "dlg": "虽然这个计划存在诸多缺陷，但浮士德会让其变得天衣无缝。"
    },
    {
      "id": "lobby_morning_10210_1",
      "desc": "早间问候",
      "dlg": "为了在早晨喝上一杯咖啡，经常需要空出一只手臂。即便如此，也还剩下三只可供使用……"
    },
    {
      "id": "lobby_noon_10210_1",
      "desc": "午间问候",
      "dlg": "如果使用了事务所的卡，请务必提交收据。\n若总是忘记，事务所的方针可能会变为让员工自费解决午餐。"
    },
    {
      "id": "lobby_night_10210_1",
      "desc": "晚间问候",
      "dlg": "即使工作到日落西山，义体也不会感到酸痛。\n……不过它们开始嘎吱作响的话，就有必要进行维护了。"
    },
    {
      "id": "smalltalk_10210_1",
      "desc": "对话1",
      "dlg": "如果您正在考虑安装头部以外的其他义体，我推荐Tres协会认证的型号G10义腿。\n若有一双好腿的话，您也能迅速地从危险状况中逃走吧。"
    },
    {
      "id": "smalltalk_10210_2",
      "desc": "对话2",
      "dlg": "WARP列车往返票是自费购买的。浮士德预约了头等舱。\n我还不知道为什么要预约头等舱而非经济舱。但也许浮士德知道吧。"
    },
    {
      "id": "smalltalk_10210_3",
      "desc": "对话3",
      "dlg": "我也不是没有考虑过全身义体……但因为无法承担更好义体的更换费用以及风险，所以没有选择那么做。\n浮士德认为，将自身逐渐升级为方便更换的部分义体状态更有效率。"
    },
    {
      "id": "smalltalk_10210_4",
      "desc": "同步后对话 1",
      "dlg": "这种大小的巨剑谁都可以驾驭。只要有足够的金钱、一些适应时间以及可靠的工坊，一夜之间就能够进行挥舞。\n当然，要追求怎样的战斗风格还是要由本人决定。"
    },
    {
      "id": "smalltalk_10210_5",
      "desc": "同步后对话 2",
      "dlg": "已经义体化的身体几乎没有痛觉。因此，我们这种义体收尾人并不害怕痛苦与受伤。\n不过，修理的价格也比一般的治疗要高。"
    },
    {
      "id": "neglect_10210_1",
      "desc": "闲置",
      "dlg": "把别人叫出来就无声无息地消失了。这并非高效的行为。"
    },
    {
      "id": "gacksung_10210_1",
      "desc": "进行同步",
      "dlg": "委托目标已处理。这次远征委托的彻底准备也值得了。"
    },
    {
      "id": "formation_10210_1",
      "desc": "人格出战",
      "dlg": "准备就绪。出发吧。"
    },
    {
      "id": "battleentry_10210_1",
      "desc": "进入战斗",
      "dlg": "型号40Y-3充能完成。战斗准备完毕。"
    },
    {
      "id": "battle_select_10210_1",
      "desc": "战斗中选中人格",
      "dlg": "您忘记计划了吗？"
    },
    {
      "id": "battle_endcommand_10210_1",
      "desc": "进行攻击",
      "dlg": "攻击范围已确认。"
    },
    {
      "id": "battle_enemy_break_10210_1",
      "desc": "敌方混乱",
      "dlg": "高效地……"
    },
    {
      "id": "battle_break_10210_1",
      "desc": "自身混乱",
      "dlg": "啊……"
    },
    {
      "id": "battle_kill_10210_1",
      "desc": "击杀敌方",
      "dlg": "……已处理。"
    },
    {
      "id": "battle_dead_10210_1",
      "desc": "自身阵亡",
      "dlg": "我……买了保险……"
    },
    {
      "id": "choice_success_p_10210_2",
      "desc": "判定成功",
      "dlg": "正如浮士德的计算。"
    },
    {
      "id": "choice_fail_n_10210_1",
      "desc": "判定失败",
      "dlg": "似乎出现了错误。"
    },
    {
      "id": "battle_clear_10210_1",
      "desc": "战斗胜利",
      "dlg": "这样的胜利理所应当。因为是在浮士德的知识指导下进行行动的。"
    },
    {
      "id": "battle_clear_ex_10210_1",
      "desc": "EX CLEAR战斗胜利",
      "dlg": "比计划中更早地完成了委托。多亏了浮士德和我优秀的能力，不过各位的努力也不坏。"
    },
    {
      "id": "battle_defeat_10210_1",
      "desc": "战斗失败",
      "dlg": "远征失败了。撤退后必须更换破损义体，然后重新进行准备。"
    }
  ]
}