{
  "dataList": [
    {
      "id": "get_10508_1",
      "desc": "获得时",
      "dlg": "不准备行动吗。嗯。我们正处于不得不落子的局面。"
    },
    {
      "id": "lobby_morning_10508_1",
      "desc": "早间问候",
      "dlg": "一日之计在于晨。有许多事需要思考，也有许多事需要做。"
    },
    {
      "id": "lobby_noon_10508_1",
      "desc": "午间问候",
      "dlg": "如果日程上有空余，来下一盘如何。我需要一些时间来整理思绪。\n因为需要考虑寻找我们的栖身之所。"
    },
    {
      "id": "lobby_night_10508_1",
      "desc": "晚间问候",
      "dlg": "月光皎洁时需时刻留心。将身上伤痕曝露在外并非好事。"
    },
    {
      "id": "smalltalk_10508_1",
      "desc": "对话 1",
      "dlg": "使剑时不能犹豫。如果有所踌躇……说明对剑的掌握仍不够熟练。需要勤加练习。"
    },
    {
      "id": "smalltalk_10508_2",
      "desc": "对话 2",
      "dlg": "围棋是适合观察对手会如何战斗的游戏。\n通过博弈，自然而然便能读懂对手行动中的想法。"
    },
    {
      "id": "smalltalk_10508_3",
      "desc": "对话 3",
      "dlg": "大乱迫在眉睫。我被委任为护卫，理当尽职到最后……但那样一来，或许会失去在S公司的立足之地。\n必须守护的那位大人，我与我的同伴，都会如此。"
    },
    {
      "id": "smalltalk_10508_4",
      "desc": "同步后对话 1",
      "dlg": "曾有人说我会像流浪者一样过活时，我嗤之以鼻……可如今，我似乎行将踏上四处漂泊的人生了。"
    },
    {
      "id": "smalltalk_10508_5",
      "desc": "同步后对话 2",
      "dlg": "肉斩，骨断。即必须全神贯注，直击对手要害。\n我会让您亲眼见证，亲身体验。"
    },
    {
      "id": "neglect_10508_1",
      "desc": "闲置",
      "dlg": "……嗯。我会开始读秒。"
    },
    {
      "id": "gacksung_10508_1",
      "desc": "进行同步",
      "dlg": "无论派来多少刺客，对我而言最终都是棋盘上的前一步。\n我这一步尚未结束……您会回应吗？"
    },
    {
      "id": "formation_10508_1",
      "desc": "人格出战",
      "dlg": "于星位落子吧。"
    },
    {
      "id": "battleentry_10508_1",
      "desc": "进入战斗",
      "dlg": "试着。"
    },
    {
      "id": "battle_select_10508_1",
      "desc": "战斗中选中人格",
      "dlg": "多管闲事属于大忌。"
    },
    {
      "id": "battle_endcommand_10508_1",
      "desc": "进行攻击",
      "dlg": "如要斩，则需赌上你的性命。"
    },
    {
      "id": "battle_enemy_break_10508_1",
      "desc": "敌方混乱",
      "dlg": "肉斩，"
    },
    {
      "id": "battle_break_10508_1",
      "desc": "自身混乱",
      "dlg": "死棋……吗。"
    },
    {
      "id": "battle_kill_10508_1",
      "desc": "击杀敌方",
      "dlg": "骨断。"
    },
    {
      "id": "battle_dead_10508_1",
      "desc": "自身阵亡",
      "dlg": "啊……我无颜面对……友人们。"
    },
    {
      "id": "choice_success_p_10508_2",
      "desc": "判定成功",
      "dlg": "一着妙手。"
    },
    {
      "id": "choice_fail_n_10508_1",
      "desc": "判定失败",
      "dlg": "一着恶手。"
    },
    {
      "id": "battle_clear_10508_1",
      "desc": "战斗胜利",
      "dlg": "激烈的一战，结果很好。这样一来我们也能有活路了。"
    },
    {
      "id": "battle_clear_ex_10508_1",
      "desc": "EX CLEAR战斗胜利",
      "dlg": "决胜之策奏效了。局势已经完全倒向我方。愿在找到栖身之所前，不要失去这股势头。"
    },
    {
      "id": "battle_defeat_10508_1",
      "desc": "战斗失败",
      "dlg": "失着。身体尚需多刻上一道刀痕。"
    }
  ]
}