{
  "dataList": [
    {
      "id": "get_10609_1",
      "desc": "获得时",
      "dlg": "这里就是杀人现场吧？嗯~这么业余的手法，看来他们的时间非常紧迫啊？"
    },
    {
      "id": "lobby_morning_10609_1",
      "desc": "早间问候",
      "dlg": "早安~外面的空气有些烟雾弥漫呢？这附近好像是这样的感觉呢。"
    },
    {
      "id": "lobby_noon_10609_1",
      "desc": "午间问候",
      "dlg": "现在是阳光最温暖的时间呢。虽然世上的一切都被不平等所束缚，但至少阳光会公平地照耀着每一个人，您不这么觉得吗？"
    },
    {
      "id": "lobby_night_10609_1",
      "desc": "晚间问候",
      "dlg": "……啊！是您啊？在晚上请把脸完整露出来哦~要是不小心搞错了，我可能会把您当成再分配的对象呢？哈哈哈。"
    },
    {
      "id": "smalltalk_10609_1",
      "desc": "对话 1",
      "dlg": "现在的圣愚规模已经十分庞大了呢。嗯~如果把脖子上戴的围巾取下来的话，就很难看出来我们是圣愚了吧？"
    },
    {
      "id": "smalltalk_10609_2",
      "desc": "对话 2",
      "dlg": "嗯……没必要把我们的团体想得那么复杂啦。都市中对巢和翼感到不满的人随处可见，而在那些人之中~我们只是聚集了些更有行动力的人呢。"
    },
    {
      "id": "smalltalk_10609_3",
      "desc": "对话 3",
      "dlg": "这个单片眼镜是我们以前在工坊工作过的成员设计发明的东西呢。这样转动调节器的话……我就能更准确地观察到令人在意的现象了呢！"
    },
    {
      "id": "smalltalk_10609_4",
      "desc": "同步后对话 1",
      "dlg": "来吧……试着重新构筑事件吧。这附近的刀痕以及血迹的角度。让我用单片眼镜看看凝固的泥土~\n这里就是受害人殒命的现场呢。"
    },
    {
      "id": "smalltalk_10609_5",
      "desc": "同步后对话 2",
      "dlg": "在处理这类事件的时候，一定要防止巢和翼介入其中。圣愚的事务就由圣愚来解决。\n因为我们之中也偶尔有意见不合的时候呢~这种事情也经常发生呢~"
    },
    {
      "id": "neglect_10609_1",
      "desc": "闲置",
      "dlg": "嗯~嗯~啊，棒棒糖都化完了呢……"
    },
    {
      "id": "gacksung_10609_1",
      "desc": "进行同步",
      "dlg": "好……把我当成犯人……慢慢想象这里发生的事情……\n呼呼，最后就能找到真相吧？"
    },
    {
      "id": "formation_10609_1",
      "desc": "人格出战",
      "dlg": "嗯，该出发了吗？"
    },
    {
      "id": "battleentry_10609_1",
      "desc": "进入战斗",
      "dlg": "进入事件。"
    },
    {
      "id": "battle_select_10609_1",
      "desc": "战斗中选中人格",
      "dlg": "您对这起事件有什么疑问吗？"
    },
    {
      "id": "battle_endcommand_10609_1",
      "desc": "进行攻击",
      "dlg": "亲手打倒他们吧！"
    },
    {
      "id": "battle_enemy_break_10609_1",
      "desc": "敌方混乱",
      "dlg": "不要违背我们的事业~"
    },
    {
      "id": "battle_break_10609_1",
      "desc": "自身混乱",
      "dlg": "呃……哎呀。"
    },
    {
      "id": "battle_kill_10609_1",
      "desc": "击杀敌方",
      "dlg": "轻松点去做吧？"
    },
    {
      "id": "battle_dead_10609_1",
      "desc": "自身阵亡",
      "dlg": "啊……结果……我就像这样沉默下去吗……"
    },
    {
      "id": "choice_success_p_10609_2",
      "desc": "判定成功",
      "dlg": "透过这镜片，总能看到正确答案的~"
    },
    {
      "id": "choice_fail_n_10609_1",
      "desc": "判定失败",
      "dlg": "哎呀呀……不是这个吗？"
    },
    {
      "id": "battle_clear_10609_1",
      "desc": "战斗胜利",
      "dlg": "是让人满意的活动呢。嗯~这里是……如果就这样放任不管的话，之后可能会出现对我们不利的证言呢。要清理干净吗？"
    },
    {
      "id": "battle_clear_ex_10609_1",
      "desc": "EX CLEAR战斗胜利",
      "dlg": "那些违背我们事业的家伙们都屈服了呢！嗯……那么来决定下一个目标吧。"
    },
    {
      "id": "battle_defeat_10609_1",
      "desc": "战斗失败",
      "dlg": "哎呀……没关系的。比起胜利，圣愚更习惯失败呢。但与此同时，我们也会为了获得巨大的胜利而不断挑战！"
    }
  ]
}