{
  "dataList": [
    {
      "id": "get_10907_1",
      "desc": "获得时",
      "dlg": "嘘……！快来点这个。别声张，要细嚼慢咽哦。不用谢啦，呼呼。"
    },
    {
      "id": "lobby_morning_10907_1",
      "desc": "早间问候",
      "dlg": "唔……大早上就要召集我们去研究，不能休息个两、三天吗？根本听不进脑子诶。"
    },
    {
      "id": "lobby_noon_10907_1",
      "desc": "午间问候",
      "dlg": "我就不吃午饭了。你问我怎么了？啊……就是，刚刚在协会的图书馆里……吃太多零食了。"
    },
    {
      "id": "lobby_night_10907_1",
      "desc": "晚间问候",
      "dlg": "你也要学到后半夜？哈……为什么大家都跟屁股被钉在了椅子上一样？等下，不会真被钉住了吧？！"
    },
    {
      "id": "smalltalk_10907_1",
      "desc": "对话1",
      "dlg": "虽然可以分给你吃，但可别被首席管理员发现了啊……听到没？\n如果我再被逮到的话，可就不是一星期内禁止出入图书馆这么简单了。"
    },
    {
      "id": "smalltalk_10907_2",
      "desc": "对话2",
      "dlg": "偷吃的诀窍啊……最重要的是眼神吧。要摆出那种空洞无物，呆滞无光的眼神。\n看上去就像在把知识塞进脑袋里一样，实际上是在把面包塞进嘴里啦。"
    },
    {
      "id": "smalltalk_10907_3",
      "desc": "对话3",
      "dlg": "虽然他们都说没有比全新的知识更加诱人的东西……但是这些……令人垂涎的食物……不也十分诱人嘛？"
    },
    {
      "id": "smalltalk_10907_4",
      "desc": "同步后对话 1",
      "dlg": "你问我为什么这么强？哎，你难道连那句众所周知的名言都不知道嘛。\n听好啦……“知识就是力量”。"
    },
    {
      "id": "smalltalk_10907_5",
      "desc": "同步后对话 2",
      "dlg": "我们协会分为钥派和拳派两大派别。我？呼呼，看不出来吗？我负责用拳头……让无知的家伙们开化呀。"
    },
    {
      "id": "neglect_10907_1",
      "desc": "闲置",
      "dlg": "吧唧……啊？没事，管理员。我正在学习呢。"
    },
    {
      "id": "gacksung_10907_1",
      "desc": "进行同步",
      "dlg": "什么来着……啊！知识是我的钥匙……我需为打开那扇门而精进自身。"
    },
    {
      "id": "formation_10907_1",
      "desc": "人格出战",
      "dlg": "啊，我来吗？"
    },
    {
      "id": "battleentry_10907_1",
      "desc": "进入战斗",
      "dlg": "学海无涯苦作舟，什么什么的……"
    },
    {
      "id": "battle_select_10907_1",
      "desc": "战斗中选中人格",
      "dlg": "哎？能吃零食了吗？！"
    },
    {
      "id": "battle_endcommand_10907_1",
      "desc": "进行攻击",
      "dlg": "直接让他们领悟吧。"
    },
    {
      "id": "battle_enemy_break_10907_1",
      "desc": "敌方混乱",
      "dlg": "因为无知……"
    },
    {
      "id": "battle_break_10907_1",
      "desc": "自身混乱",
      "dlg": "啊！"
    },
    {
      "id": "battle_kill_10907_1",
      "desc": "击杀敌方",
      "dlg": "挨打吧。"
    },
    {
      "id": "battle_dead_10907_1",
      "desc": "自身阵亡",
      "dlg": "前辈说的对……要是我再多学习一下……就好了。"
    },
    {
      "id": "choice_success_p_10907_2",
      "desc": "判定成功",
      "dlg": "啊，这个我知道！"
    },
    {
      "id": "choice_fail_n_10907_1",
      "desc": "判定失败",
      "dlg": "啊……但我感觉好像在哪里读到过这个？"
    },
    {
      "id": "battle_clear_10907_1",
      "desc": "战斗胜利",
      "dlg": "无知者是最不自由的，因而……呃，后面怎么说来着？"
    },
    {
      "id": "battle_clear_ex_10907_1",
      "desc": "EX CLEAR战斗胜利",
      "dlg": "呼，也就是说我在学习上还没掉队，对吧？好耶。"
    },
    {
      "id": "battle_defeat_10907_1",
      "desc": "战斗失败",
      "dlg": "难道是因为我吃太多了吗……感觉身体有点迟钝……果然还是要再多学习吗……"
    }
  ]
}