{
  "dataList": [
    {
      "id": "get_11107_1",
      "desc": "获得时",
      "dlg": "不要踏入我的火线。除非你想成为这魔弹的靶子。"
    },
    {
      "id": "lobby_morning_11107_1",
      "desc": "早间问候",
      "dlg": "我建议您不要过于习惯清晨的宁静。您很快就能听到子弹射穿收容单元玻璃的声音。"
    },
    {
      "id": "lobby_noon_11107_1",
      "desc": "午间问候",
      "dlg": "其他部门似乎将身上的砍伤和裂痕视作一种勋章。真是无稽之谈，能在本部门生存下来本身就是一枚勋章。"
    },
    {
      "id": "lobby_night_11107_1",
      "desc": "晚间问候",
      "dlg": "熄灯后必须更为警惕。即便在黑暗中，我们也会是它的靶子。"
    },
    {
      "id": "smalltalk_11107_1",
      "desc": "对话 1",
      "dlg": "我如果不在这里任职，或许会成为某片翼的军人。在其他人尖叫而惊慌四窜的时候，我会拿起枪口红热的武器，掌握在飘满化学物质的烟霾中精准狙击目标的方法。"
    },
    {
      "id": "smalltalk_11107_2",
      "desc": "对话 2",
      "dlg": "作为培训部的队长，我只有一项建议。这种场合不可相信人类的理性，哪怕是我的也一样。"
    },
    {
      "id": "smalltalk_11107_3",
      "desc": "对话 3",
      "dlg": "队伍中有人尊我为英雄，也有人认为我冷血无情，亦有人对我心生恐惧。不可笑吗？我却仅仅是遵照经理的命令行事。"
    },
    {
      "id": "smalltalk_11107_4",
      "desc": "同步后对话 1",
      "dlg": "最让我犹豫的是，我对枪口瞄准之物的定义。一旦我认为自己的子弹将会贯穿他们的心脏或太阳穴，枪的准度便会下降。所以……我接受了Hod女士的咨询，改变了想法。枪口瞄准的……只是目标而已。"
    },
    {
      "id": "smalltalk_11107_5",
      "desc": "同步后对话 2",
      "dlg": "我很清楚。如果这子弹有穷尽的一天，最后一颗子弹只会将我贯穿。它将正中我的头部，毫无痛苦地结束我的生命。正如我曾经瞄准的目标一般。"
    },
    {
      "id": "neglect_11107_1",
      "desc": "闲置",
      "dlg": "我有些在意这些子弹是否需要缴税。是因为其从异想体中产生所以没有限制吗，亦或是脑叶公司在支付税款？"
    },
    {
      "id": "gacksung_11107_1",
      "desc": "进行同步",
      "dlg": "这让我想起它和我签订契约的时刻。"
    },
    {
      "id": "formation_11107_1",
      "desc": "人格出战",
      "dlg": "时刻准备就绪。"
    },
    {
      "id": "battleentry_11107_1",
      "desc": "进入战斗",
      "dlg": "是时候让弹壳落地了。"
    },
    {
      "id": "battle_select_11107_1",
      "desc": "战斗中选中人格",
      "dlg": "我正在瞄准。尽快说明情况……"
    },
    {
      "id": "battle_endcommand_11107_1",
      "desc": "进行攻击",
      "dlg": "完美的一枪。"
    },
    {
      "id": "battle_enemy_break_11107_1",
      "desc": "敌方混乱",
      "dlg": "命中。"
    },
    {
      "id": "battle_break_11107_1",
      "desc": "自身混乱",
      "dlg": "咳……"
    },
    {
      "id": "battle_kill_11107_1",
      "desc": "击杀敌方",
      "dlg": "放心，不会有痛苦的。"
    },
    {
      "id": "battle_dead_11107_1",
      "desc": "自身阵亡",
      "dlg": "……契约不会就此中止……"
    },
    {
      "id": "choice_success_p_11107_2",
      "desc": "判定成功",
      "dlg": "因为这些子弹能击中一切。"
    },
    {
      "id": "choice_fail_n_11107_1",
      "desc": "判定失败",
      "dlg": "哪怕弹道此时偏移，也总会回归正轨。这就是契约的内容。"
    },
    {
      "id": "battle_clear_11107_1",
      "desc": "战斗胜利",
      "dlg": "子弹将会继续产生，扳机也会继续被扣动。"
    },
    {
      "id": "battle_clear_ex_11107_1",
      "desc": "EX CLEAR战斗胜利",
      "dlg": "只要经理您一声令下，不论何人何处，我的子弹都会将之贯穿。哪怕是所爱之人。"
    },
    {
      "id": "battle_defeat_11107_1",
      "desc": "战斗失败",
      "dlg": "不知为何，或许我的枪口仍萦绕着一丝徘徊。"
    }
  ]
}