{
  "dataList": [
    {
      "id": "get_10908_1",
      "desc": "获得时",
      "dlg": "购物果然是世界上最棒的消遣~好啦！你这次想去吃点啥？"
    },
    {
      "id": "lobby_morning_10908_1",
      "desc": "早间问候",
      "dlg": "出去玩的时候不早早出发是不行的哦？反正每天睡觉的时间也都大差不差，但要是稍微晚了一点出门，就会感觉错失了什么吧！"
    },
    {
      "id": "lobby_noon_10908_1",
      "desc": "午间问候",
      "dlg": "中午吃什么？炒豆干？麻婆豆腐？总之只要是辣的就好啦~"
    },
    {
      "id": "lobby_night_10908_1",
      "desc": "晚间问候",
      "dlg": "呼~今天也是忙碌的一天啊。我到处走了一天，感觉脚都要着火了。\n哈~如果明后两天我也能出去玩就好了……"
    },
    {
      "id": "smalltalk_10908_1",
      "desc": "对话 1",
      "dlg": "科长就有什么区别吗？六协会是个温暖的大家庭哦。一起享用美食，既能提振士气，又能提升效率！简直超棒的吧？"
    },
    {
      "id": "smalltalk_10908_2",
      "desc": "对话 2",
      "dlg": "欸，你说我过度消费？有钱的人把钱花在刀刃上，大家才能填饱肚子过日子吧？\n是说我暴饮……暴食？那，那是因为……能吃得下的时候就应该吃嘛……"
    },
    {
      "id": "smalltalk_10908_3",
      "desc": "对话 3",
      "dlg": "不不，这是分给协会里所有人的，懂吧？我一个人可吃不完所有的这些~对吧？以实玛利？\n……注意措辞哟~这样你就能分到更多东西啦~"
    },
    {
      "id": "smalltalk_10908_4",
      "desc": "同步后对话 1",
      "dlg": "好了，那个看上去像老大的家伙由我来处理。你们还是按老样子来~他周围的那些碍事家伙们就拜托你们咯！"
    },
    {
      "id": "smalltalk_10908_5",
      "desc": "同步后对话 2",
      "dlg": "一口气压制众多敌人的力量。那果然来自于“火力”。无论有多少敌人气势汹汹地向我们冲过来，他们都无法在火海中来去自如~\n六协会的人除外，呵。"
    },
    {
      "id": "neglect_10908_1",
      "desc": "闲置",
      "dlg": "草莓、青葡萄、橘子……要吃哪个呢~"
    },
    {
      "id": "gacksung_10908_1",
      "desc": "进行同步",
      "dlg": "专注于一点。即便是赤手空拳……只要以坚定的意志向一点突击，其产生的威力……也并不亚于刀枪之类的武器。"
    },
    {
      "id": "formation_10908_1",
      "desc": "人格出战",
      "dlg": "啊，等一下~让我吃完再说！"
    },
    {
      "id": "battleentry_10908_1",
      "desc": "进入战斗",
      "dlg": "呼~已经开始热起来了。"
    },
    {
      "id": "battle_select_10908_1",
      "desc": "战斗中选中人格",
      "dlg": "哦，很烫吧？你在远处说话我也能听见！"
    },
    {
      "id": "battle_endcommand_10908_1",
      "desc": "进行攻击",
      "dlg": "一次搞定！"
    },
    {
      "id": "battle_enemy_break_10908_1",
      "desc": "敌方混乱",
      "dlg": "别做无用的抵抗了，接受吧。这样才不会如此痛苦。"
    },
    {
      "id": "battle_break_10908_1",
      "desc": "自身混乱",
      "dlg": "呃……"
    },
    {
      "id": "battle_kill_10908_1",
      "desc": "击杀敌方",
      "dlg": "没关系。你已经不会再疼了。"
    },
    {
      "id": "battle_dead_10908_1",
      "desc": "自身阵亡",
      "dlg": "咳……没想到埋于灰烬之下的……竟然会是我……"
    },
    {
      "id": "choice_success_p_10908_2",
      "desc": "判定成功",
      "dlg": "这种事~都取决于自身的专注程度啦！"
    },
    {
      "id": "choice_fail_n_10908_1",
      "desc": "判定失败",
      "dlg": "啊……我是不是太过莽撞了？"
    },
    {
      "id": "battle_clear_10908_1",
      "desc": "战斗胜利",
      "dlg": "好，任务完成得还不错。我也有点饿了，回去路上吃点东西吧！"
    },
    {
      "id": "battle_clear_ex_10908_1",
      "desc": "EX CLEAR战斗胜利",
      "dlg": "先击溃再突击！这就是我们4科啦。呼，好热啊。去吃点冰冰凉凉的东西吧？刨冰之类的！"
    },
    {
      "id": "battle_defeat_10908_1",
      "desc": "战斗失败",
      "dlg": "嗯……胜败乃兵家常事。我们只要好好吃饭，努力训练的话，下次还是能赢的！"
    }
  ]
}