{
  "dataList": [
    {
      "id": "get_11204_1",
      "desc": "获得时",
      "dlg": "有能用得上的肉吗……？"
    },
    {
      "id": "lobby_morning_11204_1",
      "desc": "早间问候",
      "dlg": "早上不开店。……因为那是我采购材料的时间。"
    },
    {
      "id": "lobby_noon_11204_1",
      "desc": "午间问候",
      "dlg": "良秀在后厨工作。我觉得你还是别特地去找她比较好。不然，早晚有一天被切碎的就是你而不是肉了。"
    },
    {
      "id": "lobby_night_11204_1",
      "desc": "晚间问候",
      "dlg": "……这个点别在店前面乱晃啊。……我差点把你当成食材了。"
    },
    {
      "id": "smalltalk_11204_1",
      "desc": "对话 1",
      "dlg": "寻找新鲜的食材还挺难的……"
    },
    {
      "id": "smalltalk_11204_2",
      "desc": "对话 2",
      "dlg": "你，还没吃过我们店的派……？因为抢不到所以吃不了……哈哈。"
    },
    {
      "id": "smalltalk_11204_3",
      "desc": "对话 3",
      "dlg": "你说是不是该把烟灭了再开始料理……？胡说什么，这明明是最棒的香料。"
    },
    {
      "id": "smalltalk_11204_4",
      "desc": "同步后对话 1",
      "dlg": "好想吃……手馅饼啊。如果不是平时那些供应商提供的材料，就做不出那种味道了……"
    },
    {
      "id": "smalltalk_11204_5",
      "desc": "同步后对话 2",
      "dlg": "虽然适当的妥协是必要的……但她总会一边说着什么美食的艺术一边把错全怪罪在食材上。"
    },
    {
      "id": "neglect_11204_1",
      "desc": "闲置",
      "dlg": "唔……机械手臂又开始僵硬了……你问我的手为什么会变成这样？谁知道？我新鲜多汁的手臂到底消失到哪里去了呢？"
    },
    {
      "id": "gacksung_11204_1",
      "desc": "进行同步",
      "dlg": "我……？哈，果然你能看出来谁才是真正的主厨……？"
    },
    {
      "id": "formation_11204_1",
      "desc": "人格出战",
      "dlg": "要去寻找新的供应商吗？"
    },
    {
      "id": "battleentry_11204_1",
      "desc": "进入战斗",
      "dlg": "要是有新鲜的就好了。"
    },
    {
      "id": "battle_select_11204_1",
      "desc": "战斗中选择人格",
      "dlg": "哦，吓我一跳！差点就冲你挥刀了。"
    },
    {
      "id": "battle_endcommand_11204_1",
      "desc": "进行攻击",
      "dlg": "全都切碎吧！"
    },
    {
      "id": "battle_enemy_break_11204_1",
      "desc": "敌方混乱",
      "dlg": "先切开这里~再剖开那里~"
    },
    {
      "id": "battle_break_11204_1",
      "desc": "自身混乱",
      "dlg": "呃……"
    },
    {
      "id": "battle_kill_11204_1",
      "desc": "击杀敌方",
      "dlg": "呼！都宰好了~"
    },
    {
      "id": "battle_dead_11204_1",
      "desc": "自身阵亡",
      "dlg": "啊、可恶……"
    },
    {
      "id": "choice_success_p_11204_1",
      "desc": "判定成功",
      "dlg": "是这个对吧？"
    },
    {
      "id": "choice_fail_n_11204_1",
      "desc": "判定失败",
      "dlg": "唔，是不新鲜的部位吗？"
    },
    {
      "id": "battle_clear_11204_1",
      "desc": "战斗胜利",
      "dlg": "收获还算不错。"
    },
    {
      "id": "battle_clear_ex_11204_1",
      "desc": "EX CLEAR战斗胜利",
      "dlg": "呼……杀太多了吗？该怎么带回去才好……"
    },
    {
      "id": "battle_defeat_11204_1",
      "desc": "战斗失败",
      "dlg": "算了，那肉没准也不怎么好吃。"
    }
  ]
}