{
  "dataList": [
    {
      "id": "get_10207_1",
      "desc": "获得时",
      "dlg": "T-01-54，开始对该收容异想体进行工作。"
    },
    {
      "id": "lobby_morning_10207_1",
      "desc": "早间问候",
      "dlg": "啊，早上好，经理。请将今天的异想体工作顺序清单交给我，我会将其转交给队员的。"
    },
    {
      "id": "lobby_noon_10207_1",
      "desc": "午间问候",
      "dlg": "职员们好像一起享用了一顿美好的午餐。我们控制部的员工不会特意聚餐……Malkuth女士是否希望我们这么做呢。"
    },
    {
      "id": "lobby_night_10207_1",
      "desc": "晚间问候",
      "dlg": "今日工作量已完成95%。好像PE-BOX数量已达到目标了。今日也辛苦了。"
    },
    {
      "id": "smalltalk_10207_1",
      "desc": "对话 1",
      "dlg": "“被遗弃的杀人魔”吗？我想其特征便是没有特定的工作偏好。啊，看来还是避开压迫工作会比较好。"
    },
    {
      "id": "smalltalk_10207_2",
      "desc": "对话2",
      "dlg": "若让擅长工作的员工去负责异想体工作，就不会出现大问题。但是，不好的工作结果也许会使异想体出逃……请您务必留意这点。"
    },
    {
      "id": "smalltalk_10207_3",
      "desc": "对话3",
      "dlg": "配发的E.G.O护甲效果十分显著。但由于其精神抗性较低，许多精神脆弱的员工经常说自己有种被这套约束衣紧缚的感觉……"
    },
    {
      "id": "smalltalk_10207_4",
      "desc": "同步后对话 1",
      "dlg": "E.G.O饰品在不知不觉间多了起来，它们也没我预想的那般不舒服。"
    },
    {
      "id": "smalltalk_10207_5",
      "desc": "同步后对话 2",
      "dlg": "当它的头慢慢变成金属时，会有什么样的感受呢。当这把锤子砸碎敌人时，它是否会觉得自己的头在被敲响呢。"
    },
    {
      "id": "neglect_10207_1",
      "desc": "闲置",
      "dlg": "……又来了，撞击头部的声音……"
    },
    {
      "id": "gacksung_10207_1",
      "desc": "进行同步",
      "dlg": "控制部队长，浮士德。遵从经理的命令，开始对绿色的黎明进行镇压工作。"
    },
    {
      "id": "formation_10207_1",
      "desc": "人格出战",
      "dlg": "准备完毕。"
    },
    {
      "id": "battleentry_10207_1",
      "desc": "进入战斗",
      "dlg": "准备镇压。"
    },
    {
      "id": "battle_select_10207_1",
      "desc": "战斗中选中人格",
      "dlg": "还有其他工作吗？"
    },
    {
      "id": "battle_endcommand_10207_1",
      "desc": "进行攻击",
      "dlg": "已确认出逃的个体。"
    },
    {
      "id": "battle_enemy_break_10207_1",
      "desc": "敌方混乱",
      "dlg": "对象已被削弱。"
    },
    {
      "id": "battle_break_10207_1",
      "desc": "自身混乱",
      "dlg": "啊……"
    },
    {
      "id": "battle_kill_10207_1",
      "desc": "击杀敌方",
      "dlg": "出逃个体已处理完毕。"
    },
    {
      "id": "battle_dead_10207_1",
      "desc": "自身阵亡",
      "dlg": "镇压工作，失败……"
    },
    {
      "id": "choice_success_p_10207_2",
      "desc": "判定成功",
      "dlg": "作为辅助工作也不错。"
    },
    {
      "id": "choice_fail_n_10207_1",
      "desc": "判定失败",
      "dlg": "这项管理工作不适合我……我会记在管理记录上的。"
    },
    {
      "id": "battle_clear_10207_1",
      "desc": "战斗胜利",
      "dlg": "镇压工作已完成。回归至管理工作。"
    },
    {
      "id": "battle_clear_ex_10207_1",
      "desc": "EX CLEAR战斗胜利",
      "dlg": "镇压完毕。建议您还是尽早习惯警报声为好。因为浮士德知道，在第50天到来之前还有漫长的时日。"
    },
    {
      "id": "battle_defeat_10207_1",
      "desc": "战斗失败",
      "dlg": "控制部镇压失败。正在向其他部门请求支援……"
    }
  ]
}