{
  "dataList": [
    {
      "id": "get_10405_1",
      "desc": "获得时",
      "dlg": "荒谬。竟然让我去当・保。"
    },
    {
      "id": "lobby_morning_10405_1",
      "desc": "早间问候",
      "dlg": "好好听早课……别惹麻烦。"
    },
    {
      "id": "lobby_noon_10405_1",
      "desc": "午间问候",
      "dlg": "午饭……？自・吃。光是在这时候出门就够让人心烦了。"
    },
    {
      "id": "lobby_night_10405_1",
      "desc": "晚间问候",
      "dlg": "晚上了……不久后，列车就会到站。终于有点有意思的了。"
    },
    {
      "id": "smalltalk_10405_1",
      "desc": "对话 1",
      "dlg": "“只是清理、打扫列车”……哈，这可不仅仅是清扫。而是一种艺术。"
    },
    {
      "id": "smalltalk_10405_2",
      "desc": "对话 2",
      "dlg": "每当车门打开的时候，便有形形色色的艺术品在迎接我。能有机会观摩数千年间沉淀而成的美学，只是想象一下都能让人感到心潮澎湃，不是吗？"
    },
    {
      "id": "smalltalk_10405_3",
      "desc": "对话 3",
      "dlg": "我本应该全身心投入到列车清扫工作里，却突然负责起什么新人培训……喂，你去和上头的说说。"
    },
    {
      "id": "smalltalk_10405_4",
      "desc": "同步后对话 1",
      "dlg": "偶尔……未经雕琢的艺术品会四处乱跑。那些大多是许多乘客融在一起后的样子。\n我觉得那姿态本身就十分美妙……但最后还是要把它们剥开……令人遗憾。"
    },
    {
      "id": "smalltalk_10405_5",
      "desc": "同步后对话 2",
      "dlg": "工作中最精彩的一点吗……当然能说了。那就是，艺术品们完全不曾想过自己坐上列车就会变成艺术品这一点。\n不，也不是不知道……应该说是他们没想知道。这种讽刺是最妙的。"
    },
    {
      "id": "neglect_10405_1",
      "desc": "闲置",
      "dlg": "呼……这该死的等待什么时候结束。我已经不耐烦了……"
    },
    {
      "id": "gacksung_10405_1",
      "desc": "进行同步",
      "dlg": "哼，如果你认同我的实力，那就不该把我分配去管理人员，而是进行现场清扫。"
    },
    {
      "id": "formation_10405_1",
      "desc": "人格出战",
      "dlg": "终于到现场工作了。"
    },
    {
      "id": "battleentry_10405_1",
      "desc": "进入战斗",
      "dlg": "清扫时间到了。"
    },
    {
      "id": "battle_select_10405_1",
      "desc": "战斗中选中人格",
      "dlg": "别打断我。现在正是……好时候呢。"
    },
    {
      "id": "battle_endcommand_10405_1",
      "desc": "进行攻击",
      "dlg": "我会将作品刻于你眼中。"
    },
    {
      "id": "battle_enemy_break_10405_1",
      "desc": "敌方混乱",
      "dlg": "就要完成了吗……"
    },
    {
      "id": "battle_break_10405_1",
      "desc": "自身混乱",
      "dlg": "哈。"
    },
    {
      "id": "battle_kill_10405_1",
      "desc": "击杀敌方",
      "dlg": "收笔。"
    },
    {
      "id": "battle_dead_10405_1",
      "desc": "自身阵亡",
      "dlg": "哈，这也是……相当前卫啊……"
    },
    {
      "id": "choice_success_p_10405_2",
      "desc": "判定成功",
      "dlg": "没・问。"
    },
    {
      "id": "choice_fail_n_10405_1",
      "desc": "判定失败",
      "dlg": "妈・的。"
    },
    {
      "id": "battle_clear_10405_1",
      "desc": "战斗胜利",
      "dlg": "还不赖……那么，等下一班列车来吧。"
    },
    {
      "id": "battle_clear_ex_10405_1",
      "desc": "EX CLEAR战斗胜利",
      "dlg": "精彩的展览。哈，我是不是该对他们说感激不尽？"
    },
    {
      "id": "battle_defeat_10405_1",
      "desc": "战斗失败",
      "dlg": "真惨烈……不对，被降职的话我不就能做更多现场工作了吗？"
    }
  ]
}