{
  "dataList": [
    {
      "id": "get_10407_1",
      "desc": "获得时",
      "dlg": "哈。对展现在训练室里的艺术好奇吗？"
    },
    {
      "id": "lobby_morning_10407_1",
      "desc": "早间问候",
      "dlg": "外面好吵。好像又是在吵着要吃早饭。哼，明明没有比锻炼身体更令人愉悦的事情了。"
    },
    {
      "id": "lobby_noon_10407_1",
      "desc": "午间问候",
      "dlg": "已经中午了么……无・谓。如果不是工作的话就没必要叫我。除非有工作，否则我不打算离开这里。"
    },
    {
      "id": "lobby_night_10407_1",
      "desc": "晚间问候",
      "dlg": "睡去跟醒来并没有什么特定的条件。累了就去睡觉，休息好了就醒过来。睡在哪儿并不重要。\n知道吗？靠着这个木人桩睡觉还挺舒服的。呼。"
    },
    {
      "id": "smalltalk_10407_1",
      "desc": "对话 1",
      "dlg": "温暖，和睦。那便是六协的基调。哈。是吗，随他们怎么说吧。\n我学到六协的行动纲领是如火炎般燃烧。仅此而已。"
    },
    {
      "id": "smalltalk_10407_2",
      "desc": "对话 2",
      "dlg": "火焰虽然强大而华丽，同时也纤细又懦弱。\n想要时刻保持火焰旺盛，唯一的办法就是不断地投进柴火。想做到这一点，就只能不停训练。"
    },
    {
      "id": "smalltalk_10407_3",
      "desc": "对话 3",
      "dlg": "烧伤瘢痕与强化纹身有许多相似之处。画上去时如灼烧般的疼痛，一点一点将皮肤染成其他颜色。\n……以及会随着覆盖面的增加愈发强大。"
    },
    {
      "id": "smalltalk_10407_4",
      "desc": "同步后对话 1",
      "dlg": "哈！什么样的身体才能比木头还要脆弱啊？我可不想浪费火花。\n……不，看着他们的身体扭曲的样子也挺有意思吧。呵。"
    },
    {
      "id": "smalltalk_10407_5",
      "desc": "同步后对话 2",
      "dlg": "连・打。然后，一・式。用来给穷追不舍的连拳收尾，这贯穿肉体的灼热一击再合适不过了。\n就像烤得正好的肉配上红酒一样啊。"
    },
    {
      "id": "neglect_10407_1",
      "desc": "闲置",
      "dlg": "哼。怎么，你需要火么？"
    },
    {
      "id": "gacksung_10407_1",
      "desc": "进行同步",
      "dlg": "科长……我还以为她只会在我耳边吵闹，没想到教会了我这么有用的技术。呼，用来收尾真是恰到好处。"
    },
    {
      "id": "formation_10407_1",
      "desc": "人格出战",
      "dlg": "既然是工作的话，就出发吧。"
    },
    {
      "id": "battleentry_10407_1",
      "desc": "进入战斗",
      "dlg": "会动的木人桩，看来会很有趣。"
    },
    {
      "id": "battle_select_10407_1",
      "desc": "战斗中选中人格",
      "dlg": "让开。我正在集中注意力。"
    },
    {
      "id": "battle_endcommand_10407_1",
      "desc": "进行攻击",
      "dlg": "一式！"
    },
    {
      "id": "battle_enemy_break_10407_1",
      "desc": "敌方混乱",
      "dlg": "站直了。木头人都比你有用。"
    },
    {
      "id": "battle_break_10407_1",
      "desc": "自身混乱",
      "dlg": "啧……！"
    },
    {
      "id": "battle_kill_10407_1",
      "desc": "击杀敌方",
      "dlg": "啧，已经坏掉了么。如此无用。"
    },
    {
      "id": "battle_dead_10407_1",
      "desc": "自身阵亡",
      "dlg": "哈……啊。只用不会动的木头块当训练器材……果然不太够吗。"
    },
    {
      "id": "choice_success_p_10407_2",
      "desc": "判定成功",
      "dlg": "别让我做无用的事情。"
    },
    {
      "id": "choice_fail_n_10407_1",
      "desc": "判定失败",
      "dlg": "这就是浪费我时间的下场。"
    },
    {
      "id": "battle_clear_10407_1",
      "desc": "战斗胜利",
      "dlg": "结束了吗。好吧，偶尔面对会动的对手也不错。胜败已定的话就没意思了。"
    },
    {
      "id": "battle_clear_ex_10407_1",
      "desc": "EX CLEAR战斗胜利",
      "dlg": "还不如训练场有乐趣吗。也没有压倒性的趣味点。还是得专注于训练了啊。"
    },
    {
      "id": "battle_defeat_10407_1",
      "desc": "战斗失败",
      "dlg": "竟然会输……？无・信。竟然输给这种程度的软木块。是我的训练方法出问题了吗……？"
    }
  ]
}