{
  "dataList": [
    {
      "id": "get_11201_1",
      "desc": "获得时",
      "dlg": "嗯……我是格里高尔。嘛啊，除了睡觉的时候以外都可以随意找我聊天。"
    },
    {
      "id": "lobby_morning_11201_1",
      "desc": "早间问候",
      "dlg": "是个挺不错的早晨吧？"
    },
    {
      "id": "lobby_noon_11201_1",
      "desc": "午间问候",
      "dlg": "来来，再怎么忙也得先把午饭吃了。"
    },
    {
      "id": "lobby_night_11201_1",
      "desc": "晚间问候",
      "dlg": "今天一天也辛苦啦。"
    },
    {
      "id": "smalltalk_11201_1",
      "desc": "对话 1",
      "dlg": "咱们经理兄平常都是怎么消磨时间的？我倒是可以递你根烟……但你看上去也抽不了啊。"
    },
    {
      "id": "smalltalk_11201_2",
      "desc": "对话 2",
      "dlg": "我最讨厌的东西？那些长着一对触须还有黑壳子的家伙。我尤其讨厌它们淹进水里还能咕噜咕噜浮起来的那种顽强的生命力。"
    },
    {
      "id": "smalltalk_11201_3",
      "desc": "对话 3",
      "dlg": "经理兄，你有眼镜布……不对，是我多嘴了。你要为自己不用戴眼镜感到庆幸啊。"
    },
    {
      "id": "smalltalk_11201_4",
      "desc": "对话 4",
      "dlg": "虽然对失去记忆的经理兄说这话也有些那什么……但确实也有些完全抹除也不让人觉得可惜的记忆，你能理解吗？就像是，在等待漫长的战争结束的那天一样。\n"
    },
    {
      "id": "smalltalk_11201_5",
      "desc": "对话 5",
      "dlg": "这只手臂，不管怎么切掉都会再长出来。啊，还是叫虫肢比较好？现在它已经快和我成为一家人了，我是指不管喜不喜欢我都只能接受它这样。"
    },
    {
      "id": "neglect_11201_1",
      "desc": "闲置",
      "dlg": "嗯？经理兄？你去哪儿了？"
    },
    {
      "id": "formation_11201_1",
      "desc": "人格出战",
      "dlg": "啊啊，我会尽力的。"
    },
    {
      "id": "battleentry_11201_1",
      "desc": "进入战斗",
      "dlg": "上？让我上……？唉……算了，我会尽力的。"
    },
    {
      "id": "battle_select_11201_1",
      "desc": "战斗中选中人格",
      "dlg": "怎么了，找我有事？"
    },
    {
      "id": "battle_endcommand_11201_1",
      "desc": "进行攻击",
      "dlg": "好嘞，我上了！"
    },
    {
      "id": "battle_enemy_break_11201_1",
      "desc": "敌方混乱",
      "dlg": "哟，感觉比我想象的更顺啊。"
    },
    {
      "id": "battle_break_11201_1",
      "desc": "自身混乱",
      "dlg": "哎呀……"
    },
    {
      "id": "battle_allydead_11201_1",
      "desc": "友方阵亡",
      "dlg": "那个，经理兄。是不是该，回拨一下指针了？"
    },
    {
      "id": "choice_success_p_11201_1",
      "desc": "判定成功",
      "dlg": "经理兄！这次还挺成功的吧？"
    },
    {
      "id": "choice_fail_n_11201_1",
      "desc": "判定失败",
      "dlg": "我告诉过你……我是真尽力了。"
    },
    {
      "id": "battle_clear_11201_1",
      "desc": "战斗胜利",
      "dlg": "哈啊~总算赢了。辛苦啦，经理兄。"
    },
    {
      "id": "battle_clear_ex_11201_1",
      "desc": "EX CLEAR战斗胜利",
      "dlg": "勋章就算了。但香烟我倒是来者不拒。"
    },
    {
      "id": "battle_defeat_11201_1",
      "desc": "战斗失败",
      "dlg": "对不住啊，今天好像没能集中精神。谁都偶尔会有这种日子，对吧？"
    }
  ]
}