{
  "dataList": [
    {
      "id": "get_10805_1",
      "desc": "获得时",
      "dlg": "哈……请不要笑了。您是觉得我因为喜欢才穿成这样的吗？"
    },
    {
      "id": "lobby_morning_10805_1",
      "desc": "早间问候",
      "dlg": "我从早上起就感觉糟透了……啊，您听到了？但……这是事实。"
    },
    {
      "id": "lobby_noon_10805_1",
      "desc": "午间问候",
      "dlg": "您知道吗，这些黏糊糊的东西很难吃。\n我是怎么知道的……？午餐时间我懒得把它给脱下来，然后……就说到这吧。"
    },
    {
      "id": "lobby_night_10805_1",
      "desc": "晚间问候",
      "dlg": "优点吗……请看这里。这对翅膀会发出夜光。就连夜晚也无需照明。我想，这就是它唯一的优点。"
    },
    {
      "id": "smalltalk_10805_1",
      "desc": "对话 1",
      "dlg": "真奇怪……尽管它让我的情绪跌至谷底，但感觉也不像外表那般沉重。"
    },
    {
      "id": "smalltalk_10805_2",
      "desc": "对话 2",
      "dlg": "啊哈！……请，请离我远点……哈，自从我穿上这个后就一直笑得像个酒鬼，真是恼人。"
    },
    {
      "id": "smalltalk_10805_3",
      "desc": "对话 3",
      "dlg": "……我不会飞，您到底要问多少次啊？首先，这么小的翅膀……哈啊，算了吧。"
    },
    {
      "id": "smalltalk_10805_4",
      "desc": "同步后对话 1",
      "dlg": "唔……再来杯精灵酒……呃！我为什么一直在说这种话？经理！你知道原因的吧？！"
    },
    {
      "id": "smalltalk_10805_5",
      "desc": "同步后对话 2",
      "dlg": "我还是不明白为什么我必须用这东西……不过，经过我不断地使用，它确实与我越来越契合了。\n不！我说的不是这果冻状的东西，我指的是作为武器而言！"
    },
    {
      "id": "gacksung_10805_1",
      "desc": "进行同步",
      "dlg": "结果……我因为这种东西被承认了呢……都不知道是该高兴还是生气。"
    },
    {
      "id": "neglect_10805_1",
      "desc": "闲置",
      "dlg": "哈……我甚至不想坐下，这东西一坐就粘在椅子上……"
    },
    {
      "id": "formation_10805_1",
      "desc": "人格出战",
      "dlg": "让我们去解放技术吧。我不太习惯这种事，所以……可能会有点跟不上节奏。"
    },
    {
      "id": "battleentry_10805_1",
      "desc": "进入战斗",
      "dlg": "唔……它黏糊糊的。"
    },
    {
      "id": "battle_select_10805_1",
      "desc": "战斗中选择人格",
      "dlg": "没心情，请简单说下重点吧。"
    },
    {
      "id": "battle_endcommand_10805_1",
      "desc": "进行攻击",
      "dlg": "我上了！"
    },
    {
      "id": "battle_enemy_break_10805_1",
      "desc": "敌方混乱",
      "dlg": "干杯！……我是说，利索的一击，对吧？"
    },
    {
      "id": "battle_break_10805_1",
      "desc": "自身混乱",
      "dlg": "呕……"
    },
    {
      "id": "battle_kill_10805_1",
      "desc": "击杀敌方",
      "dlg": "看来醉倒了。"
    },
    {
      "id": "battle_dead_10805_1",
      "desc": "自身阵亡",
      "dlg": "啊……到这种时候身上都还是……黏糊糊的……"
    },
    {
      "id": "choice_success_p_10805_2",
      "desc": "判定成功",
      "dlg": "观测到强力黏着的效果。"
    },
    {
      "id": "choice_fail_n_10805_1",
      "desc": "判定失败",
      "dlg": "呃，都是因为这东西很碍事。"
    },
    {
      "id": "battle_clear_10805_1",
      "desc": "战斗胜利",
      "dlg": "呼。总算解决了……这有助于解放更多技术吧？"
    },
    {
      "id": "battle_clear_ex_10805_1",
      "desc": "EX CLEAR战斗胜利",
      "dlg": "啊哈！既然已经完事了，让我们喝些精灵酒……哦，我又开始说胡话了……我们回去吧。"
    },
    {
      "id": "battle_defeat_10805_1",
      "desc": "战斗失败",
      "dlg": "妈的……我们，解放失败了吧。连一件事情都没有顺利解决。"
    }
  ]
}