{
  "dataList": [
    {
      "id": "get_10901_1",
      "desc": "获得时",
      "dlg": "你好~我是罗佳。我有个更长的名字，但那样称呼的话未免太冷淡了点，所以叫我罗佳就好~ "
    },
    {
      "id": "lobby_morning_10901_1",
      "desc": "早间问候",
      "dlg": "哈欠~这么早就醒了？我就再睡一会儿，真希望有人能给我准备早餐啊。"
    },
    {
      "id": "lobby_noon_10901_1",
      "desc": "午间问候",
      "dlg": "午餐吃了什么？我想来一份鲜嫩多汁的……大肉排，可惜浮士德说不行。"
    },
    {
      "id": "lobby_night_10901_1",
      "desc": "晚间问候",
      "dlg": "睡不着吗？我们俩来局扑克怎么样？就玩“单挑”吧。呦呼。"
    },
    {
      "id": "smalltalk_10901_1",
      "desc": "对话 1",
      "dlg": "虽然人们叫我远离金钱……但是没门。虽然拜金主义会毁人一生，但像我这样爱钱的人一定会成功的。"
    },
    {
      "id": "smalltalk_10901_2",
      "desc": "对话 2",
      "dlg": "但丁，偶尔劳逸结合一下也可以吧？谁都需要休息嘛。……所以出去买点好吃的回来吧？嗯？"
    },
    {
      "id": "smalltalk_10901_3",
      "desc": "对话 3",
      "dlg": "我最喜欢的事情……就是一边享用让人垂涎欲滴的上等肉一边打牌。当然，不管玩什么我都会赢。"
    },
    {
      "id": "smalltalk_10901_4",
      "desc": "对话 4",
      "dlg": "我的家乡可不是一般的冷。相比之下这里简直就是温室。我有时会在想这里是不是热过头了。但丁的家乡呢？啊，对哦……记起来的话一定要告诉我哦？"
    },
    {
      "id": "smalltalk_10901_5",
      "desc": "对话 5",
      "dlg": "你可真是个奇怪的人，但丁。你怎么能把生活过得如此无趣？如果你丢掉头的时候把你喜欢的东西也一并忘掉了的话……嗯，那可真令人难过……"
    },
    {
      "id": "neglect_10901_1",
      "desc": "闲置",
      "dlg": "但丁？你是出去买好吃的了吧？我会期待你的哦？"
    },
    {
      "id": "formation_10901_1",
      "desc": "人格出战",
      "dlg": "需要帮忙吗？"
    },
    {
      "id": "battleentry_10901_1",
      "desc": "进入战斗",
      "dlg": "快点搞定然后吃饭去~"
    },
    {
      "id": "battle_select_10901_1",
      "desc": "战斗中选中人格",
      "dlg": "怎么啦？想我了吗？"
    },
    {
      "id": "battle_endcommand_10901_1",
      "desc": "进行攻击",
      "dlg": "我去去就回~"
    },
    {
      "id": "battle_enemy_break_10901_1",
      "desc": "敌方混乱",
      "dlg": "就这点能耐吗？"
    },
    {
      "id": "battle_break_10901_1",
      "desc": "自身混乱",
      "dlg": "呃……"
    },
    {
      "id": "battle_kill_10901_1",
      "desc": "击杀敌方",
      "dlg": "搞定！ 回去记得请我一顿，但丁~"
    },
    {
      "id": "battle_allydead_10901_1",
      "desc": "友方阵亡",
      "dlg": "哦天……又要让你受苦了，但丁~ "
    },
    {
      "id": "choice_success_p_10901_1",
      "desc": "判定成功",
      "dlg": "换做其他人可不一定做得到哦？"
    },
    {
      "id": "choice_fail_n_10901_1",
      "desc": "判定失败",
      "dlg": "哈~我可警告过你喽。"
    },
    {
      "id": "battle_clear_10901_1",
      "desc": "战斗胜利",
      "dlg": "小菜一碟~比起称赞……你懂得？"
    },
    {
      "id": "battle_clear_ex_10901_1",
      "desc": "EX CLEAR战斗胜利",
      "dlg": "完~美~！只不过对我而言好像还差点意思？"
    },
    {
      "id": "battle_defeat_10901_1",
      "desc": "战斗失败",
      "dlg": "你可以做的更好的~这可不怪我哦？"
    }
  ]
}