{
  "dataList": [
    {
      "id": "get_10408_1",
      "desc": "获得时",
      "dlg": "迅・正。就凭你也能自称为管家？退下，我来给你示范。迅速，而且正确地……"
    },
    {
      "id": "lobby_morning_10408_1",
      "desc": "早间问候",
      "dlg": "管家们必须比主人提早两个小时起床。去把他们揍醒。"
    },
    {
      "id": "lobby_noon_10408_1",
      "desc": "午间问候",
      "dlg": "厨房的人都在干什么？雇主们的午饭已经迟到五分钟了。这像话吗？你们也想被处以安・眠・折・脖之刑吗？"
    },
    {
      "id": "lobby_night_10408_1",
      "desc": "晚间问候",
      "dlg": "确保你们的刀叉都已经磨锋利了。当管家真正的愉悦之处就在于“夜间警备”……呵。"
    },
    {
      "id": "smalltalk_10408_1",
      "desc": "对话 1",
      "dlg": "我讨厌发表长篇大论……但总有那些做事马虎的人，害得我得多费口舌斥责他们。\n哈……当首席管家也是很累的。"
    },
    {
      "id": "smalltalk_10408_2",
      "desc": "对话 2",
      "dlg": "像你这么整理箱子……万一碰到紧急情况，你打算怎么把餐具取出来。真是没脑子……\n好好看着。我从头再教一遍。已经是第七次了……"
    },
    {
      "id": "smalltalk_10408_3",
      "desc": "对话 3",
      "dlg": "狩猎即将开始。这次的目标……我很在意，因为我们也算是一起同甘共苦过……\n啧，还是只能由我亲手处理这事。联系上格里高尔那蠢货了吗？"
    },
    {
      "id": "smalltalk_10408_4",
      "desc": "同步后对话 1",
      "dlg": "退下！那家伙是……啧。说来话长。凭你们蝼蚁一样的攻击派不上用场，回去处理宅邸里剩下的清扫工作。\n那家伙……由我来对付。"
    },
    {
      "id": "smalltalk_10408_5",
      "desc": "同步后对话 2",
      "dlg": "没想到我们最后会这样重逢……气氛真差。作为首席管家，我可不喜欢这种归乡方式。\n至少……得举办个刺激的欢迎会才能与之相称。呵。"
    },
    {
      "id": "neglect_10408_1",
      "desc": "闲置",
      "dlg": "别光是发呆，磨刀去。哈啊……反反复复说了多少次了。"
    },
    {
      "id": "gacksung_10408_1",
      "desc": "进行同步",
      "dlg": "很好，我们是时候来个了断……希斯克利夫。那家伙必须由我来处理……因为这是“家务”。"
    },
    {
      "id": "formation_10408_1",
      "desc": "人格出战",
      "dlg": "按照混蛋主人的意思，准备好了。"
    },
    {
      "id": "battleentry_10408_1",
      "desc": "进入战斗",
      "dlg": "狩猎餐具，准备完毕。"
    },
    {
      "id": "battle_select_10408_1",
      "desc": "战斗中选中人格",
      "dlg": "别出风头了，躲到我身后去，蠢货主人。"
    },
    {
      "id": "battle_endcommand_10408_1",
      "desc": "进行攻击",
      "dlg": "进行战斗接待。"
    },
    {
      "id": "battle_enemy_break_10408_1",
      "desc": "敌方混乱",
      "dlg": "准备闭上眼吧……"
    },
    {
      "id": "battle_break_10408_1",
      "desc": "自身混乱",
      "dlg": "啧……"
    },
    {
      "id": "battle_kill_10408_1",
      "desc": "击杀敌方",
      "dlg": "现在立刻，做梦去。"
    },
    {
      "id": "battle_dead_10408_1",
      "desc": "自身阵亡",
      "dlg": "咳……我必须……照顾好混蛋主人……才行。"
    },
    {
      "id": "choice_success_p_10408_2",
      "desc": "判定成功",
      "dlg": "呼，整理完成。"
    },
    {
      "id": "choice_fail_n_10408_1",
      "desc": "判定失败",
      "dlg": "算了，这在我的业务范围之外。老实接受吧。"
    },
    {
      "id": "battle_clear_10408_1",
      "desc": "战斗胜利",
      "dlg": "解决完“家务”之后就快点回去。要是晚睡导致明天上午的工作应付了事就全部折・脖。"
    },
    {
      "id": "battle_clear_ex_10408_1",
      "desc": "EX CLEAR战斗胜利",
      "dlg": "战斗接待成功。表现不错。现在回去处理别的“家务”吧。"
    },
    {
      "id": "battle_defeat_10408_1",
      "desc": "战斗失败",
      "dlg": "狩猎失败……有一大堆需要补足的地方。呼，虽然管家们也有问题……但是蠢货主人，也需要一起接受再教育。"
    }
  ]
}