{
  "dataList": [
    {
      "id": "get_10605_1",
      "desc": "获得时",
      "dlg": "嗯……我只要把眼前这些人都摘除，就好了吧？"
    },
    {
      "id": "lobby_morning_10605_1",
      "desc": "早间问候",
      "dlg": "外面是白天还是夜晚，对我来说很难区分。毕竟不需要摘除的时候……我一直都在这里。"
    },
    {
      "id": "lobby_noon_10605_1",
      "desc": "午间问候",
      "dlg": "这样啊……现在是中午了？真令人怀念。以前这是我悠闲喝茶的时间。"
    },
    {
      "id": "lobby_night_10605_1",
      "desc": "晚间问候",
      "dlg": "啊，我知道现在是晚上。刚刚值夜班的人正好来拜访过。"
    },
    {
      "id": "smalltalk_10605_1",
      "desc": "对话 1",
      "dlg": "除了必要情况以外……我们这些3级摘除人员必须常时让身体适应所要使用的HP安瓿的类型和浓度。"
    },
    {
      "id": "smalltalk_10605_2",
      "desc": "对话 2",
      "dlg": "我认为再生安瓿是十分有用的技术……它们既可以像这样维持健康，也可以治疗身体~改变浓度后还能作为使目标崩解的攻击手段。"
    },
    {
      "id": "smalltalk_10605_3",
      "desc": "对话 3",
      "dlg": "啊……我不是很想和机器战斗。我武器上装配的刀刃只对活体组织有反应，对机器可不怎么有效啊~"
    },
    {
      "id": "smalltalk_10605_4",
      "desc": "同步后对话 1",
      "dlg": "您问我是怎么开始从事这份工作的？哈~虽然我记忆有些模糊……\n但应该是奶奶让我之后在这里工作，然后我貌似就被送来了。嘛，除此之外还会有别的特殊理由吗？"
    },
    {
      "id": "smalltalk_10605_5",
      "desc": "同步后对话 2",
      "dlg": "我只告诉您……其实啊，这里的大人物似乎和我的家族交往甚密呢！\n呼呼，这就是人们常说的走后门嘛？"
    },
    {
      "id": "neglect_10605_1",
      "desc": "闲置",
      "dlg": "您已经不想陪我聊天了吗？真可惜~"
    },
    {
      "id": "gacksung_10605_1",
      "desc": "进行同步",
      "dlg": "部署……是吗？您以后会更频繁地传呼我吗？太好啦~我快无聊死了。"
    },
    {
      "id": "formation_10605_1",
      "desc": "人格出战",
      "dlg": "我随时都可以。"
    },
    {
      "id": "battleentry_10605_1",
      "desc": "进入战斗",
      "dlg": "进行部署。"
    },
    {
      "id": "battle_select_10605_1",
      "desc": "战斗中选中人格",
      "dlg": "我正忙着呢~但会特地听您吩咐哦。"
    },
    {
      "id": "battle_endcommand_10605_1",
      "desc": "进行攻击",
      "dlg": "开始摘除。"
    },
    {
      "id": "battle_enemy_break_10605_1",
      "desc": "敌方混乱",
      "dlg": "那应该很难再恢复吧。"
    },
    {
      "id": "battle_break_10605_1",
      "desc": "自身混乱",
      "dlg": "哎呀。"
    },
    {
      "id": "battle_kill_10605_1",
      "desc": "击杀敌方",
      "dlg": "完全融化了吧？"
    },
    {
      "id": "battle_dead_10605_1",
      "desc": "自身阵亡",
      "dlg": "欸……结果……我……注射安瓿……过量了吗？"
    },
    {
      "id": "choice_success_p_10605_2",
      "desc": "判定成功",
      "dlg": "呼呼，迅速解决。"
    },
    {
      "id": "choice_fail_n_10605_1",
      "desc": "判定失败",
      "dlg": "嗯……这本来就不是摘除人员的职责吧？"
    },
    {
      "id": "battle_clear_10605_1",
      "desc": "战斗胜利",
      "dlg": "哈~好久没呼吸到外面的空气了，感觉真好。"
    },
    {
      "id": "battle_clear_ex_10605_1",
      "desc": "EX CLEAR战斗胜利",
      "dlg": "呼呼，我自觉做得很好呢。您可以在我回去前稍微给些自由时间吗？"
    },
    {
      "id": "battle_defeat_10605_1",
      "desc": "战斗失败",
      "dlg": "啊呀……看来我们需要呼叫增援了。"
    }
  ]
}