{
  "dataList": [
    {
      "id": "get_11102_1",
      "desc": "获得时",
      "dlg": "我逐流而来，亦将斩尽阻滞而去。"
    },
    {
      "id": "lobby_morning_11102_1",
      "desc": "早间问候",
      "dlg": "我通常早起。看着太阳从地平线升起，能让我感受到一天的开始。"
    },
    {
      "id": "lobby_noon_11102_1",
      "desc": "午间问候",
      "dlg": "罗季昂……她执意要带我一同去餐厅。尽管对我来说很陌生……看上去进食也能成为某些人的乐趣。"
    },
    {
      "id": "lobby_night_11102_1",
      "desc": "晚间问候",
      "dlg": "若你想整理思绪，举头望月便好。"
    },
    {
      "id": "smalltalk_11102_1",
      "desc": "对话 1",
      "dlg": "你必须毫无犹豫地斩断任何摆在面前的阻碍，即便那有可能会伤到你的心。"
    },
    {
      "id": "smalltalk_11102_2",
      "desc": "对话 2",
      "dlg": "我不喜欢说太久的话。没有词藻比剑刃相交更为坦诚。"
    },
    {
      "id": "smalltalk_11102_3",
      "desc": "对话 3",
      "dlg": "身上带着一把剑，你会自然而然地头脑清晰、动作敏捷。"
    },
    {
      "id": "smalltalk_11102_4",
      "desc": "同步后对话 1",
      "dlg": "成为领袖如同远洋漂流。视线所能及处并无终点，实为重责大任……然，没有退路。"
    },
    {
      "id": "smalltalk_11102_5",
      "desc": "同步后对话 2",
      "dlg": "为所求之物，你愿做到何种程度，经理？你又肯失去多少自我？"
    },
    {
      "id": "neglect_11102_1",
      "desc": "闲置",
      "dlg": "现如今，科技进步，消去血迹成为了寻常小事。仿佛轻易忘记死亡于我们而言天经地义。"
    },
    {
      "id": "gacksung_11102_1",
      "desc": "进行同步",
      "dlg": "若是你所愿……我必将尽忠。"
    },
    {
      "id": "formation_11102_1",
      "desc": "人格出战",
      "dlg": "我会迅速解决。"
    },
    {
      "id": "battleentry_11102_1",
      "desc": "进入战斗",
      "dlg": "要准备交锋了。"
    },
    {
      "id": "battle_select_11102_1",
      "desc": "战斗中选中人格",
      "dlg": "能简洁些最好。"
    },
    {
      "id": "battle_endcommand_11102_1",
      "desc": "进行攻击",
      "dlg": "绝不后退。"
    },
    {
      "id": "battle_enemy_break_11102_1",
      "desc": "敌方混乱",
      "dlg": "应该能轻松解决。"
    },
    {
      "id": "battle_break_11102_1",
      "desc": "自身混乱",
      "dlg": "呃嗯！"
    },
    {
      "id": "battle_kill_11102_1",
      "desc": "击杀敌方",
      "dlg": "沉着处理的成果。"
    },
    {
      "id": "battle_allydead_11102_1",
      "desc": "友方阵亡",
      "dlg": "复原起来想必很辛苦，经理。"
    },
    {
      "id": "choice_success_p_11102_1",
      "desc": "判定成功",
      "dlg": "您懂得如何使用一把剑。"
    },
    {
      "id": "choice_fail_n_11102_1",
      "desc": "判定失败",
      "dlg": "是在下疏于训练。"
    },
    {
      "id": "battle_clear_11102_1",
      "desc": "战斗胜利",
      "dlg": "惟循吾道。"
    },
    {
      "id": "battle_clear_ex_11102_1",
      "desc": "EX CLEAR战斗胜利",
      "dlg": "于浪尖起舞，悉数斩尽。"
    },
    {
      "id": "battle_defeat_11102_1",
      "desc": "战斗失败",
      "dlg": "我已无悔。"
    }
  ]
}