{
  "dataList": [
    {
      "id": "get_10706_1",
      "desc": "获得时",
      "dlg": "从现场资料看来本次事件的原因是……啊，都说了我在想事了！等会再说。"
    },
    {
      "id": "lobby_morning_10706_1",
      "desc": "早间问候",
      "dlg": "早上别打扰我。我正在集中精神思考事情呢。"
    },
    {
      "id": "lobby_noon_10706_1",
      "desc": "午间问候",
      "dlg": "茶……不是，我不介意中午喝茶。但是……唉，现在去那边有点尴尬。我连着好几次没能及时结案了。\n一想到隔着柜台刺向我的那股视线……唔。"
    },
    {
      "id": "lobby_night_10706_1",
      "desc": "晚间问候",
      "dlg": "我怎么可能自愿上夜班。只是……现在不把这些事做掉我就睡不着。我会惦记一整晚的。"
    },
    {
      "id": "smalltalk_10706_1",
      "desc": "对话 1",
      "dlg": "别用分析师这种了不起的词来叫我……我做的事情没什么了不起的。只是从各种地方找到线索，然后凭直觉推测而已。"
    },
    {
      "id": "smalltalk_10706_2",
      "desc": "对话 2",
      "dlg": "哎……虽然不能完全确定……看这混蛋做过的事情就知道他绝对要被人盯上。\n……啊，我刚刚可不是在说客户是混蛋啊？我说不是就不是。"
    },
    {
      "id": "smalltalk_10706_3",
      "desc": "对话 3",
      "dlg": "啧。比起给事件下结论，把它们写成报告才更难。\n要是有个家伙能干净利落地把我脑子里的想法整理成报告就好了。"
    },
    {
      "id": "smalltalk_10706_4",
      "desc": "同步后对话 1",
      "dlg": "收拾……不对，要是事后处理也能委托给我们就好了。也能确认我的推测对不对……\n而且我花了多少心思，就能杀掉多少那些人。"
    },
    {
      "id": "smalltalk_10706_5",
      "desc": "同步后对话 2",
      "dlg": "这种事情倒是轻松愉快。反正也不需要动脑。嘛……也不是说我讨厌分析事件。那也蛮有意思的。"
    },
    {
      "id": "neglect_10706_1",
      "desc": "闲置",
      "dlg": "所以……这里是这么来……哈，来看看这些混蛋们？"
    },
    {
      "id": "gacksung_10706_1",
      "desc": "进行同步",
      "dlg": "啊。啊。你等下。现在线索似乎就要连上了……原来是这么发生的啊……过会再说。啊。"
    },
    {
      "id": "formation_10706_1",
      "desc": "人格出战",
      "dlg": "需要事后处理是吧。"
    },
    {
      "id": "battleentry_10706_1",
      "desc": "进入战斗",
      "dlg": "去解决事件吧？"
    },
    {
      "id": "battle_select_10706_1",
      "desc": "战斗中选中人格",
      "dlg": "啊？怎么？不是这家伙？怎么可能啊。"
    },
    {
      "id": "battle_endcommand_10706_1",
      "desc": "进行攻击",
      "dlg": "就是你吗？！"
    },
    {
      "id": "battle_enemy_break_10706_1",
      "desc": "敌方混乱",
      "dlg": "站不稳了吧？"
    },
    {
      "id": "battle_break_10706_1",
      "desc": "自身混乱",
      "dlg": "咳……"
    },
    {
      "id": "battle_kill_10706_1",
      "desc": "击杀敌方",
      "dlg": "啊，收拾掉一个家伙。"
    },
    {
      "id": "battle_dead_10706_1",
      "desc": "自身阵亡",
      "dlg": "啊……真……奇怪。不该是……这样。"
    },
    {
      "id": "choice_success_p_10706_2",
      "desc": "判定成功",
      "dlg": "哼，我就知道是这样。"
    },
    {
      "id": "choice_fail_n_10706_1",
      "desc": "判定失败",
      "dlg": "错了……？不可能，我的直觉告诉我……"
    },
    {
      "id": "battle_clear_10706_1",
      "desc": "战斗胜利时",
      "dlg": "结果我的直觉这次也准了吧？也就是说我还是有脑子的，你看吧！"
    },
    {
      "id": "battle_clear_ex_10706_1",
      "desc": "EX CLEAR战斗胜利",
      "dlg": "能到这里都是靠着我的直觉。这次也……没有出错吧？"
    },
    {
      "id": "battle_defeat_10706_1",
      "desc": "战斗失败",
      "dlg": "在事后处理的阶段居然还能出问题……我从没想到过会这样。"
    }
  ]
}