{
  "dataList": [
    {
      "id": "get_11009_1",
      "desc": "获得人格",
      "dlg": "偶尔我的手也会颤抖，希望不会被当成胆小鬼。"
    },
    {
      "id": "lobby_morning_11009_1",
      "desc": "早间问候",
      "dlg": "啊！您来得真早啊。今天收到的委托书已经照例放到您桌子上了。"
    },
    {
      "id": "lobby_noon_11009_1",
      "desc": "午间问候",
      "dlg": "不赶紧去工作的话，事务所的房租可就危险了。"
    },
    {
      "id": "lobby_night_11009_1",
      "desc": "晚间问候",
      "dlg": "夜晚的空气很冷呢。要帮您泡一杯暖和的双和茶吗？"
    },
    {
      "id": "smalltalk_11009_1",
      "desc": "对话 1",
      "dlg": "您喜欢音乐吗？我喜欢听大提琴的演奏。\n有朝一日我想去学一学。毕竟亲手演奏的音乐会有所不同。"
    },
    {
      "id": "smalltalk_11009_2",
      "desc": "对话 2",
      "dlg": "加热后的烙印工坊武器能给对手留下无法抹消而有着特殊纹样的烧伤。就算对手活下来，也只能一辈子伴随着那枚烙印而活了。"
    },
    {
      "id": "smalltalk_11009_3",
      "desc": "对话 3",
      "dlg": "啊，双和茶还合您口味吗？您说特色“明黄双和”吗……虽然双和茶中加入的蛋黄和我的发色确实很像……但还请您别再这样捉弄我啦……"
    },
    {
      "id": "smalltalk_11009_4",
      "desc": "同步后对话 1",
      "dlg": "生活在都市里的人……不能为了他人而行动吗？"
    },
    {
      "id": "smalltalk_11009_5",
      "desc": "同步后对话 2",
      "dlg": "为了他们……为了他人……为了某人……我用这种自私的话语来包装自己。您也曾用什么包装过自己吗？"
    },
    {
      "id": "neglect_11009_1",
      "desc": "放置",
      "dlg": "不论是谁……都需要整理思绪的时间。"
    },
    {
      "id": "gacksung_11009_1",
      "desc": "进行同步",
      "dlg": "没人能替悲伤的我哭泣。"
    },
    {
      "id": "formation_11009_1",
      "desc": "人格出战",
      "dlg": "是委托……吗？我会事先准备好的。"
    },
    {
      "id": "battleentry_11009_1",
      "desc": "入场",
      "dlg": "为了不拖后腿，我将尽我所能。"
    },
    {
      "id": "battle_select_11009_1",
      "desc": "战斗中选中人格",
      "dlg": "如果我也有面对什么的勇气……"
    },
    {
      "id": "battle_endcommand_11009_1",
      "desc": "进行攻击",
      "dlg": "听从您的决断。"
    },
    {
      "id": "battle_enemy_break_11009_1",
      "desc": "敌方混乱",
      "dlg": "不要犹豫……"
    },
    {
      "id": "battle_break_11009_1",
      "desc": "自身混乱",
      "dlg": "这样只会让您担心……"
    },
    {
      "id": "battle_kill_11009_1",
      "desc": "击杀敌方",
      "dlg": "再果敢些！"
    },
    {
      "id": "battle_dead_11009_1",
      "desc": "自身阵亡",
      "dlg": "我曾想过……我们能并肩战斗到最后……"
    },
    {
      "id": "choice_success_p_11009_2",
      "desc": "判定成功",
      "dlg": "这是为了各位好。"
    },
    {
      "id": "choice_fail_n_11009_1",
      "desc": "判定失败",
      "dlg": "我不想……成为累赘……"
    },
    {
      "id": "battle_clear_11009_1",
      "desc": "战斗胜利",
      "dlg": "虽然我们也不是没有损失……但还是结果更重要。"
    },
    {
      "id": "battle_clear_ex_11009_1",
      "desc": "EX CLEAR战斗胜利",
      "dlg": "这是一场名副其实的胜利。要像上次那样在回去前开场家庭派对吗？"
    },
    {
      "id": "battle_defeat_11009_1",
      "desc": "战斗失败",
      "dlg": "现在还不是时候……必须请求支援……"
    }
  ]
}