{
  "dataList": [
    {
      "id": "get_11202_1",
      "desc": "获得时",
      "dlg": "经理兄，你喜欢烟花吗？"
    },
    {
      "id": "lobby_morning_11202_1",
      "desc": "早间问候",
      "dlg": "今天太阳很明朗啊，光照充足。"
    },
    {
      "id": "lobby_noon_11202_1",
      "desc": "午间问候",
      "dlg": "我还想着大家为什么都猛的冲出去，原来是到午饭时间了啊。"
    },
    {
      "id": "lobby_night_11202_1",
      "desc": "晚间问候",
      "dlg": "真是的，大家怎么都这么忙。起码要给我留个点烟的时间吧？"
    },
    {
      "id": "smalltalk_11202_1",
      "desc": "对话 1",
      "dlg": "怎么了？要是闲着没事的话就跟我一起唠唠嗑再走吧？"
    },
    {
      "id": "smalltalk_11202_2",
      "desc": "对话 2",
      "dlg": "经理兄，你来看看。我用不着一直把这打火机带来带去了。之前良秀的打火机没油了，我就想着帮她点一下，结果她还是抱怨说什么不够艺术。"
    },
    {
      "id": "smalltalk_11202_3",
      "desc": "对话 3",
      "dlg": "你问默尔索？他，呃……像是一堵墙一样，但是别人说我俩是对不错的搭档。"
    },
    {
      "id": "smalltalk_11202_4",
      "desc": "同步后对话 1",
      "dlg": "你问我义肢有没有什么不便？完全没有。不如说，你知道没有知觉的手在战斗时能派上多大的用场吗？只要没有痛觉，我的手就是无敌的。仅此而已。"
    },
    {
      "id": "smalltalk_11202_5",
      "desc": "同步后对话 2",
      "dlg": "我讨厌上前线。可以的话我更希望在后方慢悠悠的，一边“咻咻”地放着火花一边战斗。"
    },
    {
      "id": "neglect_11202_1",
      "desc": "闲置",
      "dlg": "跑哪里去了，经理兄？那我也趁着这时间去抽个烟……"
    },
    {
      "id": "gacksung_11202_1",
      "desc": "进行同步",
      "dlg": "喂，我都说了不要这样。这会让我有种不卷起来不行的感觉啊。"
    },
    {
      "id": "formation_11202_1",
      "desc": "人格出战",
      "dlg": "嘛，我们去烧点什么吧。"
    },
    {
      "id": "battleentry_11202_1",
      "desc": "进入战斗",
      "dlg": "虽然不知道身体跟不跟得上……但只要你下令我就会执行。"
    },
    {
      "id": "battle_select_11202_1",
      "desc": "战斗中选中人格",
      "dlg": "经理兄，怎么了吗？"
    },
    {
      "id": "battle_endcommand_11202_1",
      "desc": "进行攻击",
      "dlg": "就这样上吧。"
    },
    {
      "id": "battle_break_11202_1",
      "desc": "自身混乱",
      "dlg": "唔！"
    },
    {
      "id": "battle_enemy_break_11202_1",
      "desc": "敌方混乱",
      "dlg": "比想象中要烧的更旺啊。"
    },
    {
      "id": "battle_kill_11202_1",
      "desc": "击杀敌方",
      "dlg": "下一个。"
    },
    {
      "id": "battle_allydead_11202_1",
      "desc": "友方阵亡",
      "dlg": "明明叫你当心点的……"
    },
    {
      "id": "choice_success_p_11202_1",
      "desc": "判定成功",
      "dlg": "比我想象中还好的选择啊。"
    },
    {
      "id": "choice_fail_n_11202_1",
      "desc": "判定失败",
      "dlg": "火也是会根据处理方式的不同而变化的……"
    },
    {
      "id": "battle_clear_11202_1",
      "desc": "战斗胜利",
      "dlg": "那个，我最后的那一拳，是不是很帅？"
    },
    {
      "id": "battle_clear_ex_11202_1",
      "desc": "EX CLEAR战斗胜利",
      "dlg": "啊啊，努力过头了。这下一整个星期都有借口休息了。"
    },
    {
      "id": "battle_defeat_11202_1",
      "desc": "战斗失败",
      "dlg": "今天没能好好点起火来……"
    }
  ]
}