{
  "dataList": [
    {
      "id": "get_11110_1",
      "desc": "获得时",
      "dlg": "开始列车清扫任务。把所有乘客安置到原位。"
    },
    {
      "id": "lobby_morning_11110_1",
      "desc": "早间问候",
      "dlg": "早上一般会空腹上班。就算已经习惯于看那些乘客，列车内的味道实在是难以习惯……"
    },
    {
      "id": "lobby_noon_11110_1",
      "desc": "午间问候",
      "dlg": "午饭一般会用WARP列车停靠站上贩卖的便当解决。\n听说本部那边的停靠站上的便当是最好吃的。如果有机会，请务必去尝尝。"
    },
    {
      "id": "lobby_night_11110_1",
      "desc": "晚间问候",
      "dlg": "请您先去休息，经理……\n我今天仍要工作到今天的最后一班车……不对，是明天的第一班车……"
    },
    {
      "id": "smalltalk_11110_1",
      "desc": "对话 1",
      "dlg": "由于最近某些不幸的事件使得票价下滑，导致经济舱乘客增加……害的需要清扫整顿的东西也成倍增加了。"
    },
    {
      "id": "smalltalk_11110_2",
      "desc": "对话 2",
      "dlg": "看好了，如果到站的列车内有乘客用自己挡着车门时……像这样用空间撕裂破门而入的方法是有效的。但，空间撕裂只允许在列车静止时使用。"
    },
    {
      "id": "smalltalk_11110_3",
      "desc": "对话 3",
      "dlg": "我们的工作是准确识别遗传因子，收集裂片，并把乘客放回原位。\n对乘客的武力压制只是为了工作而采取的附加行为。"
    },
    {
      "id": "smalltalk_11110_4",
      "desc": "同步后对话 1",
      "dlg": "偶尔会有清扫人员认为自己不适合这份工作……但作为领导者，就应该领导没有动力的人。\n特别是他们不会胡思乱想，所以将来会有很大的进步空间。"
    },
    {
      "id": "smalltalk_11110_5",
      "desc": "同步后对话 2",
      "dlg": "不必那么的对列车内的景象感到厌恶。翼的工作……一般就是这么回事。\n如果觉得难以直视，请看向别处。工作过程中能看到的只会有肉块。"
    },
    {
      "id": "neglect_11110_1",
      "desc": "闲置",
      "dlg": "……明明每天都乘坐列车，我却没法回去吗。"
    },
    {
      "id": "gacksung_11110_1",
      "desc": "进行同步",
      "dlg": "返程之路……！咳……仍旧那么艰难。"
    },
    {
      "id": "formation_11110_1",
      "desc": "人格出战",
      "dlg": "各清扫人员就位。即将开始列车清扫工作。"
    },
    {
      "id": "battleentry_11110_1",
      "desc": "进入战斗",
      "dlg": "次元波动手套，充能完毕。"
    },
    {
      "id": "battle_select_11110_1",
      "desc": "战斗中选中人格",
      "dlg": "等这辆列车清扫完毕后再给您答复。"
    },
    {
      "id": "battle_endcommand_11110_1",
      "desc": "进行攻击",
      "dlg": "充能功能检查。一举清扫。"
    },
    {
      "id": "battle_enemy_break_11110_1",
      "desc": "敌方混乱",
      "dlg": "已确认乘客丧失行动能力。"
    },
    {
      "id": "battle_break_11110_1",
      "desc": "自身混乱",
      "dlg": "唔……"
    },
    {
      "id": "battle_kill_11110_1",
      "desc": "击杀敌方",
      "dlg": "镇压结束。准备复原乘客。"
    },
    {
      "id": "battle_dead_11110_1",
      "desc": "自身阵亡",
      "dlg": "结果，在徘徊的路上……就这么……"
    },
    {
      "id": "choice_success_p_11110_2",
      "desc": "判定成功",
      "dlg": "我已经确保所有人都把手册背熟了……所以这是理所当然的结果。"
    },
    {
      "id": "choice_fail_n_11110_1",
      "desc": "判定失败",
      "dlg": "……手册需要更新了。"
    },
    {
      "id": "battle_clear_11110_1",
      "desc": "战斗胜利",
      "dlg": "清扫完毕。这之后在乘客们面前要像什么都没发生过一样行动。对你的所见所闻，都要守口如瓶。"
    },
    {
      "id": "battle_clear_ex_11110_1",
      "desc": "EX CLEAR战斗胜利",
      "dlg": "清扫结束得比预想的还要快。报告书由我来撰写，在下次清扫之前休息一下吧。"
    },
    {
      "id": "battle_defeat_11110_1",
      "desc": "战斗失败",
      "dlg": "……清扫失败，装备电量耗尽。没有回去的……办法了……"
    }
  ]
}