{
  "dataList": [
    {
      "id": "get_10705_1",
      "desc": "获得时",
      "dlg": "……滚一边去，别故意在我眼前晃悠。"
    },
    {
      "id": "lobby_morning_10705_1",
      "desc": "早间问候",
      "dlg": "太阳不出来的话我根本确定不了时间……喂，现在是早上吗？"
    },
    {
      "id": "lobby_noon_10705_1",
      "desc": "午间问候",
      "dlg": "在我穿着这套衣服睡醒的时候……就发现自己身处在这种堆满垃圾的小巷角落里。这地方就和我差不多。"
    },
    {
      "id": "lobby_night_10705_1",
      "desc": "晚间问候",
      "dlg": "你还是早点睡比较好。如果太晚的话……有时会冷到难以入睡。"
    },
    {
      "id": "smalltalk_10705_1",
      "desc": "对话 1",
      "dlg": "别老在我眼前晃悠，碍眼……我用这把旧伞就能放倒你一个。"
    },
    {
      "id": "smalltalk_10705_2",
      "desc": "对话 2",
      "dlg": "……名字？我还没给它起。反正这家伙不知道什么时候就会离开我。\n……别用那种眼神看我。"
    },
    {
      "id": "smalltalk_10705_3",
      "desc": "对话 3",
      "dlg": "虽说后巷中有无数阴暗寂静的角落……这里却是最能让我内心平静的地方。\n没人路过，也没人关心我。"
    },
    {
      "id": "smalltalk_10705_4",
      "desc": "同步后对话 1",
      "dlg": "别太得意。我将亲手摧毁这世间的所有技术。\n……如果你妨碍我，我会毫不犹豫地刺向你。"
    },
    {
      "id": "smalltalk_10705_5",
      "desc": "同步后对话 2",
      "dlg": "雨伞真方便啊……\n我对你没有半点期待。有种……就来试试吧。我要让你见识见识，被一把遗弃的伞骨扎进身子到底有多疼。"
    },
    {
      "id": "neglect_10705_1",
      "desc": "闲置",
      "dlg": "哼。和我玩够了吗？"
    },
    {
      "id": "gacksung_10705_1",
      "desc": "进行同步",
      "dlg": "即使你这家伙装得跟个大善人一样……我也不会消除对你的猜疑和警戒，直到所有的技术都被解放的那一天。"
    },
    {
      "id": "formation_10705_1",
      "desc": "人格出战",
      "dlg": "……为了一个得到解放的世界。"
    },
    {
      "id": "battleentry_10705_1",
      "desc": "进入战斗",
      "dlg": "我会把他们全都碾碎。"
    },
    {
      "id": "battle_select_10705_1",
      "desc": "战斗中选中人格",
      "dlg": "……怎么？"
    },
    {
      "id": "battle_endcommand_10705_1",
      "desc": "进行攻击",
      "dlg": "把你打成肉酱。"
    },
    {
      "id": "battle_enemy_break_10705_1",
      "desc": "敌方混乱",
      "dlg": "哈哈，看看他们滑倒的样子。"
    },
    {
      "id": "battle_break_10705_1",
      "desc": "自身混乱",
      "dlg": "妈的！"
    },
    {
      "id": "battle_kill_10705_1",
      "desc": "击杀敌方",
      "dlg": "你也成了一片破抹布啊。"
    },
    {
      "id": "battle_dead_10705_1",
      "desc": "自身阵亡",
      "dlg": "还没有……我还有很多要做的事情……"
    },
    {
      "id": "choice_success_p_10705_2",
      "desc": "判定成功",
      "dlg": "呵，很简单吧？"
    },
    {
      "id": "choice_fail_n_10705_1",
      "desc": "判定失败",
      "dlg": "我不是故意的。这你知道吧？"
    },
    {
      "id": "battle_clear_10705_1",
      "desc": "战斗胜利",
      "dlg": "为了那些曾被舍弃的人们……"
    },
    {
      "id": "battle_clear_ex_10705_1",
      "desc": "EX CLEAR战斗胜利",
      "dlg": "哈~我比平时稍微多用了点劲儿。"
    },
    {
      "id": "battle_defeat_10705_1",
      "desc": "战斗失败",
      "dlg": "切……又失败了。你要抛弃我吗？"
    }
  ]
}