{
  "dataList": [
    {
      "id": "get_10307_1",
      "desc": "获得时",
      "dlg": "汝可见过如此玲珑闪耀的提灯？吾所在之处，黑暗必将仓皇逃窜！"
    },
    {
      "id": "lobby_morning_10307_1",
      "desc": "早间问候",
      "dlg": "今天也来收集能源吧！期待着如此寂静的走廊会在之后发生什么，不是一件令人心潮澎湃的事吗？"
    },
    {
      "id": "lobby_noon_10307_1",
      "desc": "午间问候",
      "dlg": "已是午餐时间，然吾尚未感到饥饿……但这些小牙可一直在咔咔作响呢，呼呼。"
    },
    {
      "id": "lobby_night_10307_1",
      "desc": "晚间问候",
      "dlg": "当下如何不是提灯大放异彩的最佳时刻呢？"
    },
    {
      "id": "smalltalk_10307_1",
      "desc": "对话1",
      "dlg": "经理老爷，快看这个！走廊中开放了此等漂亮的花朵，汝不觉得惊异吗？如此去戳一下的话，它还会一颤一颤地抖动呢……"
    },
    {
      "id": "smalltalk_10307_2",
      "desc": "对话2",
      "dlg": "方才！！！汝不曾听到异想体逃跑的警报吗？快让开，到吾大放异彩的时机了！"
    },
    {
      "id": "smalltalk_10307_3",
      "desc": "对话3",
      "dlg": "这毛皮特别温暖。啊，虽说是这样，如果摸得太过分的话，经理老爷的手指可能就要少掉两三根了，所以最好小心点……！"
    },
    {
      "id": "smalltalk_10307_4",
      "desc": "同步后对话 1",
      "dlg": "奥提斯女士（叫我队长！）唔呃，曾经说过……吾非常擅长作为诱饵！所以，如果有任何危险，请立刻躲在吾的身后。"
    },
    {
      "id": "smalltalk_10307_5",
      "desc": "同步后对话 2",
      "dlg": "注视此盏提灯，汝会感到心中温暖，忆起美好事物，不是吗？\n虽然吾知晓此处并非好运眷顾之地……"
    },
    {
      "id": "neglect_10307_1",
      "desc": "闲置",
      "dlg": "经理老爷，汝在何处？这样下去，倘若提灯先找到躲起来的经理老爷，咬到汝就不妙了！"
    },
    {
      "id": "gacksung_10307_1",
      "desc": "进行同步",
      "dlg": "吾无法抑制内心之激荡，经理老爷！！！今日难道没有需要此身去镇压的恶人了吗？"
    },
    {
      "id": "formation_10307_1",
      "desc": "人格出战",
      "dlg": "吾！将成为优秀之诱饵！"
    },
    {
      "id": "battleentry_10307_1",
      "desc": "进入战斗",
      "dlg": "已至吾大放异彩之刻！"
    },
    {
      "id": "battle_select_10307_1",
      "desc": "战斗中选中人格",
      "dlg": "是否仍有需吾镇压之敌？"
    },
    {
      "id": "battle_endcommand_10307_1",
      "desc": "进行攻击",
      "dlg": "吾将把他们咔咔嚼碎！"
    },
    {
      "id": "battle_enemy_break_10307_1",
      "desc": "敌方混乱",
      "dlg": "等着吧，不时汝便将为吾所噬！"
    },
    {
      "id": "battle_break_10307_1",
      "desc": "自身混乱",
      "dlg": "仅是，片刻犹豫而已。"
    },
    {
      "id": "battle_kill_10307_1",
      "desc": "击杀敌方",
      "dlg": "咔吱咔吱。"
    },
    {
      "id": "battle_dead_10307_1",
      "desc": "自身阵亡",
      "dlg": "吾是否……时常闪耀着光芒呢……"
    },
    {
      "id": "choice_success_p_10307_2",
      "desc": "判定成功",
      "dlg": "果然跟随提灯前进，便能寻获答案！"
    },
    {
      "id": "choice_fail_n_10307_1",
      "desc": "判定失败",
      "dlg": "答案……不在视界之内。"
    },
    {
      "id": "battle_clear_10307_1",
      "desc": "战斗胜利",
      "dlg": "今天吾不是也在帅气地闪耀吗？"
    },
    {
      "id": "battle_clear_ex_10307_1",
      "desc": "EX CLEAR战斗胜利",
      "dlg": "如何，已经吞得一干二净！吾希望能得到Hod小姐的称赞！"
    },
    {
      "id": "battle_defeat_10307_1",
      "desc": "战斗失败",
      "dlg": "看来，被这些利齿咬噬之人……是吾自身。"
    }
  ]
}