{
  "dataList": [
    {
      "id": "get_10505_1",
      "desc": "获得时",
      "dlg": "唔……要办理新业务请往左侧……啊，是在叫我啊。"
    },
    {
      "id": "lobby_morning_10505_1",
      "desc": "早间问候",
      "dlg": "……早上，了？奇怪。我好像还没打卡下班。"
    },
    {
      "id": "lobby_noon_10505_1",
      "desc": "午间问候",
      "dlg": "请让我……稍微休息一下。请您……先去吃午饭吧……"
    },
    {
      "id": "lobby_night_10505_1",
      "desc": "晚间问候",
      "dlg": "晚上通常都是外勤。啊，我刚刚休息过了，所以没有问题。"
    },
    {
      "id": "smalltalk_10505_1",
      "desc": "对话 1",
      "dlg": "您所说的事情已经处理完毕。由于目前仍有四件工作亟待解决，新的请求在之后……可以处理。"
    },
    {
      "id": "smalltalk_10505_2",
      "desc": "对话 2",
      "dlg": "下班……已经有一段时间没有下过班了。但是因为被委托的工作仍未处理完，所以无可奈何。"
    },
    {
      "id": "smalltalk_10505_3",
      "desc": "对话 3",
      "dlg": "您问……这饮品吗？不，我并不喜欢。但只有这个能在短时间内缓解疲劳。"
    },
    {
      "id": "smalltalk_10505_4",
      "desc": "同步后对话 1",
      "dlg": "您是……要帮我处理工作吗？\n难以理解。这是委任给我的工作。并没有分担的必要。"
    },
    {
      "id": "smalltalk_10505_5",
      "desc": "同步后对话 2",
      "dlg": "最开始工作量并没有这么多。只是其他人将工作交付给我，而我代为处理，仅此而已。"
    },
    {
      "id": "neglect_10505_1",
      "desc": "闲置",
      "dlg": "……（轻微的鼾声）"
    },
    {
      "id": "gacksung_10505_1",
      "desc": "进行同步",
      "dlg": "嗯。要加薪吗。我明白了。那么我必须得去完成剩余的工作……"
    },
    {
      "id": "formation_10505_1",
      "desc": "人格出战",
      "dlg": "您需要我对吧。"
    },
    {
      "id": "battleentry_10505_1",
      "desc": "进入战斗",
      "dlg": "开始外勤工作。"
    },
    {
      "id": "battle_select_10505_1",
      "desc": "战斗中选择人格",
      "dlg": "有什么要求吗？"
    },
    {
      "id": "battle_endcommand_10505_1",
      "desc": "开始攻击",
      "dlg": "就这样做吧。"
    },
    {
      "id": "battle_enemy_break_10505_1",
      "desc": "敌方混乱",
      "dlg": "能看到工作逐渐完成。"
    },
    {
      "id": "battle_break_10505_1",
      "desc": "自身混乱",
      "dlg": "啊。"
    },
    {
      "id": "battle_kill_10505_1",
      "desc": "击杀敌方",
      "dlg": "解决了一个。"
    },
    {
      "id": "battle_dead_10505_1",
      "desc": "自身阵亡",
      "dlg": "啊……稍微……休息一下……"
    },
    {
      "id": "choice_success_p_10505_2",
      "desc": "判定成功",
      "dlg": "似乎能……准时下班。"
    },
    {
      "id": "choice_fail_n_10505_1",
      "desc": "判定失败",
      "dlg": "看来我已经确定……要加班了。"
    },
    {
      "id": "battle_clear_10505_1",
      "desc": "战斗胜利",
      "dlg": "工作完成。我将返回事务所。"
    },
    {
      "id": "battle_clear_ex_10505_1",
      "desc": "EX CLEAR战斗胜利",
      "dlg": "工作完成。……我能直接回家吗。知道了。呼……"
    },
    {
      "id": "battle_defeat_10505_1",
      "desc": "战斗失败",
      "dlg": "事情……变得复杂起来了。"
    }
  ]
}