{
  "dataList": [
    {
      "id": "get_10109_1",
      "desc": "获得时",
      "dlg": "您能为我带来全新的灵感吗？否则……难以令我提起多少兴致。"
    },
    {
      "id": "lobby_morning_10109_1",
      "desc": "早间问候",
      "dlg": "切勿拉开窗帘。我不想在突然亮起的晨光中失去方才对点之密度的专注。"
    },
    {
      "id": "lobby_noon_10109_1",
      "desc": "午间问候",
      "dlg": "但愿有能在五秒内供给营养的餐食。在一日过半之时，竟然要把创作的时间浪费在进食这种无趣行径上……"
    },
    {
      "id": "lobby_night_10109_1",
      "desc": "晚间问候",
      "dlg": "沉眠即是与死亡同寝。于生命停止之时，创作的机会也会随之消散。因此每一瞬间都必须投入创作。"
    },
    {
      "id": "smalltalk_10109_1",
      "desc": "对话 1",
      "dlg": "纵使我仅是佩戴一圈戒指的学徒，仍有许多需要留意之事。\n忠实地完成大师布置的课题，评估居民们乏味的作品。"
    },
    {
      "id": "smalltalk_10109_2",
      "desc": "对话 2",
      "dlg": "有何……不满？我虽可自由挥笔，但对不太认可的讲解员的作品艺术性也只能被迫称赞，这一点多少令人不满。\n不过，这仅是微不足道的缺点而已。"
    },
    {
      "id": "smalltalk_10109_3",
      "desc": "对话 3",
      "dlg": "过往无需过多关注。因为作品与观察力是不断发展的。\n啊，不过……重新诠释过往的作品，十分有趣。"
    },
    {
      "id": "smalltalk_10109_4",
      "desc": "同步后对话 1",
      "dlg": "这也不及格，嗯……这也不及格。……啊！你，是B+。你的作品是这淤泥之中唯一闪耀的莲花。"
    },
    {
      "id": "smalltalk_10109_5",
      "desc": "同步后对话 2",
      "dlg": "我很喜欢你的作品与构思。这次我很高兴，不足之处就由我重新描绘……下次请为我带来更加令人惊叹之物。"
    },
    {
      "id": "neglect_10109_1",
      "desc": "闲置",
      "dlg": "嗯。我不妨碍你构思的时间。毕竟我深知其珍贵。"
    },
    {
      "id": "gacksung_10109_1",
      "desc": "进行同步",
      "dlg": "啊哈，你也很在意他们被评判的时候吗？请来此处。让我为你指出几幅值得一看的作品。"
    },
    {
      "id": "formation_10109_1",
      "desc": "人格出战",
      "dlg": "素材准备好了吗？"
    },
    {
      "id": "battleentry_10109_1",
      "desc": "进入战斗",
      "dlg": "真是令人心潮澎湃。"
    },
    {
      "id": "battle_select_10109_1",
      "desc": "战斗中选中人格",
      "dlg": "对我的作品有何意见吗？"
    },
    {
      "id": "battle_endcommand_10109_1",
      "desc": "进行攻击",
      "dlg": "点出不足！"
    },
    {
      "id": "battle_enemy_break_10109_1",
      "desc": "敌方混乱",
      "dlg": "此处歪了。"
    },
    {
      "id": "battle_break_10109_1",
      "desc": "自身混乱",
      "dlg": "咳……"
    },
    {
      "id": "battle_kill_10109_1",
      "desc": "击杀敌方",
      "dlg": "终于，完成了。"
    },
    {
      "id": "battle_dead_10109_1",
      "desc": "自身阵亡",
      "dlg": "能够在创作过程中逝去……简直是……理想性……的……"
    },
    {
      "id": "choice_success_p_10109_2",
      "desc": "判定成功",
      "dlg": "及格了。"
    },
    {
      "id": "choice_fail_n_10109_1",
      "desc": "判定失败",
      "dlg": "嗯……不及格……"
    },
    {
      "id": "battle_clear_10109_1",
      "desc": "战斗胜利",
      "dlg": "结果尚可。但若我能多几次挥笔的机会……"
    },
    {
      "id": "battle_clear_ex_10109_1",
      "desc": "EX CLEAR战斗胜利",
      "dlg": "真是创作出杰作了啊……呼，想到大师将来的评价，就令我难抑心中兴奋。"
    },
    {
      "id": "battle_defeat_10109_1",
      "desc": "战斗失败",
      "dlg": "太糟了……素材损坏，构思也不存些许。这种屈辱之情真是久违……"
    }
  ]
}