{
  "dataList": [
    {
      "id": "get_11008_1",
      "desc": "获得时",
      "dlg": "啊，啊！我很抱歉！我，我有点太过分了……？！"
    },
    {
      "id": "lobby_morning_11008_1",
      "desc": "早间问候",
      "dlg": "啊，您好~看来今天有个神清气爽的早晨呢？您的表情很不错！"
    },
    {
      "id": "lobby_noon_11008_1",
      "desc": "午间问候",
      "dlg": "那么，今天的午饭就一起……啊、哈……请稍等……\n哈啊，不好意思。今天也有同事在找我……我难以拒绝。"
    },
    {
      "id": "lobby_night_11008_1",
      "desc": "晚间问候",
      "dlg": "我很喜欢呼吸夜间的空气。应该说……能让我只专注于剑上。\n我只能看见剑锋，还有对手。"
    },
    {
      "id": "smalltalk_11008_1",
      "desc": "对话 1",
      "dlg": "有时……我在想自己是否是在被剑牵着走。即使是在战斗练习中，我的身体也会比思想先一步行动。"
    },
    {
      "id": "smalltalk_11008_2",
      "desc": "对话 2",
      "dlg": "虽然我总是手忙脚乱的，还犯了不少错误……但同事们对我都很亲切，我喜欢这里！\n嗯……不过他们有时会不安地看着我。是在担心我可能会又出什么岔子吗？"
    },
    {
      "id": "smalltalk_11008_3",
      "desc": "对话 3",
      "dlg": "那个，所以说……手臂像这样……呜啊？！这样没错吧……？就这样就可以击倒这个人了吗？！"
    },
    {
      "id": "smalltalk_11008_4",
      "desc": "同步后对话 1",
      "dlg": "想象一下剑锋已经触到敌人的要害的场景。就像把两个手指尖相对，不断想象着它们越来越近，就会在某个瞬间碰到一起那样。\n来，看到了吗？"
    },
    {
      "id": "smalltalk_11008_5",
      "desc": "同步后对话 2",
      "dlg": "周围的一切都消失了。我自己的一部分也是如此。当我准备好时……面前的只有黑暗空间中的敌人。"
    },
    {
      "id": "neglect_11008_1",
      "desc": "闲置",
      "dlg": "啊！我，我现在好像有点空了。趁现在可以和您说说话……啊，人不在啊？"
    },
    {
      "id": "gacksung_11008_1",
      "desc": "进行同步",
      "dlg": "我会向您展示完美的专注力。虽然您无法看到我的视野。"
    },
    {
      "id": "formation_11008_1",
      "desc": "人格出战",
      "dlg": "是工作吗？"
    },
    {
      "id": "battleentry_11008_1",
      "desc": "进入战斗",
      "dlg": "凝视……剑锋……"
    },
    {
      "id": "battle_select_11008_1",
      "desc": "战斗中选中人格",
      "dlg": "……"
    },
    {
      "id": "battle_endcommand_11008_1",
      "desc": "进行攻击",
      "dlg": "在那里。"
    },
    {
      "id": "battle_enemy_break_11008_1",
      "desc": "敌方混乱",
      "dlg": "还不够。"
    },
    {
      "id": "battle_break_11008_1",
      "desc": "自身混乱",
      "dlg": "哈？！"
    },
    {
      "id": "battle_kill_11008_1",
      "desc": "击杀敌方",
      "dlg": "我刺中了你全部的要害呢。"
    },
    {
      "id": "battle_dead_11008_1",
      "desc": "自身阵亡",
      "dlg": "欸？啊呀……刚才明明打得……很顺利……的。"
    },
    {
      "id": "choice_success_p_11008_2",
      "desc": "判定成功",
      "dlg": "呼……哎呀，已经解决了？"
    },
    {
      "id": "choice_fail_n_11008_1",
      "desc": "判定失败",
      "dlg": "不是那样？那就这样，不。这样呢！"
    },
    {
      "id": "battle_clear_11008_1",
      "desc": "战斗胜利",
      "dlg": "不知怎么的……我成功了！呼，这次我没有犯什么错误吧？"
    },
    {
      "id": "battle_clear_ex_11008_1",
      "desc": "EX CLEAR战斗胜利",
      "dlg": "还不够……啊，各位！诶……？为什么都带着那种表情在往后退？"
    },
    {
      "id": "battle_defeat_11008_1",
      "desc": "战斗失败",
      "dlg": "不能就这样结束。还能，还能够做得更好！"
    }
  ]
}