{
  "dataList": [
    {
      "id": "get_10308_1",
      "desc": "获得时",
      "dlg": "酒道……吗，吾对此不甚了解。咳，为何会如此之苦？！"
    },
    {
      "id": "lobby_morning_10308_1",
      "desc": "早间问候",
      "dlg": "愉悦的早晨！虽说稍有沉闷，呼~但这清爽的香气不令人愉悦吗？\n对侦察而言，早晨正是最为合适之时！！"
    },
    {
      "id": "lobby_noon_10308_1",
      "desc": "午间问候",
      "dlg": "由于午间吾常耽于磨练剑术，所以不会去特地吃什么。\n比起那个，关于侦察中发生之事……"
    },
    {
      "id": "lobby_night_10308_1",
      "desc": "晚间问候",
      "dlg": "嗯……虽曾听闻有在夜间以酒伴食的文化，但那与吾不甚相合……倘若可能，吾希望沐浴在煎肉饼的海洋中！"
    },
    {
      "id": "smalltalk_10308_1",
      "desc": "对话 1",
      "dlg": "吾只想握住剑尽情地挥舞！在这样的地方居然要学习喝酒的方法什么的……\n这，这种抱怨的话请千万不要让奥提斯女士听到！"
    },
    {
      "id": "smalltalk_10308_2",
      "desc": "对话 2",
      "dlg": "无论是用杯子还是用瓶子喝酒，最终结果难道不都是一样的吗？为什么要如此执着于剑以外的事物呢？\n比起这种琐事，难道不应该更关心那帮黑云会的家伙们到底在谋划些什么吗？"
    },
    {
      "id": "smalltalk_10308_3",
      "desc": "对话 3",
      "dlg": "在吾看来，沿着剑的轨迹挥舞斩击，比品尝美味佳肴还要让人愉悦！\n那种在指尖感受到的轻微阻力，难道不会让汝心跳加速吗？"
    },
    {
      "id": "smalltalk_10308_4",
      "desc": "同步后对话 1",
      "dlg": "在这个本应无人经过的时刻，却是如此喧闹不已……看来吾等遇上了不请自来的客人啊？\n这个时间段本不应有人经过，因此吾立即纠正了这个错误。"
    },
    {
      "id": "smalltalk_10308_5",
      "desc": "同步后对话 2",
      "dlg": "在磨练剑术的过程中切开空气，与在走过街道的过程中斩除应斩之物，并没有太大的区别。\n最多……嗯，只不过是指尖感受到的重量有些许的差异罢了。"
    },
    {
      "id": "neglect_10308_1",
      "desc": "闲置",
      "dlg": "今宵明月甚为美丽……吾的剑上有伤痕吗？……呼，连一丝尘埃也没有。"
    },
    {
      "id": "gacksung_10308_1",
      "desc": "进行同步",
      "dlg": "啊，外面有骚动。吾等一边外出巡视，一边漫步如何？"
    },
    {
      "id": "formation_10308_1",
      "desc": "人格出战",
      "dlg": "嗯？请稍等片刻，吾还得先咽下这些……"
    },
    {
      "id": "battleentry_10308_1",
      "desc": "进入战斗",
      "dlg": "疾行而往！"
    },
    {
      "id": "battle_select_10308_1",
      "desc": "战斗中选中人格",
      "dlg": "我现在稍微有点忙！"
    },
    {
      "id": "battle_endcommand_10308_1",
      "desc": "进行攻击",
      "dlg": "肯定会很有趣！"
    },
    {
      "id": "battle_enemy_break_10308_1",
      "desc": "敌方混乱",
      "dlg": "嗯？啊哈，斩歪了吗……"
    },
    {
      "id": "battle_break_10308_1",
      "desc": "自身混乱",
      "dlg": "唔哇！"
    },
    {
      "id": "battle_kill_10308_1",
      "desc": "击杀敌方",
      "dlg": "嗯，感觉确实斩中了！"
    },
    {
      "id": "battle_dead_10308_1",
      "desc": "自身阵亡",
      "dlg": "啊，哈啊……是啊，吾早就知道……总有一天……也会像这样被斩落。"
    },
    {
      "id": "choice_success_p_10308_2",
      "desc": "判定成功",
      "dlg": "看吧！吾做到了~"
    },
    {
      "id": "choice_fail_n_10308_1",
      "desc": "判定失败",
      "dlg": "唔，唔嗯~好像不是这样做的呢……"
    },
    {
      "id": "battle_clear_10308_1",
      "desc": "战斗胜利",
      "dlg": "感觉像是轻松地散了个步。现在回去的话……会遇到奥提斯女士吧。哎呀~"
    },
    {
      "id": "battle_clear_ex_10308_1",
      "desc": "EX CLEAR战斗胜利",
      "dlg": "吾尽兴地挥剑了！这感觉如此清爽而满足，让吾感觉连那些乏味的故事都能听得津津有味了！"
    },
    {
      "id": "battle_defeat_10308_1",
      "desc": "战斗失败",
      "dlg": "看来剑术上有些瑕疵……吾变得迟钝了吗。得更加努力才行……"
    }
  ]
}