{
  "dataList": [
    {
      "id": "get_10303_1",
      "desc": "获得时",
      "dlg": "正义降临！我将把恶人引向平等的死亡！"
    },
    {
      "id": "lobby_morning_10303_1",
      "desc": "早间问候",
      "dlg": "嘘，经理老爷。吾正在进行奇袭训练。能听见吾的脚步声吗？"
    },
    {
      "id": "lobby_noon_10303_1",
      "desc": "午间问候",
      "dlg": "经理老爷，吾啊，并不想向这个世界屈服。天空中星辰繁多，远不止目之所及。"
    },
    {
      "id": "lobby_night_10303_1",
      "desc": "晚间问候",
      "dlg": "看着明月，仿佛最初时的热情重燃。"
    },
    {
      "id": "smalltalk_10303_1",
      "desc": "对话 1",
      "dlg": "或许，我们与恶人的距离并不遥远。啊，没什么。就当做没听到吧。"
    },
    {
      "id": "smalltalk_10303_2",
      "desc": "对话 2",
      "dlg": "为了习得无声奇袭之法，吾吃了很多苦头。"
    },
    {
      "id": "smalltalk_10303_3",
      "desc": "对话 3",
      "dlg": "嗯？吾的神色看起来很忧郁？您看错了，吾只是在想一些东西罢了。"
    },
    {
      "id": "smalltalk_10303_4",
      "desc": "同步后对话 1",
      "dlg": "经理老爷，吾以为所有的人都与吾一样，只是为正义而正直地战斗。政治，派生势力之类的东西……对吾来说过于困难了……"
    },
    {
      "id": "smalltalk_10303_5",
      "desc": "同步后对话 2",
      "dlg": "中层经理吗……真是个耗费心力的职责……经理老爷也总是这么辛苦吗？"
    },
    {
      "id": "neglect_10303_1",
      "desc": "闲置",
      "dlg": "经理老爷也藏身于黑暗之中了吗？"
    },
    {
      "id": "gacksung_10303_1",
      "desc": "进行同步",
      "dlg": "吾……会再加把劲的！等着瞧吧，经理老爷！"
    },
    {
      "id": "formation_10303_1",
      "desc": "人格出战",
      "dlg": "追杀恶人！"
    },
    {
      "id": "battleentry_10303_1",
      "desc": "进入战斗",
      "dlg": "此次的恶人犯下了何等不义之举？"
    },
    {
      "id": "battle_select_10303_1",
      "desc": "战斗中选中人格",
      "dlg": "正在准备进行奇袭，您居然能看见吾？"
    },
    {
      "id": "battle_endcommand_10303_1",
      "desc": "进行攻击",
      "dlg": "干掉恶人！"
    },
    {
      "id": "battle_enemy_break_10303_1",
      "desc": "敌方混乱",
      "dlg": "汝将精神涣散！"
    },
    {
      "id": "battle_break_10303_1",
      "desc": "自身混乱",
      "dlg": "呃……"
    },
    {
      "id": "battle_kill_10303_1",
      "desc": "击杀敌方",
      "dlg": "处理掉了！"
    },
    {
      "id": "battle_allydead_10303_1",
      "desc": "友方阵亡",
      "dlg": "消灭恶人之后吾还会归来！"
    },
    {
      "id": "choice_success_p_10303_1",
      "desc": "判定成功",
      "dlg": "吾之正义已结出累累硕果！"
    },
    {
      "id": "choice_fail_n_10303_1",
      "desc": "判定失败",
      "dlg": "吾不会屈服！"
    },
    {
      "id": "battle_clear_10303_1",
      "desc": "战斗胜利",
      "dlg": "在月光之下，正义将广为流传！"
    },
    {
      "id": "battle_clear_ex_10303_1",
      "desc": "EX CLEAR战斗胜利",
      "dlg": "至明之星诞生于至暗之时！正如此时此刻！"
    },
    {
      "id": "battle_defeat_10303_1",
      "desc": "战斗失败",
      "dlg": "吾已经不再确定了。月色渐沉，正义真的可以得到实现吗？"
    }
  ]
}