{
  "dataList": [
    {
      "id": "get_11005_1",
      "desc": "获得时",
      "dlg": "全部，焚烧殆尽吧……连同我那令人作呕的人生，也一并烧却。"
    },
    {
      "id": "lobby_morning_11005_1",
      "desc": "早间问候",
      "dlg": "是您啊。您睡得好吗？我……还没有困意。"
    },
    {
      "id": "lobby_noon_11005_1",
      "desc": "午间问候",
      "dlg": "我没有食欲。请您摘下面具，独自就餐就好。"
    },
    {
      "id": "lobby_night_11005_1",
      "desc": "晚间问候",
      "dlg": "您不害怕梦境吗？……真羡慕您啊。"
    },
    {
      "id": "smalltalk_11005_1",
      "desc": "对话 1",
      "dlg": "从我意识到自己曾经的人生是被那些可怖的生物包围着以来，那些往日便会化作噩梦重现。"
    },
    {
      "id": "smalltalk_11005_2",
      "desc": "对话 2",
      "dlg": "烧了又烧……明明那些东西已经在我眼前化作灰烬，却还是会一直折磨着我。"
    },
    {
      "id": "smalltalk_11005_3",
      "desc": "对话 3",
      "dlg": "……果然，她说得对。我所实现的净化越多……我也会逐渐完成自身精神的净化。"
    },
    {
      "id": "smalltalk_11005_4",
      "desc": "同步后对话 1",
      "dlg": "今天烧尽了十六个。明天要加倍地钉下异端，烧毁他们。呼呼……只要试试看就会逐渐乐在其中的吧？"
    },
    {
      "id": "smalltalk_11005_5",
      "desc": "同步后对话 2",
      "dlg": "以火焰净化污秽的力量……果然，听了她的话真是太好了。"
    },
    {
      "id": "neglect_11005_1",
      "desc": "闲置",
      "dlg": "……如果您无话可说了，那我可以回到她身边吗？"
    },
    {
      "id": "gacksung_11005_1",
      "desc": "进行同步",
      "dlg": "其实，并没有什么特别的感受。因为我……一直是有资质的，被选中的人。"
    },
    {
      "id": "formation_11005_1",
      "desc": "人格出战",
      "dlg": "将木桩钉下吧。"
    },
    {
      "id": "battleentry_11005_1",
      "desc": "进入战斗",
      "dlg": "用火焰净化，构建出美妙的世界吧。"
    },
    {
      "id": "battle_select_11005_1",
      "desc": "战斗中选择人格",
      "dlg": "我现在很忙。"
    },
    {
      "id": "battle_endcommand_11005_1",
      "desc": "进行攻击",
      "dlg": "步入火海。"
    },
    {
      "id": "battle_enemy_break_11005_1",
      "desc": "敌方混乱",
      "dlg": "……很好。"
    },
    {
      "id": "battle_break_11005_1",
      "desc": "自身混乱",
      "dlg": "呃！"
    },
    {
      "id": "battle_kill_11005_1",
      "desc": "击杀敌方",
      "dlg": "……燃烧至死吧。"
    },
    {
      "id": "battle_dead_11005_1",
      "desc": "自身阵亡",
      "dlg": "这……不是答案吗……？"
    },
    {
      "id": "choice_success_p_11005_1",
      "desc": "判定成功",
      "dlg": "也不是什么难事。"
    },
    {
      "id": "choice_fail_n_11005_1",
      "desc": "判定失败",
      "dlg": "啧，我就知道这不行。"
    },
    {
      "id": "battle_clear_11005_1",
      "desc": "战斗胜利",
      "dlg": "做到这种程度的话……她应该也会认可我吧。"
    },
    {
      "id": "battle_clear_ex_11005_1",
      "desc": "EX CLEAR战斗胜利",
      "dlg": "这是理所当然的。因为我，是被选中的……对吧？"
    },
    {
      "id": "battle_defeat_11005_1",
      "desc": "战斗失败",
      "dlg": "该死，为什么？哼……"
    }
  ]
}