{
  "dataList": [
    {
      "id": "get_10402_1",
      "desc": "获得时",
      "dlg": "你……可曾见过艺术的极致？我就是为此而来的。"
    },
    {
      "id": "lobby_morning_10402_1",
      "desc": "早间问候",
      "dlg": "晨练？为什么我要做这种事？我只会按照自己的方式挥舞我的剑。"
    },
    {
      "id": "lobby_noon_10402_1",
      "desc": "午间问候",
      "dlg": "今・麻・午・免。今天很麻烦，午饭什么的免了。"
    },
    {
      "id": "lobby_night_10402_1",
      "desc": "晚间问候",
      "dlg": "夜幕降临时，隐藏的情报便会浮出水面。这个时候就要斩下他们的首级。"
    },
    {
      "id": "smalltalk_10402_1",
      "desc": "对话 1",
      "dlg": "以同样的方法重复挥剑真没意思。"
    },
    {
      "id": "smalltalk_10402_2",
      "desc": "对话 2",
      "dlg": "我的可信情报源显示……除我以外，其他人全是白痴。"
    },
    {
      "id": "smalltalk_10402_3",
      "desc": "对话 3",
      "dlg": "我想有一天创造出属于自己的剑术。嘿，你怎么不来当我的训练对象？"
    },
    {
      "id": "smalltalk_10402_4",
      "desc": "同步后对话 1",
      "dlg": "要是打算比别人更快地传达信息，逐字解释就是浪费时间。明・了・这・术。\n（明白了吗但丁？这就是艺术。）"
    },
    {
      "id": "smalltalk_10402_5",
      "desc": "同步后对话 2",
      "dlg": "你的脑袋真是奇特……这还是我第一次听到的技术。你要是哪天想让谁把自己的脑袋切下来的话，来找我，别找别的白痴。"
    },
    {
      "id": "neglect_10402_1",
      "desc": "闲置",
      "dlg": "哼，你能去的地方可没多少呢。"
    },
    {
      "id": "gacksung_10402_1",
      "desc": "进行同步",
      "dlg": "哼，早就预料到了。"
    },
    {
      "id": "formation_10402_1",
      "desc": "人格出战",
      "dlg": "明・了・这・术。"
    },
    {
      "id": "battleentry_10402_1",
      "desc": "进入战斗",
      "dlg": "让你看看艺术为何物。"
    },
    {
      "id": "battle_select_10402_1",
      "desc": "战斗中选中人格",
      "dlg": "找到你需要的情报了吗？"
    },
    {
      "id": "battle_endcommand_10402_1",
      "desc": "进行攻击",
      "dlg": "该好好处理一下了。白痴们。"
    },
    {
      "id": "battle_enemy_break_10402_1",
      "desc": "敌方混乱",
      "dlg": "弱点已经掌握。"
    },
    {
      "id": "battle_break_10402_1",
      "desc": "自身混乱",
      "dlg": "呜！"
    },
    {
      "id": "battle_kill_10402_1",
      "desc": "击杀敌方",
      "dlg": "剑・创・艺・极。"
    },
    {
      "id": "battle_allydead_10402_1",
      "desc": "友方阵亡",
      "dlg": "知・但・请・关。"
    },
    {
      "id": "choice_success_p_10402_2",
      "desc": "判定成功",
      "dlg": "就和情报一样。充满了艺术。"
    },
    {
      "id": "choice_fail_n_10402_1",
      "desc": "判定失败",
      "dlg": "现在懂了？重新端正你的预期吧，但丁。"
    },
    {
      "id": "battle_clear_10402_1",
      "desc": "战斗胜利",
      "dlg": "现在离达到极致的艺术，还早着呢。"
    },
    {
      "id": "battle_clear_ex_10402_1",
      "desc": "EX CLEAR战斗胜利",
      "dlg": "没错，这就是……剑・创・艺・极。"
    },
    {
      "id": "battle_defeat_10402_1",
      "desc": "战斗失败",
      "dlg": "这件作品……看来是失败的。"
    }
  ]
}