{
  "dataList": [
    {
      "id": "get_10206_1",
      "desc": "获得时",
      "dlg": "欢迎。在此处受理点单。"
    },
    {
      "id": "lobby_morning_10206_1",
      "desc": "早间问候",
      "dlg": "虽说这里一直都熙熙攘攘的，但最繁忙的时间段还属现在。\n毕竟，清晨醒来不喝一杯茶的话，一整天都会没什么精神。"
    },
    {
      "id": "lobby_noon_10206_1",
      "desc": "午间问候",
      "dlg": "让头脑稍微冷静下来而享受下午茶时间，从工作效率的角度考虑是最为理智的判断。\n点单请来这边。"
    },
    {
      "id": "lobby_night_10206_1",
      "desc": "晚间问候",
      "dlg": "我们为了在深夜工作的协会成员会营业到很晚。如果你今天不值班的话，简单来一杯混有少许雪莉酒或白兰地的茶如何？"
    },
    {
      "id": "smalltalk_10206_1",
      "desc": "对话 1",
      "dlg": "这里是Seven协会里最为喜爱茶饮的人们自主运营的咖啡厅。\n所有的员工都是自愿来这里工作，如果不是当值的时间就回到平常的协会工作中。啊，咖啡厅的收入当然是用在购买更好的茶叶和茶壶上了。\n"
    },
    {
      "id": "smalltalk_10206_2",
      "desc": "对话 2",
      "dlg": "牛奶！……如果可以的话，我们建议在将茶倒入杯中之前……就加入它。"
    },
    {
      "id": "smalltalk_10206_3",
      "desc": "对话 3",
      "dlg": "加……冰？啊。十分抱歉，本店不提供冰茶。\n……若不打扰的话，能请拨冗听我说明一下红茶要趁热饮用的理由吗？"
    },
    {
      "id": "smalltalk_10206_4",
      "desc": "同步后对话 1",
      "dlg": "啊，我现在正在处理其他业务。\n虽然与您一同品茶聊天也十分愉快，但还是稍后再说吧。"
    },
    {
      "id": "smalltalk_10206_5",
      "desc": "同步后对话 2",
      "dlg": "简练利落的任务执行与不搀杂味的泡茶能力。浮士德会最优先考虑如何兼顾两者。"
    },
    {
      "id": "neglect_10206_1",
      "desc": "闲置",
      "dlg": "茶叶泡久了和放任杂味涌出没什么区别。建议您不要这样做。"
    },
    {
      "id": "gacksung_10206_1",
      "desc": "进行同步",
      "dlg": "好的，乐意至极。需要浮士德的能力的话请您随时呼唤。啊，下午茶时间除外。"
    },
    {
      "id": "formation_10206_1",
      "desc": "人格出战",
      "dlg": "是有紧急点单吗？"
    },
    {
      "id": "battleentry_10206_1",
      "desc": "进入战斗",
      "dlg": "现场再见吧。"
    },
    {
      "id": "battle_select_10206_1",
      "desc": "战斗中选中人格",
      "dlg": "在茶冷掉之前。"
    },
    {
      "id": "battle_endcommand_10206_1",
      "desc": "进行攻击",
      "dlg": "干净利落地。"
    },
    {
      "id": "battle_enemy_break_10206_1",
      "desc": "敌方混乱",
      "dlg": "……就像碎掉的茶叶一样呢。"
    },
    {
      "id": "battle_break_10206_1",
      "desc": "自身混乱",
      "dlg": "啊……"
    },
    {
      "id": "battle_kill_10206_1",
      "desc": "击杀敌方",
      "dlg": "没有更多收集的情报了呢。"
    },
    {
      "id": "battle_dead_10206_1",
      "desc": "自身阵亡",
      "dlg": "哈啊……下次咖啡厅的工作……还没有来接手的人……呢。"
    },
    {
      "id": "choice_success_p_10206_2",
      "desc": "判定成功",
      "dlg": "天衣无缝的观察结果。"
    },
    {
      "id": "choice_fail_n_10206_1",
      "desc": "判定失败",
      "dlg": "……只是看见了，却没能仔细观察。"
    },
    {
      "id": "battle_clear_10206_1",
      "desc": "战斗胜利时",
      "dlg": "任务成功。啊，我还要去咖啡厅值班。暂且失陪了。"
    },
    {
      "id": "battle_clear_ex_10206_1",
      "desc": "EX CLEAR战斗胜利",
      "dlg": "奶茶，谢谢。请不要搅拌，慢慢倒入就好。果然，别人泡给自己的茶才是最美味的。"
    },
    {
      "id": "battle_defeat_10206_1",
      "desc": "战斗失败",
      "dlg": "结果不尽人意呢……是因为茶没喝够吧。来一杯下午茶再重新开始吧。"
    }
  ]
}