{
  "dataList": [
    {
      "id": "get_10808_1",
      "desc": "获得时",
      "dlg": "欢迎登船，新来的。那副结实的身子，跟着你带来了吧！"
    },
    {
      "id": "lobby_morning_10808_1",
      "desc": "早间问候",
      "dlg": "磨磨蹭蹭的家伙会被第一个绑上桅杆！别拿早晨当拖拉的借口！"
    },
    {
      "id": "lobby_noon_10808_1",
      "desc": "午间问候",
      "dlg": "还吃得惯那些人鱼鳍肉干吗？吃不惯是当然的。眼下我们也只有这些东西能吃。呵。"
    },
    {
      "id": "lobby_night_10808_1",
      "desc": "晚间问候",
      "dlg": "不要因为都进去睡觉了就掉以轻心。浪潮可不管白天还是黑夜……都睁大眼睛好好看着。"
    },
    {
      "id": "smalltalk_10808_1",
      "desc": "对话 1",
      "dlg": "不可名状之物席卷而来，就必须得感到恐惧吗？面对它，露齿而笑吧。那才是裴廓德号的船员！"
    },
    {
      "id": "smalltalk_10808_2",
      "desc": "对话 2",
      "dlg": "船长室是谁也不能侵入的地方！有话要说就找船副吧。我可不想看到你们因害怕大湖的浪潮而发牢骚的蠢样。"
    },
    {
      "id": "smalltalk_10808_3",
      "desc": "对话 3",
      "dlg": "鲸……是壮丽而神秘的怪物。与我一同捕杀它们，是一个人莫大的荣耀……\n哈，在这个湖上没有人比我更执着于它们了！"
    },
    {
      "id": "smalltalk_10808_4",
      "desc": "同步后对话 1",
      "dlg": "鱼叉手！把那鱼叉给我绑紧了！舵手右满舵！桨手！！给我拼命划！！"
    },
    {
      "id": "smalltalk_10808_5",
      "desc": "同步后对话 2",
      "dlg": "全员，都听好了！……时机已到！今晚，让我们苦苦等待的，\n那头凋零万物的绯红之鲸……将由我们捕获！"
    },
    {
      "id": "gacksung_10808_1",
      "desc": "进行同步",
      "dlg": "雷声开始响起了……我们期待已久的邪恶之鲸的狩猎时间即将到来！哈哈！"
    },
    {
      "id": "neglect_10808_1",
      "desc": "闲置",
      "dlg": "呼……真是不错的风啊。偶尔像这样，享受风暴前的宁静也不错。"
    },
    {
      "id": "formation_10808_1",
      "desc": "人格出战",
      "dlg": "向鲸航行。"
    },
    {
      "id": "battleentry_10808_1",
      "desc": "进入战斗",
      "dlg": "点燃燃气！启动引擎！"
    },
    {
      "id": "battle_select_10808_1",
      "desc": "战斗中选中人格",
      "dlg": "还有时间聊天吗？集中在鲸身上！"
    },
    {
      "id": "battle_endcommand_10808_1",
      "desc": "进行攻击",
      "dlg": "全员，突击！"
    },
    {
      "id": "battle_enemy_break_10808_1",
      "desc": "敌方混乱",
      "dlg": "敌人的气势已经衰弱！反击的机会来了！"
    },
    {
      "id": "battle_break_10808_1",
      "desc": "自身混乱",
      "dlg": "哼……！保持队形！这家伙的视线被我吸引了，你们攻击的机会更多！"
    },
    {
      "id": "battle_kill_10808_1",
      "desc": "击杀敌方",
      "dlg": "干得好！如此反复直到他们片甲不留！现在可没有时间休息！"
    },
    {
      "id": "battle_dead_10808_1",
      "desc": "自身阵亡",
      "dlg": "我、我可是……以实玛利！我……不会在这里……！"
    },
    {
      "id": "choice_success_p_10808_2",
      "desc": "判定成功",
      "dlg": "理所当然。我的罗盘难道出过错吗？"
    },
    {
      "id": "choice_fail_n_10808_1",
      "desc": "判定失败",
      "dlg": "该死……错都在你，经理！"
    },
    {
      "id": "battle_clear_10808_1",
      "desc": "战斗胜利",
      "dlg": "不要被这寻常的成果冲昏头脑！我们要猎杀的，是比这更为庞大，更为邪恶的鲸！"
    },
    {
      "id": "battle_clear_ex_10808_1",
      "desc": "EX CLEAR战斗胜利",
      "dlg": "这次成绩很不错……但是，为了触及遥远的鲸还差得远！再次点燃燃气涡轮机！然后……"
    },
    {
      "id": "battle_defeat_10808_1",
      "desc": "战斗失败",
      "dlg": "无能的废物！竟然在这样的地方倒下，我有命令过你们失败吗！"
    }
  ]
}