{
  "dataList": [
    {
      "id": "get_10409_1",
      "desc": "获得时",
      "dlg": "一包烟要五颗挖掘螺丝？说得出这种话，我看你是脑子里缺个螺丝。"
    },
    {
      "id": "lobby_morning_10409_1",
      "desc": "早间问候",
      "dlg": "……早上开始就很辛苦吗？行吧，勤奋不是件坏事。"
    },
    {
      "id": "lobby_noon_10409_1",
      "desc": "午间问候",
      "dlg": "现在这个时候，时间不够的傻瓜们开始在后巷徘徊了。\n噗，最后因为时间不够而变慢的样子有够可笑的。"
    },
    {
      "id": "lobby_night_10409_1",
      "desc": "晚间问候",
      "dlg": "快到晚上了。混蛋侦探过一会就能把艺术素材交给我……哈，只有这时候最让我激动。"
    },
    {
      "id": "smalltalk_10409_1",
      "desc": "对话 1",
      "dlg": "接下来是袭・众吗？\n哈，时钟……没叫你。"
    },
    {
      "id": "smalltalk_10409_2",
      "desc": "对话 2",
      "dlg": "货币不过是虚无缥缈的东西……用现有的东西进行交换就更没道理了。\n更好的方法是，自己亲手拿起工具制造必要的东西。"
    },
    {
      "id": "smalltalk_10409_3",
      "desc": "对话 3",
      "dlg": "坏掉的机器……要敲一敲才会听话。"
    },
    {
      "id": "smalltalk_10409_4",
      "desc": "同步后对话 1",
      "dlg": "香烟的燃烧代表着时间的流逝，正如死亡随同时间临近一样。\n也就和倒在这里的富豪们一样……呵，挺前卫的艺术。"
    },
    {
      "id": "smalltalk_10409_5",
      "desc": "同步后对话 2",
      "dlg": "圣愚的理念……？没兴趣。我只是欣赏他们行动里蕴藏的美学。\n不用钱而是用东西交换香烟这点也不错。"
    },
    {
      "id": "neglect_10409_1",
      "desc": "闲置",
      "dlg": "圣愚……剩愚。噗。"
    },
    {
      "id": "gacksung_10409_1",
      "desc": "进行同步",
      "dlg": "哼，尽情拍吧。要拍就把溅出来的血拍得清楚一点。"
    },
    {
      "id": "formation_10409_1",
      "desc": "人格出战",
      "dlg": "有趣。这事交给我来。"
    },
    {
      "id": "battleentry_10409_1",
      "desc": "进入战斗",
      "dlg": "名单上所有人全都得送・墓。"
    },
    {
      "id": "battle_select_10409_1",
      "desc": "战斗中选中人格",
      "dlg": "对手要是有点意思就好了。"
    },
    {
      "id": "battle_endcommand_10409_1",
      "desc": "进行攻击",
      "dlg": "击倒他们。"
    },
    {
      "id": "battle_enemy_break_10409_1",
      "desc": "敌方混乱",
      "dlg": "从阔绰的家伙手上拿走……"
    },
    {
      "id": "battle_break_10409_1",
      "desc": "自身混乱",
      "dlg": "啧。"
    },
    {
      "id": "battle_kill_10409_1",
      "desc": "击杀敌方",
      "dlg": "再把时间分享出去。"
    },
    {
      "id": "battle_dead_10409_1",
      "desc": "自身阵亡",
      "dlg": "不错……哈。结果我也被……再分配了。"
    },
    {
      "id": "choice_success_p_10409_2",
      "desc": "判定成功",
      "dlg": "看到了？观赏费是一包猴牌香烟。"
    },
    {
      "id": "choice_fail_n_10409_1",
      "desc": "判定失败",
      "dlg": "……我对这种没意思的活动不感兴趣。"
    },
    {
      "id": "battle_clear_10409_1",
      "desc": "战斗胜利",
      "dlg": "嗯，发明运作很顺利……应该可以再多涂点油。"
    },
    {
      "id": "battle_clear_ex_10409_1",
      "desc": "EX CLEAR战斗胜利",
      "dlg": "完美。仔细一想，用靠铁块拼接出来的发明敲碎那些上等人贫瘠的脑袋也是一种美学……"
    },
    {
      "id": "battle_defeat_10409_1",
      "desc": "战斗失败",
      "dlg": "这次的袭・众失败了？算了，没关系。只要我还能呼吸，就能把时间赚回来。"
    }
  ]
}