{
  "dataList": [
    {
      "id": "get_10305_1",
      "desc": "获得时",
      "dlg": "好！就是汝打算同吾决斗吗？"
    },
    {
      "id": "lobby_morning_10305_1",
      "desc": "早间问候",
      "dlg": "晨安！嗯嗯，今日天色晴朗。那个，此次与吾一起散步如何？"
    },
    {
      "id": "lobby_noon_10305_1",
      "desc": "午间问候",
      "dlg": "嗯……不出所料，正午时分确实人流涌动。啊！看那边！是起争执了吗？"
    },
    {
      "id": "lobby_night_10305_1",
      "desc": "晚间问候",
      "dlg": "汝已享用过晚餐了吗？吾发现此地有家不错的餐厅！他们的蛋奶酥称得上美味绝伦。愿与吾作伴吗？"
    },
    {
      "id": "smalltalk_10305_1",
      "desc": "对话 1",
      "dlg": "吾必须愈加勤勉！都市时常产生纷争，这意味着有许多寻求决斗代理委托之人！"
    },
    {
      "id": "smalltalk_10305_2",
      "desc": "对话 2",
      "dlg": "漫步街头，放空思绪，也是吾业务上的重要一环！"
    },
    {
      "id": "smalltalk_10305_3",
      "desc": "对话3",
      "dlg": "扔下手套，是给对手的高贵而光荣的决斗宣言！此乃决斗礼仪中不可或缺的一环。"
    },
    {
      "id": "smalltalk_10305_4",
      "desc": "同步后对话 1",
      "dlg": "经理老爷，吾不禁偶尔感到困惑……为何被吾手套击中的对手都满面通红？\n他们为何如此愤怒呢……大概是内心不足以接受吾荣耀的决斗吧？"
    },
    {
      "id": "smalltalk_10305_5",
      "desc": "同步后对话 2",
      "dlg": "吾和协会里的其他成员没什么区别，千真万确！吾甚至不将他们称之为下属。\n吾比他们多的只是微薄经验而已。另外，说不定什么时候，就会出现一个能在决斗上胜吾一筹的新人！"
    },
    {
      "id": "neglect_10305_1",
      "desc": "闲置",
      "dlg": "（哼歌声）"
    },
    {
      "id": "gacksung_10305_1",
      "desc": "进行同步",
      "dlg": "嗯！受到认可是吾之荣耀！吾将对此致以谢意！"
    },
    {
      "id": "formation_10305_1",
      "desc": "人格出战",
      "dlg": "一份决斗委托！"
    },
    {
      "id": "battleentry_10305_1",
      "desc": "进入战斗",
      "dlg": "也许狭窄一点的战斗场地更合吾的胃口……"
    },
    {
      "id": "battle_select_10305_1",
      "desc": "战斗中选中人格",
      "dlg": "决斗时最好不要与吾交谈。"
    },
    {
      "id": "battle_endcommand_10305_1",
      "desc": "进行攻击",
      "dlg": "Allez！（来吧！)"
    },
    {
      "id": "battle_enemy_break_10305_1",
      "desc": "敌方混乱",
      "dlg": "汝要投降否？"
    },
    {
      "id": "battle_break_10305_1",
      "desc": "自身混乱",
      "dlg": "嘁……"
    },
    {
      "id": "battle_kill_10305_1",
      "desc": "击杀敌方",
      "dlg": "此乃一场愉快的决斗！"
    },
    {
      "id": "battle_dead_10305_1",
      "desc": "自身阵亡",
      "dlg": "啊啊……此乃，耻辱的表现……"
    },
    {
      "id": "choice_success_p_10305_2",
      "desc": "判定成功",
      "dlg": "艺术般的技巧！"
    },
    {
      "id": "choice_fail_n_10305_1",
      "desc": "判定失败",
      "dlg": "啊啊，这可真是……对不起。"
    },
    {
      "id": "battle_clear_10305_1",
      "desc": "战斗胜利时",
      "dlg": "真是激烈的决斗！汝等并非等闲之辈，然而……嗯，吾很期待与汝等的下次决斗了。"
    },
    {
      "id": "battle_clear_ex_10305_1",
      "desc": "EX CLEAR战斗胜利",
      "dlg": "很好！虽然汝等也很出色，不过吾的技巧略胜一筹。"
    },
    {
      "id": "battle_defeat_10305_1",
      "desc": "战斗失败",
      "dlg": "呃……何等的耻辱……"
    }
  ]
}