{
  "dataList": [
    {
      "id": "get_10107_1",
      "desc": "获得时",
      "dlg": "叫我李箱就好。我是裴廓德号的大副。"
    },
    {
      "id": "lobby_morning_10107_1",
      "desc": "早间问候",
      "dlg": "夜间平安无事。今日的湖面依旧宁静。趁此短暂时光，去欣赏一下外面景色如何。"
    },
    {
      "id": "lobby_noon_10107_1",
      "desc": "午间问候",
      "dlg": "嗯……我逐渐厌倦了食用这干瘪的鱼鳍。这合您的口味吗？"
    },
    {
      "id": "lobby_night_10107_1",
      "desc": "晚间问候",
      "dlg": "于夜间长时间航海并非益事。从安全角度考虑，此为常识。请您回去休息吧。"
    },
    {
      "id": "smalltalk_10107_1",
      "desc": "对话 1",
      "dlg": "来，试着攻击鲸的这里吧。若无法直接打出沉重一击……对一个地方穿刺多次，也能达到同样的效果。"
    },
    {
      "id": "smalltalk_10107_2",
      "desc": "对话 2",
      "dlg": "甲板！不要闲逛，归于各自职位上！……啊，您听着可能会觉得有些吵。抱歉。"
    },
    {
      "id": "smalltalk_10107_3",
      "desc": "对话 3",
      "dlg": "船副的工作……嘛，虽然并不坏。但是，一旦此次航海到了尽头，我便准备开一家咖啡馆。比起迫切要做的事务，现在更应做的是梦想轻松的生活吧。"
    },
    {
      "id": "smalltalk_10107_4",
      "desc": "同步后对话 1",
      "dlg": "切勿放开绳索！若握着鱼叉的手打滑就必死无疑！明智……而大胆地应对吧！"
    },
    {
      "id": "smalltalk_10107_5",
      "desc": "同步后对话 2",
      "dlg": "以实玛利船长没有命令你去送死！我们全员……必须抓到它，再回到各自的归处。"
    },
    {
      "id": "neglect_10107_1",
      "desc": "闲置",
      "dlg": "嗯……仅余船行水面的声音，也颇令人满意。"
    },
    {
      "id": "gacksung_10107_1",
      "desc": "进行同步",
      "dlg": "我必须出面应对……！很好，拿上我的鱼叉！"
    },
    {
      "id": "formation_10107_1",
      "desc": "人格出战",
      "dlg": "看来到了我得放下掌舵的情况了。"
    },
    {
      "id": "battleentry_10107_1",
      "desc": "进入战斗",
      "dlg": "鱼叉，不能离手。"
    },
    {
      "id": "battle_select_10107_1",
      "desc": "战斗中选中人格",
      "dlg": "是船长遇险了吗？"
    },
    {
      "id": "battle_endcommand_10107_1",
      "desc": "进行攻击",
      "dlg": "请让我来示范。"
    },
    {
      "id": "battle_enemy_break_10107_1",
      "desc": "敌方混乱",
      "dlg": "嗯！他们似乎精疲力竭了。"
    },
    {
      "id": "battle_break_10107_1",
      "desc": "自身混乱",
      "dlg": "哈啊……"
    },
    {
      "id": "battle_kill_10107_1",
      "desc": "击杀敌方",
      "dlg": "啧，榨不出油水的家伙。"
    },
    {
      "id": "battle_dead_10107_1",
      "desc": "自身阵亡",
      "dlg": "哈哈……我的航海……于此处……迎来终结。"
    },
    {
      "id": "choice_success_p_10107_2",
      "desc": "判定成功",
      "dlg": "这种程度让人觉得好笑。就算是位三副也能轻松完成。"
    },
    {
      "id": "choice_fail_n_10107_1",
      "desc": "判定失败",
      "dlg": "嗯姆……我这一生几乎都是在船上度过的。咳咳。"
    },
    {
      "id": "battle_clear_10107_1",
      "desc": "战斗胜利",
      "dlg": "看，现在距离这次航程的结束仅剩一点了。现在继续前进些吧！"
    },
    {
      "id": "battle_clear_ex_10107_1",
      "desc": "EX CLEAR战斗胜利",
      "dlg": "我们做到了！现在没有多少海盗或是鲸还敢攻击这艘船了。嗯嗯，心满意足了。"
    },
    {
      "id": "battle_defeat_10107_1",
      "desc": "战斗失败",
      "dlg": "……船体破损的部位太多了……停泊，进行修理吧。……然后我们就能再次驶向大湖了。"
    }
  ]
}