{
  "dataList": [
    {
      "id": "get_11206_1",
      "desc": "获得时",
      "dlg": "啊！哎哟，这位客户……能借个火吗？"
    },
    {
      "id": "lobby_morning_11206_1",
      "desc": "早间问候",
      "dlg": "呼，一大早就这么忙啊……别走得太急。要待在护卫身边才行。对吧？"
    },
    {
      "id": "lobby_noon_11206_1",
      "desc": "午间问候",
      "dlg": "稍微吃个饭吧……客户？我在饿着肚子的情况下可没法好好战斗啊……"
    },
    {
      "id": "lobby_night_11206_1",
      "desc": "晚间问候",
      "dlg": "晚上光线不大好所以要多加小心啊……万一出事了就贴在我身边。知道了吗？"
    },
    {
      "id": "smalltalk_11206_1",
      "desc": "对话 1",
      "dlg": "我有些散漫？最好的护卫就是最不显眼的那类，您知道的吧？您应该是知道我在说什么的……"
    },
    {
      "id": "smalltalk_11206_2",
      "desc": "对话 2",
      "dlg": "啊……手套？嗯，一开始就把秘密武器拿出来炫耀可多没意思啊？"
    },
    {
      "id": "smalltalk_11206_3",
      "desc": "对话 3",
      "dlg": "先等我在这儿抽一根再走。哎呀~这次的客户是位烟民可太好了，对吧？我还能有抽烟的时间呢。"
    },
    {
      "id": "smalltalk_11206_4",
      "desc": "同步后对话 1",
      "dlg": "呼~嗯，来。好好躲在我身后！"
    },
    {
      "id": "smalltalk_11206_5",
      "desc": "同步后对话 2",
      "dlg": "该出手时我就会出手~您以为我没什么实力就跟在您身边吗？\n半吊子怎么可能进得了4科~是吧？"
    },
    {
      "id": "neglect_11206_1",
      "desc": "闲置",
      "dlg": "呼呼~趁着在这儿等着的时间来一根……啊，火机没油了……"
    },
    {
      "id": "gacksung_11206_1",
      "desc": "进行同步",
      "dlg": "好~该出手了吗？我会成为您的盾牌！"
    },
    {
      "id": "formation_11206_1",
      "desc": "人格出战",
      "dlg": "嗯嗯。这就来。"
    },
    {
      "id": "battleentry_11206_1",
      "desc": "进入战斗",
      "dlg": "嘶……慢点来呗~"
    },
    {
      "id": "battle_select_11206_1",
      "desc": "战斗中选中人格",
      "dlg": "嗯，怎么了？"
    },
    {
      "id": "battle_endcommand_11206_1",
      "desc": "进行攻击",
      "dlg": "到我身后！"
    },
    {
      "id": "battle_enemy_break_11206_1",
      "desc": "敌方混乱",
      "dlg": "哎哟，这就不行了？"
    },
    {
      "id": "battle_break_11206_1",
      "desc": "自身混乱",
      "dlg": "呃……"
    },
    {
      "id": "battle_kill_11206_1",
      "desc": "击杀敌方",
      "dlg": "威胁排除！"
    },
    {
      "id": "battle_dead_11206_1",
      "desc": "自身阵亡",
      "dlg": "哈……对不住……客……户。"
    },
    {
      "id": "choice_success_p_11206_2",
      "desc": "判定成功",
      "dlg": "如何，您还满意吗？"
    },
    {
      "id": "choice_fail_n_11206_1",
      "desc": "判定失败",
      "dlg": "呃……好吧，也会有不顺利的时候嘛。"
    },
    {
      "id": "battle_clear_11206_1",
      "desc": "战斗胜利",
      "dlg": "好，完成合约。没什么可担心的吧？"
    },
    {
      "id": "battle_clear_ex_11206_1",
      "desc": "EX CLEAR战斗胜利",
      "dlg": "进攻才是最好的防守……哈，您听说过进击盾牌吗？"
    },
    {
      "id": "battle_defeat_11206_1",
      "desc": "战斗失败",
      "dlg": "嘶……任务失败，啧。报酬也拿不到……这下要被强制禁烟了。"
    }
  ]
}