{
  "dataList": [
    {
      "id": "get_10507_1",
      "desc": "获得时",
      "dlg": "我是默尔索。负责辅佐幼兄。以上。"
    },
    {
      "id": "lobby_morning_10507_1",
      "desc": "早间问候",
      "dlg": "您醒了？请和我一起去客厅。其他兄弟姐妹们希望和您说话。"
    },
    {
      "id": "lobby_noon_10507_1",
      "desc": "午间问候",
      "dlg": "如果没有外出活动的安排，那就和留守的家人们一同进餐。一同聊天和用餐，是中指重要的日常。"
    },
    {
      "id": "lobby_night_10507_1",
      "desc": "晚间问候",
      "dlg": "我……被兄长传唤，必须前往办公地点。不能缺席兄长的酒会。这是规定。"
    },
    {
      "id": "smalltalk_10507_1",
      "desc": "对话 1",
      "dlg": "我们小辈之间没有辈分之分。那并不重要。在辅佐兄长的同时彼此互相帮助。仅此而已。"
    },
    {
      "id": "smalltalk_10507_2",
      "desc": "对话 2",
      "dlg": "家族中的小小失误而已。前去处理这些失误，使我愉快些许。我学到这就是所谓忠义。"
    },
    {
      "id": "smalltalk_10507_3",
      "desc": "对话 3",
      "dlg": "这锁链寓意着纽带与连结。我们，皆被同一条锁链联系，共享命运，共同背负，共担责任。\n没有取下锁链的必要，我们无法卸下，也不会尝试卸下它。"
    },
    {
      "id": "smalltalk_10507_4",
      "desc": "同步后对话 1",
      "dlg": "复仇账簿中记着许多事。从同伴死亡时的复仇方式……到走路时被踩了一脚的报复。本次施行的是……第3条，第1项。"
    },
    {
      "id": "smalltalk_10507_5",
      "desc": "同步后对话 2",
      "dlg": "中指必将如数奉还。如果不是我们的人，那么任何情况都不算小事。"
    },
    {
      "id": "neglect_10507_1",
      "desc": "闲置",
      "dlg": "我不习惯……独自一人。"
    },
    {
      "id": "gacksung_10507_1",
      "desc": "进行同步",
      "dlg": "出了什么事吗？还请来详细说明。我会记述在账簿里，必将如数奉还。"
    },
    {
      "id": "formation_10507_1",
      "desc": "人格出战",
      "dlg": "为了兄长和姐姐。"
    },
    {
      "id": "battleentry_10507_1",
      "desc": "进入战斗",
      "dlg": "进行热身。"
    },
    {
      "id": "battle_select_10507_1",
      "desc": "战斗中选中人格",
      "dlg": "我在翻阅账簿。"
    },
    {
      "id": "battle_endcommand_10507_1",
      "desc": "进行攻击",
      "dlg": "悉数奉还。"
    },
    {
      "id": "battle_enemy_break_10507_1",
      "desc": "敌方混乱",
      "dlg": "凭借这点决心就敢对我的家人出手吗。"
    },
    {
      "id": "battle_break_10507_1",
      "desc": "自身混乱",
      "dlg": "呃。"
    },
    {
      "id": "battle_kill_10507_1",
      "desc": "击杀敌方",
      "dlg": "悉数奉还了。"
    },
    {
      "id": "battle_dead_10507_1",
      "desc": "自身阵亡",
      "dlg": "不止……我……一个人……中指会记住……"
    },
    {
      "id": "choice_success_p_10507_2",
      "desc": "判定成功",
      "dlg": "嗯，可行。"
    },
    {
      "id": "choice_fail_n_10507_1",
      "desc": "判定失败",
      "dlg": "……会有比我更合适的家人来接手的。"
    },
    {
      "id": "battle_clear_10507_1",
      "desc": "战斗胜利",
      "dlg": "处理完毕。可以在账簿上划去一道了。"
    },
    {
      "id": "battle_clear_ex_10507_1",
      "desc": "EX CLEAR战斗胜利",
      "dlg": "正如复仇账簿所写，尽数奉还了。这就是对家族出手的代价。谨记于心。"
    },
    {
      "id": "battle_defeat_10507_1",
      "desc": "战斗失败",
      "dlg": "没关系。我会将他们的暴行记录进账簿……中指时刻铭记。家人们会来实施报复的。"
    }
  ]
}