{
  "dataList": [
    {
      "id": "get_10105_1",
      "desc": "获得时",
      "dlg": "结果，还是由我们出面处理。"
    },
    {
      "id": "lobby_morning_10105_1",
      "desc": "早间问候",
      "dlg": "今日与过去别无二致，一切如常。如有委托，请至事务所内洽谈。"
    },
    {
      "id": "lobby_noon_10105_1",
      "desc": "午间问候",
      "dlg": "嗯……已然度过半日的时光。您现在还安宁吗？"
    },
    {
      "id": "lobby_night_10105_1",
      "desc": "晚间问候",
      "dlg": "也许我夜半时分仍未下班似乎很不幸，但这也意味着有要处理的工作，那就并非全是坏事。\n都市中许多事务所时常几日都未有正式委托。"
    },
    {
      "id": "smalltalk_10105_1",
      "desc": "对话 1",
      "dlg": "如果要接受处理委托的工作，就应该正式签订合同。\n嘛……并不用害怕。这只是对双方的约定协议而已。"
    },
    {
      "id": "smalltalk_10105_2",
      "desc": "对话 2",
      "dlg": "大姐……正在外办事。若是有事相告，我能代为传达。\n……询问她的联络方式，并不明智。毫无疑问，她现在并非能够顺畅沟通。"
    },
    {
      "id": "smalltalk_10105_3",
      "desc": "对话 3",
      "dlg": "您是问这把武器吗？这当然是工坊制造的物品。\n改造……？呼，真的会有必要吗？我也不认为自己能改变它的构造。"
    },
    {
      "id": "smalltalk_10105_4",
      "desc": "同步后对话 1",
      "dlg": "来自协会的委托和来自翼的委托的重要性完全不同。如果翼把委托交给一所事务所，说明它的能力很受认可。\n这次来自R公司的，也是非常重要的……委托。"
    },
    {
      "id": "smalltalk_10105_5",
      "desc": "同步后对话 2",
      "dlg": "虽然一方面我确实很担心……但也了解此次是一个重要的机会。\n我相信只要辅佐好大姐，就能完成合约。"
    },
    {
      "id": "neglect_10105_1",
      "desc": "闲置",
      "dlg": "剩下的时间我会去整理文件。越是这种时间……越不能懈怠。"
    },
    {
      "id": "gacksung_10105_1",
      "desc": "进行同步",
      "dlg": "嗯。我受到了您相当分量的信任。定会为了回应您的期待而努力。"
    },
    {
      "id": "formation_10105_1",
      "desc": "人格出战",
      "dlg": "要出发吗，我陪着您。"
    },
    {
      "id": "battleentry_10105_1",
      "desc": "进入战斗",
      "dlg": "让此次行动成为有益的经验。"
    },
    {
      "id": "battle_select_10105_1",
      "desc": "战斗中选中人格",
      "dlg": "还未有异常，完毕。"
    },
    {
      "id": "battle_endcommand_10105_1",
      "desc": "进行攻击",
      "dlg": "要沉着冷静。"
    },
    {
      "id": "battle_enemy_break_10105_1",
      "desc": "敌方混乱",
      "dlg": "机会来临。"
    },
    {
      "id": "battle_break_10105_1",
      "desc": "自身混乱",
      "dlg": "咳……"
    },
    {
      "id": "battle_kill_10105_1",
      "desc": "击杀敌方",
      "dlg": "并没有什么困难的。"
    },
    {
      "id": "battle_dead_10105_1",
      "desc": "自身阵亡",
      "dlg": "……果然，还是没能做到。"
    },
    {
      "id": "choice_success_p_10105_2",
      "desc": "判定成功",
      "dlg": "是个赌博高手。太棒了。"
    },
    {
      "id": "choice_fail_n_10105_1",
      "desc": "判定失败",
      "dlg": "……因为这太过于赌博了。"
    },
    {
      "id": "battle_clear_10105_1",
      "desc": "战斗胜利",
      "dlg": "……委托完成。在更多麻烦找来之前赶紧离开吧。"
    },
    {
      "id": "battle_clear_ex_10105_1",
      "desc": "EX CLEAR战斗胜利",
      "dlg": "只要沉着冷静，这种程度的问题完全可以解决。"
    },
    {
      "id": "battle_defeat_10105_1",
      "desc": "战斗失败",
      "dlg": "我犯错过多……没能帮上您的忙。十分抱歉。"
    }
  ]
}