{
  "dataList": [
    {
      "id": "get_10304_1",
      "desc": "获得时",
      "dlg": "吾乃净化邪恶的正义之锤。汝需要我的臂助吗？呼呼呼……"
    },
    {
      "id": "lobby_morning_10304_1",
      "desc": "早间问候",
      "dlg": "……啊，万分惭愧。吾专注于教义时对其他声音不甚在意。到早餐时间了吗？"
    },
    {
      "id": "lobby_noon_10304_1",
      "desc": "午间问候",
      "dlg": "暮色降临之时吾必将忙于施行正义……得趁此把剩下的读了……"
    },
    {
      "id": "lobby_night_10304_1",
      "desc": "晚间问候",
      "dlg": "……咦啊？！啊，哈……走动……的时候能把面具摘下来吗？因为太暗差点把汝随手净化掉了……"
    },
    {
      "id": "smalltalk_10304_1",
      "desc": "对话 1",
      "dlg": "第6章第18节…… “吾将与汝立下誓约……”嘻嘻！由执柄者所立下之誓约……嘻嘻嘻！"
    },
    {
      "id": "smalltalk_10304_2",
      "desc": "对话 2",
      "dlg": "此世之恶实已满盈……执柄者正独自为净化它们而奔忙，因此吾会成为她的臂助。"
    },
    {
      "id": "smalltalk_10304_3",
      "desc": "对话 3",
      "dlg": "啊啊，汝好奇这羊皮纸上的内容啊。这是吾亲自抄写的……以小册子的形式，倘若其篇限于书卷之中，吾便不能时时与执柄者的圣言相伴……嘻嘻。"
    },
    {
      "id": "smalltalk_10304_4",
      "desc": "同步后对话 1",
      "dlg": "此锤于吾而言犹若法官之木槌……凭此，吾将对恶人之心……施以裁决。"
    },
    {
      "id": "smalltalk_10304_5",
      "desc": "同步后对话 2",
      "dlg": "听闻汝将成为执柄者其伟业之助力，吾甚感宽慰。\n倘若与汝共行，想必吾的正义之行也将突飞猛进。"
    },
    {
      "id": "neglect_10304_1",
      "desc": "闲置",
      "dlg": "宝贵的休息时间不能白白浪费。"
    },
    {
      "id": "gacksung_10304_1",
      "desc": "进行同步",
      "dlg": "嘻嘻！啊哈哈哈哈！正义地……净化！"
    },
    {
      "id": "formation_10304_1",
      "desc": "人格出战",
      "dlg": "……嗯，出发吧。"
    },
    {
      "id": "battleentry_10304_1",
      "desc": "进入战斗",
      "dlg": "任何罪恶不得假以形体而存于世上。"
    },
    {
      "id": "battle_select_10304_1",
      "desc": "战斗中选中人格",
      "dlg": "哈哈哈哈哈！啊，原来汝在身旁啊！"
    },
    {
      "id": "battle_endcommand_10304_1",
      "desc": "进行攻击",
      "dlg": "吾要将汝贯穿！"
    },
    {
      "id": "battle_enemy_break_10304_1",
      "desc": "敌方混乱",
      "dlg": "（狂笑）"
    },
    {
      "id": "battle_break_10304_1",
      "desc": "自身混乱",
      "dlg": "（狂笑）"
    },
    {
      "id": "battle_kill_10304_1",
      "desc": "击杀敌方",
      "dlg": "执行得不错啊。"
    },
    {
      "id": "battle_dead_10304_1",
      "desc": "自身阵亡",
      "dlg": "咳……吾还有，要做的事……"
    },
    {
      "id": "choice_success_p_10304_1",
      "desc": "判定成功",
      "dlg": "对吾并非什么难事。"
    },
    {
      "id": "choice_fail_n_10304_1",
      "desc": "判定失败",
      "dlg": "……这使吾迷惑不解。"
    },
    {
      "id": "battle_clear_10304_1",
      "desc": "战斗胜利",
      "dlg": "唔……到了休息的时间吗？"
    },
    {
      "id": "battle_clear_ex_10304_1",
      "desc": "EX CLEAR战斗胜利",
      "dlg": "这景色……正义之锤所过之处，风景变得如此美丽！"
    },
    {
      "id": "battle_defeat_10304_1",
      "desc": "战斗失败",
      "dlg": "嘻嘻嘻……难道……吾无力……去净化邪恶吗……"
    }
  ]
}