{
  "dataList": [
    {
      "id": "get_10604_1",
      "desc": "获得时",
      "dlg": "来喝上一杯吧。会变得暖和起来的~"
    },
    {
      "id": "lobby_morning_10604_1",
      "desc": "早间问候",
      "dlg": "你从来不会赖床呢~其实稍微偷点懒也没关系的来着？"
    },
    {
      "id": "lobby_noon_10604_1",
      "desc": "午间问候",
      "dlg": "吃完油腻的东西后必须要来杯茶解腻~怎么样，你要来一点吗？"
    },
    {
      "id": "lobby_night_10604_1",
      "desc": "晚间问候",
      "dlg": "准备休息了吗？哎，穿着那身衣服应该很难睡好吧……得借你一套我的真丝睡衣才行~"
    },
    {
      "id": "smalltalk_10604_1",
      "desc": "对话 1",
      "dlg": "虽说我的工作和平日所经受的训练没什么差别……但工作的时候总会不自觉的感到疲惫。"
    },
    {
      "id": "smalltalk_10604_2",
      "desc": "对话 2",
      "dlg": "我没那么喜欢活动身体。只是偶尔心血来潮的时候才会动一动……比起来还是泡茶更有意思。\n但在家里，即使不喜欢也不得不动起来的情况更多……哈哈！"
    },
    {
      "id": "smalltalk_10604_3",
      "desc": "对话 3",
      "dlg": "你问我燃起火焰的要领……？重点就在于不要对这种方法抱有疑问。\n反正就算再好奇，到最后也搞不明白啦~"
    },
    {
      "id": "smalltalk_10604_4",
      "desc": "同步后对话 1",
      "dlg": "你对茶叶感兴趣吗？当然，我可以教你~\n啊，话说回来，我在用的茶具和茶叶都不便宜……应该，没问题吧？"
    },
    {
      "id": "smalltalk_10604_5",
      "desc": "同步后对话 2",
      "dlg": "如果你想要学习我们的武术，我可以帮忙~\n实际上我也教过6科其他的后辈们~所以我很有自信！"
    },
    {
      "id": "neglect_10604_1",
      "desc": "闲置",
      "dlg": "唔……是让人心情愉快的阳光的香气呢~"
    },
    {
      "id": "gacksung_10604_1",
      "desc": "进行同步",
      "dlg": "原来如此~我还一直在等着你提起这件事呢~"
    },
    {
      "id": "formation_10604_1",
      "desc": "人格出战",
      "dlg": "时而温暖，时而炽热。"
    },
    {
      "id": "battleentry_10604_1",
      "desc": "进入战斗",
      "dlg": "是时候该沸腾起来了吧？"
    },
    {
      "id": "battle_select_10604_1",
      "desc": "战斗中选中人格",
      "dlg": "你有话要说吗？"
    },
    {
      "id": "battle_endcommand_10604_1",
      "desc": "进行攻击",
      "dlg": "动作柔和！"
    },
    {
      "id": "battle_enemy_break_10604_1",
      "desc": "敌方混乱",
      "dlg": "他们无法保持平衡了！"
    },
    {
      "id": "battle_break_10604_1",
      "desc": "自身混乱",
      "dlg": "哎呀……"
    },
    {
      "id": "battle_kill_10604_1",
      "desc": "击杀敌方",
      "dlg": "燃烧起来了！"
    },
    {
      "id": "battle_dead_10604_1",
      "desc": "自身阵亡",
      "dlg": "想，喝口……热茶啊……"
    },
    {
      "id": "choice_success_p_10604_2",
      "desc": "判定成功",
      "dlg": "是曼妙的香气指引了我。"
    },
    {
      "id": "choice_fail_n_10604_1",
      "desc": "判定失败",
      "dlg": "怪不得感觉味道不好……"
    },
    {
      "id": "battle_clear_10604_1",
      "desc": "战斗胜利",
      "dlg": "嗯~是一次不错的热身运动。"
    },
    {
      "id": "battle_clear_ex_10604_1",
      "desc": "EX CLEAR战斗胜利",
      "dlg": "哎呀呀~我似乎比想象中的还要更兴奋啊。哈哈……"
    },
    {
      "id": "battle_defeat_10604_1",
      "desc": "战斗失败",
      "dlg": "来，我们去喝杯茶吧。偶尔有这种情况不是很正常吗？"
    }
  ]
}