{
  "dataList": [
    {
      "id": "get_10709_1",
      "desc": "获得时",
      "dlg": "诶……时间过得真他妈慢啊……"
    },
    {
      "id": "lobby_morning_10709_1",
      "desc": "早间问候",
      "dlg": "我希望一到事务所就有外部委托，这总比一上午都坐在办公室里要好。"
    },
    {
      "id": "lobby_noon_10709_1",
      "desc": "午间问候",
      "dlg": "享受你们的午餐吧。我准备……先去睡午觉了。"
    },
    {
      "id": "lobby_night_10709_1",
      "desc": "晚间问候",
      "dlg": "你问我为什么明明到了下班时间却是一副要死的样子？一想到明天还要出来上班就想吐。"
    },
    {
      "id": "smalltalk_10709_1",
      "desc": "对话 1",
      "dlg": "X公司的合金开采委托？如果只是在上层洞穴做一些不用动脑的工作的话也不错……。\n挖掘工具是那边租给我们吗？"
    },
    {
      "id": "smalltalk_10709_2",
      "desc": "对话 2",
      "dlg": "虽然我扩大了那什么鼓膜可听……之类的东西，但除了变吵了以外就一点用都没有，完全没用。\n要换成别的吗？但是费用……啧，总会有办法的。"
    },
    {
      "id": "smalltalk_10709_3",
      "desc": "对话 3",
      "dlg": "喂，时钟。想看一些和你那燃烧的头一样不可思议的东西吗？\n义体和人类的手臂不一样，前臂可以上下移动对吧？看看~这个！"
    },
    {
      "id": "smalltalk_10709_4",
      "desc": "同步后对话 1",
      "dlg": "这所多裂纹事务所只接受义体收尾人。大概是因为有义体的家伙们不会害怕战斗吧。\n不过，也有许多家伙白白丧命。因为即使受了伤也不会疼，所以哪怕身体里出现了异常也不知道，于是不知不觉间就死了。"
    },
    {
      "id": "smalltalk_10709_5",
      "desc": "同步后对话 2",
      "dlg": "远征是去……什么啊，到T公司不就是到了那座宅邸附近吗？不过既然我现在找到了个正经工作……\n哈啊，不，不行。我是活够了吗，都想要回那该死的家了吗。我没有任何理由……回去啊。"
    },
    {
      "id": "neglect_10709_1",
      "desc": "闲置",
      "dlg": "……哈啊啊。"
    },
    {
      "id": "gacksung_10709_1",
      "desc": "进行同步",
      "dlg": "什么啊……这家伙，只是身上开了几个洞就往生了？"
    },
    {
      "id": "formation_10709_1",
      "desc": "人格出战",
      "dlg": "哦……！是外部委托吗？"
    },
    {
      "id": "battleentry_10709_1",
      "desc": "进入战斗",
      "dlg": "喂，等等……我还没充多少电呢？"
    },
    {
      "id": "battle_select_10709_1",
      "desc": "战斗中选中人格",
      "dlg": "什么，有什么事情吗？"
    },
    {
      "id": "battle_endcommand_10709_1",
      "desc": "进行攻击",
      "dlg": "让开！让我先上！"
    },
    {
      "id": "battle_enemy_break_10709_1",
      "desc": "敌方混乱",
      "dlg": "给我老实点……"
    },
    {
      "id": "battle_break_10709_1",
      "desc": "自身混乱",
      "dlg": "呜嗯……？"
    },
    {
      "id": "battle_kill_10709_1",
      "desc": "击杀敌方",
      "dlg": "喂，不会已经死了吧？"
    },
    {
      "id": "battle_dead_10709_1",
      "desc": "自身阵亡",
      "dlg": "哈啊，我就这么死了吗……"
    },
    {
      "id": "choice_success_p_10709_2",
      "desc": "判定成功",
      "dlg": "我记得是这个功能……哦，搞定了。"
    },
    {
      "id": "choice_fail_n_10709_1",
      "desc": "判定失败",
      "dlg": "可恶，我的电路都烧了。为什么要让我干这个啊。"
    },
    {
      "id": "battle_clear_10709_1",
      "desc": "战斗胜利",
      "dlg": "虽然委托完成了，但怎么说呢……真无聊啊……"
    },
    {
      "id": "battle_clear_ex_10709_1",
      "desc": "EX CLEAR战斗胜利",
      "dlg": "大概全都击溃了，早点回去吧。这样一来，委托人也会满意吧。"
    },
    {
      "id": "battle_defeat_10709_1",
      "desc": "战斗失败",
      "dlg": "不要说不该说的话，惹人生厌。本来就因为这次的委托泡汤了而特别烦躁……"
    }
  ]
}