{
  "dataList": [
    {
      "id": "get_10401_1",
      "desc": "获得时",
      "dlg": "良秀。夜良秀苦……噗。"
    },
    {
      "id": "lobby_morning_10401_1",
      "desc": "早间问候",
      "dlg": "为什么你一大早开始就转来转去的？难道是在找电池吗？"
    },
    {
      "id": "lobby_noon_10401_1",
      "desc": "午间问候",
      "dlg": "没错，疲倦的时候没有什么能比饭后一根烟更棒的了。"
    },
    {
      "id": "lobby_night_10401_1",
      "desc": "晚间问候",
      "dlg": "这里的人都很枯燥。如果目睹到真正的艺术品，他们一定会大开眼界的。"
    },
    {
      "id": "smalltalk_10401_1",
      "desc": "对话 1",
      "dlg": "自从见过像样点的艺术也颇有时日了。最近人们也不过是大量制造似曾相识的东西。哼。"
    },
    {
      "id": "smalltalk_10401_2",
      "desc": "对话 2",
      "dlg": "如果想和我相处的话，至少带好打火机。 时钟。"
    },
    {
      "id": "smalltalk_10401_3",
      "desc": "对话 3",
      "dlg": "如果你不是要告诉我现在几点的话就不要来烦我了。"
    },
    {
      "id": "neglect_10401_1",
      "desc": "闲置",
      "dlg": "先搭话再消失……这是哪条后巷的习俗？"
    },
    {
      "id": "formation_10401_1",
      "desc": "人格出战",
      "dlg": "让我来展示艺术吧。"
    },
    {
      "id": "battleentry_10401_1",
      "desc": "进入战斗",
      "dlg": "如果是像样点的艺术的话，会更好些吧。"
    },
    {
      "id": "battle_select_10401_1",
      "desc": "战斗中选中人格",
      "dlg": "带上打火机了吗？"
    },
    {
      "id": "battle_endcommand_10401_1",
      "desc": "进行攻击",
      "dlg": "让你看看什么是艺术吧。"
    },
    {
      "id": "battle_enemy_break_10401_1",
      "desc": "敌方混乱",
      "dlg": "等等。还没有结束。"
    },
    {
      "id": "battle_break_10401_1",
      "desc": "自身混乱",
      "dlg": "嘁！"
    },
    {
      "id": "battle_kill_10401_1",
      "desc": "击杀敌方",
      "dlg": "不怎么美观啊。"
    },
    {
      "id": "battle_allydead_10401_1",
      "desc": "友方阵亡",
      "dlg": "看起来不怎么样啊。"
    },
    {
      "id": "choice_success_p_10401_2",
      "desc": "判定成功",
      "dlg": "创造了一幅佳作。"
    },
    {
      "id": "choice_fail_n_10401_1",
      "desc": "判定失败",
      "dlg": "我可照你说的做了。"
    },
    {
      "id": "battle_clear_10401_1",
      "desc": "战斗胜利",
      "dlg": "无聊。令人索然无味。"
    },
    {
      "id": "battle_clear_ex_10401_1",
      "desc": "EX CLEAR战斗胜利",
      "dlg": "区区这种程度就浮躁起来，便没有艺术家的资格。"
    },
    {
      "id": "battle_defeat_10401_1",
      "desc": "战斗失败",
      "dlg": "艺・失・人・长。艺术虽失败，人生仍漫长。"
    }
  ]
}