{
  "dataList": [
    {
      "id": "get_10106_1",
      "desc": "获得时",
      "dlg": "我不愿在早班通勤时被打扰……怎么了？"
    },
    {
      "id": "lobby_morning_10106_1",
      "desc": "早间问候",
      "dlg": "能在此刻安然落座前去工作，已然相当幸运。容我……小憩……片刻……"
    },
    {
      "id": "lobby_noon_10106_1",
      "desc": "午间问候",
      "dlg": "至此已过半日……但，半日再过两巡，我又将重归这一如既往的工作。\n我无法摆脱这无形枷锁。"
    },
    {
      "id": "lobby_night_10106_1",
      "desc": "晚间问候",
      "dlg": "无月的夜，漆黑不见，那是我中意的时分。\n困意朦胧，思绪逝于黑暗之中。"
    },
    {
      "id": "smalltalk_10106_1",
      "desc": "对话 1",
      "dlg": "头脑空空，乃是有意如此，放空思绪。\n若就此沉沉睡去……恬静且安宁。"
    },
    {
      "id": "smalltalk_10106_2",
      "desc": "对话 2",
      "dlg": "于此列车工作、又由彼列车通勤，真是滑稽。\n您不这么觉得吗？"
    },
    {
      "id": "smalltalk_10106_3",
      "desc": "对话 3",
      "dlg": "我被委以新晋员工的培训工作。比起清扫列车而言，甚是愉悦。\n也许，是因为我有教导他人的才能，亦或是兴趣。"
    },
    {
      "id": "smalltalk_10106_4",
      "desc": "同步后对话 1",
      "dlg": "我进行这般工作时，并无杂念。不，也许是我无从思考……\n啊，此前曾讲过了。还请理解。在崩溃之前，我总会整理思绪。"
    },
    {
      "id": "smalltalk_10106_5",
      "desc": "同步后对话 2",
      "dlg": "那位与我同样受派培训新人的工友，似乎另有他意。\n我宁愿让她负责我其余的工作。但，公司应是不允许的。"
    },
    {
      "id": "neglect_10106_1",
      "desc": "闲置",
      "dlg": "哈……何时才能打破这循环……"
    },
    {
      "id": "gacksung_10106_1",
      "desc": "进行同步",
      "dlg": "我有才能？……原来如此。但，还望您注目一下我教学他人的才能。"
    },
    {
      "id": "formation_10106_1",
      "desc": "人格出战",
      "dlg": "上工了。"
    },
    {
      "id": "battleentry_10106_1",
      "desc": "进入战斗",
      "dlg": "开始清扫。"
    },
    {
      "id": "battle_select_10106_1",
      "desc": "战斗中选中人格",
      "dlg": "另有他事吗？"
    },
    {
      "id": "battle_endcommand_10106_1",
      "desc": "进行攻击",
      "dlg": "……"
    },
    {
      "id": "battle_enemy_break_10106_1",
      "desc": "敌方混乱",
      "dlg": "现在……"
    },
    {
      "id": "battle_break_10106_1",
      "desc": "自身混乱",
      "dlg": "啊……"
    },
    {
      "id": "battle_kill_10106_1",
      "desc": "击杀敌方",
      "dlg": "休息吧。"
    },
    {
      "id": "battle_dead_10106_1",
      "desc": "自身阵亡",
      "dlg": "枷锁……终于解开了……吗？"
    },
    {
      "id": "choice_success_p_10106_2",
      "desc": "判定成功",
      "dlg": "这已解决。"
    },
    {
      "id": "choice_fail_n_10106_1",
      "desc": "判定失败",
      "dlg": "……这无法解决。"
    },
    {
      "id": "battle_clear_10106_1",
      "desc": "战斗胜利",
      "dlg": "清理完毕。下次清理之前我想好好睡一觉。"
    },
    {
      "id": "battle_clear_ex_10106_1",
      "desc": "EX CLEAR战斗胜利",
      "dlg": "看来我也完成了其他工友的工作。即便没有补偿，暂且将我分配至其他工作便足矣。"
    },
    {
      "id": "battle_defeat_10106_1",
      "desc": "战斗失败",
      "dlg": "……看吧。我无法胜任这份工作。对我的评价如何，还请您重新考量……"
    }
  ]
}