{
  "dataList": [
    {
      "id": "get_10607_1",
      "desc": "获得时",
      "dlg": "哇~在这家事务所随手杀人都会被表扬诶？"
    },
    {
      "id": "lobby_morning_10607_1",
      "desc": "早间问候",
      "dlg": "好久没在暖和的地方吃上早饭了~平时都是在路边。"
    },
    {
      "id": "lobby_noon_10607_1",
      "desc": "午间问候",
      "dlg": "哎呀哎呀~昨天切碎的人太多所以肌肉疼呀~我也得改掉看到别人发狂自己也一起兴奋的习惯啦。"
    },
    {
      "id": "lobby_night_10607_1",
      "desc": "晚间问候",
      "dlg": "我真的很喜欢太阳落山的时候呢。不仅有利于工作~而且在阴影中吓人也很有趣呢。这是除了后巷的夜晚之外最有意思的时段了。"
    },
    {
      "id": "smalltalk_10607_1",
      "desc": "对话 1",
      "dlg": "我们的代表，人真的很不错诶。甚至会挑选我们这种杀手帮派出身的人呢。以前的我们能想象自己会作为收尾人工作吗？"
    },
    {
      "id": "smalltalk_10607_2",
      "desc": "对话 2",
      "dlg": "吊钩事务所……嗯，看起来我不会在这里久留呢。还有很长的路要走。不是说事务所总是一批一批地成立，又会一家一家地倒闭吗？"
    },
    {
      "id": "smalltalk_10607_3",
      "desc": "对话 3",
      "dlg": "我们事务所的名字好像不是特别容易被记住。即使我介绍了自己，各位也不会留下很深的印象吧？"
    },
    {
      "id": "smalltalk_10607_4",
      "desc": "同步后对话 1",
      "dlg": "嗯，嗯。请不要那么柔和地说话。稍微有点让人恼火。我说不定会在杀你时弄得更痛哦？"
    },
    {
      "id": "smalltalk_10607_5",
      "desc": "同步后对话 2",
      "dlg": "这个工坊制作的活体装备……真的很好用呢。似乎也比其他活体装备更好安装。就像我真正的四肢一样活动呢。切碎，撕裂，装饰，有很多种用法呢~"
    },
    {
      "id": "neglect_10607_1",
      "desc": "闲置",
      "dlg": "嗯~又没人喊我了。工作就这么少的吗。"
    },
    {
      "id": "gacksung_10607_1",
      "desc": "进行同步",
      "dlg": "我确实工作做得不错呢~如果给我找更多工作的话，我也会更加活跃的。你会这么做的，对吧？"
    },
    {
      "id": "formation_10607_1",
      "desc": "人格出战",
      "dlg": "有新的委托吗？"
    },
    {
      "id": "battleentry_10607_1",
      "desc": "进入战斗",
      "dlg": "今天又能撕开多少人呢？"
    },
    {
      "id": "battle_select_10607_1",
      "desc": "战斗中选中人格",
      "dlg": "啊，这样把他们吊起来不是很显眼吗？"
    },
    {
      "id": "battle_endcommand_10607_1",
      "desc": "进行攻击",
      "dlg": "过……来！"
    },
    {
      "id": "battle_enemy_break_10607_1",
      "desc": "敌方混乱",
      "dlg": "嗯~别拖拉就好了。"
    },
    {
      "id": "battle_break_10607_1",
      "desc": "自身混乱",
      "dlg": "欸……"
    },
    {
      "id": "battle_kill_10607_1",
      "desc": "击杀敌方",
      "dlg": "早些收拾完回去吧。"
    },
    {
      "id": "battle_dead_10607_1",
      "desc": "自身阵亡",
      "dlg": "啊……我的招式……被看破……了吗。"
    },
    {
      "id": "choice_success_p_10607_2",
      "desc": "判定成功",
      "dlg": "嗯，真简单。先行一步！"
    },
    {
      "id": "choice_fail_n_10607_1",
      "desc": "判定失败",
      "dlg": "别让我干这种事，让我干擅长的不好吗。"
    },
    {
      "id": "battle_clear_10607_1",
      "desc": "战斗胜利",
      "dlg": "不太好玩啊，对方也不是什么很强的家伙……"
    },
    {
      "id": "battle_clear_ex_10607_1",
      "desc": "EX CLEAR战斗胜利",
      "dlg": "哈~终于能放心睡觉了！我要就这么继续攒钱，装上更好的装备。"
    },
    {
      "id": "battle_defeat_10607_1",
      "desc": "战斗失败",
      "dlg": "什么……？成为收尾人后，杀人反而会受到限制吗……？我这是被骗了啊……"
    }
  ]
}