{
  "dataList": [
    {
      "id": "get_10806_1",
      "desc": "获得时",
      "dlg": "您是在叫我吗？嗷，烫……好的，需要我做什么吗？"
    },
    {
      "id": "lobby_morning_10806_1",
      "desc": "早间问候",
      "dlg": "尽管我们做了不少力气活……但早上还有文书工作要处理。而且还要开会。"
    },
    {
      "id": "lobby_noon_10806_1",
      "desc": "午间问候",
      "dlg": "好~我们先去吃点东西吧。又吃牛肉面的话您就不来了吗？不是，那附近还有和那家面馆一样好吃的地方吗？"
    },
    {
      "id": "lobby_night_10806_1",
      "desc": "晚间问候",
      "dlg": "哈……也许夜间训练时我该戴副墨镜。这些闪烁的火焰让我的眼睛好痛。"
    },
    {
      "id": "smalltalk_10806_1",
      "desc": "对话 1",
      "dlg": "这地方？没错，我经常来。我是这的常客。"
    },
    {
      "id": "smalltalk_10806_2",
      "desc": "对话 2",
      "dlg": "这件衣服上的刺绣是用月长石缝制而成的。我听说地位更高的科衣服上就会有更多的花纹。"
    },
    {
      "id": "smalltalk_10806_3",
      "desc": "对话 3",
      "dlg": "看起来我们相处得很好？好吧，我明白您为什么会有这种感觉。因为我们本来就经常聚在一起互相交流。\n嗯，但他们并不经常和我一起吃饭。"
    },
    {
      "id": "smalltalk_10806_4",
      "desc": "同步后对话 1",
      "dlg": "六协会提供各种拳法与武术技巧的学习机会，我个人的最爱是八极拳。"
    },
    {
      "id": "smalltalk_10806_5",
      "desc": "同步后对话 2",
      "dlg": "啊……您想知道我们如何应对利器？呵，这件外套可不会轻易地被普通利器刺穿。比我科室级别更高的同事们使用的衣服面料也应该可以抵御更加危险的东西吧？"
    },
    {
      "id": "gacksung_10806_1",
      "desc": "进行同步",
      "dlg": "……原来如此。看样子传呼会变得更加频繁。好吧，我会不断磨练自己的拳法为其做好准备。"
    },
    {
      "id": "neglect_10806_1",
      "desc": "闲置",
      "dlg": "嗯……让我来找找……下一顿要点的菜单吧？"
    },
    {
      "id": "formation_10806_1",
      "desc": "人格出战",
      "dlg": "我们一起上吧。"
    },
    {
      "id": "battleentry_10806_1",
      "desc": "进入战斗",
      "dlg": "让我来打先锋。"
    },
    {
      "id": "battle_select_10806_1",
      "desc": "战斗中选中人格",
      "dlg": "请不要靠近。您会受伤的。"
    },
    {
      "id": "battle_endcommand_10806_1",
      "desc": "进行攻击",
      "dlg": "很快就会结束。"
    },
    {
      "id": "battle_enemy_break_10806_1",
      "desc": "敌方混乱",
      "dlg": "一个……"
    },
    {
      "id": "battle_break_10806_1",
      "desc": "自身混乱",
      "dlg": "呃……"
    },
    {
      "id": "battle_kill_10806_1",
      "desc": "击杀敌方",
      "dlg": "搞定了！"
    },
    {
      "id": "battle_dead_10806_1",
      "desc": "自身阵亡",
      "dlg": "啊……好想吃……牛肉……面……啊。"
    },
    {
      "id": "choice_success_p_10806_2",
      "desc": "判定成功",
      "dlg": "轻而易举。"
    },
    {
      "id": "choice_fail_n_10806_1",
      "desc": "判定失败",
      "dlg": "嘁……我失败了。"
    },
    {
      "id": "battle_clear_10806_1",
      "desc": "战斗胜利",
      "dlg": "这种程度……还算不错吧？"
    },
    {
      "id": "battle_clear_ex_10806_1",
      "desc": "EX CLEAR战斗胜利",
      "dlg": "呼~完美收工。回去路上要顺便吃碗牛肉面吗？"
    },
    {
      "id": "battle_defeat_10806_1",
      "desc": "战斗失败",
      "dlg": "我似乎需要……更多训练与实践的时间……"
    }
  ]
}