{
  "dataList": [
    {
      "id": "get_10205_1",
      "desc": "获得时",
      "dlg": "浮士德，已收到委托。正在前往保护目标所在地。"
    },
    {
      "id": "lobby_morning_10205_1",
      "desc": "早间问候",
      "dlg": "安全的早晨。今天也会全力保障地区安全。祝您度过愉快的一天。"
    },
    {
      "id": "lobby_noon_10205_1",
      "desc": "午间问候",
      "dlg": "向您做出中午的巡察结果没有问题的报告。啊……不用担心午餐的问题。在浮士德享用午餐时，她的同伴会代为巡察。\n啊，那位是4科的人才，所以不必担心。不过还是浮士德更加优秀。"
    },
    {
      "id": "lobby_night_10205_1",
      "desc": "晚间问候",
      "dlg": "在晚上……请尽可能地靠近浮士德。由于视线变窄，保护移动的速度可能会比白天更慢。"
    },
    {
      "id": "smalltalk_10205_1",
      "desc": "对话 1",
      "dlg": "地区保护是需要大量人力以及每个个体各方面能力的工作。因为必须在签订合同的区域全范围内投入员工。\n为此虽需支付高额的报酬……但可以保证护卫的效果。"
    },
    {
      "id": "smalltalk_10205_2",
      "desc": "对话 2",
      "dlg": "在地区保护任务中，我们会尽可能穿着便衣进行。不显眼的人才能更容易地找出瞄准保护对象的势力。"
    },
    {
      "id": "smalltalk_10205_3",
      "desc": "对话 3",
      "dlg": "并不是所有的Zwei部门都在进行地区保护工作。当然，我们4科也不只有地区保护的业务。"
    },
    {
      "id": "smalltalk_10205_4",
      "desc": "同步后对话 1",
      "dlg": "通常情况下在需要保护的人员较多时会签订这种合同。\n因此……我们被要求在众多敌人面前保护客户。浮士德也一样。"
    },
    {
      "id": "smalltalk_10205_5",
      "desc": "同步后对话 2",
      "dlg": "您在询问我的工作是否繁重吗。我没怎么在意过。浮士德只会考虑保护对象的安全。"
    },
    {
      "id": "neglect_10205_1",
      "desc": "闲置",
      "dlg": "如果没有什么特别事情的话，请允许我去处理下一份巡察计划。"
    },
    {
      "id": "gacksung_10205_1",
      "desc": "进行同步",
      "dlg": "确实如此。收尾人的能力越大，其负责的区域自然也就越多。请多指教。"
    },
    {
      "id": "formation_10205_1",
      "desc": "人格出战",
      "dlg": "准备就绪。"
    },
    {
      "id": "battleentry_10205_1",
      "desc": "进入战斗",
      "dlg": "保护委托，收到。"
    },
    {
      "id": "battle_select_10205_1",
      "desc": "战斗中选中人格",
      "dlg": "其他的区域也有问题吗？"
    },
    {
      "id": "battle_endcommand_10205_1",
      "desc": "进行攻击",
      "dlg": "进行保护。"
    },
    {
      "id": "battle_enemy_break_10205_1",
      "desc": "敌方混乱",
      "dlg": "无法行动了吧。"
    },
    {
      "id": "battle_break_10205_1",
      "desc": "自身混乱",
      "dlg": "呜……"
    },
    {
      "id": "battle_kill_10205_1",
      "desc": "击杀敌方",
      "dlg": "敌对势力已排除。"
    },
    {
      "id": "battle_dead_10205_1",
      "desc": "自身阵亡",
      "dlg": "请不要……担心。其他人员会……保护……"
    },
    {
      "id": "choice_success_p_10205_2",
      "desc": "判定成功",
      "dlg": "这个问题十分简单。"
    },
    {
      "id": "choice_fail_n_10205_1",
      "desc": "判定失败",
      "dlg": "这个问题并不适合浮士德。"
    },
    {
      "id": "battle_clear_10205_1",
      "desc": "战斗胜利",
      "dlg": "保护委托的任务已完成。再次回到巡察中。"
    },
    {
      "id": "battle_clear_ex_10205_1",
      "desc": "EX CLEAR战斗胜利",
      "dlg": "这个地区中的预想问题全部解决了。结束今天的巡察吧。"
    },
    {
      "id": "battle_defeat_10205_1",
      "desc": "战斗失败",
      "dlg": "没……关系。我并不是Zwei协会唯一的盾牌。请您对终止合同的事三思……"
    }
  ]
}