{
  "dataList": [
    {
      "id": "get_10903_1",
      "desc": "获得时",
      "dlg": "啊~是你啊？那个说是要给我下达命令的人？"
    },
    {
      "id": "lobby_morning_10903_1",
      "desc": "早间问候",
      "dlg": "你该不会才起来吧？那个钟表原来没有闹钟功能吗？"
    },
    {
      "id": "lobby_noon_10903_1",
      "desc": "午间问候",
      "dlg": "真是个适合体能锻炼的好日子。你要一直站在那吗？嘛，你想看热闹就看吧。"
    },
    {
      "id": "lobby_night_10903_1",
      "desc": "晚间问候",
      "dlg": "宁静的夜晚。月光暗淡……用来潜入再好不过。"
    },
    {
      "id": "smalltalk_10903_1",
      "desc": "对话 1",
      "dlg": "你应该对我的到来心存感激。我还挺优秀的。"
    },
    {
      "id": "smalltalk_10903_2",
      "desc": "对话 2",
      "dlg": "我说这里的家伙们啊~跟我的水平太相差甚远了。尤其是那个动不动就大喊大叫的家伙。怕不是有癔病吧？"
    },
    {
      "id": "smalltalk_10903_3",
      "desc": "对话 3",
      "dlg": "长话短说。把我们的目的地，还有该铲除的敌人说出来。剩下都由我来解决。"
    },
    {
      "id": "smalltalk_10903_4",
      "desc": "同步后对话 1",
      "dlg": "我也不是一开始就这么自信的。……因为不得不这样所以不知何时就发生了变化。"
    },
    {
      "id": "smalltalk_10903_5",
      "desc": "同步后对话 2",
      "dlg": "归根结底事前观测科就是副弃牌。随随便便就会被扔到危险的地方。所以只有它才会拥有5个科……嘛，钱倒是给的爽快。"
    },
    {
      "id": "neglect_10903_1",
      "desc": "闲置",
      "dlg": "看来你很闲？还有时间到处乱晃。有那个时间不如来帮忙整理报告。"
    },
    {
      "id": "gacksung_10903_1",
      "desc": "进行同步",
      "dlg": "终于要升职了？奖励是什么？加年薪？转职到收尾部队？……这俩都不是？哎呦。"
    },
    {
      "id": "formation_10903_1",
      "desc": "人格出战",
      "dlg": "啊呀。确认报到~"
    },
    {
      "id": "battleentry_10903_1",
      "desc": "进入战斗",
      "dlg": "好，好。正在向作战地点移动~完毕！"
    },
    {
      "id": "battle_select_10903_1",
      "desc": "战斗中选中人格",
      "dlg": "嗯？有什么需要的吗？"
    },
    {
      "id": "battle_endcommand_10903_1",
      "desc": "进行攻击",
      "dlg": "罗佳，开始交战！"
    },
    {
      "id": "battle_enemy_break_10903_1",
      "desc": "敌方混乱",
      "dlg": "目标，暂时丧失行动能力。"
    },
    {
      "id": "battle_break_10903_1",
      "desc": "自身混乱",
      "dlg": "啧……！"
    },
    {
      "id": "battle_kill_10903_1",
      "desc": "击杀敌方",
      "dlg": "目标，完全丧失行动能力！"
    },
    {
      "id": "battle_allydead_10903_1",
      "desc": "友方阵亡",
      "dlg": "哎呦，出现伤员！……不只是负伤的程度？"
    },
    {
      "id": "choice_success_p_10903_1",
      "desc": "判定成功",
      "dlg": "果然，选红色的电线才是对的！"
    },
    {
      "id": "choice_fail_n_10903_1",
      "desc": "判定失败",
      "dlg": "嗯……应该剪掉红色的电线吗……？"
    },
    {
      "id": "battle_clear_10903_1",
      "desc": "战斗胜利",
      "dlg": "啊，啊。观测结束~怎么这么无聊？"
    },
    {
      "id": "battle_clear_ex_10903_1",
      "desc": "EX CLEAR战斗胜利",
      "dlg": "完全解决任务目标！我这就归队~完毕！"
    },
    {
      "id": "battle_defeat_10903_1",
      "desc": "战斗失败",
      "dlg": "哈……任务失败。啧，真没劲。"
    }
  ]
}