{
  "dataList": [
    {
      "id": "get_10809_1",
      "desc": "获得时",
      "dlg": "这里还残留有尘埃。主人气管不太好，所以应该更加彻底地……算了，我来清扫。"
    },
    {
      "id": "lobby_morning_10809_1",
      "desc": "早间问候",
      "dlg": "晨安，主人。您有度过一个安稳的夜晚吗？今日早餐过后有事务需要处理。为了您在处理过程中不要过于劳累，请按时就餐。"
    },
    {
      "id": "lobby_noon_10809_1",
      "desc": "午间问候",
      "dlg": "按您吩咐，我为中午来访的客人着重了清扫正门。\n……啊，那边地面上的红色污渍是处理昨晚的不速之客时所留下的痕迹……我现在就去清理。"
    },
    {
      "id": "lobby_night_10809_1",
      "desc": "晚间问候",
      "dlg": "今天负责夜间守卫的人是我。若有问题发生我会迅速安静地进行处理。我会尽力确保主人总是可以舒适地就寝。"
    },
    {
      "id": "smalltalk_10809_1",
      "desc": "对话1",
      "dlg": "建议您控制饮酒为好。如果良秀大人知道了，宅邸里剩余的酒会被全部没收的。\n……如果您睡不着的话，我可以拜托厨房的人做一些暖和的简餐。"
    },
    {
      "id": "smalltalk_10809_2",
      "desc": "对话2",
      "dlg": "也许是因为已经离狩猎之日不远了，良秀大人仿佛比往常更加敏锐。我反复研磨我的刀叉，现在它们都能映出我的脸了。"
    },
    {
      "id": "smalltalk_10809_3",
      "desc": "对话3",
      "dlg": "虽然有些冷，但在风较平缓的时候还是把窗户打开比较好。如果不进行换气的话，我想主人的身体也不会有所好转……\n若是方便的话，可以请您在接待室中稍候一段时间吗。为了不让您着凉，我会调节室温的。"
    },
    {
      "id": "smalltalk_10809_4",
      "desc": "同步后对话 1",
      "dlg": "不会让他们有时间东张西望的。那些踏入主人领地的不速之客，我会如同为便于食用而切分美味的牛排般，把他们切碎。"
    },
    {
      "id": "smalltalk_10809_5",
      "desc": "同步后对话 2",
      "dlg": "为了狩猎而集结吗……好的，我一定会参加。为了护卫主人和成功狩猎……我会尽我最大努力，在那狂风呼啸的山丘将任务完成。"
    },
    {
      "id": "gacksung_10809_1",
      "desc": "进行同步",
      "dlg": "主人家中雇佣的管家中没有无能之辈。那些想趁着主人病弱之时谋取不当利益的鼠辈，就让我来扫除吧。"
    },
    {
      "id": "neglect_10809_1",
      "desc": "闲置",
      "dlg": "……主人？若您一直站在那里，我就没办法清扫了。请暂时移步此处……"
    },
    {
      "id": "formation_10809_1",
      "desc": "人格出战",
      "dlg": "扫除时间到了。"
    },
    {
      "id": "battleentry_10809_1",
      "desc": "进入战斗",
      "dlg": "管家次元包，准备完毕。"
    },
    {
      "id": "battle_select_10809_1",
      "desc": "战斗中选中人格",
      "dlg": "在，有什么可以帮助您的吗？"
    },
    {
      "id": "battle_endcommand_10809_1",
      "desc": "进行攻击",
      "dlg": "打扫灰尘吧。"
    },
    {
      "id": "battle_enemy_break_10809_1",
      "desc": "敌方混乱",
      "dlg": "就算是积尘……"
    },
    {
      "id": "battle_break_10809_1",
      "desc": "自身混乱",
      "dlg": "哈……"
    },
    {
      "id": "battle_kill_10809_1",
      "desc": "击杀敌方",
      "dlg": "最终，就像这样被清扫。"
    },
    {
      "id": "battle_dead_10809_1",
      "desc": "自身阵亡",
      "dlg": "非常……抱歉。主人……我没能履行……自己的职责……"
    },
    {
      "id": "choice_success_p_10809_2",
      "desc": "判定成功",
      "dlg": "毕竟我是相当能干的管家。"
    },
    {
      "id": "choice_fail_n_10809_1",
      "desc": "判定失败",
      "dlg": "这、这是……非常抱歉。"
    },
    {
      "id": "battle_clear_10809_1",
      "desc": "战斗胜利",
      "dlg": "虽然有点吵闹，但扫除结果还不错。不知道良秀大人会不会满意。"
    },
    {
      "id": "battle_clear_ex_10809_1",
      "desc": "EX CLEAR战斗胜利",
      "dlg": "真是不留一丝灰尘的完美清扫。主人昨晚应该什么都没有注意到吧。"
    },
    {
      "id": "battle_defeat_10809_1",
      "desc": "战斗失败",
      "dlg": "看来又要被良秀大人责备了。这也是没办法的事。"
    }
  ]
}