{
  "dataList": [
    {
      "id": "get_10201_1",
      "desc": "获得时",
      "dlg": "浮士德。你人生中绝无仅有的天才。"
    },
    {
      "id": "lobby_morning_10201_1",
      "desc": "早间问候",
      "dlg": "入睡三小时后我就会醒来。我曾以为这是自然的现象，直至后来，我才意识到人们并非皆是如此。"
    },
    {
      "id": "lobby_noon_10201_1",
      "desc": "午间问候",
      "dlg": "浮士德认为，日光浴是一项有益活动。"
    },
    {
      "id": "lobby_night_10201_1",
      "desc": "晚间问候",
      "dlg": "虽然我从未刻意培养过什么兴趣爱好，不过有那么一段时间，我很享受观星所带来的乐趣。"
    },
    {
      "id": "smalltalk_10201_1",
      "desc": "对话 1",
      "dlg": "……如果你倾向于把人叫到面前后再开始组织语言，那我建议你使用书面文件传达消息。"
    },
    {
      "id": "smalltalk_10201_2",
      "desc": "对话 2",
      "dlg": "我正在考虑在与不同罪人对话时选用不同专业水平的词汇。每句话都要重复两遍以上，实在是缺乏效率。"
    },
    {
      "id": "smalltalk_10201_3",
      "desc": "对话 3",
      "dlg": "但丁，我无所不知并不代表我有回答你每一个问题的义务。"
    },
    {
      "id": "neglect_10201_1",
      "desc": "闲置",
      "dlg": "这些误差还在容许范围之内。"
    },
    {
      "id": "formation_10201_1",
      "desc": "人格出战",
      "dlg": "我将随行。"
    },
    {
      "id": "battleentry_10201_1",
      "desc": "进入战斗",
      "dlg": "已完成随行准备。"
    },
    {
      "id": "battle_select_10201_1",
      "desc": "战斗中选中人格",
      "dlg": "有什么事吗，经理？"
    },
    {
      "id": "battle_endcommand_10201_1",
      "desc": "进行攻击",
      "dlg": "开始行动。"
    },
    {
      "id": "battle_enemy_break_10201_1",
      "desc": "敌方混乱",
      "dlg": "机会来了。"
    },
    {
      "id": "battle_break_10201_1",
      "desc": "自身混乱",
      "dlg": "呃！"
    },
    {
      "id": "battle_kill_10201_1",
      "desc": "击杀敌方",
      "dlg": "理所当然的结果。"
    },
    {
      "id": "battle_allydead_10201_1",
      "desc": "友方阵亡",
      "dlg": "这并非最有效率的选择。"
    },
    {
      "id": "choice_success_p_10201_1",
      "desc": "判定成功",
      "dlg": "不要因成功骄傲自满。"
    },
    {
      "id": "choice_fail_n_10201_1",
      "desc": "判定失败",
      "dlg": "不要对失败耿耿于怀。"
    },
    {
      "id": "battle_clear_10201_1",
      "desc": "战斗胜利",
      "dlg": "有什么值得为此高兴的理由吗？"
    },
    {
      "id": "battle_clear_ex_10201_1",
      "desc": "EX CLEAR战斗胜利",
      "dlg": "你比我预想的要优秀一点。"
    },
    {
      "id": "battle_defeat_10201_1",
      "desc": "战斗失败",
      "dlg": "我本就没抱什么期望。"
    }
  ]
}