{
  "dataList": [
    {
      "id": "get_11106_1",
      "desc": "获得时",
      "dlg": "来，接受决斗。或是卑劣地逃跑吧。"
    },
    {
      "id": "lobby_morning_11106_1",
      "desc": "早间问候",
      "dlg": "请问您昨晚过得好吗。十分抱歉，问候有些简短。因为我很快就有下一项事务了。"
    },
    {
      "id": "lobby_noon_11106_1",
      "desc": "午间问候",
      "dlg": "啊哈，您打算在这里吃午饭啊。这家店虽然简单快捷但又高档的精致菜品富有盛名。那么，我就先回去了。"
    },
    {
      "id": "lobby_night_11106_1",
      "desc": "晚间问候",
      "dlg": "您该回去睡觉了，请好好休息。"
    },
    {
      "id": "smalltalk_11106_1",
      "desc": "对话 1",
      "dlg": "这并非……巡察。巷子里充斥着寻求代理决斗的人，我仅是寻找潜在客户而已。"
    },
    {
      "id": "smalltalk_11106_2",
      "desc": "对话 2",
      "dlg": "战斗中的每个动作都很重要……我认为其中最重要的，便是最开始的一击。\n那是必须要将对手刺穿……动真格的一剑。"
    },
    {
      "id": "smalltalk_11106_3",
      "desc": "对话 3",
      "dlg": "没错，同时与多个敌人交锋并非我们的战斗方式。\n但是，如果他们在巷子里排好队冲过来的话，不管有多少我都应付得来。"
    },
    {
      "id": "smalltalk_11106_4",
      "desc": "同步后对话 1",
      "dlg": "能拨转剑锋的情况并不多见。和敌人近距离战斗时，长剑成为阻碍的情况也很多。\n为了应对那种情况，我需要准备一项秘技。"
    },
    {
      "id": "smalltalk_11106_5",
      "desc": "同步后对话 2",
      "dlg": "当极度愤怒的敌人来袭时，就是最大的机会。\n我能利用那股力量，将其返还到敌人身上。而不费自己丝毫力气。"
    },
    {
      "id": "neglect_11106_1",
      "desc": "闲置",
      "dlg": "如果没有什么特别事项的话……我会暂时离席。"
    },
    {
      "id": "gacksung_11106_1",
      "desc": "进行同步",
      "dlg": "没错，您的认可让我不胜荣幸。我会继续孜孜不倦，不辜负您的期望。"
    },
    {
      "id": "formation_11106_1",
      "desc": "人格出战",
      "dlg": "随时准备完毕。"
    },
    {
      "id": "battleentry_11106_1",
      "desc": "进入战斗",
      "dlg": "我的对手，在哪里！"
    },
    {
      "id": "battle_select_11106_1",
      "desc": "战斗中选中人格",
      "dlg": "……我现在很忙。"
    },
    {
      "id": "battle_endcommand_11106_1",
      "desc": "进行攻击",
      "dlg": "完美的距离。"
    },
    {
      "id": "battle_enemy_break_11106_1",
      "desc": "敌方混乱",
      "dlg": "嗯，可以看穿。"
    },
    {
      "id": "battle_break_11106_1",
      "desc": "自身混乱",
      "dlg": "呜……"
    },
    {
      "id": "battle_kill_11106_1",
      "desc": "击杀敌方",
      "dlg": "啊，是我的胜利呢。"
    },
    {
      "id": "battle_dead_11106_1",
      "desc": "自身阵亡",
      "dlg": "咕呜……多么……耻辱……"
    },
    {
      "id": "choice_success_p_11106_2",
      "desc": "判定成功",
      "dlg": "嗯，手法并不复杂。"
    },
    {
      "id": "choice_fail_n_11106_1",
      "desc": "判定失败",
      "dlg": "……这种决斗出人预料……"
    },
    {
      "id": "battle_clear_11106_1",
      "desc": "战斗胜利",
      "dlg": "真是一场干净利落的决斗。所有人都在这柄剑前沉默了。"
    },
    {
      "id": "battle_clear_ex_11106_1",
      "desc": "EX CLEAR战斗胜利",
      "dlg": "如果刚才的决斗被画下来的话，那一定会是一幅名作吧。"
    },
    {
      "id": "battle_defeat_11106_1",
      "desc": "战斗失败",
      "dlg": "服从结果也是决斗者的礼仪……吧。"
    }
  ]
}