{
  "dataList": [
    {
      "id": "get_11207_1",
      "desc": "获得时",
      "dlg": "呼……对，我就是双钩海盗团的大副，格里高尔。要不要给你签个名？"
    },
    {
      "id": "lobby_morning_11207_1",
      "desc": "早间问候",
      "dlg": "哦~Good morning。啊，有什么话过会再说。喂~来向我报告一下今天的副业情况~"
    },
    {
      "id": "lobby_noon_11207_1",
      "desc": "午间问候",
      "dlg": "在船上可不需要悠闲地享用午餐。饿了就能吃。\n当然，未经许可就跑进储粮室里偷吃的人肯定会被绑上桅杆。"
    },
    {
      "id": "lobby_night_11207_1",
      "desc": "晚间问候",
      "dlg": "到晚上了，我虽然想出去喝一杯……可是虎克那个混蛋完全不回来，啧。我想走都走不了。"
    },
    {
      "id": "smalltalk_11207_1",
      "desc": "对话 1",
      "dlg": "人鱼香水卖不了几个钱。最后还是得做些脏活来赚钱。不论是情报，鲸脂……还是人口！"
    },
    {
      "id": "smalltalk_11207_2",
      "desc": "对话 2",
      "dlg": "我们在四处捅娄子？嘛，对海盗来说不是理所当然的吗……再说我们可还有靠山呢。"
    },
    {
      "id": "smalltalk_11207_3",
      "desc": "对话 3",
      "dlg": "喂，等下等下。什么人质，话说得真难听啊~我们不过是在迎接工作上重要的客人而已。只是稍微粗暴了一点。"
    },
    {
      "id": "smalltalk_11207_4",
      "desc": "同步后对话 1",
      "dlg": "啊，对了对了。这是威胁。要是不跟着我们的话，就给你脑袋开个气孔啊？不不，子弹太贵了，所以会用这爪钩来开。"
    },
    {
      "id": "smalltalk_11207_5",
      "desc": "同步后对话 2",
      "dlg": "进集装箱里休息会儿吧，就一小~会，啧！怎么抖得这么厉害？反正进去之后还是要被冻到发抖的，别白费力气咯~"
    },
    {
      "id": "neglect_11207_1",
      "desc": "闲置",
      "dlg": "呼~在港船上一边做这种无聊的工作一边等着，让我不禁回忆起和虎克在大湖上劫船的日子……"
    },
    {
      "id": "gacksung_11207_1",
      "desc": "进行同步",
      "dlg": "想入伙？嗯~好，行吧。你和我们在各方面也都意气相投。来，好好相处吧。"
    },
    {
      "id": "formation_11207_1",
      "desc": "人格出战",
      "dlg": "需要大副吗？"
    },
    {
      "id": "battleentry_11207_1",
      "desc": "进入战斗",
      "dlg": "让我来处理。"
    },
    {
      "id": "battle_select_11207_1",
      "desc": "战斗中选中人格",
      "dlg": "我正忙着呢，和下头的人说吧。"
    },
    {
      "id": "battle_endcommand_11207_1",
      "desc": "进行攻击",
      "dlg": "给你开个气孔。"
    },
    {
      "id": "battle_enemy_break_11207_1",
      "desc": "敌方混乱",
      "dlg": "就像被撕开的帆布一样飘悠呢。"
    },
    {
      "id": "battle_break_11207_1",
      "desc": "自身混乱",
      "dlg": "什……"
    },
    {
      "id": "battle_kill_11207_1",
      "desc": "击杀敌方",
      "dlg": "嘿，没什么大不了的。"
    },
    {
      "id": "battle_dead_11207_1",
      "desc": "自身阵亡",
      "dlg": "我，我怎么能……这样死掉……中、中指会……"
    },
    {
      "id": "choice_success_p_11207_2",
      "desc": "判定成功",
      "dlg": "呼，撬开宝箱可比这个难多了。"
    },
    {
      "id": "choice_fail_n_11207_1",
      "desc": "判定失败",
      "dlg": "我警告过你了，我做不来这事。"
    },
    {
      "id": "battle_clear_11207_1",
      "desc": "战斗胜利",
      "dlg": "生意谈成了。带几个客人回去吧。"
    },
    {
      "id": "battle_clear_ex_11207_1",
      "desc": "EX CLEAR战斗胜利",
      "dlg": "把他们收拾得干干净净……但这不大好来钱啊。唔，来看看这些家伙们的钱包吧？"
    },
    {
      "id": "battle_defeat_11207_1",
      "desc": "战斗失败",
      "dlg": "哈啊……我全记下了。长相、名字……等幼姊来了，你们就全完蛋了。"
    }
  ]
}