{
  "dataList": [
    {
      "id": "get_10103_1",
      "desc": "获得时",
      "dlg": "我熟知以华丽且奇特的方式斩开心脏的方法。"
    },
    {
      "id": "lobby_morning_10103_1",
      "desc": "早间问候",
      "dlg": "又到了举行剑之盛宴的时刻。"
    },
    {
      "id": "lobby_noon_10103_1",
      "desc": "午间问候",
      "dlg": "警惕时常微笑的人。在那虚伪的笑容中或许藏着尖刀。"
    },
    {
      "id": "lobby_night_10103_1",
      "desc": "晚间问候",
      "dlg": "我深爱月光。它会将不应被照亮之物暴露得愈加鲜明。"
    },
    {
      "id": "smalltalk_10103_1",
      "desc": "对话 1",
      "dlg": "这些伤痕？已经痊愈了。比起这个……你是否该询问造成这些伤痕的人下场如何？"
    },
    {
      "id": "smalltalk_10103_2",
      "desc": "对话 2",
      "dlg": "不论刀锋多么锐利，不去使用便毫无意义。"
    },
    {
      "id": "smalltalk_10103_3",
      "desc": "对话 3",
      "dlg": "好奇我的过去？那些……我早已舍弃。"
    },
    {
      "id": "smalltalk_10103_4",
      "desc": "同步后对话 1",
      "dlg": "告诉你个秘密，即使遮住双目双耳，我也依旧能斩杀敌人。……只是玩笑。但丁，你真的很容易轻信别人。"
    },
    {
      "id": "smalltalk_10103_5",
      "desc": "同步后对话 2",
      "dlg": "对我而言，时钟至今都是无用的器物。可但丁，你的时钟有着异样的魅力。"
    },
    {
      "id": "neglect_10103_1",
      "desc": "闲置",
      "dlg": "不管对话结束与否，你都会立刻离开，真是薄情。"
    },
    {
      "id": "gacksung_10103_1",
      "desc": "进行同步",
      "dlg": "直到刀折断为止，我都会伴你左右。"
    },
    {
      "id": "formation_10103_1",
      "desc": "人格出战",
      "dlg": "该掀起一阵血雨了。"
    },
    {
      "id": "battleentry_10103_1",
      "desc": "进入战斗",
      "dlg": "你是否需要我的剑刃？"
    },
    {
      "id": "battle_select_10103_1",
      "desc": "战斗中选中人格",
      "dlg": "刀锋依旧锐利。"
    },
    {
      "id": "battle_endcommand_10103_1",
      "desc": "进行攻击",
      "dlg": "我会将罪孽铭刻在你身上。"
    },
    {
      "id": "battle_enemy_break_10103_1",
      "desc": "敌方混乱",
      "dlg": "血流满地，一片狼藉。"
    },
    {
      "id": "battle_break_10103_1",
      "desc": "自身混乱",
      "dlg": "嗯……"
    },
    {
      "id": "battle_kill_10103_1",
      "desc": "击杀敌方",
      "dlg": "是这些伤痕的功劳。"
    },
    {
      "id": "battle_allydead_10103_1",
      "desc": "友方阵亡",
      "dlg": "不会留下疤痕的。"
    },
    {
      "id": "choice_success_p_10103_1",
      "desc": "判定成功",
      "dlg": "是伤痕中积累下的经验。"
    },
    {
      "id": "choice_fail_n_10103_1",
      "desc": "判定失败",
      "dlg": "似乎是我自掘坟墓。"
    },
    {
      "id": "battle_clear_10103_1",
      "desc": "战斗胜利",
      "dlg": "他们知道何时就该屈服，不错。"
    },
    {
      "id": "battle_clear_ex_10103_1",
      "desc": "EX CLEAR战斗胜利",
      "dlg": "将他们切成碎片，使我的精神无比清醒。"
    },
    {
      "id": "battle_defeat_10103_1",
      "desc": "战斗失败",
      "dlg": "应当令我的剑挥舞至碎裂，这样我才不会有所留恋。"
    }
  ]
}