{
  "dataList": [
    {
      "id": "get_11105_1",
      "desc": "获得时",
      "dlg": "啊……什么？我脑袋晕乎乎的，你说慢点呗。"
    },
    {
      "id": "lobby_morning_11105_1",
      "desc": "早间问候",
      "dlg": "唔……又是宿醉……啊，来委托了？十分抱歉，去找事务所的其他人吧……拜托了，嗝。"
    },
    {
      "id": "lobby_noon_11105_1",
      "desc": "午间问候",
      "dlg": "呼，我总算恢复一点状态了。今天午饭就不喝酒了。"
    },
    {
      "id": "lobby_night_11105_1",
      "desc": "晚间问候",
      "dlg": "啊，晚饭我有约了。失礼了。\n……会不会又要出去喝酒？那我也没办法啊！这也是与重要客户的约定。"
    },
    {
      "id": "smalltalk_11105_1",
      "desc": "对话 1",
      "dlg": "有时你需要当机立断。"
    },
    {
      "id": "smalltalk_11105_2",
      "desc": "对话 2",
      "dlg": "珍惜你的朋友为好。你并不知道他们何时何处就能帮上忙。\n……我太物质了？你在说什么啊。我说的并不关钱的事。"
    },
    {
      "id": "smalltalk_11105_3",
      "desc": "对话 3",
      "dlg": "哈啊……我已经开始担心了。这次的委托我们必须乘坐WARP列车过去，但每次坐的时候胃就会犯恶心……\n啧，才不是因为宿醉！"
    },
    {
      "id": "smalltalk_11105_4",
      "desc": "同步后对话 1",
      "dlg": "我在战斗之中也有慎重的一面。来，看着。这时与其直接去撕裂敌人，不如沉着冷静地防御！\n然后收拾掉他们。"
    },
    {
      "id": "smalltalk_11105_5",
      "desc": "同步后对话 2",
      "dlg": "我住后巷时，这种混乱随处可见。所以对于有些不需要我出面的事，我更想把它们甩给其他两个人……\n但是，那种事也不是随随便便就能做好的。"
    },
    {
      "id": "neglect_11105_1",
      "desc": "闲置",
      "dlg": "水……水给我喝一口……"
    },
    {
      "id": "gacksung_11105_1",
      "desc": "进行同步",
      "dlg": "我觉得这也不是值得我特意跑出去的事情……嘛，既然你都拜托我了，那明白了。"
    },
    {
      "id": "formation_11105_1",
      "desc": "人格出战",
      "dlg": "啊……出发是吗。"
    },
    {
      "id": "battleentry_11105_1",
      "desc": "进入战斗",
      "dlg": "慢，慢着慢着。稍等一……"
    },
    {
      "id": "battle_select_11105_1",
      "desc": "战斗中选中人格",
      "dlg": "怎么，有问题吗？"
    },
    {
      "id": "battle_endcommand_11105_1",
      "desc": "进行攻击",
      "dlg": "大干一场吧。"
    },
    {
      "id": "battle_enemy_break_11105_1",
      "desc": "敌方混乱",
      "dlg": "啊~要再轻点吗……"
    },
    {
      "id": "battle_break_11105_1",
      "desc": "自身混乱",
      "dlg": "啧。"
    },
    {
      "id": "battle_kill_11105_1",
      "desc": "击杀敌方",
      "dlg": "好累啊！呼，你就不会躲开吗。"
    },
    {
      "id": "battle_dead_11105_1",
      "desc": "自身阵亡",
      "dlg": "啊……是不是我太鲁莽了……真是……太蠢了……"
    },
    {
      "id": "choice_success_p_11105_2",
      "desc": "判定成功",
      "dlg": "嗯？真是扫兴啊……"
    },
    {
      "id": "choice_fail_n_11105_1",
      "desc": "判定失败",
      "dlg": "妈的……应该先醒酒再做的。"
    },
    {
      "id": "battle_clear_11105_1",
      "desc": "战斗胜利",
      "dlg": "嘛，就稍微努力了一下。还不错吧？"
    },
    {
      "id": "battle_clear_ex_11105_1",
      "desc": "EX CLEAR战斗胜利",
      "dlg": "下一次喝酒时就谈这个了。完美……呼呼。"
    },
    {
      "id": "battle_defeat_11105_1",
      "desc": "战斗失败",
      "dlg": "怎么会……不可能的。哈，是我的错吗……"
    }
  ]
}