{
  "dataList": [
    {
      "id": "get_10509_1",
      "desc": "获得时",
      "dlg": "雨淅淅沥沥下个不停……\n我没想到会有人在这种日子来访。你是什么沾满酒气的狗吗？"
    },
    {
      "id": "lobby_morning_10509_1",
      "desc": "早间问候",
      "dlg": "太阳升起。今日你们也要前往各自负责的街区。管理应管之事，携带应携之物。"
    },
    {
      "id": "lobby_noon_10509_1",
      "desc": "午间问候",
      "dlg": "午饭……是啊。就去今天预定征收保护费的那家酒吧吧。若双方协商后从预定的保护费中提出一部分抵消餐费，对彼此都有利。"
    },
    {
      "id": "lobby_night_10509_1",
      "desc": "晚间问候",
      "dlg": "夜晚的街道是适合交战的环境。准备好战斗。我们要处理那些蚕食我们地盘的家伙。"
    },
    {
      "id": "smalltalk_10509_1",
      "desc": "对话 1",
      "dlg": "不知从何时起……有流言传说我们死兔帮与其他的黑帮不同，更为温和。我无法理解。\n是指收取保护费后确实会进行保护的黑帮较为罕见吗。若能于不见血的情况下获取更多持续收益，这不是合理行动吗。"
    },
    {
      "id": "smalltalk_10509_2",
      "desc": "对话 2",
      "dlg": "最近有个新人想要加入我们帮派。他身上没有水沟的臭味，约莫来自某个与帮派无缘的地方。\n……他的眼中满含恶毒。我会试探他，如果有所用处就把他带走。"
    },
    {
      "id": "smalltalk_10509_3",
      "desc": "对话 3",
      "dlg": "在战斗开始前投掷围巾是我们死兔帮长久以来的传统。系成兔耳形状的围巾代表着向敌人跃去的场景。"
    },
    {
      "id": "smalltalk_10509_4",
      "desc": "同步后对话 1",
      "dlg": "时间……过去很久了。此时若与其他帮派冲突将有利可图。\n比起消耗提供保护费的人的时间，从剥夺无数时间的其他帮派手上一次性吸收过来才更有效率。"
    },
    {
      "id": "smalltalk_10509_5",
      "desc": "同步后对话 2",
      "dlg": "你问……希斯克利夫？他的战斗很不错。若非要说我的感受，那应该是他急于证明自身的存在价值而过分莽撞。\n……我认为我们相处的时间会比预想中更久。"
    },
    {
      "id": "neglect_10509_1",
      "desc": "闲置",
      "dlg": "慢慢来。毕竟时间……总是能赚到的。"
    },
    {
      "id": "gacksung_10509_1",
      "desc": "进行同步",
      "dlg": "快到补充时间的时候了。似乎有些不清楚自身斤两，在后巷闲逛的黑帮。是时候赚取时间了。"
    },
    {
      "id": "formation_10509_1",
      "desc": "人格出战",
      "dlg": "到了去赚取时间的时候了。"
    },
    {
      "id": "battleentry_10509_1",
      "desc": "进入战斗",
      "dlg": "到死兔帮的时间了。"
    },
    {
      "id": "battle_select_10509_1",
      "desc": "战斗中选中人格",
      "dlg": "目前时间并不多。"
    },
    {
      "id": "battle_endcommand_10509_1",
      "desc": "进行攻击",
      "dlg": "痛揍他们。"
    },
    {
      "id": "battle_enemy_break_10509_1",
      "desc": "敌方混乱",
      "dlg": "脑震荡了吗。都能看到兔子了吧。"
    },
    {
      "id": "battle_break_10509_1",
      "desc": "自身混乱",
      "dlg": "嗯……"
    },
    {
      "id": "battle_kill_10509_1",
      "desc": "击杀敌方",
      "dlg": "我会带走你不再需要的时间。"
    },
    {
      "id": "battle_dead_10509_1",
      "desc": "自身阵亡",
      "dlg": "我知道……这一天终会到来……直到最后……我都会慢慢地……"
    },
    {
      "id": "choice_success_p_10509_2",
      "desc": "判定成功",
      "dlg": "仅为时间问题。"
    },
    {
      "id": "choice_fail_n_10509_1",
      "desc": "判定失败",
      "dlg": "我来负责。"
    },
    {
      "id": "battle_clear_10509_1",
      "desc": "战斗胜利",
      "dlg": "我们得到的时间比预想中要少，但我们通过这次争斗吸收了对方势力。影响力也会扩大一些吧。"
    },
    {
      "id": "battle_clear_ex_10509_1",
      "desc": "EX CLEAR战斗胜利",
      "dlg": "嗯……不错的战斗。新人也让我很满意。今后我也会积极接纳闯来的那些家伙们。"
    },
    {
      "id": "battle_defeat_10509_1",
      "desc": "战斗失败",
      "dlg": "时间并不只是赚取而来。偶尔也会被夺走……没关系。只要时钟内的时间没被全部夺走就没关系。"
    }
  ]
}