{
  "dataList": [
    {
      "id": "get_10108_1",
      "desc": "获得时",
      "dlg": "我是李箱。请保持安静，这里是知识的圣殿。"
    },
    {
      "id": "lobby_morning_10108_1",
      "desc": "早间问候",
      "dlg": "啊，太阳已经升起来了。唔嗯……听到这里，感觉有些疲倦了。稍微休息一下吧……"
    },
    {
      "id": "lobby_noon_10108_1",
      "desc": "午间问候",
      "dlg": "就餐……？此处不允许用餐。你如果饿了，从那边的出口出门向右拐即可。食堂在那里。"
    },
    {
      "id": "lobby_night_10108_1",
      "desc": "晚间问候",
      "dlg": "嗯，我来时看见了。夕阳已落。夜色中印刷文字会更容易阅读。现在起能更为舒缓地读书了。"
    },
    {
      "id": "smalltalk_10108_1",
      "desc": "对话 1",
      "dlg": "知识需积累至极限。毕竟不知其何时会被挥发掉。"
    },
    {
      "id": "smalltalk_10108_2",
      "desc": "对话 2",
      "dlg": "此处储藏着千百年来的知识。想要钻研新事物，此处是最优选。夸张来说，我可以永远定居在这空间里。"
    },
    {
      "id": "smalltalk_10108_3",
      "desc": "对话 3",
      "dlg": "此处也会关怀无处可去之人。能多一人品味知识，积累学识，对所有人而言都是一件喜事。"
    },
    {
      "id": "smalltalk_10108_4",
      "desc": "同步后对话 1",
      "dlg": "我和拳派格格不入……嗯，是吗。知识是由人亲手书写下的。我不知这与用手压制敌人有何区别。"
    },
    {
      "id": "smalltalk_10108_5",
      "desc": "同步后对话 2",
      "dlg": "知识逐渐消耗也没问题。你知道吗？复习不仅是加深理解，也是学习过程中最为愉快的一环。"
    },
    {
      "id": "neglect_10108_1",
      "desc": "闲置",
      "dlg": "嗯……"
    },
    {
      "id": "gacksung_10108_1",
      "desc": "进行同步",
      "dlg": "是吗。那我还需积累更多学识。不断精进。"
    },
    {
      "id": "formation_10108_1",
      "desc": "人格出战",
      "dlg": "出发吧。"
    },
    {
      "id": "battleentry_10108_1",
      "desc": "进入战斗",
      "dlg": "为了领悟知识。"
    },
    {
      "id": "battle_select_10108_1",
      "desc": "战斗中选中人格",
      "dlg": "有疑问吗？"
    },
    {
      "id": "battle_endcommand_10108_1",
      "desc": "进行攻击",
      "dlg": "苦痛为求识铺平前路！"
    },
    {
      "id": "battle_enemy_break_10108_1",
      "desc": "敌方混乱",
      "dlg": "启蒙之路遍布苦痛。"
    },
    {
      "id": "battle_break_10108_1",
      "desc": "自身混乱",
      "dlg": "啊……"
    },
    {
      "id": "battle_kill_10108_1",
      "desc": "击杀敌方",
      "dlg": "到此为止。"
    },
    {
      "id": "battle_dead_10108_1",
      "desc": "自身阵亡",
      "dlg": "啊……我似乎是忘了……避免死亡的知识。"
    },
    {
      "id": "choice_success_p_10108_2",
      "desc": "判定成功",
      "dlg": "诚如书中所言。"
    },
    {
      "id": "choice_fail_n_10108_1",
      "desc": "判定失败",
      "dlg": "嗯……需要复习一下。"
    },
    {
      "id": "battle_clear_10108_1",
      "desc": "战斗胜利",
      "dlg": "是我们的胜利。但……头脑中四处多出的空白使我心烦。我需要回去复习。"
    },
    {
      "id": "battle_clear_ex_10108_1",
      "desc": "EX CLEAR战斗胜利",
      "dlg": "双手比钥匙更为有力。他们应当深刻领悟到了这点。而且……嗯，我还需要说什么吗。"
    },
    {
      "id": "battle_defeat_10108_1",
      "desc": "战斗失败",
      "dlg": "你一定十分失望。都是因为我学得不够。需要加倍学习……"
    }
  ]
}