{
  "dataList": [
    {
      "id": "get_10209_1",
      "desc": "获得时",
      "dlg": "失礼了。这是寒舍准备的下午茶。\n请慢用。"
    },
    {
      "id": "lobby_morning_10209_1",
      "desc": "早间问候",
      "dlg": "早餐我简单地准备了蛋奶糕和与之相配的葡萄酒。餐后红茶也准备好了，请慢用。"
    },
    {
      "id": "lobby_noon_10209_1",
      "desc": "午间问候",
      "dlg": "这座宅邸不怎么见光。我们根据奥提斯大人的命令，提高了壁炉的火力。请到其附近温暖身躯。"
    },
    {
      "id": "lobby_night_10209_1",
      "desc": "晚间问候",
      "dlg": "已为您准备了御寒用的鸭绒被褥。那么，祝您今夜愉快。\n我们要被召集参加狩猎相关的会议。"
    },
    {
      "id": "smalltalk_10209_1",
      "desc": "对话 1",
      "dlg": "奥提斯大人代表我们与夫人沟通了许多。有时到了翌日，对话都仍在持续。"
    },
    {
      "id": "smalltalk_10209_2",
      "desc": "对话 2",
      "dlg": "今日地下……恐怕会有些许骚动。刚好是准备狩猎的管家们进行训练的时间，还请您不要在意金属的撞击声。"
    },
    {
      "id": "smalltalk_10209_3",
      "desc": "对话 3",
      "dlg": "此茶是由Девять协会送来的最上等茶叶，以完全不破坏茶叶完整的方式沏成。这是从前代人开始就未曾断过的，能代表呼啸山庄的茶。"
    },
    {
      "id": "smalltalk_10209_4",
      "desc": "同步后对话 1",
      "dlg": "啊，稍稍有些吵闹吗。十分抱歉。这次的不速之客有些粗鲁……让他们退场的时候稍微有些费力。\n恳请您能理解。"
    },
    {
      "id": "smalltalk_10209_5",
      "desc": "同步后对话 2",
      "dlg": "当然，接待不速之客时产生的破损和污渍，会由负责打扫宅邸的优秀管家们来解决。\n主人请无须担心。一切都将回到事情发生以前。"
    },
    {
      "id": "neglect_10209_1",
      "desc": "闲置",
      "dlg": "……如果我打扰了您的思考的话，请允许我暂时离席。"
    },
    {
      "id": "gacksung_10209_1",
      "desc": "进行同步",
      "dlg": "……访客请到此处。恕我冒昧，未被邀请的各位……有必要立刻办理退场手续。"
    },
    {
      "id": "formation_10209_1",
      "desc": "人格出战",
      "dlg": "如有需要，随时待命。"
    },
    {
      "id": "battleentry_10209_1",
      "desc": "进入战斗",
      "dlg": "让浮士德来迎接吧。"
    },
    {
      "id": "battle_select_10209_1",
      "desc": "战斗中选中人格",
      "dlg": "有任何不便之处吗？"
    },
    {
      "id": "battle_endcommand_10209_1",
      "desc": "进行攻击",
      "dlg": "……请到此处。"
    },
    {
      "id": "battle_enemy_break_10209_1",
      "desc": "敌方混乱",
      "dlg": "真是品行不端呢。"
    },
    {
      "id": "battle_break_10209_1",
      "desc": "自身混乱",
      "dlg": "哈……"
    },
    {
      "id": "battle_kill_10209_1",
      "desc": "击杀敌方",
      "dlg": "请退下，立刻。"
    },
    {
      "id": "battle_dead_10209_1",
      "desc": "自身阵亡",
      "dlg": "十分抱歉……奥提斯大人、夫人。我未能完成交予我的……"
    },
    {
      "id": "choice_success_p_10209_2",
      "desc": "判定成功",
      "dlg": "这很简单。"
    },
    {
      "id": "choice_fail_n_10209_1",
      "desc": "判定失败",
      "dlg": "还有些不熟练……"
    },
    {
      "id": "battle_clear_10209_1",
      "desc": "战斗胜利",
      "dlg": "不速之客已经接待完毕。然而，为了进行那天的狩猎还有一些不足之处。我会补足的。"
    },
    {
      "id": "battle_clear_ex_10209_1",
      "desc": "EX CLEAR战斗胜利",
      "dlg": "完美的接待。就让我们以这个势头……成功地完成首席管家安排的狩猎计划吧。"
    },
    {
      "id": "battle_defeat_10209_1",
      "desc": "战斗失败",
      "dlg": "十分抱歉。接待中似乎出现了一些问题……下次我会尽力不让您费心。"
    }
  ]
}