{
  "dataList": [
    {
      "id": "get_11209_1",
      "desc": "获得时",
      "dlg": "你也是来猎杀那混蛋的吗？还是说你只是想……来见证这份没落。"
    },
    {
      "id": "lobby_morning_11209_1",
      "desc": "早间问候",
      "dlg": "如果可以的话，能帮我把窗户合上吗？我这身子生来只要一受风，就会整夜咳嗽。"
    },
    {
      "id": "lobby_noon_11209_1",
      "desc": "午间问候",
      "dlg": "别在这里期待什么阳光。云层是不会散去的。就像平和的日子永远也不会到来一般。"
    },
    {
      "id": "lobby_night_11209_1",
      "desc": "晚间问候",
      "dlg": "就算好不容易睡着了，我也会被狂风的呼啸声吵醒。也许那是我忘却的噩梦叩击窗户的声音。"
    },
    {
      "id": "smalltalk_11209_1",
      "desc": "对话 1",
      "dlg": "啊，是你呀。偶尔会有不速之客来访。虽然我在别无选择的情况下将后背托付出去，但我知道其会随时在背后捅我一刀。"
    },
    {
      "id": "smalltalk_11209_2",
      "desc": "对话 2",
      "dlg": "我并不相信剑越锋利，精神就越敏锐的说法。我的剑可是花了大价钱，当然比什么都锋利。但是……当我每晚醒来的时候，会不断地怀疑这一切……是不是只是一场噩梦。"
    },
    {
      "id": "smalltalk_11209_3",
      "desc": "对话 3",
      "dlg": "你看到那座宅邸了吗？那是唯有风暴和雷鸣会做客的地方。虽然它只会给我带来绝望……但讽刺的是，那绝望成了我坚持下去的唯一理由。"
    },
    {
      "id": "smalltalk_11209_4",
      "desc": "同步后对话 1",
      "dlg": "偶尔看到没有名字的墓碑时，我的心脏就会像要炸裂般颤动……如果你能猜到原因，可以告诉我吗？"
    },
    {
      "id": "smalltalk_11209_5",
      "desc": "同步后对话 2",
      "dlg": "他留下了我的一条胳膊。而且是故意的。还对我说，要玩小时候没能玩完的捉迷藏。谁会先被抓住，让我们拭目以待。"
    },
    {
      "id": "neglect_11209_1",
      "desc": "闲置",
      "dlg": "没关系，我已经习惯被遗忘了。"
    },
    {
      "id": "gacksung_11209_1",
      "desc": "进行同步",
      "dlg": "这样啊，到了该研磨刀刃的时候了。"
    },
    {
      "id": "formation_11209_1",
      "desc": "人格出战",
      "dlg": "发现猎物了吗。"
    },
    {
      "id": "battleentry_11209_1",
      "desc": "进入战斗",
      "dlg": "该哀悼了。"
    },
    {
      "id": "battle_select_11209_1",
      "desc": "战斗中选中人格",
      "dlg": "有什么要对我说的吗？"
    },
    {
      "id": "battle_endcommand_11209_1",
      "desc": "进行攻击",
      "dlg": "将我的锋刃献于你。"
    },
    {
      "id": "battle_enemy_break_11209_1",
      "desc": "敌方混乱",
      "dlg": "别期待能在这场战斗中获得名誉。"
    },
    {
      "id": "battle_break_11209_1",
      "desc": "自身混乱",
      "dlg": "不……就这么倒下的话，那家伙该会如何嘲笑我啊。"
    },
    {
      "id": "battle_kill_11209_1",
      "desc": "击杀敌方",
      "dlg": "我不过才刺中你一处要害……"
    },
    {
      "id": "battle_dead_11209_1",
      "desc": "自身阵亡",
      "dlg": "终于……雾散去了，我能见到那个只能于梦中相会的思念之人了吗……"
    },
    {
      "id": "choice_success_p_11209_2",
      "desc": "判定成功",
      "dlg": "和迄今为止斩断的东西相比……很简单。"
    },
    {
      "id": "choice_fail_n_11209_1",
      "desc": "判定失败",
      "dlg": "我完全没注意到。"
    },
    {
      "id": "battle_clear_11209_1",
      "desc": "战斗胜利",
      "dlg": "最终决斗还在后头。没有举杯庆祝的理由。"
    },
    {
      "id": "battle_clear_ex_11209_1",
      "desc": "EX CLEAR战斗胜利",
      "dlg": "愿这柄利刃也能刺穿那家伙漆黑的心脏。"
    },
    {
      "id": "battle_defeat_11209_1",
      "desc": "战斗失败",
      "dlg": "只是还没到时候。"
    }
  ]
}