{
  "dataList": [
    {
      "id": "get_11109_1",
      "desc": "获得时",
      "dlg": "评级是F。不接受反驳。"
    },
    {
      "id": "lobby_morning_11109_1",
      "desc": "早间问候",
      "dlg": "不要一大早就这么吵。"
    },
    {
      "id": "lobby_noon_11109_1",
      "desc": "午间问候",
      "dlg": "这幅画根本没法看。哈……出去透透气吧。每到这个时候我的脑子都跟生锈了一样。"
    },
    {
      "id": "lobby_night_11109_1",
      "desc": "晚间问候",
      "dlg": "在完成手头的任务之前，谁也不许睡觉。就算通宵熬夜也得把它做完。"
    },
    {
      "id": "smalltalk_11109_1",
      "desc": "对话 1",
      "dlg": "说说你的能力吧。\n指挥和咨询……之类的……又是个麻烦的。无论如何，别全交给别人干。你要尽全力为完成作品作出贡献。"
    },
    {
      "id": "smalltalk_11109_2",
      "desc": "对话 2",
      "dlg": "身着白衣并不是因为我们蠢到不知道白色容易脏。\n艰苦的创作完成之时，被染上各种色彩的衣服，本身就是一件具有鉴赏价值的艺术品。"
    },
    {
      "id": "smalltalk_11109_3",
      "desc": "对话 3",
      "dlg": "集体项目的参与者之中，每五个就有一个是无可救药的垃圾。\n按照这个比率，这个团队至少有两三个这样的家伙。"
    },
    {
      "id": "smalltalk_11109_4",
      "desc": "同步后对话 1",
      "dlg": "用颜料画出的点，不是世上的全部。还有洞、伤口、目光和铁丝网。世上有无数多的点。"
    },
    {
      "id": "smalltalk_11109_5",
      "desc": "同步后对话 2",
      "dlg": "等下。站住。哼……要我在你的心脏上戳两三个小洞吗？这应该能做出不错的作品……\n为什么要逃跑？大家赶紧过来抓住那家伙，快！"
    },
    {
      "id": "neglect_11109_1",
      "desc": "闲置",
      "dlg": "眼神游离了？看这里。"
    },
    {
      "id": "gacksung_11109_1",
      "desc": "进行同步",
      "dlg": "你理解由点汇聚成光影的美学吗？不知道的话现在就去掌握。"
    },
    {
      "id": "formation_11109_1",
      "desc": "人格出战",
      "dlg": "如果想要我出战，那就准备好符合我标准的组员。"
    },
    {
      "id": "battleentry_11109_1",
      "desc": "进入战斗",
      "dlg": "全员集合。是时候讨论一下我们的项目了。"
    },
    {
      "id": "battle_select_11109_1",
      "desc": "战斗中选中人格",
      "dlg": "我还在设计作品，直接说重点吧。"
    },
    {
      "id": "battle_endcommand_11109_1",
      "desc": "进行攻击",
      "dlg": "合理的意见。就这么办吧。"
    },
    {
      "id": "battle_enemy_break_11109_1",
      "desc": "敌方混乱",
      "dlg": "草稿完成了。快点上色。"
    },
    {
      "id": "battle_break_11109_1",
      "desc": "自身混乱",
      "dlg": "咳……"
    },
    {
      "id": "battle_kill_11109_1",
      "desc": "击杀敌方",
      "dlg": "作品完成。回去之后再交换意见吧。"
    },
    {
      "id": "battle_dead_11109_1",
      "desc": "自身阵亡",
      "dlg": "组员……选错了啊……"
    },
    {
      "id": "choice_success_p_11109_2",
      "desc": "判定成功",
      "dlg": "大家都会得到好评的，这都是托我的福。"
    },
    {
      "id": "choice_fail_n_11109_1",
      "desc": "判定失败",
      "dlg": "……正因有这些苦难存在，艺术才有其价值。"
    },
    {
      "id": "battle_clear_11109_1",
      "desc": "战斗胜利",
      "dlg": "评级大约为B。表现得不好不坏。"
    },
    {
      "id": "battle_clear_ex_11109_1",
      "desc": "EX CLEAR战斗胜利",
      "dlg": "A+。这是一场艺术性的战斗。"
    },
    {
      "id": "battle_defeat_11109_1",
      "desc": "战斗失败",
      "dlg": "……如果把这次的指挥当成作品的话，不及格。"
    }
  ]
}