{
  "dataList": [
    {
      "id": "announcer_cheer_5_1",
      "dlg": "好吧~让我们快点完事，然后去吃点东西吧？"
    },
    {
      "id": "announcer_cheer_5_2",
      "dlg": "先干完活的有好吃的！当然啦~公司请客！"
    },
    {
      "id": "announcer_specialcheer_5_1",
      "dlg": "他们都快被切成碎肉了……没有更好的办法吗？"
    },
    {
      "id": "announcer_specialcheer_5_2",
      "dlg": "呃……你们还好吗？你们流了好多血啊？"
    },
    {
      "id": "announcer_enemy_break_5_1",
      "dlg": "快看那儿！他摇摇晃晃的！"
    },
    {
      "id": "announcer_ally_break_5_1",
      "dlg": "嗯……你可以试试像这样躲开，不就行了嘛！"
    },
    {
      "id": "announcer_killenemy_5_1",
      "dlg": "好！解决了一个！"
    },
    {
      "id": "announcer_ally_dead_5_1",
      "dlg": "呃……但丁……辛苦了……？"
    },
    {
      "id": "announcer_enemy_adv_5_1",
      "dlg": "嗯……如果我们不小心一点的话，还是有可能会输的……但丁，你有什么好想法吗？"
    },
    {
      "id": "announcer_ally_adv_5_1",
      "dlg": "嗯~很快就能解决，然后回巴士的吧，对吧？"
    },
    {
      "id": "announcer_danger_5_1",
      "dlg": "我有种不祥的预感……哈啊，这可能是我这辈子的最后一口气了……"
    },
    {
      "id": "announcer_enemy_specialskill_5_1",
      "dlg": "大，大的要来了……但丁！你得告诉其他人！"
    },
    {
      "id": "announcer_enemy_specialgimmick_5_1",
      "dlg": "嘿……干嘛呢这是？"
    },
    {
      "id": "announcer_advatk_physical_5_1",
      "dlg": "完美的一击！感觉不错~"
    },
    {
      "id": "announcer_disadvatk_physical_5_1",
      "dlg": "你确定应该这么做吗……？它看起来完全没受伤啊？"
    },
    {
      "id": "announcer_advatk_attr_5_1",
      "dlg": "哦~真聪明，但丁！刚才太棒了！"
    },
    {
      "id": "announcer_disadvatk_attr_5_1",
      "dlg": "嗯……连我都不认为我会这么做……但丁，你已经累了吗？"
    },
    {
      "id": "announcer_enemy_specialbuff_5_1",
      "dlg": "呃……他们看起来像打了鸡血，是刚开过荤嘛……？"
    },
    {
      "id": "announcer_enemy_specialdebuff_5_1",
      "dlg": "呼，他们好像萎靡不振的样子？是因为反胃吗？"
    },
    {
      "id": "announcer_ally_specialbuff_5_1",
      "dlg": "哦哦……精力充沛！但丁！我们去把他们全部打倒！"
    },
    {
      "id": "announcer_ally_specialdebuff_5_1",
      "dlg": "嗯……伙伴们的状态不是很好……"
    },
    {
      "id": "announcer_enemy_destroy_5_1",
      "dlg": "很好！破坏了一个部位！"
    },
    {
      "id": "announcer_enemy_destroy_5_2",
      "dlg": "呼呼。你看那个，变得破破烂烂的！肯定被狠狠地教训了一顿。是吧？"
    },
    {
      "id": "announcer_round_takebigdmg_5_1",
      "dlg": "哎呀！那会很痛吧……？"
    },
    {
      "id": "announcer_round_takebigdmg_5_2",
      "dlg": "那家伙，快要被大卸八块了……没关系吗？"
    },
    {
      "id": "announcer_round_givebigdmg_5_1",
      "dlg": "哇哦~那真是一次强力的攻击。你不觉得这很值得庆祝嘛~？"
    },
    {
      "id": "announcer_round_givebigdmg_5_2",
      "dlg": "你刚才太棒了~即使是脾气暴躁的维吉也会称赞你的吧？"
    },
    {
      "id": "announcer_multikillenemy_5_1",
      "dlg": "随便一挥便效果显著~！这不是很帅嘛？"
    },
    {
      "id": "announcer_equip_5_1",
      "dlg": "啊，啊。我要对着这个说话吗？你好~这里是罗佳哟~"
    }
  ]
}