{
  "dataList": [
    {
      "id": "announcer_cheer_8_1",
      "dlg": "来，让我们正面对抗它吧。对我们来说不过是小小的涟漪，没什么大不了的，不是吗？"
    },
    {
      "id": "announcer_cheer_8_2",
      "dlg": "这样就一帆风顺了。风向也正好。"
    },
    {
      "id": "announcer_specialcheer_8_1",
      "dlg": "哇啊，再这样下去我们要被碾作齑粉了。您确定要这么做吗？"
    },
    {
      "id": "announcer_specialcheer_8_2",
      "dlg": "嗯……虽然做决定的不是我，但我倾向于调转船头的方向。"
    },
    {
      "id": "announcer_enemy_break_8_1",
      "dlg": "那边那个晃得跟风暴里的浮标一样的家伙是我们的头号目标。去收个尾吧？"
    },
    {
      "id": "announcer_ally_break_8_1",
      "dlg": "噢……看来您得留意下一些同伴的状态了，经理。"
    },
    {
      "id": "announcer_killenemy_8_1",
      "dlg": "狩猎很成功。让我们按照这个节奏结束这场狩猎吧。"
    },
    {
      "id": "announcer_ally_dead_8_1",
      "dlg": "哈……是时候回溯时针了。经理。"
    },
    {
      "id": "announcer_enemy_adv_8_1",
      "dlg": "我们如果再这样继续下去就完蛋了。你明白吗？！"
    },
    {
      "id": "announcer_ally_adv_8_1",
      "dlg": "哈啊，真是的。虽然是这样的状况，但事情也差不多能看到尽头了……再继续努努力吧。"
    },
    {
      "id": "announcer_danger_8_1",
      "dlg": "这是最后的机会。请认真思考……为了不让自己后悔。"
    },
    {
      "id": "announcer_enemy_specialskill_8_1",
      "dlg": "地面在摇晃……就如在冲击之前积蓄能量的浪潮一般……"
    },
    {
      "id": "announcer_enemy_specialgimmick_8_1",
      "dlg": "就和浪潮快要冲击时的……那种味道一样。"
    },
    {
      "id": "announcer_advatk_physical_8_1",
      "dlg": "效果拔群。我们最好记住这种方法。"
    },
    {
      "id": "announcer_disadvatk_physical_8_1",
      "dlg": "……不，那个……呃，没什么。"
    },
    {
      "id": "announcer_advatk_attr_8_1",
      "dlg": "真是完美的命令……！您已经对敌人了如指掌了。"
    },
    {
      "id": "announcer_disadvatk_attr_8_1",
      "dlg": "嗯……我相信您这么做是有原因的，但我现在不太能接受……"
    },
    {
      "id": "announcer_enemy_specialbuff_8_1",
      "dlg": "他们看起来……生龙活虎的。可能是吃了什么能让他们恢复活力的东西。"
    },
    {
      "id": "announcer_enemy_specialdebuff_8_1",
      "dlg": "……呼。看看那些家伙。看起来就像是淋了一身腐臭的墨水。干得漂亮。"
    },
    {
      "id": "announcer_ally_specialbuff_8_1",
      "dlg": "大家看起来都充满了力量。现在是时候去大干一场了。"
    },
    {
      "id": "announcer_ally_specialdebuff_8_1",
      "dlg": "唔……它们好像做了些什么。大家都面如死灰……嗯，这次我们采取防守策略吧。"
    },
    {
      "id": "announcer_enemy_destroy_8_1",
      "dlg": "部位被破坏了！如同折断船桅般的重要一击。"
    },
    {
      "id": "announcer_enemy_destroy_8_2",
      "dlg": "多亏了刚刚破坏掉的部位，现在应该能稍微顺利一些了吧，执行经理。"
    },
    {
      "id": "announcer_round_takebigdmg_8_1",
      "dlg": "呃……！那比我预想的要更加粗暴呢。"
    },
    {
      "id": "announcer_round_takebigdmg_8_2",
      "dlg": "刚刚汹涌的浪潮让我们的一个同伴受了重伤。我认为应该有所行动……"
    },
    {
      "id": "announcer_round_givebigdmg_8_1",
      "dlg": "哦……！啊，天啊……嗯哼。何等惊人的一击啊。"
    },
    {
      "id": "announcer_round_givebigdmg_8_2",
      "dlg": "刚刚的战斗令我有些印象深刻。有这般斗志的话，无论何种鲸都难逃掌心吧？"
    },
    {
      "id": "announcer_multikillenemy_8_1",
      "dlg": "只用了一击……就成了那样……？"
    },
    {
      "id": "announcer_equip_8_1",
      "dlg": "才结束工作多久就让我来干这种事……？算了，不过我不讨厌做冒险的船副。"
    }
  ]
}