{
  "dataList": [
    {
      "id": "announcer_cheer_9_1",
      "dlg": "对着这里说话就能被录下来吗……？啊，大家请加油！"
    },
    {
      "id": "announcer_cheer_9_2",
      "dlg": "虽然不知道我能不能帮上忙……但我会努力的。"
    },
    {
      "id": "announcer_specialcheer_9_1",
      "dlg": "各位没事吧……？那次攻击害得大家都受伤了……"
    },
    {
      "id": "announcer_specialcheer_9_2",
      "dlg": "唔……大家，看上去都伤得很重……"
    },
    {
      "id": "announcer_enemy_break_9_1",
      "dlg": "啊，我觉得先处理那个实体会轻松些。"
    },
    {
      "id": "announcer_ally_break_9_1",
      "dlg": "请小心……毕竟不知道精神或身体受伤的同伴，会变成什么样子……"
    },
    {
      "id": "announcer_killenemy_9_1",
      "dlg": "事态越来越好了。请继续加油……！"
    },
    {
      "id": "announcer_ally_dead_9_1",
      "dlg": "但，但丁经理……您真的能复活他们的吧……？"
    },
    {
      "id": "announcer_enemy_adv_9_1",
      "dlg": "情况一团糟……脑海里……仿佛又响起了警报声……"
    },
    {
      "id": "announcer_ally_adv_9_1",
      "dlg": "虽然情况不容乐观……但是大家一定能做到的。"
    },
    {
      "id": "announcer_danger_9_1",
      "dlg": "现在需要集中精神。请面对它，直到最后一刻。"
    },
    {
      "id": "announcer_enemy_specialskill_9_1",
      "dlg": "强力的攻击要来了……！您能处理的吧？"
    },
    {
      "id": "announcer_enemy_specialgimmick_9_1",
      "dlg": "嘴里突然泛苦……每次危险临近的时候我都会这样……？"
    },
    {
      "id": "announcer_advatk_physical_9_1",
      "dlg": "伤口十分利落……那一定就是它们的弱点吧？"
    },
    {
      "id": "announcer_disadvatk_physical_9_1",
      "dlg": "啊……那攻击看上去不太有效。需要写进管理须知里……"
    },
    {
      "id": "announcer_advatk_attr_9_1",
      "dlg": "十分合适的管理方式。真是太好了。"
    },
    {
      "id": "announcer_disadvatk_attr_9_1",
      "dlg": "我认为对那个实体使用其他方式会更好……"
    },
    {
      "id": "announcer_enemy_specialbuff_9_1",
      "dlg": "敌对实体正蠢蠢欲动。小心谨慎一些比较好。"
    },
    {
      "id": "announcer_enemy_specialdebuff_9_1",
      "dlg": "啊，对方的气势减弱了！现在正是机会吧？"
    },
    {
      "id": "announcer_ally_specialbuff_9_1",
      "dlg": "大家，看上去兴致正旺。"
    },
    {
      "id": "announcer_ally_specialdebuff_9_1",
      "dlg": "但丁经理……稍稍让罪人们休息一下怎么样……"
    },
    {
      "id": "announcer_enemy_destroy_9_1",
      "dlg": "成功破坏了一个部位！这下事情能稍微轻松些了。"
    },
    {
      "id": "announcer_enemy_destroy_9_2",
      "dlg": "缺损部位的管理须知也要另外记下才行……"
    },
    {
      "id": "announcer_round_takebigdmg_9_1",
      "dlg": "怎么会……！大家，都没事吧？"
    },
    {
      "id": "announcer_round_takebigdmg_9_2",
      "dlg": "攻击太过强力了……但愿不会有事……"
    },
    {
      "id": "announcer_round_givebigdmg_9_1",
      "dlg": "哇！刚刚那是怎么做到的？吓我一跳……！"
    },
    {
      "id": "announcer_round_givebigdmg_9_2",
      "dlg": "多亏刚刚的攻击能轻松不少……太好了！"
    },
    {
      "id": "announcer_multikillenemy_9_1",
      "dlg": "一次就能处理那么多……简直像魔弹射手一样……"
    },
    {
      "id": "announcer_equip_9_1",
      "dlg": "这里是……尤莉。突然把这种事交给我，让我有些困惑……"
    }
  ]
}