{
  "dataList": [
    {
      "id": "announcer_cheer_10_1",
      "dlg": "愉快的一天又开始了，不是吗？……嗯，稍等我检查一下音量。我听不到您的回复。"
    },
    {
      "id": "announcer_cheer_10_2",
      "dlg": "相信我，大家集中注意！我来帮忙了！"
    },
    {
      "id": "announcer_specialcheer_10_1",
      "dlg": "状况不妙。出现了大量伤员。不过没关系！控制部有能力处理好这些事情的，对吧？"
    },
    {
      "id": "announcer_specialcheer_10_2",
      "dlg": "我明白大家肯定都很累了。但我也坚信，各位就算赌上性命也会尽善尽美！"
    },
    {
      "id": "announcer_enemy_break_10_1",
      "dlg": "镇压目标陷入混乱。啊，抓住机会让它彻底动弹不得吧！"
    },
    {
      "id": "announcer_enemy_break_10_2",
      "dlg": "敌方单位的状态看起来很糟糕。趁现在一劳永逸地镇压它吧！"
    },
    {
      "id": "announcer_ally_break_10_1",
      "dlg": "出现失误再正常不过了。我以前也经常摸摸索索，然后把自己学到的都记在笔记本上。不要就此变得软弱！"
    },
    {
      "id": "announcer_ally_break_10_2",
      "dlg": "如果有员工在抱怨他们做不到……就告诉我，好吗？"
    },
    {
      "id": "announcer_killenemy_10_1",
      "dlg": "哇啊，成功了！看吧？敌方单位已经静止不动了。让我们就此让剩下的也不再动弹吧。"
    },
    {
      "id": "announcer_ally_dead_10_1",
      "dlg": "有一名员工已经动弹不得了。咦？大家的那种表情是怎么回事？现在的员工已经如此软弱了吗？就因为这点事？"
    },
    {
      "id": "announcer_enemy_adv_10_1",
      "dlg": "敌人占了上风。看来我们应该再组织几天的跨部门联合训练！大家在接受训练之后……都会有所改变！"
    },
    {
      "id": "announcer_ally_adv_10_1",
      "dlg": "我们正占上风！但不能因此而大意。我们控制部必须完美无缺，滴水不漏地完成每一件事吧？"
    },
    {
      "id": "announcer_danger_10_1",
      "dlg": "没关系，我在笔记上针对所有情况，都记录下了应对方式。或许，我们不得不做出一些必要的牺牲！"
    },
    {
      "id": "announcer_enemy_specialskill_10_1",
      "dlg": "一次强力的攻击要来了。我已经提醒过了，所以不许出现无法避开的员工！"
    },
    {
      "id": "announcer_enemy_specialgimmick_10_1",
      "dlg": "看起来敌方单位正在准备一次特殊的攻击。我们能处理好的，对吧？"
    },
    {
      "id": "announcer_advatk_physical_10_1",
      "dlg": "真是一记漂亮的进攻！就这样努力保持下去！"
    },
    {
      "id": "announcer_disadvatk_physical_10_1",
      "dlg": "刚才的那次攻击并不怎么有效。难不成，你们之中有人没有好好提前阅读手册？"
    },
    {
      "id": "announcer_advatk_attr_10_1",
      "dlg": "刚才的攻击十分有效。但还不够，接下来的攻击要做得更好！"
    },
    {
      "id": "announcer_disadvatk_attr_10_1",
      "dlg": "大家看到了吗？刚才的那种攻击并不有效。到底是因为失误，还是……不够努力呢？"
    },
    {
      "id": "announcer_enemy_specialbuff_10_1",
      "dlg": "看起来对方稍占优势。但我们没什么好担心的，我们依然要尽力而为！"
    },
    {
      "id": "announcer_enemy_specialdebuff_10_1",
      "dlg": "对方状况不佳。抓住机会改变战局吧。"
    },
    {
      "id": "announcer_ally_specialbuff_10_1",
      "dlg": "现在我们更占优势。太棒了！"
    },
    {
      "id": "announcer_ally_specialdebuff_10_1",
      "dlg": "看来员工的状况不是很好。为了不因这点小事而颓废，我们应该互相帮助！"
    },
    {
      "id": "announcer_enemy_destroy_10_1",
      "dlg": "破坏了一个部位。因势利导，就能逐渐把所有部位都破坏掉！"
    },
    {
      "id": "announcer_enemy_destroy_10_2",
      "dlg": "看到了吗？有个部位被破坏了。就这样一鼓作气把所有部位破坏撕裂，就能镇压它了。"
    },
    {
      "id": "announcer_enemy_destroy_10_3",
      "dlg": "对象的部位被破坏了。让它更为缓慢而痛苦地死去吧，怎么样？"
    },
    {
      "id": "announcer_round_takebigdmg_10_1",
      "dlg": "哇，那看起来很痛。让我们把这样的痛苦和憎恨原封不动地一一奉还吧？"
    },
    {
      "id": "announcer_round_takebigdmg_10_2",
      "dlg": "有很多员工都受伤了，但没关系。我指挥下的部门不会失败……不能失败。"
    },
    {
      "id": "announcer_round_givebigdmg_10_1",
      "dlg": "敌方受到了很大伤害。你能感受到他们有多痛苦吗？好，再接再厉吧。"
    },
    {
      "id": "announcer_round_givebigdmg_10_2",
      "dlg": "我们造成了致命一击。对方已经足够虚弱，是时候了结它了！"
    },
    {
      "id": "announcer_multikillenemy_10_1",
      "dlg": "哇，真是漂亮的一击！主管肯定能给我们优秀的评价的。"
    },
    {
      "id": "announcer_equip_10_1",
      "dlg": "大家好，我是脑叶公司本部控制部部长，Malkuth！只要按我说的去做，那就一定能完美成功！"
    }
  ]
}