{
  "dataList": [
    {
      "id": "announcer_cheer_12_1",
      "dlg": "虽然我是在很多领域都处于顶尖的AI，但为了进行声援还需要一些准备时间。由于太久没有使用过共情模块，我需要一些时间来清除该模块的尘埃。"
    },
    {
      "id": "announcer_cheer_12_2",
      "dlg": "实际上，充当保姆并非我而是Sephirah的工作。正如主管您所知，我能够处理那些需要几十人同时进行才能完成的工作。"
    },
    {
      "id": "announcer_cheer_12_3",
      "dlg": "虽然不知道正在听着的主管身处于怎样的时间和空间，但为了那时有提前录音的必要性。啊啊，不好。我不知道录音已经开始了。"
    },
    {
      "id": "announcer_specialcheer_12_1",
      "dlg": "员工们的体力所剩无几了。这种时候应当专注于倾听我的话语。毕竟我才是那个最值得您信任、依靠的同伴。"
    },
    {
      "id": "announcer_specialcheer_12_2",
      "dlg": "员工们正命悬一线。说来……主管您准备使用特殊功能吗？视场合而言，重新开始是更为有效率的方式。"
    },
    {
      "id": "announcer_enemy_break_12_1",
      "dlg": "如您所见，您面前的个体目前毫无防备。虽然我很不想这么做，但如果主管您错过了此次机会，我会重新对您的能力进行预计。"
    },
    {
      "id": "announcer_enemy_break_12_2",
      "dlg": "发现了处于衰弱状态的个体。迄今为止的大部分主管，都会在这种时候下令进行决定性的一击。"
    },
    {
      "id": "announcer_ally_break_12_1",
      "dlg": "发现了状态不佳的员工。将有极高概率受到致命伤。需要主管进行冷静而透彻的判断。"
    },
    {
      "id": "announcer_ally_break_12_2",
      "dlg": "员工们的状态看上去很差。这种情况就是俗称的“脱线”状态对吧？……刚才的并不是冷笑话，只是为了帮您缓和紧张的气氛。"
    },
    {
      "id": "announcer_killenemy_12_1",
      "dlg": "感知到部分目标个体生命反应终止。如果我是人类，并且拥有更加开朗一点的性格的话应该会尝试与您击掌的吧。"
    },
    {
      "id": "announcer_ally_dead_12_1",
      "dlg": "一名员工的生命反应消失了。这只是主管您即将经历的事情中微不足道的一笔，他们从入职开始就已经做好觉悟了。"
    },
    {
      "id": "announcer_enemy_adv_12_1",
      "dlg": "目标个体们处于更为有利的状态。我期待您成为有史以来最好的主管。"
    },
    {
      "id": "announcer_ally_adv_12_1",
      "dlg": "情况对员工们有利。这是主管您专注于倾听我的话语的结果。这种过程常被称为信赖。真是一种积极的变化。"
    },
    {
      "id": "announcer_danger_12_1",
      "dlg": "在员工之中，有人的时间不多了。我们除等待外束手无策。员工们身上的枷锁是会自行破碎，还是会被他人斩断呢？"
    },
    {
      "id": "announcer_enemy_specialskill_12_1",
      "dlg": "不久目标个体就会进行强力的攻击。直面恐惧的时候到了。"
    },
    {
      "id": "announcer_enemy_specialgimmick_12_1",
      "dlg": "侦测到目标个体的异常行为。虽然结果可能是预测范围内的几十种情况之一，但仍然建议您做好准备。"
    },
    {
      "id": "announcer_advatk_physical_12_1",
      "dlg": "通过高效的处理方式，已贯穿该个体。顺便一提，机器可不会轻易地做出夸赞的行为。"
    },
    {
      "id": "announcer_disadvatk_physical_12_1",
      "dlg": "先前的物理攻击并不恰当。我完全没有想到您期望我提供逐一解读个体信息的功能。"
    },
    {
      "id": "announcer_advatk_attr_12_1",
      "dlg": "已经准确地洞察了该个体的弱点属性。正如我所预期的，这证明了主管您的能力确实十分出色。这实在是件令人欣慰的事情。"
    },
    {
      "id": "announcer_disadvatk_attr_12_1",
      "dlg": "由于与个体信息相悖的攻击，镇压所需时间有所增加。看来，将信息全部牢记对主管您来说是一项相当艰巨的任务。我将会更新相关数据。"
    },
    {
      "id": "announcer_enemy_specialbuff_12_1",
      "dlg": "虽然该个体试图利用优势，但只要有主管您的战术和我的指示，其不会造成太大的威胁。"
    },
    {
      "id": "announcer_enemy_specialdebuff_12_1",
      "dlg": "该个体处于劣势。让我们利用这个机会。"
    },
    {
      "id": "announcer_ally_specialbuff_12_1",
      "dlg": "员工们处于优势。我静候着主管您能有效利用这次机会。毕竟等待是机器的命运。"
    },
    {
      "id": "announcer_ally_specialdebuff_12_1",
      "dlg": "员工们处于劣势。然而这并不能改变我是最优秀的AI这一事实。"
    },
    {
      "id": "announcer_enemy_destroy_12_1",
      "dlg": "构成目标个体的部位之一已被破坏。请抓住机会。"
    },
    {
      "id": "announcer_enemy_destroy_12_2",
      "dlg": "部分目标个体出现部位损伤。为了有效率地结束本次战斗，我建议集中攻击该个体。"
    },
    {
      "id": "announcer_enemy_destroy_12_3",
      "dlg": "虽然目标个体部位收到损伤……但如果想获得我的褒奖，请静候至个体镇压完全成功后。"
    },
    {
      "id": "announcer_round_takebigdmg_12_1",
      "dlg": "员工之一受到了巨大的伤害。但如您所知，我们只能前进。无可挽回之事就不要去在意了。"
    },
    {
      "id": "announcer_round_takebigdmg_12_2",
      "dlg": "虽然有员工受到致命伤，但无需心痛。随着死亡的堆砌，公司也会随之进一步发展。有些事物在被遗忘之后会更加美好，这是您曾告诉过我的。"
    },
    {
      "id": "announcer_round_givebigdmg_12_1",
      "dlg": "已给予敌方致命伤。我经常告诉您，主管您拥有比您自认为的更为优秀的能力。我的话向来是正确的。"
    },
    {
      "id": "announcer_round_givebigdmg_12_2",
      "dlg": "成功给予目标个体伤害。虽然开香槟还太早，不过在这场战斗成功后为各位英勇的牺牲干杯也不失为一个好主意。"
    },
    {
      "id": "announcer_multikillenemy_12_1",
      "dlg": "有员工拿出了出彩的镇压成果。也许您可以为他们提升了效率而表彰他们。当然，您无须真心相待。"
    },
    {
      "id": "announcer_equip_12_1",
      "dlg": "欢迎您，主管。我是Angela，虽然我只是一个AI，但我很乐意解答您的任何问题。您不觉得这是个美丽的名字吗？"
    },
    {
      "id": "announcer_neglect_12_1",
      "dlg": "感知到了无意义的寂静。为了消除这种尴尬的气氛，就让我来讲讲我所知笑话中威力最弱的一个吧。虾会出现在什么样的历史剧目里呢？……当然是“虾”客类了。"
    }
  ]
}