{
  "dataList": [
    {
      "id": "announcer_cheer_16_1",
      "dlg": "员工们的服装检查结束了吗。尤其别让我看到和之前一样扣子都没扣好就甩手前往镇压的员工……"
    },
    {
      "id": "announcer_cheer_16_2",
      "dlg": "欢呼是只有弱者才想听到的安慰。情报部应该是一个更追求有价值之物的部门。"
    },
    {
      "id": "announcer_specialcheer_16_1",
      "dlg": "我知道大部分员工都状态不佳。迅速结束战斗吧。"
    },
    {
      "id": "announcer_specialcheer_16_2",
      "dlg": "我不会说加油之类的话。这里不需要那种无意义且非效率的寒暄。"
    },
    {
      "id": "announcer_enemy_break_16_1",
      "dlg": "需镇压个体状态不佳。只需精确的一击，就能得到有效的效果。"
    },
    {
      "id": "announcer_enemy_break_16_2",
      "dlg": "敌对个体在等待我们的最后一击。请高效处理。"
    },
    {
      "id": "announcer_ally_break_16_1",
      "dlg": "我知道有员工状态不佳。舍弃你那虚伪的同情心。"
    },
    {
      "id": "announcer_ally_break_16_2",
      "dlg": "一位员工失去了冷静。注意不要被敌方发现。"
    },
    {
      "id": "announcer_killenemy_16_1",
      "dlg": "需镇压个体已被处理。请按照这个势头处理剩下的个体。"
    },
    {
      "id": "announcer_ally_dead_16_1",
      "dlg": "出现了人员损失。目前的情况并不适合问责，尽快解决吧。"
    },
    {
      "id": "announcer_enemy_adv_16_1",
      "dlg": "个体正处于更加有利的环境中。未曾预想到他们会有如此的优势，这是情报不足导致的。"
    },
    {
      "id": "announcer_ally_adv_16_1",
      "dlg": "目前的情况是我方优势。我已经看到有违反员工守则5、6次的员工，这个责任下次再继续追究。"
    },
    {
      "id": "announcer_danger_16_1",
      "dlg": "员工有死亡风险。请集中注意力。"
    },
    {
      "id": "announcer_enemy_specialskill_16_1",
      "dlg": "个体进行了强力的攻击。预计这将对我方造成不小的损伤。"
    },
    {
      "id": "announcer_enemy_specialgimmick_16_1",
      "dlg": "这些个体似乎试图进行难以预测的行动。请继续谨慎观察。"
    },
    {
      "id": "announcer_advatk_physical_16_1",
      "dlg": "以正确的方式打击了该个体。这就是情报的力量。"
    },
    {
      "id": "announcer_disadvatk_physical_16_1",
      "dlg": "一次无效的攻击。看起来有些员工甚至没有好好查看过该个体的相关记录。"
    },
    {
      "id": "announcer_advatk_attr_16_1",
      "dlg": "正确贯穿了个体的弱点。看来准备得很充分。"
    },
    {
      "id": "announcer_disadvatk_attr_16_1",
      "dlg": "一次属性与个体情报相反的攻击。明明在情报部却无法活用情报，真是让人困扰。"
    },
    {
      "id": "announcer_enemy_specialbuff_16_1",
      "dlg": "个体似乎正处于优势中。再观察得更详尽点吧。"
    },
    {
      "id": "announcer_enemy_specialdebuff_16_1",
      "dlg": "个体正处于劣势。让我们思考一下再决定怎样利用这个机会。"
    },
    {
      "id": "announcer_ally_specialbuff_16_1",
      "dlg": "目前的情况对我方有利。保持这样直到胜利吧。"
    },
    {
      "id": "announcer_ally_specialdebuff_16_1",
      "dlg": "个体似乎耍了点花招。可能比预想中要花费更多时间。"
    },
    {
      "id": "announcer_enemy_destroy_16_1",
      "dlg": "个体的部位被破坏了。看来对异想体应对手册有一定程度的了解。"
    },
    {
      "id": "announcer_enemy_destroy_16_2",
      "dlg": "敌方个体有部位已被破坏。迅速摧毁其他部位吧。"
    },
    {
      "id": "announcer_enemy_destroy_16_3",
      "dlg": "个体现在处于部位受损的状态。对我们来说没有比这更有利的情况了。"
    },
    {
      "id": "announcer_round_takebigdmg_16_1",
      "dlg": "有员工受到致命伤害。尽管我每天都说，所有的死亡都没有意义。请继续摸索克服损失的方法。"
    },
    {
      "id": "announcer_round_takebigdmg_16_2",
      "dlg": "有陷入紧急事态的员工。需要迅速镇压个体，以免造成更大的损失。"
    },
    {
      "id": "announcer_round_givebigdmg_16_1",
      "dlg": "成功对个体造成了致命的损伤。今后的战斗也请继续保持。"
    },
    {
      "id": "announcer_round_givebigdmg_16_2",
      "dlg": "请像上次一样给予敌方个体致命一击。"
    },
    {
      "id": "announcer_multikillenemy_16_1",
      "dlg": "这里久违地有了一位模范员工。高效处理了个体。这是只有情报部才能取得的成就。"
    },
    {
      "id": "announcer_equip_16_1",
      "dlg": "我是负责管辖情报部的Yesod。请有效利用情报，迅速进行镇压。"
    }
  ]
}