{
  "dataList": [
    {
      "id": "announcer_cheer_13_1",
      "dlg": "来来。列好队，确认下餐具有没有擦干净，检查下着装是不是整洁。接下来要开始大扫除了。"
    },
    {
      "id": "announcer_cheer_13_2",
      "dlg": "在主人到来前结束吧。给暖炉点上火，备好餐食，做好迎接的准备。"
    },
    {
      "id": "announcer_specialcheer_13_1",
      "dlg": "记得吧？管家们不能展现出疲态。始终需要挺直腰杆，笔直站好。"
    },
    {
      "id": "announcer_specialcheer_13_2",
      "dlg": "看上去大家都累了。都没忘记下午要准备晚餐吧？都记好了，要好好保存体力。"
    },
    {
      "id": "announcer_enemy_break_13_1",
      "dlg": "是时候给他们见识一下了。不像上次那样熟睡可不行。这就让他们睡个好觉吧。"
    },
    {
      "id": "announcer_ally_break_13_1",
      "dlg": "不行，还没到你们睡觉的时候呢。主人还没入眠，我们可不能先闭上眼。"
    },
    {
      "id": "announcer_killenemy_13_1",
      "dlg": "很好。你让他们陷入永眠了吗？多安详的表情啊。"
    },
    {
      "id": "announcer_ally_dead_13_1",
      "dlg": "一位管家的契约就此终止了。至今为止辛苦了……即使主人不知道……我也不会忘了你的牺牲。"
    },
    {
      "id": "announcer_enemy_adv_13_1",
      "dlg": "敌方稍微有些得意了，这种时候可不能消沉，而是要盯紧他们。让他们见识我们威严而庄重的样子。"
    },
    {
      "id": "announcer_ally_adv_13_1",
      "dlg": "我们取得优势了。啊，也没说让你们取出饼干吃啊……"
    },
    {
      "id": "announcer_danger_13_1",
      "dlg": "一位管家看上去摇摇晃晃的。来个人，帮人家按摩下肩膀。"
    },
    {
      "id": "announcer_enemy_specialskill_13_1",
      "dlg": "敌方似乎要在准备不同寻常的攻击。大家都打开次元包准备好，有备无患。"
    },
    {
      "id": "announcer_enemy_specialgimmick_13_1",
      "dlg": "敌方正在准备奇怪的攻击，但对经历过大风大浪的我们来说也没什么了不起的吧？"
    },
    {
      "id": "announcer_advatk_physical_13_1",
      "dlg": "好，准确无误地把灰尘都扫走了。那么，接下来该抛光了吧？"
    },
    {
      "id": "announcer_disadvatk_physical_13_1",
      "dlg": "哎呀，好像是扫错地方了。别太在意，再试一次吧。"
    },
    {
      "id": "announcer_advatk_attr_13_1",
      "dlg": "很好，我们准确发现了敌方讨厌的食物。"
    },
    {
      "id": "announcer_disadvatk_attr_13_1",
      "dlg": "刚刚的攻击似乎不怎么有效。我不是再三叮嘱过管家们要时刻关注对手吗？"
    },
    {
      "id": "announcer_enemy_specialbuff_13_1",
      "dlg": "嗯？敌方的气势突然增强了？是在我们没注意的时候悄悄喝了茶吗？"
    },
    {
      "id": "announcer_enemy_specialdebuff_13_1",
      "dlg": "嗯，敌方变得灰头土脸的。干净利落地扫除掉吧。"
    },
    {
      "id": "announcer_ally_specialbuff_13_1",
      "dlg": "哇，好好利用这个肯定会对我们有利吧？"
    },
    {
      "id": "announcer_ally_specialdebuff_13_1",
      "dlg": "这种程度，对于我们这些经历过呼啸山庄暴雨的人来说完全不痛不痒。"
    },
    {
      "id": "announcer_enemy_destroy_13_1",
      "dlg": "很好，成功清除了一部分。扫除也该收尾了吧？"
    },
    {
      "id": "announcer_enemy_destroy_13_2",
      "dlg": "敌方的部位被破坏了。干脆利索地全部收拾掉吧？"
    },
    {
      "id": "announcer_round_takebigdmg_13_1",
      "dlg": "有管家受到了致命伤。你不需要参加今天的晚餐准备了，所以再忍耐一下吧？"
    },
    {
      "id": "announcer_round_takebigdmg_13_2",
      "dlg": "一个两个都这么脆弱，还怎么自称是管家？这次战斗结束之后，我要给你们示范示范。"
    },
    {
      "id": "announcer_round_givebigdmg_13_1",
      "dlg": "敌方就像是闻到食物香气的客人们一样。要让他们饱餐一顿吗？"
    },
    {
      "id": "announcer_round_givebigdmg_13_2",
      "dlg": "敌方受到致命伤。好，大家挽起胳膊！为了让他们好好休息，来把床单铺好吧。"
    },
    {
      "id": "announcer_multikillenemy_13_1",
      "dlg": "优秀的管家。不但有能力同时完成多种任务，甚至有时间规划下次的下午茶。"
    },
    {
      "id": "announcer_equip_13_1",
      "dlg": "正如各位所知，我是呼啸山庄的首席管家，耐莉。来，好好活动下四肢……我们出发吧？"
    }
  ]
}