{
  "dataList": [
    {
      "id": "announcer_cheer_2_1",
      "dlg": "我会尽力的……刚才那个说不想听虫子讲话的是谁？"
    },
    {
      "id": "announcer_cheer_2_2",
      "dlg": "虽然不知道我的声援会不会有所帮助……我努力试试吧。"
    },
    {
      "id": "announcer_specialcheer_2_1",
      "dlg": "现在大伙的体力好像都见底了，没有别的对策吗？"
    },
    {
      "id": "announcer_specialcheer_2_2",
      "dlg": " 你们，都看起来很痛啊，没事吗？"
    },
    {
      "id": "announcer_enemy_break_2_1",
      "dlg": "给他们狠狠来了一下啊。就这么突破他们的阵型吧。"
    },
    {
      "id": "announcer_ally_break_2_1",
      "dlg": "不好，我们的阵型溃散了。最好重新整备一下。"
    },
    {
      "id": "announcer_killenemy_2_1",
      "dlg": "目标倒地……啊，老习惯……击败了敌人，不错。"
    },
    {
      "id": "announcer_ally_dead_2_1",
      "dlg": "友方被杀。呃……光是看着就很痛啊……经理兄！"
    },
    {
      "id": "announcer_enemy_adv_2_1",
      "dlg": "……这样下去我们就要输了，你也明白吧？"
    },
    {
      "id": "announcer_ally_adv_2_1",
      "dlg": "我们掌握优势。速战速决吧。"
    },
    {
      "id": "announcer_danger_2_1",
      "dlg": "……不好的预感。这次的判断似乎很重要啊。"
    },
    {
      "id": "announcer_enemy_specialskill_2_1",
      "dlg": "那群家伙，行动不太对劲啊？放任不管的话后果看起来会很严重。"
    },
    {
      "id": "announcer_enemy_specialgimmick_2_1",
      "dlg": "敌军好像要使用无法预测的战术了。看看他们有什么能耐吧。"
    },
    {
      "id": "announcer_advatk_physical_2_1",
      "dlg": "攻击有效。不错，就这样保持专注吧。"
    },
    {
      "id": "announcer_disadvatk_physical_2_1",
      "dlg": "呃……刚才那一下不太行啊。不过，总会有这种时候嘛。可别轻易放弃了噢。"
    },
    {
      "id": "announcer_advatk_attr_2_1",
      "dlg": "很好，刚才的战术成功了。就这么推进下去吧。"
    },
    {
      "id": "announcer_disadvatk_attr_2_1",
      "dlg": "看来这并不是最佳判断。没办法……冷静下来再试一次吧。"
    },
    {
      "id": "announcer_enemy_specialbuff_2_1",
      "dlg": "是打了兴奋剂吗……？敌军似乎变得更强了。"
    },
    {
      "id": "announcer_enemy_specialdebuff_2_1",
      "dlg": "他们的士气消散了啊。好机会，尽情发动猛攻吧。"
    },
    {
      "id": "announcer_ally_specialbuff_2_1",
      "dlg": "我们势不可挡。来让敌军见识一下我们的厉害吧？"
    },
    {
      "id": "announcer_ally_specialdebuff_2_1",
      "dlg": "大家的状态都不太好啊。不对，时刻把握大家的状态不是经理的工作吗？"
    },
    {
      "id": "announcer_enemy_destroy_2_2",
      "dlg": "粉碎了一个部位。真是漂亮的一击。"
    },
    {
      "id": "announcer_enemy_destroy_2_1",
      "dlg": "很好，成功破坏了部位。不要让它有喘息的机会。"
    },
    {
      "id": "announcer_round_takebigdmg_2_2",
      "dlg": "咳……喂，你没事吧？"
    },
    {
      "id": "announcer_round_takebigdmg_2_1",
      "dlg": "我们有一人被敌人的攻击重创。他还能撑住吗？"
    },
    {
      "id": "announcer_round_givebigdmg_2_2",
      "dlg": "呼，刚才那一下干的真漂亮。回去时整两杯啤酒吧。"
    },
    {
      "id": "announcer_round_givebigdmg_2_1",
      "dlg": "不要忘记刚才的感觉。保持这个势头就可以轻松了结这场战斗了吧。"
    },
    {
      "id": "announcer_multikillenemy_2_1",
      "dlg": "若要乘胜追击就趁现在。胜利已经近在眼前了。啊，勋章之类的就不用了。"
    },
    {
      "id": "announcer_equip_2_1",
      "dlg": "嗯……这里是格里高尔。啊……啊……清下嗓子再开始也可以吧？"
    }
  ]
}