{
  "dataList": [
    {
      "id": "announcer_cheer_4_1",
      "dlg": "希望能帮到大家……"
    },
    {
      "id": "announcer_cheer_4_2",
      "dlg": "可以的话……希望大家尽量不要受伤。"
    },
    {
      "id": "announcer_specialcheer_4_1",
      "dlg": "啊，啊……撤退后重新整顿比较好吧，经理？"
    },
    {
      "id": "announcer_specialcheer_4_2",
      "dlg": "什么时候……大家都受了这么重的伤？有什么办法吗……"
    },
    {
      "id": "announcer_enemy_break_4_1",
      "dlg": "那些人，好像有点疲倦了……！"
    },
    {
      "id": "announcer_ally_break_4_1",
      "dlg": "啊……现在可能不是进攻的好时机。\n我认为……应该尽量不引人注目。"
    },
    {
      "id": "announcer_killenemy_4_1",
      "dlg": "呼……能渐渐地，看到终点了。"
    },
    {
      "id": "announcer_ally_dead_4_1",
      "dlg": "啊啊……！经、经理……"
    },
    {
      "id": "announcer_enemy_adv_4_1",
      "dlg": "真的有办法摆脱这种状况吗……？"
    },
    {
      "id": "announcer_ally_adv_4_1",
      "dlg": "我们应该会赢！"
    },
    {
      "id": "announcer_danger_4_1",
      "dlg": "……这应该是最后的机会了。我有种预感……我们不能错过接下来发生的事。"
    },
    {
      "id": "announcer_enemy_specialskill_4_1",
      "dlg": "气氛有些凝重……他们似乎马上就要袭击过来了。"
    },
    {
      "id": "announcer_enemy_specialgimmick_4_1",
      "dlg": "我，我从来没有见过这种东西！"
    },
    {
      "id": "announcer_advatk_physical_4_1",
      "dlg": "这次攻击看起来似乎很有效。"
    },
    {
      "id": "announcer_disadvatk_physical_4_1",
      "dlg": "啊，呃……那好像只是激怒了他们……"
    },
    {
      "id": "announcer_advatk_attr_4_1",
      "dlg": "经理……！不愧是您，光凭我是想不到这些方法的！"
    },
    {
      "id": "announcer_disadvatk_attr_4_1",
      "dlg": "呃……经理……？您……确定吗？"
    },
    {
      "id": "announcer_enemy_specialbuff_4_1",
      "dlg": "他们身上散发着一股诡异的气息！"
    },
    {
      "id": "announcer_enemy_specialdebuff_4_1",
      "dlg": "他们看起来……有些不安……如果我们现在攻击，他们应该没法还手。"
    },
    {
      "id": "announcer_ally_specialbuff_4_1",
      "dlg": "啊……看样子大家状态都很好。趁现在攻击看看吧，经理？"
    },
    {
      "id": "announcer_ally_specialdebuff_4_1",
      "dlg": "嗯……看样子大家都不在状态。还是不要说话比较好……"
    },
    {
      "id": "announcer_enemy_destroy_4_1",
      "dlg": "部位被打飞了！"
    },
    {
      "id": "announcer_enemy_destroy_4_2",
      "dlg": "利落地斩断了……这样一来，就不能再用它去干些蠢事了吧。"
    },
    {
      "id": "announcer_round_takebigdmg_4_1",
      "dlg": "呃呃？！连，连我都能感觉到痛了……"
    },
    {
      "id": "announcer_round_takebigdmg_4_2",
      "dlg": "刚才很危险……"
    },
    {
      "id": "announcer_round_givebigdmg_4_1",
      "dlg": "太……太棒了！"
    },
    {
      "id": "announcer_round_givebigdmg_4_2",
      "dlg": "真是猛烈的攻击……怎么会这么强大？"
    },
    {
      "id": "announcer_multikillenemy_4_1",
      "dlg": "居然独自把敌人全部消灭了……！"
    },
    {
      "id": "announcer_equip_4_1",
      "dlg": "啊……我是负责语音播报的辛克莱。请多关照……"
    }
  ]
}