{
  "dataList": [
    {
      "id": "announcer_cheer_1_1",
      "dlg": "不要太依赖我的时钟，动手小心点……好吗？"
    },
    {
      "id": "announcer_cheer_1_2",
      "dlg": "不要过于勉强自己的身体。不，不是……我只是担心你才这么说的。"
    },
    {
      "id": "announcer_specialcheer_1_1",
      "dlg": "呃……你是不是伤得很严重？我是不是该开始做心理准备了？"
    },
    {
      "id": "announcer_specialcheer_1_2",
      "dlg": "大家是不是因为我能复活你们就盲目乱冲？稍微小心谨慎点啊。"
    },
    {
      "id": "announcer_enemy_break_1_1",
      "dlg": "敌人陷入混乱了。该放手猛攻了。"
    },
    {
      "id": "announcer_ally_break_1_1",
      "dlg": "看来你们该做好挨一顿打的准备了……"
    },
    {
      "id": "announcer_killenemy_1_1",
      "dlg": "好，一位罪人打倒了敌人。保持这个势头。"
    },
    {
      "id": "announcer_ally_dead_1_1",
      "dlg": "一位罪人刚刚死了。 虽说我可以进行复活……"
    },
    {
      "id": "announcer_enemy_adv_1_1",
      "dlg": "照这样下去，大概会是敌人获胜。那样一来我又得拨转时钟了。"
    },
    {
      "id": "announcer_ally_adv_1_1",
      "dlg": "看来局面对我们有利？就这样继续下去。"
    },
    {
      "id": "announcer_danger_1_1",
      "dlg": "现在好像是十分关键的时刻吧？我相信你能做出正确的判断。"
    },
    {
      "id": "announcer_enemy_specialskill_1_1",
      "dlg": "敌人似乎要做一些很糟糕的事情，大家都做好准备了吗？"
    },
    {
      "id": "announcer_enemy_specialgimmick_1_1",
      "dlg": "总感觉有什么糟糕的事情要发生了……只有我有不祥的预感吗？"
    },
    {
      "id": "announcer_advatk_physical_1_1",
      "dlg": "干得漂亮。我们打出了一记猛击。"
    },
    {
      "id": "announcer_disadvatk_physical_1_1",
      "dlg": "太可惜了。我们的进攻似乎不怎么奏效。"
    },
    {
      "id": "announcer_advatk_attr_1_1",
      "dlg": "看来这种罪孽攻击敌人更有效。就这么办吧。"
    },
    {
      "id": "announcer_disadvatk_attr_1_1",
      "dlg": "啊……那种罪孽攻击敌人并不那么有效。等下个机会吧。"
    },
    {
      "id": "announcer_enemy_specialbuff_1_1",
      "dlg": "总感觉敌人在使用一些对他们有利的阴招？你们该小心了。"
    },
    {
      "id": "announcer_enemy_specialdebuff_1_1",
      "dlg": "敌人似乎受到了不良的影响。得抓住机会了。"
    },
    {
      "id": "announcer_ally_specialbuff_1_1",
      "dlg": "嗯，你们都受到了不错的影响呢。顺势而上吧。"
    },
    {
      "id": "announcer_ally_specialdebuff_1_1",
      "dlg": "似乎出了点小麻烦啊，大家都还好吗？就算不好我也无能为力就是了……"
    },
    {
      "id": "announcer_enemy_destroy_1_1",
      "dlg": "不错，已经破坏了敌人的一个部位。剩下的部位也都这样来吧。"
    },
    {
      "id": "announcer_enemy_destroy_1_2",
      "dlg": "敌人的部位被破坏了啊。再加把劲吧。"
    },
    {
      "id": "announcer_round_takebigdmg_1_1",
      "dlg": "是不是有人受到了很严重的伤害？"
    },
    {
      "id": "announcer_round_takebigdmg_1_2",
      "dlg": "某人的人格遭到了严重损伤。"
    },
    {
      "id": "announcer_round_takebigdmg_1_3",
      "dlg": "刚才可真是漂亮的一击。能不能继续保持下去啊？"
    },
    {
      "id": "announcer_round_takebigdmg_1_4",
      "dlg": "像刚刚那么做就好。你可以打出强力一击的吧？"
    },
    {
      "id": "announcer_multikillenemy_1_1",
      "dlg": "有一名罪人干掉了多个敌人。这之后值得表扬。"
    },
    {
      "id": "announcer_equip_1_1",
      "dlg": "虽然是副天天见到腻的面孔……但我来咯。"
    },
    {
      "id": "announcer_a1c5p3_ish_special_1_1",
      "dlg": "以实玛利……不要听其他人的话语，而是去听你内心渴求的声音。"
    }
  ]
}