{
  "dataList": [
    {
      "id": "announcer_cheer_14_1",
      "dlg": "嗯……咋了。呃……咳咳，祝好运。"
    },
    {
      "id": "announcer_cheer_14_2",
      "dlg": "全力而为吧！我相信你一击就能把他们全部撂倒！"
    },
    {
      "id": "announcer_specialcheer_14_1",
      "dlg": "哈……以前也经常发生这种事啊。所有人都血淋淋的，在死亡的边缘挣扎……但逃跑不就不帅了吗？"
    },
    {
      "id": "announcer_specialcheer_14_2",
      "dlg": "这样下去我们都会被杀……算了，反正有钟表头呢，别怕直接冲过去就完事了吧？"
    },
    {
      "id": "announcer_enemy_break_14_1",
      "dlg": "那些家伙晃晃悠悠的！先打那个神志不清的，把他的头砸烂！"
    },
    {
      "id": "announcer_ally_break_14_1",
      "dlg": "啊，啧……都说了躲着点。喂，在那家伙清醒之前转移敌人的注意力。"
    },
    {
      "id": "announcer_killenemy_14_1",
      "dlg": "击倒一个。如法炮制就能结束，战斗就是这么一回事。"
    },
    {
      "id": "announcer_ally_dead_14_1",
      "dlg": "这下子回溯时钟会很辛苦吧……不过……好好打的话大概就能稍微减轻钟表头的痛苦吧。"
    },
    {
      "id": "announcer_enemy_adv_14_1",
      "dlg": "哈，真是一团糟。继续下去的话，只会让回溯时钟更加痛苦，好像也没什么好处吧？"
    },
    {
      "id": "announcer_ally_adv_14_1",
      "dlg": "就是这样。站到最后的才是赢家对吧？听好，别管疼不疼去想想那个家伙死后你会怎么做。这么一想攻击起来就更有劲了吧？"
    },
    {
      "id": "announcer_danger_14_1",
      "dlg": "一步走错就前功尽弃了。好好想明白。"
    },
    {
      "id": "announcer_enemy_specialskill_14_1",
      "dlg": "喂！看那混蛋！又想做奇怪的事了……总之先躲开！"
    },
    {
      "id": "announcer_enemy_specialgimmick_14_1",
      "dlg": "我能清清楚楚感觉到不妙的气氛？那家伙好像打算做什么，我搞不明白怎么办，你动动脑子。"
    },
    {
      "id": "announcer_advatk_physical_14_1",
      "dlg": "这时候就是暴力至上！把他们全打倒就完了！"
    },
    {
      "id": "announcer_disadvatk_physical_14_1",
      "dlg": "呃，怎么说的来着……铁匠铺里打金锁。不对，也不是金锁……哎，算了。反正打着打着就给打碎了。"
    },
    {
      "id": "announcer_advatk_attr_14_1",
      "dlg": "哦！刚刚那个挺聪明的？我还在帮派里的时候也有能靠头脑战把敌人一网打尽的家伙。"
    },
    {
      "id": "announcer_disadvatk_attr_14_1",
      "dlg": "那什么……呃。别让我对你说出蠢货这种词行不。"
    },
    {
      "id": "announcer_enemy_specialbuff_14_1",
      "dlg": "那群家伙为什么这么亢奋？我有种不好的预感……"
    },
    {
      "id": "announcer_enemy_specialdebuff_14_1",
      "dlg": "喂，那些家伙跟喝多了似的摇摇晃晃的对吧？"
    },
    {
      "id": "announcer_ally_specialbuff_14_1",
      "dlg": "哦，你们看上去心情挺好啊？看到什么有趣的玩意了？"
    },
    {
      "id": "announcer_ally_specialdebuff_14_1",
      "dlg": "怎么一个两个都跟奔丧似的？笑一个啊！难道是谁归西了吗……"
    },
    {
      "id": "announcer_enemy_destroy_14_1",
      "dlg": "呀~一条腿被打断了。看那样子，可免不了要挨一顿打了！"
    },
    {
      "id": "announcer_enemy_destroy_14_2",
      "dlg": "那个烦人的部位已经被破坏了，现在就没什么难的了。喂，全杀了吧！"
    },
    {
      "id": "announcer_round_takebigdmg_14_1",
      "dlg": "呜哇！啊……那个看上去是真疼。喂，还好吗？"
    },
    {
      "id": "announcer_round_takebigdmg_14_2",
      "dlg": "最好先检查下再上。就算是我这个会一股脑往前冲的人也知道现在不行……"
    },
    {
      "id": "announcer_round_givebigdmg_14_1",
      "dlg": "挺出人意料……？你真让那些家伙狠狠挨了一记！"
    },
    {
      "id": "announcer_round_givebigdmg_14_2",
      "dlg": "呵。那家伙，手脚全被打飞了还能搞出什么名堂！喂！刚刚那下太好了！"
    },
    {
      "id": "announcer_multikillenemy_14_1",
      "dlg": "只凭一个人……怎么做到的？喂，算了……也得学学这时候该怎么做。我也该学学。"
    },
    {
      "id": "announcer_equip_14_1",
      "dlg": "见到凯茜之后该怎么说呢……啊，在录音？咳，我不习惯这样握着麦克风。算了，先试试吧。"
    }
  ]
}