{
  "dataList": [
    {
      "id": "announcer_cheer_7_1",
      "dlg": "Okay，确认进入作战区域。好，通讯状况正常。"
    },
    {
      "id": "announcer_cheer_7_2",
      "dlg": "最好毫发无伤地归来，都清楚吧？啊，虽然和你们关系不大。"
    },
    {
      "id": "announcer_specialcheer_7_1",
      "dlg": "损伤过大。需要先治疗伤员。你们……不会是为了去死才战斗的吧？"
    },
    {
      "id": "announcer_specialcheer_7_2",
      "dlg": "啊，能听到吗？虽然感觉你们伤员有点太多了……是啊，都不知道能不能维持作战能力。"
    },
    {
      "id": "announcer_enemy_break_7_1",
      "dlg": "敌方有不大清醒的家伙啊~收拾掉吧？人道主义的处理……也不需要吧。"
    },
    {
      "id": "announcer_ally_break_7_1",
      "dlg": "你们之中出现伤员了吗？分散敌人注意力，让伤员摆脱攻势吧。"
    },
    {
      "id": "announcer_killenemy_7_1",
      "dlg": "确认目标已丧失行动能力。我们会将成果上报给人事部门。"
    },
    {
      "id": "announcer_ally_dead_7_1",
      "dlg": "己方死伤数量增长并不是好兆头。别仗着能复活就松懈大意。"
    },
    {
      "id": "announcer_enemy_adv_7_1",
      "dlg": "这貌似是白费力气……或许需要重新评估敌方危险评级。"
    },
    {
      "id": "announcer_ally_adv_7_1",
      "dlg": "终于取得优势了。嗯……压力也是动力，不是吗？"
    },
    {
      "id": "announcer_danger_7_1",
      "dlg": "这次攻击是最好的机会，也可能是最后的机会。集中精神，我可见过太多在最后关头松懈导致送命的家伙了。"
    },
    {
      "id": "announcer_enemy_specialskill_7_1",
      "dlg": "危险警报，危险警报！索德，还记得吗？这和我被狙击手瞄准脑袋的时候几乎一模一样。"
    },
    {
      "id": "announcer_enemy_specialgimmick_7_1",
      "dlg": "怎么……雷达捕捉到了什么？是，气氛有些诡异。请仔细观察现场情况。"
    },
    {
      "id": "announcer_advatk_physical_7_1",
      "dlg": "攻击能力评估，良好！哦~狠狠吃了一发？"
    },
    {
      "id": "announcer_disadvatk_physical_7_1",
      "dlg": "攻击能力评估……无法观测……嗯……看样子对那家伙需要尝试其他攻击方式。"
    },
    {
      "id": "announcer_advatk_attr_7_1",
      "dlg": "战略性胜利。哦？很棒的指挥啊？比起经理你更像是指挥官吧？"
    },
    {
      "id": "announcer_disadvatk_attr_7_1",
      "dlg": "我认为这是战术不利的判断……算了……你也不可能一直都是正确的吧？和完美的我们不同。"
    },
    {
      "id": "announcer_enemy_specialbuff_7_1",
      "dlg": "那些家伙突然活跃起来了。看样子是采取了什么能提高士气的行动。必须一边掌握情况一边进行攻击。"
    },
    {
      "id": "announcer_enemy_specialdebuff_7_1",
      "dlg": "事情不像对方想的那样顺心了。看样子欺骗战术起效了。把剩下的逐个击破吧？"
    },
    {
      "id": "announcer_ally_specialbuff_7_1",
      "dlg": "吼，你们势头正旺啊。隔着无线电都能感觉到。是的，这次的攻击一定十分有效吧。"
    },
    {
      "id": "announcer_ally_specialdebuff_7_1",
      "dlg": "敌人对我方做了什么。嗯……执行经理，该你活跃气氛了吧？"
    },
    {
      "id": "announcer_enemy_destroy_7_1",
      "dlg": "哇，被粉碎了？破坏了一个部位！干得漂亮！"
    },
    {
      "id": "announcer_enemy_destroy_7_2",
      "dlg": "事后汇报。观察到一个部位受损。而且是彻底破坏。"
    },
    {
      "id": "announcer_round_takebigdmg_7_1",
      "dlg": "哦，是爆炸了吗？我方遭受全方位打击！优先进行掩护！"
    },
    {
      "id": "announcer_round_takebigdmg_7_2",
      "dlg": "之前攻击造成的损伤并不小……还是重新整顿战力比较好吧。"
    },
    {
      "id": "announcer_round_givebigdmg_7_1",
      "dlg": "致命一击！几乎能完成镇压了？对啊，声音都传到这里了吧？"
    },
    {
      "id": "announcer_round_givebigdmg_7_2",
      "dlg": "呼~连我在的地方都在晃？没错，完美的突击。"
    },
    {
      "id": "announcer_multikillenemy_7_1",
      "dlg": "确认敌方伤亡数名。简直像是地毯式轰炸一样~"
    },
    {
      "id": "announcer_equip_7_1",
      "dlg": "啊啊~这里是索德，以及埃菲。本次战况播报员由我们担任。"
    }
  ]
}