{
  "dataList": [
    {
      "id": "announcer_cheer_15_1",
      "dlg": "如你所知，我不是擅长感性对话的人。比起口头表达同情，迅速进行解决才更为优先。"
    },
    {
      "id": "announcer_cheer_15_2",
      "dlg": "我根据东朗先生的指示为各位买来了慰劳用的派，但目前看来各位应该很难吃得上，所以我会代为享用。（嚼嚼）"
    },
    {
      "id": "announcer_specialcheer_15_1",
      "dlg": "提出疑问。员工们的体力所剩无几，您是打算为他们注入安瓿吗？"
    },
    {
      "id": "announcer_specialcheer_15_2",
      "dlg": "需要仔细观察一下员工了。大家都是一副虚脱的表情，对吧？"
    },
    {
      "id": "announcer_enemy_break_15_1",
      "dlg": "前方有失去平衡的敌人。那种程度的话，往那人脑袋上……砰！这么来一下就可以轻松处理了。"
    },
    {
      "id": "announcer_ally_break_15_1",
      "dlg": "请注意。员工中有人状况不容乐观。啊，如果您愿意，我可以以七折优惠为各位提供再生安瓿。"
    },
    {
      "id": "announcer_killenemy_15_1",
      "dlg": "敌人断气了。如果东朗先生在看就好了。他总是取笑我没有战斗的天赋。"
    },
    {
      "id": "announcer_ally_dead_15_1",
      "dlg": "哎呀，一位员工彻底断气了。我们公司规定，需要为阵亡员工设置约两小时的哀悼时间。"
    },
    {
      "id": "announcer_enemy_adv_15_1",
      "dlg": "虽然敌方暂时占优，但没有关系。是时候展示我是如何赢得本月最佳部门奖的了。"
    },
    {
      "id": "announcer_ally_adv_15_1",
      "dlg": "员工们处于有利条件。啊，据东朗先生所说，本次战斗成功结束后，他会带各位进行盛大的聚餐。提供S公司的A5牛肉。"
    },
    {
      "id": "announcer_danger_15_1",
      "dlg": "是，我方1名员工（嚼嚼）濒临死亡。（嚼嚼）嗯……果然，胡椒辣椒生菜咖喱风味的派还是让人欲罢不能。"
    },
    {
      "id": "announcer_enemy_specialskill_15_1",
      "dlg": "敌方即将向我们展示强而有力的一击，但既然都这样了，直接以牙还牙，打一发本垒打如何？"
    },
    {
      "id": "announcer_enemy_specialgimmick_15_1",
      "dlg": "敌方似乎正在准备奇怪的攻击。我个人并不喜欢使用卑鄙的手段。战斗一定得是堂堂正正的，对吧。"
    },
    {
      "id": "announcer_advatk_physical_15_1",
      "dlg": "刚刚那一击很不错。如果我在都市内成为棒球选手，成功打出本垒打的话，也许就是这种感觉。"
    },
    {
      "id": "announcer_disadvatk_physical_15_1",
      "dlg": "攻击相性不好。打个比方，您知道往不知深浅的水池里跳水是种什么感觉吗。"
    },
    {
      "id": "announcer_advatk_attr_15_1",
      "dlg": "攻击相当有效。您准确理解了我的指示。"
    },
    {
      "id": "announcer_disadvatk_attr_15_1",
      "dlg": "请允许我反驳。刚刚的攻击毫无效率。我稍不留神竟然就变成这样……"
    },
    {
      "id": "announcer_enemy_specialbuff_15_1",
      "dlg": "敌方获得了有利效果。但请您谨记，常言道祸兮福所倚。我凭借这句话通过了43家公司的文件审核。"
    },
    {
      "id": "announcer_enemy_specialdebuff_15_1",
      "dlg": "敌方处于不利情况。是的。现在正应该攻其不备。"
    },
    {
      "id": "announcer_ally_specialbuff_15_1",
      "dlg": "我方获得了有利效果。嘛，虽然不是我提供的，但还请安心攻击下去吧。"
    },
    {
      "id": "announcer_ally_specialdebuff_15_1",
      "dlg": "我方获得了不利效果。稍一大意或许会遭到全灭，你需要冷静下来做好准备。"
    },
    {
      "id": "announcer_enemy_destroy_15_1",
      "dlg": "敌方部位被破坏。用鸡肉做比方，就像是从烤鸡身上扯下一条腿一样。也就是看上去惨不忍睹的意思。"
    },
    {
      "id": "announcer_enemy_destroy_15_2",
      "dlg": "有部位被破坏的敌方单位。集中精力攻击那部分吧。"
    },
    {
      "id": "announcer_round_takebigdmg_15_1",
      "dlg": "员工们受到了相当程度的伤害。本次战斗结束后，在每人的座位上放一瓶营养剂如何。"
    },
    {
      "id": "announcer_round_takebigdmg_15_2",
      "dlg": "员工们的状态……很奇怪。我知道这种时候该如何提高士气。只需要说本次战斗结束后可以休假就行。成功率是100%。"
    },
    {
      "id": "announcer_round_givebigdmg_15_1",
      "dlg": "敌方受到了致命伤。果然有才能的人只要手握麦克风就能轻松推进战斗。啊，无需感谢。"
    },
    {
      "id": "announcer_round_givebigdmg_15_2",
      "dlg": "好，照这样下去就可以。最优秀部门奖近在咫尺。高层会注视我吧。"
    },
    {
      "id": "announcer_multikillenemy_15_1",
      "dlg": "员工们刚刚取得了巨大的成就。我认为85%可能都是我的功劳。这并非吹嘘，而是基于事实的统计结果。"
    },
    {
      "id": "announcer_equip_15_1",
      "dlg": "初次见面。本人是任职于K公司粮食资源改良部门研究所的三朝。我被派遣来协助进行K公司摘除工作。我希望这份视听资料能有所帮助。"
    }
  ]
}