{
  "dataList": [
    {
      "id": "announcer_cheer_17_1",
      "dlg": "来，我们出发吧。哦，这可真让人着急啊~我不能也参战吗？按合同来吧，大姐……"
    },
    {
      "id": "announcer_cheer_17_2",
      "dlg": "那些家伙们三两下就能收拾掉了~轻松点！因为事不关己就说这样的话真的好吗……"
    },
    {
      "id": "announcer_specialcheer_17_1",
      "dlg": "啊，不好……刚才的那次攻击好像是致命的。"
    },
    {
      "id": "announcer_specialcheer_17_2",
      "dlg": "大家的体力好像都不够了……总之先撤退不是更好吗？……被将死了啊？请注意说话方式……"
    },
    {
      "id": "announcer_enemy_break_17_1",
      "dlg": "哦~那帮家伙们也跟喝醉了一样摇头晃脑的呢？虽然我想他们应该不是真的喝醉了……但还是抓住机会比较好。"
    },
    {
      "id": "announcer_ally_break_17_1",
      "dlg": "有个同伴状态不太好。我觉得一边注意他一边作战比较好。等等，应该在哪里有治疗用的东西……"
    },
    {
      "id": "announcer_killenemy_17_1",
      "dlg": "无论什么事情都要一次一件地做哦~如果大姐也能一次只喝一瓶酒就帮大忙了……"
    },
    {
      "id": "announcer_ally_dead_17_1",
      "dlg": "嗯……没有牺牲是不可能的。"
    },
    {
      "id": "announcer_enemy_adv_17_1",
      "dlg": "没错~也有全军覆没的时候呢！不过，无论如何总会有办法的。大姐，算我求你了……让委托人听到这些怎么想我们都没关系吗？啊啊这个……"
    },
    {
      "id": "announcer_ally_adv_17_1",
      "dlg": "虽然乍一看似乎很不利……唔，不管怎么说，他们似乎占据了有利的位置。"
    },
    {
      "id": "announcer_danger_17_1",
      "dlg": "让、让我先把杯子放下……现在是最有趣的时刻吧？请不要说得像是在看比赛一样……那些人正命悬一线呢。"
    },
    {
      "id": "announcer_enemy_specialskill_17_1",
      "dlg": "哦，危险警报响了……好像什么大的要来了吧？唔……气氛变了。是啊，有些安静了……似乎要下雨了~"
    },
    {
      "id": "announcer_enemy_specialgimmick_17_1",
      "dlg": "美香。那些家伙……是不是在准备做些复杂的行动呢？嗯。他们如果不分析迄今为止得到的情报的话，我想会有损失的……"
    },
    {
      "id": "announcer_advatk_physical_17_1",
      "dlg": "呼~好爽啊！真是提升酒味的一击！似乎你们精准刺中了弱点呢。"
    },
    {
      "id": "announcer_disadvatk_physical_17_1",
      "dlg": "嗯……虽然效果不好，但你们也不可能让所有的行动都高效起来。什么啊……大姐……请把后面的话咽回去。"
    },
    {
      "id": "announcer_advatk_attr_17_1",
      "dlg": "嚯，这个时候你们会这么应对这种攻击啊？我得记下来……你在记些什么啊，美香？实战中靠的是气势啦~"
    },
    {
      "id": "announcer_disadvatk_attr_17_1",
      "dlg": "这个真的是最佳选择吗……雷恩，千里之行，总得始于足下吧？"
    },
    {
      "id": "announcer_enemy_specialbuff_17_1",
      "dlg": "那帮家伙的氛围很好啊~我要不要冲进去加入他们呢？大姐，那帮人是敌人……"
    },
    {
      "id": "announcer_enemy_specialdebuff_17_1",
      "dlg": "他们看上去情绪低落……现在就是机会。是啊，完全就是葬礼的气氛呢~"
    },
    {
      "id": "announcer_ally_specialbuff_17_1",
      "dlg": "装置上收到了肯定的通知呢。那种机械，不用看也知道吧！你们的状态很好吧？"
    },
    {
      "id": "announcer_ally_specialdebuff_17_1",
      "dlg": "有什么……坏事情发生了吗……不过在工作的时候也可能和同事吵架吧……我明白了！"
    },
    {
      "id": "announcer_enemy_destroy_17_1",
      "dlg": "一处部位被完全破坏！呼~心情不错地击溃它了呢~"
    },
    {
      "id": "announcer_enemy_destroy_17_2",
      "dlg": "多亏了刚刚破坏的部位，战斗变得更容易了呢。嗯，现在也能无视那个部位产生的危险情况了。"
    },
    {
      "id": "announcer_round_takebigdmg_17_1",
      "dlg": "哦，好像是地面崩落的声音……输出传感器瞬间过载了……他们没有问题吗？"
    },
    {
      "id": "announcer_round_takebigdmg_17_2",
      "dlg": "刚才的攻击实在太有破坏力了……说不定他们有能恢复损伤的装置呢。那只要涂口水就能~大姐，嘘……"
    },
    {
      "id": "announcer_round_givebigdmg_17_1",
      "dlg": "啊~现在完全是当机立断呢~！请不要说得像是实况转播一样……啊，但那确实是一个很好的决断。"
    },
    {
      "id": "announcer_round_givebigdmg_17_2",
      "dlg": "刚刚真不错呢~呼……我也心跳加速了呢？如果继续重复这样的招式，获胜肯定是理所当然的。"
    },
    {
      "id": "announcer_multikillenemy_17_1",
      "dlg": "哎呀……如果有这样的技术就学习一下吧？这样一天之内似乎能完成好几件委托呢。这样下去花在酒精上的支出似乎会变得更多啊……"
    },
    {
      "id": "announcer_equip_17_1",
      "dlg": "呃……所以，这次的委托的话。美香，好像已经开始录音了哦？欸？！不、不是，那人还在喝酒啊……这种事就要靠气势啊~走起！"
    }
  ]
}