{
  "dataList": [
    {
      "id": "announcer_cheer_11_1",
      "dlg": "杰克~菜刀都磨好了吗？嗯，准备好了。"
    },
    {
      "id": "announcer_cheer_11_2",
      "dlg": "哇，快看！食材在走路诶？等那些家伙把他们全收拾掉，咱们就能轻轻松松地带回去了。"
    },
    {
      "id": "announcer_specialcheer_11_1",
      "dlg": "一副摇摇晃晃的样子。他们离死不远了。杰克，等他们死了之后就全拿去做食材吧？"
    },
    {
      "id": "announcer_specialcheer_11_2",
      "dlg": "你们啊~再这样可要被剁成肉酱咯？没关系，皮埃尔。他们就这么被剁碎的话反而替我们省事了。"
    },
    {
      "id": "announcer_enemy_break_11_1",
      "dlg": "哦，现在的状态正适合绑架啊。杰克也是那样工作的吗？"
    },
    {
      "id": "announcer_ally_break_11_1",
      "dlg": "哎呀？大意啦？那样会死的。"
    },
    {
      "id": "announcer_killenemy_11_1",
      "dlg": "食材准备好了。就是有点乱。那肯定啦~连骨头都一起剁碎了可很难做成派诶。"
    },
    {
      "id": "announcer_ally_dead_11_1",
      "dlg": "去寻找食材，结果却变成了食材……完全就是外行。对吧，皮埃尔？"
    },
    {
      "id": "announcer_enemy_adv_11_1",
      "dlg": "啊，不行不行！在变成肉酱之前赶快逃走比较好吧。"
    },
    {
      "id": "announcer_ally_adv_11_1",
      "dlg": "虽然总算快赢了……但两边的肉质都被严重破坏了……啧，失去了作为商品的价值啊。"
    },
    {
      "id": "announcer_danger_11_1",
      "dlg": "有必要为了获取食材做出如此大的牺牲吗？杰克，如果你遇到这种情况就马上逃跑，好吗？"
    },
    {
      "id": "announcer_enemy_specialskill_11_1",
      "dlg": "食材们好像在垂死挣扎。他们越是活蹦乱跳，肉质就会越鲜嫩。好极了！"
    },
    {
      "id": "announcer_enemy_specialgimmick_11_1",
      "dlg": "嗯？他们在准备做什么奇怪的事情……这种时候应该躲起来吧。"
    },
    {
      "id": "announcer_advatk_physical_11_1",
      "dlg": "切得漂亮。这真是一块完美的肉！"
    },
    {
      "id": "announcer_disadvatk_physical_11_1",
      "dlg": "骗人，要，这么做吗……？肉质会变硬的。"
    },
    {
      "id": "announcer_advatk_attr_11_1",
      "dlg": "削肉以刀，剔骨以锯！同意，皮埃尔。"
    },
    {
      "id": "announcer_disadvatk_attr_11_1",
      "dlg": "选用的工具很奇怪呀。呼，他们所做的只会让武器被磨钝。"
    },
    {
      "id": "announcer_enemy_specialbuff_11_1",
      "dlg": "食材们看起来特别有活力？似乎做了药物处理。"
    },
    {
      "id": "announcer_enemy_specialdebuff_11_1",
      "dlg": "他们看起来很累。这时候不进行食材处理，肉质就会变硬的~"
    },
    {
      "id": "announcer_ally_specialbuff_11_1",
      "dlg": "你们看起来怎么这么有精神？是给他们做了手工年糕馅的派了吗，皮埃尔？吃了那个就浑身有力气。"
    },
    {
      "id": "announcer_ally_specialdebuff_11_1",
      "dlg": "看上去是吃了不新鲜的东西。是啊……他们看起来身体很不舒服。"
    },
    {
      "id": "announcer_enemy_destroy_11_1",
      "dlg": "哇~！有一个新鲜的部位掉下来了啊？嗯，好像是非常高级的部位。"
    },
    {
      "id": "announcer_enemy_destroy_11_2",
      "dlg": "刚刚切下来的部位，我可以拿过来吧？肯定没问题啊~拜托了，杰克~"
    },
    {
      "id": "announcer_round_takebigdmg_11_1",
      "dlg": "啊，唔……看着就疼，那个。应该让材料无法反抗才对的。"
    },
    {
      "id": "announcer_round_takebigdmg_11_2",
      "dlg": "你们……真的能带材料来吗？关于供应合同，我得检查一下。皮埃尔。"
    },
    {
      "id": "announcer_round_givebigdmg_11_1",
      "dlg": "用力过头了吧？就是啊！要温柔一点~不然派里会有骨头渣的！"
    },
    {
      "id": "announcer_round_givebigdmg_11_2",
      "dlg": "你们打碎的那些肉，要先好好处理过再交出去对吧？虽然能吃的部位好像没剩多少了……"
    },
    {
      "id": "announcer_multikillenemy_11_1",
      "dlg": "一下就完成了好几份的备菜工作了呢……杰、杰克！你也学着点呀！"
    },
    {
      "id": "announcer_equip_11_1",
      "dlg": "这里是皮埃尔哟~这里是杰克。今天要做什么料理呢？"
    }
  ]
}