{
  "dataList": [
    {
      "id": "announcer_cheer_3_1",
      "dlg": "卡戎，不擅长等待。只等100秒。"
    },
    {
      "id": "announcer_cheer_3_2",
      "dlg": "要是迟到我就和梅菲先走了。"
    },
    {
      "id": "announcer_specialcheer_3_1",
      "dlg": "有乘客很痛。不要哭。"
    },
    {
      "id": "announcer_specialcheer_3_2",
      "dlg": "为什么他们变成了梅菲的食物？卡戎伤心。"
    },
    {
      "id": "announcer_enemy_break_3_1",
      "dlg": "敌人摇摇晃晃的。机会，不是吗？"
    },
    {
      "id": "announcer_ally_break_3_1",
      "dlg": "所以卡戎说要系好安全带。"
    },
    {
      "id": "announcer_killenemy_3_1",
      "dlg": "梅菲饿了。太好了，对吧？"
    },
    {
      "id": "announcer_ally_dead_3_1",
      "dlg": "乘客安静下来了。之后要滴答滴答了。"
    },
    {
      "id": "announcer_enemy_adv_3_1",
      "dlg": "坏人赢了。卡戎，要先走了。"
    },
    {
      "id": "announcer_ally_adv_3_1",
      "dlg": "呀呼。赢的人，自己人。"
    },
    {
      "id": "announcer_danger_3_1",
      "dlg": "……一触即发？我学过这个词。"
    },
    {
      "id": "announcer_enemy_specialskill_3_1",
      "dlg": "地面在颤动。卡戎也摇摇晃晃的。"
    },
    {
      "id": "announcer_enemy_specialgimmick_3_1",
      "dlg": "朦朦胧胧。不知道会出现什么。"
    },
    {
      "id": "announcer_advatk_physical_3_1",
      "dlg": "乘客给了他们一个“嘭”。"
    },
    {
      "id": "announcer_disadvatk_physical_3_1",
      "dlg": "刚才的一点用都没有。傻瓜。"
    },
    {
      "id": "announcer_advatk_attr_3_1",
      "dlg": " 据说知道自己做错了什么才是开始。"
    },
    {
      "id": "announcer_disadvatk_attr_3_1",
      "dlg": "你知道自己做错了什么吗？……从电视剧里看来的。"
    },
    {
      "id": "announcer_enemy_specialbuff_3_1",
      "dlg": "敌人看起来心情很好。卡戎，心情不好。"
    },
    {
      "id": "announcer_enemy_specialdebuff_3_1",
      "dlg": "看看他们。一副快要吐出来的样子。"
    },
    {
      "id": "announcer_ally_specialbuff_3_1",
      "dlg": "乘客们，有什么开心的事吗？"
    },
    {
      "id": "announcer_ally_specialdebuff_3_1",
      "dlg": "……呕吐袋在座位下面。别吐在梅菲身上。"
    },
    {
      "id": "announcer_enemy_destroy_3_1",
      "dlg": "咔嚓，部位被破坏了。可以继续。"
    },
    {
      "id": "announcer_enemy_destroy_3_2",
      "dlg": "乘客们，把那个弄坏了。不用赔钱，继续吧。"
    },
    {
      "id": "announcer_round_takebigdmg_3_1",
      "dlg": "卡戎，转来转去。"
    },
    {
      "id": "announcer_round_takebigdmg_3_2",
      "dlg": "呃，看起来很疼。"
    },
    {
      "id": "announcer_round_givebigdmg_3_1",
      "dlg": "大成功。卡戎，很高兴。要唱歌吗？"
    },
    {
      "id": "announcer_round_givebigdmg_3_2",
      "dlg": "哇啊！卡戎也吓一跳。"
    },
    {
      "id": "announcer_multikillenemy_3_1",
      "dlg": "一石二鸟，对吧？卡戎，摸摸你的头。"
    },
    {
      "id": "announcer_equip_3_1",
      "dlg": "卡戎登场，大家都很高兴。"
    }
  ]
}