{
  "dataList": [
    {
      "id": "announcer_cheer_6_1",
      "dlg": "我期待一场无悔的战斗。"
    },
    {
      "id": "announcer_cheer_6_2",
      "dlg": "不用担心。只要还剩下最后一个血细胞，生命便得以以某种方式保存。"
    },
    {
      "id": "announcer_specialcheer_6_1",
      "dlg": "血液并非迷人之物……我不愿见到朋友们流血。"
    },
    {
      "id": "announcer_specialcheer_6_2",
      "dlg": "同伴们看起来无精打采。默默如此前进并不可取。"
    },
    {
      "id": "announcer_enemy_break_6_1",
      "dlg": "他们像秋风一样摇曳。局势对我们有利，不是吗？"
    },
    {
      "id": "announcer_ally_break_6_1",
      "dlg": "有人说伤痛能促人成长。相信我的朋友们也是如此。"
    },
    {
      "id": "announcer_killenemy_6_1",
      "dlg": "刚刚的战斗非常精彩。"
    },
    {
      "id": "announcer_ally_dead_6_1",
      "dlg": "他们会再度归来。于此片刻……暂且休憩吧。"
    },
    {
      "id": "announcer_enemy_adv_6_1",
      "dlg": "置身于层峦叠嶂间……与其风流云散而求索，回首另辟蹊径不是更好吗，经理。"
    },
    {
      "id": "announcer_ally_adv_6_1",
      "dlg": "我方略优。"
    },
    {
      "id": "announcer_danger_6_1",
      "dlg": "战况一触即发。其转瞬即逝，请您做出果断的决策。"
    },
    {
      "id": "announcer_enemy_specialskill_6_1",
      "dlg": "我能感到肺中将要充满沉重之物……"
    },
    {
      "id": "announcer_enemy_specialgimmick_6_1",
      "dlg": "我感到一股异常的阴冷气息正侵入骨髓。"
    },
    {
      "id": "announcer_advatk_physical_6_1",
      "dlg": "精准一击。"
    },
    {
      "id": "announcer_disadvatk_physical_6_1",
      "dlg": "即便这并非常态下会选择的方式……但我想，您一定有自己的理由。"
    },
    {
      "id": "announcer_advatk_attr_6_1",
      "dlg": "哦。明智之决断。"
    },
    {
      "id": "announcer_disadvatk_attr_6_1",
      "dlg": "啊……真是……惊人……的确，您一定有自己的理由。"
    },
    {
      "id": "announcer_enemy_specialbuff_6_1",
      "dlg": "嗯，我感到一股特殊的气息。您最好仔细观察后再前行。"
    },
    {
      "id": "announcer_enemy_specialdebuff_6_1",
      "dlg": "他们身上……散发着坟墓的气息。"
    },
    {
      "id": "announcer_ally_specialbuff_6_1",
      "dlg": "你们的面容，明亮而富有生气。"
    },
    {
      "id": "announcer_ally_specialdebuff_6_1",
      "dlg": "我感到一股异常的阴冷气息……"
    },
    {
      "id": "announcer_enemy_destroy_6_1",
      "dlg": "一根树枝被轻轻折断。"
    },
    {
      "id": "announcer_enemy_destroy_6_2",
      "dlg": "终于，树枝折断了。此般之物，连一只蝴蝶的重量都承受不住。"
    },
    {
      "id": "announcer_round_takebigdmg_6_1",
      "dlg": "刚才的冲击相当猛烈。我的朋友们是否安好？"
    },
    {
      "id": "announcer_round_takebigdmg_6_2",
      "dlg": "此次交锋导致了致命的后果……您恐怕没有重来的机会了，经理。"
    },
    {
      "id": "announcer_round_givebigdmg_6_1",
      "dlg": "完美。无需多言。"
    },
    {
      "id": "announcer_round_givebigdmg_6_2",
      "dlg": "此为最理想之选，经理。"
    },
    {
      "id": "announcer_multikillenemy_6_1",
      "dlg": "只轻轻一挥，您便扫除了所有对手。"
    },
    {
      "id": "announcer_equip_6_1",
      "dlg": "……是我，李箱。"
    }
  ]
}