{
  "dataList": [
    {
      "id": 1,
      "personalityid": 10801,
      "voiceFile": 0,
      "teller": "以实玛利",
      "dialog": "问我行不行？别特地问些理所应当的事。",
      "usage": "(800101, VERY_HIGH), (800102, VERY_HIGH), (800104, VERY_HIGH), (800105, VERY_HIGH)"
    },
    {
      "id": 2,
      "personalityid": 10801,
      "voiceFile": 0,
      "teller": "以实玛利",
      "dialog": "应该可行。如果你的计划不会像艘破烂搁浅的船一样。",
      "usage": "(800101, HIGH), (800102, HIGH), (800104, HIGH), (800105, HIGH) "
    },
    {
      "id": 3,
      "personalityid": 10801,
      "voiceFile": 0,
      "teller": "以实玛利",
      "dialog": "行吧……如果没别的人能处理，那就我上。",
      "usage": "(800101, NORMAL), (800102, NORMAL), (800104, NORMAL), (800105, NORMAL)"
    },
    {
      "id": 4,
      "personalityid": 10801,
      "voiceFile": 0,
      "teller": "以实玛利",
      "dialog": "让我做，我便做，但讲真这计划简直跟垃圾一样。",
      "usage": "(800101, LOW), (800102, LOW), (800104, LOW), (800105, LOW)"
    },
    {
      "id": 5,
      "personalityid": 10801,
      "voiceFile": 0,
      "teller": "以实玛利",
      "dialog": "你认真的？你疯了吧？真让我失望。别和我说话。",
      "usage": "(800101, VERY_LOW), (800102, VERY_LOW), (800104, VERY_LOW), (800105, VERY_LOW) "
    },
    {
      "id": 6,
      "personalityid": 10801,
      "voiceFile": 0,
      "teller": "以实玛利",
      "dialog": "尽管如此……我还是设法做到了。",
      "usage": "(800101, SUCCESS), (800102, SUCCESS), (800104, SUCCESS), (800105, SUCCESS)"
    },
    {
      "id": 7,
      "personalityid": 10801,
      "voiceFile": 0,
      "teller": "以实玛利",
      "dialog": "你本来就该派别人上的。别怪我。",
      "usage": "(800101, FAILURE), (800102, FAILURE), (800104, FAILURE), (800105, FAILURE)"
    },
    {
      "id": 8,
      "personalityid": 10802,
      "voiceFile": 0,
      "teller": "R公司 以实玛利",
      "dialog": "",
      "usage": "(800101, VERY_HIGH), (800102, VERY_HIGH), (800104, VERY_HIGH), (800105, VERY_HIGH)"
    },
    {
      "id": 9,
      "personalityid": 10802,
      "voiceFile": 0,
      "teller": "R公司 以实玛利",
      "dialog": "",
      "usage": "(800101, HIGH), (800102, HIGH), (800104, HIGH), (800105, HIGH) "
    },
    {
      "id": 10,
      "personalityid": 10802,
      "voiceFile": 0,
      "teller": "R公司 以实玛利",
      "dialog": "",
      "usage": "(800101, NORMAL), (800102, NORMAL), (800104, NORMAL), (800105, NORMAL)"
    },
    {
      "id": 11,
      "personalityid": 10802,
      "voiceFile": 0,
      "teller": "R公司 以实玛利",
      "dialog": "",
      "usage": "(800101, LOW), (800102, LOW), (800104, LOW), (800105, LOW)"
    },
    {
      "id": 12,
      "personalityid": 10802,
      "voiceFile": 0,
      "teller": "R公司 以实玛利",
      "dialog": "",
      "usage": "(800101, VERY_LOW), (800102, VERY_LOW), (800104, VERY_LOW), (800105, VERY_LOW) "
    },
    {
      "id": 13,
      "personalityid": 10802,
      "voiceFile": 0,
      "teller": "R公司 以实玛利",
      "dialog": "",
      "usage": "(800101, SUCCESS), (800102, SUCCESS), (800104, SUCCESS), (800105, SUCCESS)"
    },
    {
      "id": 14,
      "personalityid": 10802,
      "voiceFile": 0,
      "teller": "R公司 以实玛利",
      "dialog": "",
      "usage": "(800101, FAILURE), (800102, FAILURE), (800104, FAILURE), (800105, FAILURE)"
    }
  ]
}