{
  "dataList": [
    {
      "id": 1,
      "personalityid": 10902,
      "voicefile": 0,
      "teller": "黑云会 罗佳",
      "dialog": "喂，如果没成功我就把手砍了。赌吗？",
      "usage": "(800101, VERY_HIGH), (800102, VERY_HIGH), (800104, VERY_HIGH), (800105, VERY_HIGH)"
    },
    {
      "id": 2,
      "personalityid": 10902,
      "voicefile": 0,
      "teller": "黑云会 罗佳",
      "dialog": "看上去很简单，交给我吧。",
      "usage": "(800101, HIGH), (800102, HIGH), (800104, HIGH), (800105, HIGH) "
    },
    {
      "id": 3,
      "personalityid": 10902,
      "voicefile": 0,
      "teller": "黑云会 罗佳",
      "dialog": "试试看吧。你能相信我吗？",
      "usage": "(800101, NORMAL), (800102, NORMAL), (800104, NORMAL), (800105, NORMAL)"
    },
    {
      "id": 4,
      "personalityid": 10902,
      "voicefile": 0,
      "teller": "黑云会 罗佳",
      "dialog": "这可能需要那么一点~点运气。",
      "usage": "(800101, LOW), (800102, LOW), (800104, LOW), (800105, LOW)"
    },
    {
      "id": 5,
      "personalityid": 10902,
      "voicefile": 0,
      "teller": "黑云会 罗佳",
      "dialog": "别把我扯进来，好吗？",
      "usage": "(800101, VERY_LOW), (800102, VERY_LOW), (800104, VERY_LOW), (800105, VERY_LOW) "
    },
    {
      "id": 6,
      "personalityid": 10902,
      "voicefile": 0,
      "teller": "黑云会 罗佳",
      "dialog": "要是其他人可做不到吧？",
      "usage": "(800101, SUCCESS), (800102, SUCCESS), (800104, SUCCESS), (800105, SUCCESS)"
    },
    {
      "id": 7,
      "personalityid": 10902,
      "voicefile": 0,
      "teller": "黑云会 罗佳",
      "dialog": "我警告过你了吧。",
      "usage": "(800101, FAILURE), (800102, FAILURE), (800104, FAILURE), (800105, FAILURE)"
    },
    {
      "id": 8,
      "personalityid": 10901,
      "voicefile": 0,
      "teller": "罗佳",
      "dialog": "喂，如果没成功我就把手砍了。赌吗？",
      "usage": "(800101, VERY_HIGH), (800102, VERY_HIGH), (800104, VERY_HIGH), (800105, VERY_HIGH)"
    },
    {
      "id": 9,
      "personalityid": 10901,
      "voicefile": 0,
      "teller": "罗佳",
      "dialog": "看上去很简单，交给我吧。",
      "usage": "(800101, HIGH), (800102, HIGH), (800104, HIGH), (800105, HIGH) "
    },
    {
      "id": 10,
      "personalityid": 10901,
      "voicefile": 0,
      "teller": "罗佳",
      "dialog": "试试看吧。你能相信我吗？",
      "usage": "(800101, NORMAL), (800102, NORMAL), (800104, NORMAL), (800105, NORMAL)"
    },
    {
      "id": 11,
      "personalityid": 10901,
      "voicefile": 0,
      "teller": "罗佳",
      "dialog": "这可能需要那么一点~点运气。",
      "usage": "(800101, LOW), (800102, LOW), (800104, LOW), (800105, LOW)"
    },
    {
      "id": 12,
      "personalityid": 10901,
      "voicefile": 0,
      "teller": "罗佳",
      "dialog": "别把我扯进来，好吗？",
      "usage": "(800101, VERY_LOW), (800102, VERY_LOW), (800104, VERY_LOW), (800105, VERY_LOW) "
    },
    {
      "id": 13,
      "personalityid": 10901,
      "voicefile": 0,
      "teller": "罗佳",
      "dialog": "要是其他人可做不到吧？",
      "usage": "(800101, SUCCESS), (800102, SUCCESS), (800104, SUCCESS), (800105, SUCCESS)"
    },
    {
      "id": 14,
      "personalityid": 10901,
      "voicefile": 0,
      "teller": "罗佳",
      "dialog": "我警告过你了吧。",
      "usage": "(800101, FAILURE), (800102, FAILURE), (800104, FAILURE), (800105, FAILURE)"
    }
  ]
}