{
  "dataList": [
    {
      "id": "810001_skinPredector_success_1_1",
      "content": "{0} <color=#fe4b48>失去{1}点理智值</color>"
    },
    {
      "id": "810001_skinPredector_success_1_2",
      "content": "本关卡中，{0} 获得%{2} {1}/%"
    },
    {
      "id": "810001_skinPredector_success_1_3",
      "content": "本关卡中，{0} 获得%{2} {1}/%，%{4} {3}/% "
    },
    {
      "id": "810001_skinPredector_success_1_4",
      "content": "体力最高的{0}之一的<color=#ebcaa2>体力降至1点</color>"
    },
    {
      "id": "810001_skinPredector_failure_1_1",
      "content": "本关卡中，{0} 获得%{2} {1}/%，%{4} {3}/% "
    },
    {
      "id": "810001_skinPredector_failure_1_2",
      "content": "所有人格获得%{1} {0}/%，%{3} {2}/%"
    },
    {
      "id": "810201_nk_success_1_1",
      "content": "{0}之一<color=#e30000>失去{1}体力</color>"
    },
    {
      "id": "810201_nk_success_1_2",
      "content": "{0}获得%{2} {1}/%"
    },
    {
      "id": "810201_nk_failure_1_1",
      "content": "{0}之一<color=#e30000>失去{1}体力</color>"
    },
    {
      "id": "810201_nk_failure_1_2",
      "content": "{0}<color=#e30000>失去{1}体力</color>"
    },
    {
      "id": "810101_walkingPearl_success_1_1",
      "content": "{0}<color=#fe4b48>失去{1}点理智值</color>"
    },
    {
      "id": "810101_walkingPearl_success_1_2",
      "content": "{0}<color=#e30000>失去{1}体力</color>"
    },
    {
      "id": "810101_walkingPearl_success_1_3",
      "content": "{0} %失去{2} {1}/%"
    },
    {
      "id": "810101_walkingPearl_failure_1_1",
      "content": "{0} <color=#fe4b48>失去{1}点理智值</color>"
    },
    {
      "id": "810101_walkingPearl_failure_1_2",
      "content": "{0}<color=#e30000>失去{1}体力</color>"
    },
    {
      "id": "810602_success_1_1",
      "content": "{0}获得%{2} [{1}]/%，%{4} [{3}]/%"
    },
    {
      "id": "810602_success_1_2",
      "content": "{0}<color=#80c9ff>恢复至理智值上限</color>"
    },
    {
      "id": "810602_success_1_3",
      "content": "全体友方单位获得%{1} [{0}]/%"
    },
    {
      "id": "810602_success_1_4",
      "content": "全体友方单位<color=#80c9ff>恢复{0}点理智值</color>"
    },
    {
      "id": "810602_success_1_5",
      "content": "{0} 获得%{2} [{1}]/%"
    },
    {
      "id": "810603_failure_1_1",
      "content": "{0}获得%{2} [{1}]/%，%{4} [{3}]/%"
    },
    {
      "id": "810603_failure_1_2",
      "content": "{0}<color=#80c9ff>恢复至理智值上限</color>"
    },
    {
      "id": "810603_failure_1_3",
      "content": "{0} 获得%{2} [{1}]/%"
    }
  ]
}