{
  "dataList": [
    {
      "id": "800101_whitesnow_success_1_1",
      "content": "<color=#ebcaa2>[{0}]</color><color=#e30000>已失效</color>"
    },
    {
      "id": "800101_whitesnow_failure_1_1",
      "content": "<color=#ebcaa2>什么都没有发生。</color>"
    },
    {
      "id": "800105_whitesnow_success_1_1",
      "content": "<color=#ebcaa2>[{0}]</color><color=#f8c200>已被破坏！</color>"
    },
    {
      "id": "800105_whitesnow_success_1_2",
      "content": "<color=#ebcaa2>[{0}]陷入了混乱</color>"
    },
    {
      "id": "800105_whitesnow_failure_1_1",
      "content": "<color=#ebcaa2>什么都没有发生。</color>"
    },
    {
      "id": "800801_muckwormedapple_success_1_1",
      "content": "<color=#ebcaa2>金苹果生成了新的躯干！</color>"
    },
    {
      "id": "800801_muckwormedapple_failure_1_1",
      "content": "[{0}]</color><color=#e30000>失去了{1}点体力</color>"
    },
    {
      "id": "800801_muckwormedapple_failure_1_2",
      "content": "[{0}]的所有部位</color>获得%持续{1}回合的{2}{3}/%。</color>"
    },
    {
      "id": "800801_muckwormedapple_failure_1_3",
      "content": "<color=#ebcaa2>金苹果生成了新的躯干！</color>"
    },
    {
      "id": "800201_aztec_circle_1_1",
      "content": "<color=#ebcaa2>[{0}]的全部部位</color><color=#ebcaa2>获得</color>%[{1}]{2}/%<color=#ebcaa2>。</color>"
    },
    {
      "id": "800202_aztec_circle_success_1_1",
      "content": "<color=#ebcaa2>[{0}]</color><color=#e30000>失去了{1}点体力</color>"
    },
    {
      "id": "800202_aztec_circle_success_1_2",
      "content": "<color=#ebcaa2>[{0}]的全部部位</color><color=#ebcaa2>获得了</color>%[{1}]{2}/%<color=#ebcaa2>。</color>"
    },
    {
      "id": "800202_aztec_circle_failure_1_1",
      "content": "<color=#ebcaa2>[{0}]</color><color=#e30000>失去了{1}点体力</color>"
    },
    {
      "id": "800202_aztec_circle_failure_1_2",
      "content": "<color=#ebcaa2>[{0}]</color><color=#fe4b48>失去了{1}点理智值</color>"
    },
    {
      "id": "800202_aztec_circle_failure_1_3",
      "content": "<color=#ebcaa2>[{0}]的全部部位</color><color=#ebcaa2>获得</color>%[{1}]{2}，[{3}]{4}/%<color=#ebcaa2>。</color>"
    },
    {
      "id": "800203_aztec_circle_1_1",
      "content": "<color=#ebcaa2>[{0}]</color><color=#e30000>失去了{1}点体力</color>"
    },
    {
      "id": "800203_aztec_circle_1_2",
      "content": "<color=#ebcaa2>[{0}]的[{1}]</color><color=#e30000>已失效</color>"
    },
    {
      "id": "800204_aztec_circle_success_1_1",
      "content": "<color=#ebcaa2>[{0}]</color><color=#e30000>失去了{1}点体力</color>"
    },
    {
      "id": "800204_aztec_circle_success_1_2",
      "content": "<color=#ebcaa2>[{0}]</color><color=#e30000>失去了{1}点体力</color>"
    },
    {
      "id": "800204_aztec_circle_success_1_3",
      "content": "<color=#ebcaa2>[{0}]的[{1}]</color><color=#e30000>已失效</color>"
    },
    {
      "id": "800204_aztec_circle_failure_1_1",
      "content": "<color=#ebcaa2>[{0}]</color><color=#e30000>失去了{1}点体力</color>"
    },
    {
      "id": "800204_aztec_circle_failure_1_2",
      "content": "<color=#ebcaa2>[{0}]</color><color=#fe4b48>失去了{1}点理智值</color>"
    },
    {
      "id": "800204_aztec_circle_failure_1_3",
      "content": "<color=#ebcaa2>[{0}]</color><color=#e30000>失去了{1}点体力</color>"
    },
    {
      "id": "800204_aztec_circle_failure_1_4",
      "content": "<color=#ebcaa2>赋予</color><color=#ebcaa2>全体罪人</color>%[{0}] {1}/%"
    },
    {
      "id": "800206_aztec_circle_success_1_1",
      "content": "<color=#ebcaa2>[{0}]</color><color=#e30000>失去了{1}点体力</color>"
    },
    {
      "id": "800206_aztec_circle_success_1_2",
      "content": "<color=#ebcaa2>全体罪人</color><color=#fe4b48>失去{0}点理智值</color>"
    },
    {
      "id": "800206_aztec_circle_success_1_3",
      "content": "<color=#ebcaa2>异想体镇压完成</color>"
    },
    {
      "id": "800206_aztec_circle_failure_1_1",
      "content": "<color=#ebcaa2>[{0}]</color><color=#e30000>失去了{1}点体力</color>"
    },
    {
      "id": "800206_aztec_circle_failure_1_2",
      "content": "<color=#ebcaa2>全体罪人</color><color=#fe4b48>失去{0}点理智值</color>"
    },
    {
      "id": "800206_aztec_circle_failure_1_3",
      "content": "<color=#ebcaa2>[{0}]的全部部位</color><color=#ebcaa2>获得</color>%[{1}]{2}，[{3}]{4}/%<color=#ebcaa2>。</color>"
    },
    {
      "id": "801201_reinforcedHuman_1_1",
      "content": "<color=#ebcaa2>我们决定调查工厂。</color>"
    },
    {
      "id": "801201_reinforcedHuman_1_2",
      "content": "<color=#ebcaa2>我们决定不调查工厂。</color>"
    },
    {
      "id": "801202_reinforcedHuman_1_1",
      "content": "<color=#ebcaa2>按下了“是”的按钮。</color>"
    },
    {
      "id": "801202_reinforcedHuman_2_1",
      "content": "<color=#ebcaa2>按下了“不是”的按钮。</color>"
    },
    {
      "id": "801202_reinforcedHuman_1_2_1",
      "content": "<color=#ebcaa2>全体罪人</color><color=#e30000>失去{0}点体力</color>"
    },
    {
      "id": "801202_reinforcedHuman_1_2_2",
      "content": "<color=#ebcaa2>全体敌方单位的被动技能[强化工厂启动]</color><color=#e30000>失效</color>"
    },
    {
      "id": "801202_reinforcedHuman_2_2",
      "content": "<color=#ebcaa2>全体敌方单位的被动技能[强化工厂启动]</color><color=#e30000>失效</color>"
    },
    {
      "id": "801502_pinkshoe_success_1_1",
      "content": "<color=#ebcaa2>在剩余的回合内，<color=#ebcaa2>赋予</color>全体敌方单位</color>%[{0}] {1}，[{2}] {3}/%"
    },
    {
      "id": "801502_pinkshoe_success_1_2",
      "content": "<color=#ebcaa2>全体敌方单位无法再[{0}]</color>"
    },
    {
      "id": "801502_pinkshoe_failure_1_1",
      "content": "<color=#ebcaa2>全体友方单位</color><color=#e30000>失去{0}点体力</color>"
    },
    {
      "id": "801502_pinkshoe_failure_1_2",
      "content": "<color=#ebcaa2>全体友方单位</color><color=#ebcaa2>获得</color>%[{0}] {1}/%"
    },
    {
      "id": "801502_pinkshoe_failure_1_3",
      "content": "<color=#ebcaa2>全体敌方单位成为%[{0}]/%</color>"
    },
    {
      "id": "102001_action_4_1",
      "content": "<color=#ebcaa2>全体友方单位</color><color=#e30000>失去{0}点体力</color>"
    },
    {
      "id": "102001_action_4_2",
      "content": "<color=#ebcaa2>全体友方单位</color><color=#fe4b48>失去{0}点理智值</color>"
    },
    {
      "id": "102002_action_1_1",
      "content": "<color=#ebcaa2>[罗佳]</color><color=#80c9ff>恢复了{0}点理智值</color>"
    },
    {
      "id": "102002_action_1_2",
      "content": "<color=#ebcaa2>[罗佳]</color><color=#fe4b48>失去了{0}点理智值</color>"
    },
    {
      "id": "102002_action_2_2",
      "content": "<color=#ff8000>遭遇战斗！</color>"
    },
    {
      "id": "1020201_success_1_1",
      "content": "<color=#ebcaa2>[{0}]</color><color=#80c9ff>恢复了{1}点理智值</color>"
    },
    {
      "id": "1020201_failure_1_1",
      "content": "<color=#ebcaa2>[{0}]</color><color=#e30000>失去了{1}点体力</color>"
    },
    {
      "id": "1020203_success_1_1",
      "content": "<color=#ebcaa2>全体友方单位</color><color=#80c9ff>恢复{0}点理智值</color>"
    },
    {
      "id": "1020203_success_1_2",
      "content": "<color=#ebcaa2>[罗佳]</color><color=#80c9ff>恢复了{0}点理智值</color>"
    },
    {
      "id": "1020203_failure_1_1",
      "content": "<color=#ebcaa2>[{0}]</color><color=#e30000>失去了{1}点体力</color>"
    },
    {
      "id": "acquire_ego_gift",
      "content": "<color=#ebcaa2>获得E.G.O饰品！</color>"
    },
    {
      "id": "disappear_ego_gift",
      "content": "<color=#ebcaa2>E.G.O饰品{0}</color><color=#e30000>已失效</color>"
    },
    {
      "id": "acquire_ego_gift_if_win",
      "content": "<color=#ebcaa2>战斗胜利后，获得E.G.O饰品！</color>"
    },
    {
      "id": "chracter_mp_decrease",
      "content": "<color=#ebcaa2>[{0}]</color><color=#fe4b48>失去了{1}点理智值</color>"
    },
    {
      "id": "chracter_mp_increase",
      "content": "<color=#ebcaa2>[{0}]</color><color=#80c9ff>恢复了{1}点理智值</color>"
    },
    {
      "id": "chracter_hp_increase",
      "content": "<color=#ebcaa2>[{0}]</color><color=#00ff9c>恢复了{1}点体力</color>"
    },
    {
      "id": "chracter_hp_decrease",
      "content": "<color=#ebcaa2>[{0}]</color><color=#e30000>失去了{1}点体力</color>"
    },
    {
      "id": "chracter_hp_mp_decrease",
      "content": "<color=#ebcaa2>[{0}]</color><color=#e30000>失去了{1}点体力</color><color=#ebcaa2>和</color><color=#fe4b48>理智值</color>"
    },
    {
      "id": "all_ally_hp_decrease",
      "content": "<color=#ebcaa2>全体友方单位</color><color=#e30000>失去{0}点体力</color>"
    },
    {
      "id": "all_ally_hp_increase",
      "content": "<color=#ebcaa2>全体友方单位</color><color=#e30000>恢复{0}点体力</color>"
    },
    {
      "id": "all_ally_mp_decrease",
      "content": "<color=#ebcaa2>全体友方单位</color><color=#fe4b48>失去{0}点理智值</color>"
    },
    {
      "id": "all_ally_hp_mp_decrease",
      "content": "<color=#ebcaa2>全体友方单位</color><color=#e30000>失去{0}点体力</color><color=#ebcaa2>和</color><color=#fe4b48>理智值</color>"
    },
    {
      "id": "all_ally_add_buff",
      "content": "<color=#ebcaa2>全体友方单位</color><color=#ebcaa2>获得</color>%{0} {1}/%<color=#ebcaa2>！</color>"
    },
    {
      "id": "all_ally_add_buff_during_next_n_battle",
      "content": "<color=#ebcaa2>全体友方单位在下{0}场战斗中获得</color>%{1}{2}/%"
    },
    {
      "id": "all_enemy_apply_buff",
      "content": "<color=#ebcaa2>赋予全体敌方单位</color>%{0} {1}/%"
    },
    {
      "id": "character_apply_buff_during_next_n_battle",
      "content": "<color=#ebcaa2>[{0}]在下{1}场战斗中获得</color>%{2}{3}/%"
    },
    {
      "id": "battle_occurrence",
      "content": "<color=#ebcaa2>遭遇战斗！</color>"
    },
    {
      "id": "nothing_happend",
      "content": "<color=#ebcaa2>什么都没有发生。</color>"
    },
    {
      "id": "unlock_hidden_node",
      "content": "<color=#ebcaa2>地图中追加了新的路线！</color>"
    },
    {
      "id": "enemy_wave_decrease",
      "content": "<color=#ebcaa2>敌人的波次减少{0}波！</color>"
    },
    {
      "id": "803001_cromer_success_1_1",
      "content": "<color=#ebcaa2>[{0}]陷入了混乱</color>"
    },
    {
      "id": "803001_cromer_failure_1_1",
      "content": "<color=#ebcaa2>[{0}]</color><color=#fe4b48>失去了{1}点理智值</color>"
    },
    {
      "id": "all_ally_mp_increase",
      "content": "<color=#ebcaa2>全体友方单位</color><color=#80c9ff>恢复{0}点理智值</color>"
    },
    {
      "id": "ally_own_skill_attribute_hp_increase",
      "content": "<color=#ebcaa2>攻击技能带有</color>%{0}属性罪孽/%<color=#ebcaa2>的人格</color><color=#00ff9c>恢复{1}点体力</color>"
    },
    {
      "id": "ally_not_own_skill_attribute_hp_increase",
      "content": "<color=#ebcaa2>攻击技能不带有</color>%{0}属性罪孽/%<color=#ebcaa2>的人格</color><color=#00ff9c>恢复{1}点体力</color>"
    },
    {
      "id": "ally_own_skill_attribute_hp_decrease",
      "content": "<color=#ebcaa2>攻击技能带有</color>%{0}属性罪孽/%<color=#ebcaa2>的人格</color><color=#e30000>失去{1}点体力</color>"
    },
    {
      "id": "ally_not_own_skill_attribute_hp_decrease",
      "content": "<color=#ebcaa2>攻击技能不带有</color>%{0}属性罪孽/%<color=#ebcaa2>的人格</color><color=#e30000>失去{1}点体力</color>"
    },
    {
      "id": "ally_own_skill_attribute_mp_increase",
      "content": "<color=#ebcaa2>攻击技能带有</color>%{0}属性罪孽/%<color=#ebcaa2>的人格</color><color=#80c9ff>恢复{1}点理智值</color>"
    },
    {
      "id": "ally_not_own_skill_attribute_mp_increase",
      "content": "<color=#ebcaa2>攻击技能不带有</color>%{0}属性罪孽/%<color=#ebcaa2>的人格</color><color=#80c9ff>恢复{1}点理智值</color>"
    },
    {
      "id": "ally_own_skill_attribute_mp_decrease",
      "content": "<color=#ebcaa2>攻击技能带有</color>%{0}属性罪孽/%<color=#ebcaa2>的人格</color><color=#fe4b48>失去{1}点理智值</color>"
    },
    {
      "id": "ally_not_own_skill_attribute_mp_decrease",
      "content": "<color=#ebcaa2>攻击技能不包含</color>%{0}属性罪孽/%<color=#ebcaa2>的人格</color><color=#fe4b48>失去{1}点理智值</color>"
    },
    {
      "id": "852701_statue_success_1_1",
      "content": "<color=#ebcaa2>[{0}]陷入了混乱</color>"
    },
    {
      "id": "852701_statue_failure_1_1",
      "content": "<color=#ebcaa2>消除[{0}]的业报</color>"
    },
    {
      "id": "852701_statue_failure_1_2",
      "content": "对全体人格随机施加业报。"
    },
    {
      "id": "852701_statue_failure_1_3",
      "content": "<color=#ebcaa2>[{0}]陷入了混乱</color>"
    },
    {
      "id": "851901_kqe_success_1_1",
      "content": "<color=#ebcaa2>[{0}]</color><color=#ebcaa2>消耗了所有</color>充能"
    },
    {
      "id": "851901_kqe_success_1_2",
      "content": "<color=#ebcaa2>[{0}]陷入了混乱</color>"
    },
    {
      "id": "851901_kqe_success_1_3",
      "content": "<color=#ebcaa2>[{0}]获得了</color>%[{1}] {2}/%"
    },
    {
      "id": "851901_kqe_failure_1_1",
      "content": "<color=#ebcaa2>[{0}</color><color=#ebcaa2>获得了</color>%[{1}] {2}，[{3}] {4}/%"
    },
    {
      "id": "851901_kqe_failure_1_2",
      "content": "<color=#ebcaa2>[{0}]获得了</color>%[{1}] {2}/%"
    },
    {
      "id": "851001_cryingtoad_success_1_1",
      "content": "<color=#ebcaa2>[{0}]陷入了混乱</color>"
    },
    {
      "id": "851001_cryingtoad_success_1_2",
      "content": "<color=#ebcaa2>[{0}]</color><color=#80c9ff>恢复了{1}点理智值</color>"
    },
    {
      "id": "851001_cryingtoad_failure_1_1",
      "content": "<color=#ebcaa2>[{0}]</color><color=#fe4b48>失去了{1}点理智值</color>"
    },
    {
      "id": "803101_waterFish_success_1_1",
      "content": "<color=#ebcaa2>[{0}]的躯干</color><color=#e30000>失去了{1}点体力</color>"
    },
    {
      "id": "803101_waterFish_failure_1_1",
      "content": "<color=#ebcaa2>[{0}]使用了技能</color><color=#e30000>[{1}]</color>"
    },
    {
      "id": "803201_lightningBeast_success_1_1",
      "content": "<color=#ebcaa2>[{0}]获得了</color><color=#e30000>[{1}] {2}</color>"
    },
    {
      "id": "803201_lightningBeast_failure_1_1",
      "content": "<color=#ebcaa2>[{0}]使用了技能</color><color=#e30000>[{1}]</color>"
    },
    {
      "id": "804501_electriccentipede_success_1_1",
      "content": "<color=#ebcaa2>[{0}] 减少%{2} [{1}] /%</color>"
    },
    {
      "id": "804501_electriccentipede_success_1_2",
      "content": "<color=#ebcaa2>[{0}]的全部部位</color> <color=#ebcaa2>获得</color> %{2} [{1}]/%"
    },
    {
      "id": "804501_electriccentipede_failure_1_1",
      "content": "<color=#ebcaa2>[{0}] 增加%{2} [{1}] /%</color>"
    },
    {
      "id": "804501_electriccentipede_failure_1_2",
      "content": "<color=#ebcaa2>[{0}]获得了</color>%[{1}] {2}/%"
    },
    {
      "id": "804801_gentlefairy_success_1_1",
      "content": "<color=#ebcaa2>[{0}]</color><color=#00ff9c>恢复了{1}点体力</color>"
    },
    {
      "id": "804801_gentlefairy_success_1_2",
      "content": "<color=#ebcaa2>[{0}]</color> <color=#ebcaa2>获得</color> %{2} [{1}], {4} [{3}],  {6} [{5}]/%"
    },
    {
      "id": "804801_gentlefairy_failure_1_1",
      "content": "<color=#ebcaa2>[{0}]</color><color=#00ff9c>恢复了{1}点体力</color>"
    },
    {
      "id": "804801_gentlefairy_failure_1_2",
      "content": "<color=#ebcaa2>[{0}]</color> <color=#ebcaa2>获得</color> %{2} [{1}], {4} [{3}],  {6} [{5}]/%"
    },
    {
      "id": "804601_umbrellafox_success_1_1",
      "content": "<color=#ebcaa2>全体[{0}]</color> <color=#00ff9c>失去体力上限的{1}</color>"
    },
    {
      "id": "804601_umbrellafox_success_1_2",
      "content": "<color=#ebcaa2>[{0}]</color> <color=#00ff9c>失去{1}点理智值</color>"
    },
    {
      "id": "804601_umbrellafox_failure_1_1",
      "content": "<color=#ebcaa2>[{0}]</color> <color=#00ff9c>失去{1}点理智值</color>"
    },
    {
      "id": "804701_nobodygonnacry_success_1_1",
      "content": "<color=#ebcaa2>因而无人哭泣获得</color>5层复贴的咒符 "
    },
    {
      "id": "804701_nobodygonnacry_success_1_2",
      "content": "下回合对[{0}]施加<color=#00ff9c>{2} {1}</color>"
    },
    {
      "id": "804701_nobodygonnacry_failure_1_1",
      "content": "<color=#ebcaa2>消耗罪人[{0}]</color>所带有的<color=#ebcaa2>全部{1} </color>"
    },
    {
      "id": "805002_egoawakendongrang_success_1_1",
      "content": "<color=#ebcaa2>[{0}]获得</color> {2}<color=#e30000>[{1}]</color>"
    },
    {
      "id": "805002_egoawakendongrang_success_1_2",
      "content": "<color=#ebcaa2>[{0}]获得</color> {2}<color=#e30000>[{1}]</color>"
    },
    {
      "id": "805002_egoawakendongrang_failure_1_1",
      "content": "<color=#ebcaa2>[{0}]失去</color> <color=#e30000>{1}点体力</color>和<color=#fe4b48>{2}点理智值</color>"
    },
    {
      "id": "805002_egoawakendongrang_failure_1_2",
      "content": "<color=#ebcaa2>全体友方单位获得</color> {1}<color=#e30000>[{0}]</color>"
    },
    {
      "id": "805004_egoawakendongrang_success_2_1",
      "content": "<color=#ebcaa2>[{0}]获得</color> {2}<color=#e30000>[{1}]</color>"
    },
    {
      "id": "805004_egoawakendongrang_success_2_2",
      "content": "<color=#ebcaa2>全体友方单位获得</color> {1}<color=#e30000>[{0}]</color>"
    },
    {
      "id": "805004_egoawakendongrang_success_2_3",
      "content": "<color=#ebcaa2>[{0}]获得</color> {2}<color=#e30000>[{1}]</color>"
    },
    {
      "id": "805004_egoawakendongrang_failure_2_1",
      "content": "<color=#ebcaa2>[{0}]失去</color> <color=#e30000>{1}点体力</color>和<color=#fe4b48>{2}点理智值</color>"
    },
    {
      "id": "805004_egoawakendongrang_failure_2_2",
      "content": "<color=#ebcaa2>[{0}]获得</color> {2}<color=#e30000>[{1}]</color>"
    },
    {
      "id": "805006_egoawakendongrang_success_3_1",
      "content": "东朗被阻拦了"
    },
    {
      "id": "805006_egoawakendongrang_failure_3_1",
      "content": "东朗被阻拦了"
    },
    {
      "id": "805801_success_1_1",
      "content": "<color=#ebcaa2>[{0}]</color> <color=#e30000>失去 {1} 体力</color>"
    },
    {
      "id": "805801_failure_1_1",
      "content": "<color=#ebcaa2>[{0}]获得</color> {2} <color=#e30000>[{1}]</color>"
    },
    {
      "id": "805801_failure_1_2",
      "content": "<color=#ebcaa2>[{0}]获得</color> {2} <color=#e30000>[{1}]</color>"
    },
    {
      "id": "805901_success_1_1",
      "content": "<color=#ebcaa2>[{0}]</color><color=#e30000>失去{1}点体力</color>"
    },
    {
      "id": "805901_success_1_2",
      "content": "<color=#ebcaa2>[{0}]获得</color>{2}<color=#e30000>[{1}]</color>"
    },
    {
      "id": "805901_failure_1_1",
      "content": "<color=#ebcaa2>[{0}]</color><color=#e30000>失去{1}点体力</color>"
    }
  ]
}