{
  "dataList": [
    {
      "id": "816401_success_1",
      "content": "<color=#ebcaa2>[{0}]</color>在剩余的遭遇战期间，获得%{1} {2}/%，%{3} {4}/%\n"
    },
    {
      "id": "816401_success_2",
      "content": "<color=#ebcaa2>全体友方单位在剩余的遭遇战期间</color>获得%{1} {0}/%\n"
    },
    {
      "id": "816401_success_3",
      "content": "<color=#ebcaa2>[{0}]</color>受到混乱阈值前移、震颤引爆的效果变为2倍"
    },
    {
      "id": "816401_failure_1",
      "content": "<color=#ebcaa2>[{0}]</color>在剩余的遭遇战期间，获得%{1} {2}/%，%{3} {4}/%\n"
    },
    {
      "id": "816401_failure_2",
      "content": "<color=#ebcaa2>全体友方单位在剩余的遭遇战期间</color>获得%{1} {0}/%\n"
    },
    {
      "id": "816401_failure_3",
      "content": "<color=#ebcaa2>[{0}]</color>受到混乱阈值前移、震颤引爆的效果变为2倍"
    }
  ]
}