{
  "dataList": [
    {
      "id": 853901,
      "title": "流浪狐狸",
      "prevDesc": "我不知道这把破旧的伞是否真的能保护那只狐狸的身体。",
      "eventDesc": "流浪狐狸的身旁矗立着一把伞。\n\n那是把古老的、破旧的、漏洞的伞。\n\n不知从什么时候开始，那把伞似乎就像是为了完成未竟的任务般守护着狐狸，但它做得似乎并不是很好。\n\n“……”\n\n有一个罪人慢慢地向狐狸面前走去。\n\n狐狸不在意谁靠近了它。它既没有发出声音，也没有愉悦地放松下来。\n\n它只是站在原地，保持在它那未曾改变的位置。",
      "behaveDesc": "让哪个罪人到狐狸的面前去呢？",
      "successDesc": [
        "罪人[{0}]向狐狸走去，走进了一把破旧的雨伞下。\n\n虽然叫做伞，但在里面还是会淋到雨。\n\n冰冷的风和潮湿的感觉冲刷着伞下的罪人。\n\n“……”\n\n但是，罪人[{0}]露出了让人无法理解的笑容，抬头望向天空。\n\n好像知道这场雨终有一日会停止。"
      ],
      "failureDesc": [
        "罪人[{0}]向狐狸走去，走进了一把破旧的雨伞下。\n\n虽然叫做伞，但在里面还是会淋到雨。\n\n冰冷的风和潮湿的感觉冲刷着伞下的罪人。\n“……哈啊。”\n\n罪人[{0}]深深的长叹了一口气，低下了头。\n从远处看的人是无法明白的。\n\n在伞下面的人只会感觉到忧郁和沉沦。"
      ]
    },
    {
      "id": 854101,
      "title": "电击蜈蚣",
      "prevDesc": "蜈蚣像是要蜷缩起来似的活动着身体。",
      "eventDesc": "电击蜈蚣的身体逐渐向中心缩成一团。\n\n“它似乎是在积蓄电流。”\n\n正如罪人所说，蜷缩的身体中不断地飞溅出火花。\n\n我觉得还是让它不再积蓄比较好。",
      "behaveDesc": "哪位罪人可以去阻止它？",
      "successDesc": [
        "罪人[{0}]用尽全力攻击蜈蚣。\n\n“哦哦……！”\n\n那看上去坚硬无比的铁壳上出现了巨大的裂痕。\n\n蜈蚣真的被制止了吗？\n\n这似乎是难得一遇的机会。"
      ],
      "failureDesc": [
        "罪人[{0}]用尽全力攻击蜈蚣。\n\n但是……\n\n也许是因为积蓄的力量泄露了？\n\n伴随着蜈蚣中心传来的巨响，火花迸溅而出。\n\n罪人[{0}]毫无疑问地被冲击波及了。\n\n万幸的是，罪人[{0}]只是被推到了外面，并没有受太重的伤。\n\n蜈蚣似乎十分生气。\n\n还是做好准备比较好吧？"
      ]
    },
    {
      "id": 854201,
      "title": "绅士精灵",
      "prevDesc": "几乎要把鼻子熏坏的酒香飘散着。",
      "eventDesc": "绅士精灵笑吟吟地开口。\n\n“呼呼……没想到能喝下这么多。”\n\n还传来了短促的嗝声。\n\n“稍微有点……有点吓到了。”\n\n精灵一边说着，一边将手中的酒杯拿到嘴边。\n\n“啊！那个，它是要解酒吗？”\n\n必须让它一直醉着才行！\n\n……似乎必须要阻止精灵向嘴中倾斜那酒杯。",
      "behaveDesc": "谁来夺走那个酒杯？",
      "successDesc": [
        "罪人[{0}]站到挺着肚子的精灵面前。\n\n“啊，就算是你，也不能连这个都要分吧。”\n\n罪人[{0}]一言不发，只是默默看着它。\n\n“……咳哼。”\n\n一动不动。\n\n“……哎呀，行了！我就……分给你一点点。”\n\n罪人[{0}]摇了摇头。\n\n“难道，你是让我全给你？”\n\n罪人[{0}]点了点头。\n\n“你真是……”\n\n“呼呼，哈哈，知道啦。我败给你了，你拿走吧。”\n\n罪人[{0}]微微一笑，终于拿走了酒杯。"
      ],
      "failureDesc": [
        "罪人[{0}]站到挺着肚子的精灵面前。\n\n“啊，就算是你，也不能连这个都想分吧。”\n\n罪人[{0}]一言不发，只是默默看着它。\n\n“……咳哼。”\n\n一动不动。\n\n“……就算你一直这样，我的回答也不会变的啊？”\n\n精灵豪迈地笑着，将杯中的酒一饮而尽。\n\n“就算是你，我也不能什么都给吧？咔哈哈。”\n\n罪人[{0}]就那样垂头丧气地回来了。"
      ]
    },
    {
      "id": 854401,
      "title": "因而无人哭泣",
      "prevDesc": "被诅咒的木质人偶的动作停下了。\n发生了什么？",
      "eventDesc": "那木质人偶，就像无事发生一般矗立着。\n\n它轻轻低着头，就像是在静静地观察着贴在自己身上的护符……\n\n又或者，它是在观察罪人们身上贴着的护符。\n“……”\n\n于是罪人们就像是被附身了一般，向着矗立着的木质人偶缓缓走去。\n\n就好像忘记了自己刚刚还在战斗。\n\n之后，他们开始一个接一个撕下自己身上的护符。\n\n到底发生了什么？",
      "behaveDesc": "谁能把那些护符收集回来？",
      "successDesc": [
        "罪人[{0}]将撕下的护符收集起来，站到木质人偶面前。\n\n它似乎， 只是静静注视着。\n\n不，或许那只是错觉，而真正动摇的只是罪人的心。\n\n必须让它们回归原处的那份心。\n\n罪人[{0}]就那样伸手递出护符……\n\n护符就好像被吸引一样，回到了人偶身边。\n\n“因而无人哭泣……”\n\n罪人[{0}]轻声低语，回到了原位。"
      ],
      "failureDesc": [
        "罪人[{0}]将被撕下的护符收集起来，站到木质人偶面前。\n\n“……”\n\n它嘎吱嘎吱地站着，向罪人 [{0}]伸出手。\n\n罪人[{0}]以为它是要拿走符咒，于是将其递出。\n\n“啊！”\n\n木制的手毫无征兆地改变轨道，触碰到罪人的身体。\n\n一瞬间，贴在罪人[{0}]身上的护符开始蠢蠢欲动，随后化作黏稠的血液消失了。\n\n……那感觉应该不会很舒服。对吧？"
      ]
    },
    {
      "id": 854501,
      "title": "长腿精灵",
      "prevDesc": "天空似乎又被遮住了。它反复制作那片阴影的理由是什么？",
      "eventDesc": "精灵制作出的巨大植物，与那天几乎一样高。\n\n也许正因如此。\n\n就像是藏到建筑物的柱子后一样，一位罪人得以从精灵的视野中脱身。\n\n那名罪人小心翼翼地，从视线死角向茎突击。",
      "behaveDesc": "哪位罪人能向茎突击？",
      "successDesc": [
        "罪人[{0}]一边攻击茎部，一边缓缓爬上植物。\n\n从罪人攀登到的位置看，其他罪人和精灵看起来都像芝麻一样大。\n\n看上去永无止境的那株植物，实际上也有终点。\n\n罪人[{0}]终于到达了顶点，站到一片巨大的叶子上。\n\n随后谨慎地接近叶子的前端……\n\n在叶子上开了个洞后，聚集的水落到精灵头上。\n\n精灵大吃一惊，看上去十分慌张。"
      ],
      "failureDesc": [
        "罪人[{0}]一边攻击茎部，一边缓缓爬上植物。\n\n从罪人攀登到的位置看，其他罪人和精灵看起来都像芝麻一样大。\n\n看上去永无止境的那株植物，实际上也有终点。\n\n罪人[{0}]终于到达了顶点，站到一片巨大的叶子上。\n\n但是罪人似乎没能考虑到雨水蓄积了多少……\n\n罪人[{0}]还没站稳就滑了一跤，随后坠落到地上。\n\n……如果说不死就是幸运的话，那确实是万幸。"
      ]
    },
    {
      "id": 854901,
      "title": "精灵提灯",
      "prevDesc": "坐在树枝上的青绿色精灵再次现身了。",
      "eventDesc": "再次攻击那只精灵，或许就能让它显露真容。\n\n既然是已经见过的敌人，与之战斗不会再像第一次一样折磨了吧。\n\n罪人们貌似也是这么想的。\n\n像是察觉到罪人们在靠近自己，精灵不时拍打着翅膀，似乎在静静注视着他们。",
      "behaveDesc": "让哪位罪人回应那引诱？",
      "successDesc": [
        "罪人[{0}]径直跑向精灵。\n\n一跃而起的罪人对着精灵迎头痛击。\n\n“！！！”\n\n精灵像是在喊着什么，但那并没有引起空气的振动，也无法汇聚成声音加以传达。\n\n因此，或许这份摇曳并非精灵的垂死挣扎，而仅仅是树枝的颤动。\n\n“眼睛都跳出来了……”\n\n“快从那儿出来！又要开始了。”\n\n地板上漆黑的阴影中，无数的眼球接连睁开眼。\n\n它们正以即将袭击而来的气势颤动着。\n\n那么，接下来该如何是好？"
      ],
      "failureDesc": [
        "罪人[{0}]径直跑向精灵。\n\n一跃而起的罪人对着精灵迎头痛击。\n\n但是……\n\n“那东西……是会躲的？”\n\n大概是以为诱饵不会乱动，所以太过疏忽了吧？\n\n罪人跳起多高，那精灵便飞离枝头多远，而后瞪着袭击自己的罪人。\n\n“总，总之先出来！又要开始了。”\n\n虽然罪人[{0}]尽力脱离了那里，但逐渐显露出的本体缠住了罪人的脚。\n\n那么……接下来该如何是好？"
      ]
    },
    {
      "id": 855001,
      "title": "迷失的乘客",
      "prevDesc": "它还藏在别的次元里吗？",
      "eventDesc": "如果和之前一样，那不久后它应该就会从次元裂缝中冲出来。\n\n如果能提前预料到它会从哪里袭击，那或许就能顺势反击，给它致命一击。",
      "behaveDesc": "谁能察觉到它的气息？",
      "successDesc": [
        "没过多久，它从罪人[{0}]选中的次元裂缝中冲了出来。\n\n“！”\n\n它在完全出来前就察觉到了罪人的存在。\n\n但罪人[{0}]先它一步挥下武器。\n\n也许是受到这一击的影响，次元裂缝骤然收缩，它也变得不太稳定。\n\n机会近在眼前。"
      ],
      "failureDesc": [
        "没过多久，它就从次元裂缝中冲了出来。\n\n遗憾的是……那与罪人[{0}]所选的裂缝正相反。 \n\n正因此，虽然罪人[{0}]慌忙转身试图格挡，但它的攻击更快一步。 \n\n不用多说，罪人受到了强力一击。"
      ]
    },
    {
      "id": 855501,
      "title": "蒸汽运输机",
      "prevDesc": "往事积淀随四散光芒一齐消逝。",
      "eventDesc": "蒸汽运输机身体中的真空管不断闪耀。\n\n时而缓速，时而迅捷。那管中的数字持续减少……\n\n它破损生锈的外壳正随着那些数字的减少而重归完美。\n\n蒸汽运输机，是想回归到自己被制作出的那段年代吗？\n\n甚至不惜舍弃自己积累至今的经验与时间。\n\n机械运作得越久，所需要修复的部位当然也就越多。\n\n如果能够触碰到它的真空管……那蒸汽运输机也会就此停止吧？",
      "behaveDesc": "让哪位罪人去触及它的真空管？",
      "successDesc": [
        "罪人[{0}]走向蒸汽运输机。\n\n蒸汽运输机似乎正集中精神。即使罪人在不断靠近，它也依旧伫立在原地。\n\n罪人[{0}]毫不犹豫地向真空管伸出手。\n\n“哦哦！！”\n\n“数字在……”\n\n罪人[{0}]眼疾手快，看上去是迅速交换了真空管中的一个电极。\n\n似乎颇有效果，不断减少的数字猛地停下。\n\n蒸汽运输机终于察觉到异常，嘎吱嘎吱地动着，但罪人早就跑开了。"
      ],
      "failureDesc": [
        "罪人[{0}]走向蒸汽运输机。\n\n蒸汽运输机似乎正集中精神。即使罪人在不断靠近，它依旧伫立在原地。\n\n罪人[{0}]毫不犹豫地向真空管伸出手。\n\n“啊！奇怪……”\n\n是蒸汽运输机的陷阱，又或者是它刚好完全修复了。\n\n罪人[{0}]伸出一半的手被蒸汽运输机捆住。\n\n滚烫的蒸汽随后向罪人喷去。\n\n……罪人[{0}]大概要过好一会才能清醒过来了。"
      ]
    },
    {
      "id": 85560101,
      "title": "玫瑰告示牌",
      "prevDesc": "",
      "eventDesc": "",
      "behaveDesc": "要将花染成什么颜色？",
      "successDesc": [
        "“啊，真美啊。”\n\n“居然如此色彩缤纷！”\n\n“你的罪孽呈现着{0}的绚烂色彩。”\n\n“多亏有你，庭院变得更加艳丽了。”\n\n“{0}的色彩！必须种在我的身边才行！”\n\n“那么……让我们再玩一会吧。”\n\n“因为，罪孽愈是绽放，这座庭院便愈加纷红骇绿，蓬勃飘香。”"
      ],
      "failureDesc": [
        "“太过浅淡。”\n\n“这座庭院只需要艳丽的花。”\n\n“令人失望~”\n\n它们不再多话，回归静默。\n\n那似乎并不合它们的心意。"
      ]
    }
  ]
}