{
  "dataList": [
    {
      "id": 810001,
      "title": "人皮预言者",
      "prevDesc": "它在一直书写着永无止境的记录。",
      "eventDesc": "以燃烧的羽毛笔书写下的文字，一定见不到尽头吧。\n\n但它不得不书写。\n\n因为崭新的未来同样永无止境。",
      "behaveDesc": "让哪位罪人去阅读记录？",
      "successDesc": [
        "罪人[{0}] 令火焰熄灭，随后窥视文字。\n\n@#$!@%!!@%!@%!@%\n\n无法理解那其中的意义，也意识到无须去理解。\n\n罪人[{0}]接受了如流入自己脑中一般的文字。\n\n罪人感觉似乎有种怪力紧缚大脑，却又感到握着武器的手充满力量。\n\n猛然抬头，它的一个头正紧盯着罪人。"
      ],
      "failureDesc": [
        "也许是没能熄灭所有火焰。\n\n罪人[{0}]尴尬地窥视文字。\n\n@#$!@%!!@%!@%!@%\n\n不洁且不祥的感觉在罪人全身蔓延。\n\n因此下意识的后退也是理所当然。\n\n也许是不该将手放开吧。\n\n密密麻麻写满文字的预言书掉落在地。\n\n那本书躺在地上，像是任人观赏一样……\n\n罪人们似乎都从那文字里受到了难以形容的冲击。"
      ]
    },
    {
      "id": 810101,
      "title": "陆行珍珠",
      "prevDesc": "在那沸腾的污秽中闪耀的是什么？",
      "eventDesc": "仔细观察后，发现那似乎是类似于宝石的东西。\n\n那是，在漫长的等待后……\n\n从伴随它每次行动不断吐出又重新填满的污秽中，终于孕育而生的吧。\n\n既然如此，只要夺走那宝石，它就会因失去存在意义而崩溃吧。",
      "behaveDesc": "让哪名罪人剥夺它的意义？",
      "successDesc": [
        "罪人[{0}]向那白光伸出手。\n\n黏稠的绿色污秽附着到罪人手上，带来灼烧般的痛感，蠕动的幼虫令罪人身心愈加不安。\n\n即使在那种可怖的情况下，罪人[{0}]依旧夺得宝石，将其拾起。\n\n！！！\n\n难以理解的怪声回响着。\n\n但它迅速在口中生成了新的东西……\n\n但那和刚刚的，一定完全不同吧。"
      ],
      "failureDesc": [
        "罪人[{0}]向那白光伸出手。\n\n黏稠的绿色污秽附着到罪人手上，带来灼烧般的痛感，蠕动的幼虫令罪人身心不安。\n\n……在那种情况下想找到什么东西绝非易事。\n\n罪人[{0}]正是如此。\n\n忍耐到极点，最后毫无收获地将手拔出。\n\n不论是它，还是罪人[{0}]。都只徒增了身上的伤口而已。"
      ]
    },
    {
      "id": 810201,
      "title": "噬梦的浊流",
      "prevDesc": "汹涌的浪涛中，有什么随之摇曳。",
      "eventDesc": "那是从何处漂来的漂浮物吗？\n\n是从何处，又是如何漂流而来，最后矗立于此的呢？\n\n时光流逝，也许连漂浮物本身都遗忘自己由何而来。\n\n但，如果能用这漂浮物来抵挡那异想体的攻击就好了。",
      "behaveDesc": "让哪位罪人靠近漂浮物？",
      "successDesc": [
        "罪人[{0}]终于游到漂浮物附近。\n\n也许也多亏了其他罪人正在拼尽全力吸引异想体的注意吧。\n\n罪人[{0}]抱着漂浮物，总算鼓足力气，挥舞起武器。\n\n现在漂浮物上到处都是尖锐的棱角。\n\n如果什么东西撞向这漂浮物，那它的身体便会被刺穿，难以继续前进吧。"
      ],
      "failureDesc": [
        "罪人[{0}]终于游到漂浮物附近。\n\n其他罪人或许正在拼尽全力吸引异想体的注意。\n\n罪人[{0}]抱着漂浮物，总算鼓足力气，挥舞起武器。\n\n……但想在汹涌的波涛中控制武器十分困难。\n\n那漂浮物坚固无比，攻击也被弹开了……\n\n最后只是发出了沉闷的巨响。\n\n听见那声音的异想体，不用多久就能冲到罪人[{0}]身边吧。"
      ]
    },
    {
      "id": 1050101,
      "title": "检查船体底部",
      "eventDesc": "“理所当然。”\n\n检查船体底部的途中，船尾突然传来强烈的冲击。\n\n“是人鱼！它们是想从船底爬上来吗……”\n\n“让一人上前，在它们全部爬上来之前将其拖开，能够将损伤控制在最小范围。”\n\n听到这话，有两名罪人立刻起身靠近我。\n\n“请让我出阵，执行经理！”\n\n“不，这种时候让我去就可以。”\n\n两名罪人各执一词，都坚称让自己上前会更加有效地解决。",
      "prevDesc": "",
      "behaveDesc": "……因为不知道会发生什么，让更无畏的罪人去比较好吧。",
      "successDesc": [
        "罪人[{0}]成功除掉了一条从水中浮出的人鱼。",
        "罪人[{0}]一听见我的回答，就如箭一样离弦而出，砸碎了即将上船的人鱼的脑袋。\n\n“不能在这些人鱼身上浪费时间。”\n\n这么说着， 在罪人身后掉落了看上去很眼熟的东西。\n\n“……”\n\n那是救出皮利托时看到的，LCCB的员工证。\n\n……虽然心情复杂，但必须继续前进。"
      ],
      "failureDesc": [
        "罪人[{0}]和浮上水面的人鱼彼此对视。\n\n“……”\n\n又或者，是看到了它目光以外的什么而心生动摇。\n\n“你呆站着干什么？！”\n\n“它们一股脑全上来了！”\n\n……首先处理爬上来的人鱼最为重要。\n\n之后再询问理由吧。"
      ]
    },
    {
      "id": 10502,
      "title": "左转或右转",
      "prevDesc": "",
      "eventDesc": "似乎行驶到狭窄的水路中了。\n\n“……执行经理。”\n\n能看到水下的人鱼。\n\n紧贴在墙上的人鱼也在看着我们。\n\n“窄、这里。驾驶，转向。困难，向哪边？”\n\n似乎需要谁决定前进方向，才能帮助船航行。",
      "behaveDesc": "哪位罪人比较合适？",
      "successDesc": [
        "“向左！”\n\n“……三叉路？啊，2点方向打开了！”\n\n多亏罪人[{0}]明确指出了方向，我们能迅速在水路上航行。\n\n“……这些家伙一直在袭击过来啊。”\n\n但人鱼依旧不断涌出，看不到水路的尽头。",
        "“向左！”\n\n“……三叉路？啊，2点方向打开了！”\n\n多亏罪人[{0}]明确指出了方向，我们能迅速在水路上航行。\n\n“……离上次做这种事过去很久了。”\n\n“很经常。斯达巴克，掌舵。你和我，很大声。”\n\n“是啊……”\n\n“……这些家伙一直在袭击过来啊。”\n\n但人鱼依旧不断涌出，看不到水路的尽头。"
      ],
      "failureDesc": [
        "“右……不对，左！左边应该是打开的……”\n\n“……三叉路？那个，那么就……”\n\n或许是因为罪人[{0}]不了解情况，难以迅速决定方向……\n\n“啧，准备战斗……！”\n\n结果一目了然。"
      ]
    },
    {
      "id": 1050201,
      "title": "左转或右转",
      "prevDesc": "",
      "eventDesc": "“还。离出口。很远。”",
      "behaveDesc": "貌似不得不继续决定方向。再用同样的办法也可以吗？",
      "successDesc": [
        "“从这里，前进！”\n\n“……现在，右满舵！”\n\n多亏罪人[{0}]明确指出了方向，我们能迅速在水路上航行。\n\n“……这些家伙一直在袭击过来啊。”\n\n但人鱼依旧不断涌出，看不到水路的尽头。",
        "“从这里，前进！”\n\n“……现在，右满舵！”\n\n多亏罪人[{0}]明确指出了方向，我们能迅速在水路上航行。\n\n“……离上次做这种事过去很久了。”\n\n“很经常。斯达巴克，掌舵。你和我，很大声。”\n\n“是啊……”\n\n“……这些家伙一直在袭击过来啊。”\n\n但人鱼依旧不断涌出，看不到水路的尽头。"
      ],
      "failureDesc": [
        "“……只能前进吗？”\n\n“啊、啊！刚刚好像有别的路，但是错过了……”\n\n或许是因为罪人[{0}]不了解情况，难以迅速决定方向……\n\n“啧，准备战斗……！”\n\n结果一目了然。"
      ]
    },
    {
      "id": 1050202,
      "title": "左转或右转",
      "prevDesc": "",
      "eventDesc": "“快到了。就快，出去了。向下一个地方。”\n\n快到出口了。",
      "behaveDesc": "直到最后，都应指出正确的方向。",
      "successDesc": [
        "“打开了……啊！是瀑布！抓稳了！”\n\n“呼……啊！接着有暗礁！左，向左……然后向右！”\n\n多亏了罪人[{0}]明确的指示，我们避开了所有袭来的人鱼，通过了水路。",
        "“打开了……啊！是瀑布！抓稳了！”\n\n“呼……啊！接着有暗礁！左，向左……然后向右！”\n\n多亏了罪人[{0}]明确的指示，我们避开了所有袭来的人鱼，通过了水路。\n\n“……离上次做这种事过去很久了。”\n\n“很经常。斯达巴克，掌舵。你和我，很大声。”\n\n“是啊……”\n\n一边通过，小船上一边沾上了人鱼的血和油。\n\n“有用。这些。收进桶里。”\n\n在桶里装满了几乎要溢出来的油时，船自然而然地驶向下一个区域。"
      ],
      "failureDesc": [
        "“……？啊！瀑布……！那，那应该……”\n\n“哈、哈啊……看不见前面……”\n\n罪人[{0}]已经尽力了，但似乎由于过度疲劳而无法给出有效的指示。\n\n“唔……终于看到尽头了……！”\n\n结果，最后我们只能做好战斗到底的准备。"
      ]
    },
    {
      "id": 10503,
      "title": "前往动脉",
      "prevDesc": "",
      "eventDesc": "和异想体交战后，本以为已经前进不少了……\n\n“墙壁……”\n\n面前突然出现了无比厚实的墙壁。\n\n“前面，有。动脉。”\n\n“开的时间，有。很短。那时候。被人鱼抓住，会坏。被分成两半。”\n\n话音刚落，伴着一阵剧烈的震动，面前的墙壁打开了。\n\n“人鱼，远离。快点，慢的话。分成两半。”\n\n或许是感受到震动，原本安静的人鱼突然袭击过来。",
      "behaveDesc": "让哪名罪人上前阻止人鱼？",
      "successDesc": [
        "罪人[{0}]出面阻止人鱼。\n\n“可以，这样。”\n\n“能平安通过真是太好了……”\n\n“呼。那墙壁一直在颤，感觉随时会关……”\n\n话音未落，丝毫不在乎我们是否通过，墙壁猛地关上了。\n\n……继续向动脉前进吧。",
        "罪人[{0}]出面阻止人鱼。\n\n“可以，这样。”\n\n“能平安通过真是太好了……”\n\n“还没到松懈的时候。请保持集中。”\n\n“呼。那墙壁一直在颤，感觉随时会关……”\n\n话音未落，丝毫不在乎我们是否通过，墙壁猛地关上了。\n\n……继续向动脉前进吧。"
      ],
      "failureDesc": [
        "罪人[{0}]出面阻止人鱼。\n\n但是……\n\n“数量比想象的要多……？”\n\n“喂，来搭把手！”\n\n“唔，等，等等……”\n\n感觉到事态紧急的罪人们互相推搡着向人鱼冲去。\n\n万幸人鱼没能继续追上来，我们得以在墙壁关上前脱身。\n\n“哈啊……”\n\n大家精疲力尽，受了意料之外的伤。\n\n……总之只能继续向动脉前进。"
      ]
    },
    {
      "id": 1050401,
      "title": "切断白鲸动脉",
      "prevDesc": "",
      "eventDesc": "“比想象的要厚……”\n\n正如其言，那并非通过动脉这词所能联想到的，脆弱且薄的样子。\n\n似乎难以一次性切断，而且如果在这里花费太多时间，就会错过预定的汇合时间。",
      "behaveDesc": "能一次性切断的罪人……会有吗？",
      "successDesc": [
        "罪人[{0}]调整呼吸，集中精神……\n\n“哦！”\n\n一口气深深切开了动脉。\n\n“会以强劲的势头喷出来吧。”\n\n血液喷涌而出，如墙般紧闭的道路缓缓打开。\n\n……向心脏前进吧。"
      ],
      "failureDesc": [
        "罪人[{0}]用力攻击动脉……\n\n“虽然有伤害……”\n\n动脉只是微微颤动了一下。\n\n“明明时间不多了……”\n\n慌乱的罪人[{0}]夸张地反复挥砍着动脉。\n\n……万幸，虽然切断动脉的时间比预想的短，但罪人[{0}]似乎也精疲力尽了。\n\n“会以强劲的势头喷出来吧。”\n\n血液喷涌而出，如墙般紧闭的道路缓缓打开。\n\n……向心脏前进吧。"
      ]
    },
    {
      "id": 1050501,
      "title": "补给品 1",
      "prevDesc": "",
      "eventDesc": "我们站在画着双钩海盗团标记的箱子前。\n\n“上着锁。”\n\n“生锈了……想要拆除应该很难。”\n\n“这种时候直接打破就好了！”\n\n……但是箱子本身相当脆弱，力道不当说不定会破坏里面的东西。",
      "behaveDesc": "懂得下手轻重的罪人是谁？",
      "successDesc": [
        "罪人[{0}]摸了摸箱子各处，顺利以正确的力度击打箱子，破坏了箱盖。\n\n箱子里一个附着着血管和白色黏膜的生锈铁钩掉了出来，像是为了捕杀鲸鱼的东西。\n\n虽然不知道能用在哪里……但是拿着也不是坏事。\n\n也看看其他箱子吧。"
      ],
      "failureDesc": [
        "“啊……”\n\n或许是控制力道失败了，又或者压根没想着控制。\n\n箱子被彻底破坏，以至于分辨不出其中原本是什么。\n\n调查其他箱子吧……"
      ]
    },
    {
      "id": 1050502,
      "title": "补给品 2",
      "prevDesc": "",
      "eventDesc": "这箱子上画着LCCB的标记。\n\n看上去无法轻易破坏。\n\n“似乎是精密的电子锁装置。”\n\n“看上去不会砰一下打开……”\n\n“感觉要想起什么了……”\n\n确实。如果是拥有LCCB人格相关经验的罪人，应该能看出些端倪。",
      "behaveDesc": "哪名罪人最合适？",
      "successDesc": [
        "“好像是这样……”\n\n罪人[{0}]解除特殊装置，打开了箱子。\n\n“是弹夹。”\n\n如其所言，箱子里是装满子弹的弹夹。\n\n拿走的话一定能派上用场。\n\n似乎没有其他有调查价值的箱子了，于是我们向下一个空间移动。",
        "罪人[{0}]解除特殊装置，打开了箱子。\n\n“是弹夹。”\n\n如其所言，箱子里是装满子弹的弹夹。\n\n拿走的话一定能派上用场。\n\n似乎没有其他有调查价值的箱子了，于是我们向下一个空间移动。"
      ],
      "failureDesc": [
        "罪人[{0}]试着摆弄特殊装置，但无事发生。\n\n“嗯……”\n\n反复操作了几次，箱子就快彻底锁死了。\n\n“哎，也会有这种情况的。”\n\n虽然心感遗憾，但那看上去也不能靠蛮力打开。似乎必须放弃这个箱子了。\n\n似乎没有其他有调查价值的箱子了，于是我们向下一个空间移动。"
      ]
    },
    {
      "id": 810602,
      "title": "亚哈 2",
      "prevDesc": "",
      "eventDesc": "你当然会那样说。\n\n但是……归根到底，她本人内心的真实想法才最重要吧？\n\n……\n\n她的呼吸很急促。似乎是在烦恼。\n\n烦恼的结果会是什么？你的结论又是什么？",
      "behaveDesc": "能战胜，自己的过去吗？",
      "successDesc": [
        "“……呃！”\n\n虽然迟钝，但似乎终于摆脱了杂念……以实玛利挥舞手臂。\n\n“还在胡说八道……我要撕烂你那张嘴！”\n\n“想来就来吧，你请便。”\n\n“就是因为做不到我才会这样……喋喋不休啊？哈哈哈！”\n\n面对船长的挑衅，以实玛利凶狠地扑上去。\n\n看上去不像是得出了结论……偶尔也会被愤怒冲昏头脑，对吧？"
      ],
      "failureDesc": [
        "“……”\n\n对执行经理的回答，是长久的沉默。\n\n她还在烦恼吗？亦或是觉得那话不对？\n\n果然……或许还不行。\n还不能下定结论。"
      ]
    },
    {
      "id": 810603,
      "title": "亚哈 3",
      "prevDesc": "",
      "eventDesc": "“<以实玛利。>”\n\n“<还没有结束。>”\n\n“<还没到下结论的时候，一切都还没有结束。>”\n\n“<并且那个结论……没有人能帮你决定。>”\n\n“<不论是我，还是亚哈。>”\n\n“<直到你能够自己思考的时候，自然会得出结论。>”\n\n“……”\n\n以实玛利没有回答，而是重新握紧了武器。",
      "behaveDesc": "稍微……延迟判断，\n也没有关系。",
      "successDesc": [
        "“……呃！”\n\n虽然迟钝，但似乎终于摆脱了杂念……以实玛利挥舞手臂。\n\n“还在胡说八道……我要撕烂你那张嘴！”\n\n“想来就来吧，你请便。”\n\n“就是因为做不到我才会这样……喋喋不休啊？哈哈哈！”\n\n面对船长的挑衅，以实玛利凶狠地扑上去。\n\n看上去不像是得出了结论……偶尔也会被愤怒冲昏头脑，对吧？"
      ],
      "failureDesc": [
        ""
      ]
    }
  ]
}