{
  "dataList": [
    {
      "id": 90100201,
      "title": "",
      "eventDesc": "",
      "prevDesc": "",
      "behaveDesc": "应该让谁上前？",
      "successDesc": [
        "漩涡逐渐减速，\n似已将我宽恕。\n\n对毫无意义之物避而不看，心怀畏敬，\n这等行径，往往伴随着些淡薄的自轻。\n\n与此同时，\n眼前的螺旋徐徐旋落。\n视野中再不见有漩涡。"
      ],
      "failureDesc": [
        "即使我侧目不看，\n仍无法逃离螺旋。\n\n仿佛受到磁铁牵引的铁片，\n我不断被夺去每一寸视线。\n\n那漩涡并没有将我宽恕，\n蔑视我不敢直面的踟蹰，\n\n螺旋蚕食着内心，愈发深入。"
      ]
    },
    {
      "id": 90100301,
      "title": "",
      "eventDesc": "",
      "prevDesc": "",
      "behaveDesc": "应该让谁上前？",
      "successDesc": [
        "慢慢地步入了浓雾。\n怪异的哭声从四面八方传来。\n\n分不清哪里是前，哪里是后。\n我们唯有一如既往地继续行走。\n\n不知不觉，雾气已然散去，\n源源不绝的灰烬形成了饰品，摆放在前方。\n我们这才意识到，方才穿过的并非是雾。"
      ],
      "failureDesc": [
        "慢慢地步入了浓雾。\n怪异的哭声从四面八方传来。\n\n分不清哪里是前，哪里是后。\n方向感渐渐变得模糊。\n不知不觉间，连再踏出一步都会感到恐惧。\n\n迷雾愈发浓厚，\n仿佛再也无法脱身。"
      ]
    },
    {
      "id": 90100302,
      "title": "",
      "eventDesc": "",
      "prevDesc": "",
      "behaveDesc": "应该让谁上前？",
      "successDesc": [
        "看着那如同眼睛一般的物体。\n凝视着那唱响无尽绝望的歌，\n与痛哭不止的空洞眼睛。\n\n然后，终于理解了面前的并不是雾，\n接着理解了，那眼睛，那嘴巴，不过都是错觉。\n只是一片阴影，有着人类似的形状。\n\n它的哭泣只是风声在呼啸，\n一经察觉，一切就都消失了。"
      ],
      "failureDesc": [
        "看着那如同眼睛一般的物体。\n它回望的眼中歌唱着无尽的绝望。\n\n它的形状变得仿佛比从前还大。就在这个时候。\n我们被雾气吞没了。"
      ]
    },
    {
      "id": 90100501,
      "title": "",
      "eventDesc": "",
      "prevDesc": "",
      "behaveDesc": "应该让谁完成？",
      "successDesc": [
        "每解开一个绳结，\n哭声就会变大一分。\n\n对被困的东西产生了同情，\n每解开一个绳结，应和着那哭声，我也开始落泪。\n\n一条绳子伴随着悲伤，\n一条绳子伴随着哀叹。\n\n解开所有的绳子之后，里面空无一人。\n\n这是怎么回事呢。\n检查内部，仅有一只红色的宝石甲虫。"
      ],
      "failureDesc": [
        "每解开一个绳结，\n哭声就会变大一分。\n\n棺材里不止有一人，\n众多的人们在棺中相拥哭泣。\n\n随着棺材破碎，他们全部被释放了出来。"
      ]
    },
    {
      "id": 90100502,
      "title": "",
      "eventDesc": "",
      "prevDesc": "",
      "behaveDesc": "回去吧。应该让谁带路？",
      "successDesc": [
        "别把我留在这里。\n红色手臂在空中挥舞，仿佛如此恳求。\n\n但那模样看上去又像是在道谢，\n感谢自己被留在了原地。\n\n哭声没有停止，\n但哪怕只有一点，啜泣稍微平息了下来。"
      ],
      "failureDesc": [
        "为了甩掉令人发寒的感觉，加快了步伐。\n\n但那感觉却一直跟在身后，阴魂不散。\n\n在某个时刻，停下脚步回头一看，\n注意到了身后的手。\n\n在那只手上，还连着另一只诡异枯槁的鲜红手臂。\n\n就在哑然失声的时候，手已经握紧了。\n一个熟悉的声音加入了棺材中的嚎哭。"
      ]
    },
    {
      "id": 90100601,
      "title": "",
      "eventDesc": "",
      "prevDesc": "",
      "behaveDesc": "谁将给出我们的答案？",
      "successDesc": [
        "“你确定？”\n\n纸张随风飘展，一副难以置信的模样。\n\n“好吧。如果你知道之后会发生什么，还坚持要这么做……”\n\n它向后一步，把咖啡对着自己当头浇下。\n接着，一个纸士兵冲向了这里。\n“你不该低估纸张的韧性。”\n\n还没来得及回应这不寻常的声音，\n纸片士兵就已经发起了攻击。"
      ],
      "failureDesc": [
        "“你确定吗？”\n\n“就凭你这样的躯体，根本无法履行合同里的内容！”\n\n纸张骂骂咧咧，\n把咖啡浇在了地板上。\n\n还没来得及解释，纸张就把我们赶了出去。"
      ]
    },
    {
      "id": 90100602,
      "title": "",
      "eventDesc": "",
      "prevDesc": "",
      "behaveDesc": "谁将给出我们的答案？",
      "successDesc": [
        "“谢了，托你的福，事情轻松了不少。”\n\n周围的纸片士兵开始相互厮杀。\n\n过了一会儿，败北的纸士兵四分五裂，\n从撕裂的身体中飞出了纸鹤。\n\n一只散落在地的纸鹤爬向了我。\n\n“那张纸就拜托给你了。”\n\n看上去心满意足的纸张将自己泡进了咖啡。"
      ],
      "failureDesc": [
        "“这就是你拒绝别人的态度吗？”\n\n焦躁的纸发出皱巴巴的声音。\n\n“说话也要讲究基本的方法。\n对那些基本素质都不具备的人\n我已经无话可说了。”\n\n来不及作出任何解释，\n我们就被赶了出去。"
      ]
    },
    {
      "id": 90100801,
      "title": "",
      "eventDesc": "",
      "prevDesc": "",
      "behaveDesc": "应该让谁完成？",
      "successDesc": [
        "你拔出了刺入泰迪熊胸口的钉子。\n\n结块的鲜血从空洞中满溢而出。\n\n在那仿佛源源不绝的鲜血流尽之后，\n泰迪熊的体内只剩一片漆黑。\n\n那空荡荡的黑洞，正是空虚啊。"
      ],
      "failureDesc": [
        "刺进玩偶胸口的钉子比想象得还要更深，更加坚固。\n\n再怎么用力拔，\n钉子都像是深深扎根在那里一样，\n纹丝不动。\n\n玩偶仿佛对此毫无察觉，\n只是俯视着下方。\n\n是因为它不能感到痛苦吗。"
      ]
    },
    {
      "id": 90101001,
      "title": "",
      "eventDesc": "",
      "prevDesc": "",
      "behaveDesc": "应该让谁完成？",
      "successDesc": [
        "你摘下了它手上的戒指。\n\n它仍然纹丝不动，吟诵不止。\n\n无论眼前发生了什么，\n它都不会移动吧。\n\n佛像一动不动，\n连吟咏的强弱都不曾变化……\n\n明白了一件事。\n\n雕像所吟之物即为诅咒。"
      ],
      "failureDesc": [
        "你试图摘下它手上的戒指。\n那一瞬间，它的手腕像是画圈一样开始转动。\n\n再次把手伸向戒指，\n手腕再度转动起来，拒绝被人夺去。\n\n简直就像是，我没有那么做的资格。"
      ]
    },
    {
      "id": 90101101,
      "title": "",
      "eventDesc": "",
      "prevDesc": "",
      "behaveDesc": "应该让谁完成？",
      "successDesc": [
        "它低沉的声音平静下来。\n\n又摸了摸它，\n它舒适地闭上了双眼。\n\n再摸了摸它，\n好像是内心被温暖了，它轻轻坐在地上。\n\n最后摸了摸它，\n满足的它缩成了一小尊雕像。"
      ],
      "failureDesc": [
        "伸手去摸它的时候，\n它的吼声更凶了。\n\n才刚碰到那柔软的皮毛，\n狐狸就猛地一跃而起，喉中呼哧作响。\n\n慢慢地接近瞪过来的狐狸，\n却只见它头也不回地跑开了。\n\n还能做些什么？"
      ]
    },
    {
      "id": 90101301,
      "title": "",
      "eventDesc": "",
      "prevDesc": "",
      "behaveDesc": "应该让谁完成？",
      "successDesc": [
        "一张护身符被剥了下来，\n忽然，屋子里的蜡烛亮了。\n\n再剥下一张，\n蜡烛燃烧着的火光更加剧烈。\n\n站在中央的木偶\n身躯开始微微颤抖。\n\n应该继续下去吗？\n\n这就是它所期待的吗？"
      ],
      "failureDesc": [
        "什么都没发生。\n木偶只是立在那里，吱嘎作响。\n\n掌中的护身符化为了黏稠的鲜血，\n血液在指间流淌，自缝隙处滴落。"
      ]
    },
    {
      "id": 90101701,
      "title": "",
      "eventDesc": "",
      "prevDesc": "",
      "behaveDesc": "应该让谁阅读？",
      "successDesc": [
        "这是一块罗列着难解字符的石板。\n\n虽然无法完全理解，\n但还是有几个单词被收入眼底。\n\n审判……定罪……惩戒……\n\n这些相连的词语，若是试图理解，\n似乎会为自己招来死亡。\n\n从石板上移开视线，\n正好看见那位辅佐在飞升前，微微颔首。"
      ],
      "failureDesc": [
        "这是一块罗列着难解字符的石板。\n\n看上去似乎可以理解，\n如果能再多理解一点就好了。\n\n再多一点……再多理解一点就好了……\n\n回过神来的那一刻，那存在已然消失不见。\n徒留自己握在手中的石板。"
      ]
    },
    {
      "id": 90101801,
      "title": "",
      "eventDesc": "",
      "prevDesc": "",
      "behaveDesc": "应该让谁完成？",
      "successDesc": [
        "折下一支附着其上的玫瑰。\n\n将其摘下时，那本以为是花瓣的东西，\n质感却像是内脏一样。\n\n为何会有形如花朵的脏器？它是为了什么而存在的？"
      ],
      "failureDesc": [
        "折下一支附着其上的玫瑰。\n\n也许是采摘的动作不够正确，\n这朵独一无二的花支离破碎。\n\n告示牌不曾变化。"
      ]
    },
    {
      "id": 90101901,
      "title": "",
      "eventDesc": "",
      "prevDesc": "",
      "behaveDesc": "应该让谁完成？",
      "successDesc": [
        "一些绿色物质被放进了玻璃瓶。\n\n这物质不仅仅是一团污泥，\n泥涂中的众多幼虫正在游弋。\n\n幼虫们互相蚕食，恐怕那并非是蛤蜊产下的子嗣。"
      ],
      "failureDesc": [
        "我拿着玻璃瓶朝它靠近。\n\n然而，踌躇再三后，还是转身就走。\n\n无法忍受自己要伸出手去，触碰那团污秽，\n\n不如说，感觉那是碰都不能碰的东西。"
      ]
    },
    {
      "id": 90102001,
      "title": "",
      "eventDesc": "",
      "prevDesc": "",
      "behaveDesc": "谁将被派上前去？",
      "successDesc": [
        "朝着巨大的花前行，\n小花纷纷闪开，让就一条道路。\n\n每每向着深处进发，\n小花便纷纷凋谢，如同垂首。\n\n就在抵达终点的那一刻，\n巨花俯首献上了礼物。"
      ],
      "failureDesc": [
        "朝着巨大的花前行，\n\n盛开的小花晃动不止，令人头晕目眩。\n\n四面八方的花投来视线，注视着自己。\n仿佛要迷失在花海中。\n\n回首望去，巨花仍然在向我招手。",
        "拼尽全力，却无法接近巨花分毫。\n\n我只能远眺花朵。\n鬼使神差般地，我向巨花招了招手。\n\n刹那间，所有的花朵染上猩红，一同将头颅转向此处。\n\n在凝视了片刻后，猩红的花瓣乘着风向我袭来。\n就像是对我三心二意的惩罚一样。"
      ]
    },
    {
      "id": 90102101,
      "title": "",
      "eventDesc": "",
      "prevDesc": "",
      "behaveDesc": "该如何抉择？",
      "successDesc": [
        "像是在等待他人为自己指明道路一样。\n用手指示了方位，随即它便朝着那个方向跑去。\n\n在它跑开后，地面还残留下了什么。\n\n那是一只蓝色的打火机，描绘着翼的徽记。\n\n据说，那是翼发放给员工的供给品。\n\n看来它并非是乘客，而是那家运输公司的员工。"
      ],
      "failureDesc": [
        "正思考该如何指引方向的时候，\n它开始步履蹒跚地靠近这里。\n\n无意中随手为它指了一个方位，\n它便追随着指令，改变了路线。\n\n片刻过后，金属板嘎吱作响，仿佛听到了撕裂的声音。"
      ]
    },
    {
      "id": 90102102,
      "title": "",
      "eventDesc": "",
      "prevDesc": "",
      "behaveDesc": "应该让谁上前？",
      "successDesc": [
        "罪人{0}在前面带路，呆呆站着的乘客紧随其后。\n\n抵达出口后，乘客像是想要表达谢意一样低下头。\n\n某处传来了东西落下的声音，循声望去，那里掉着一支似乎是用于巡逻的手电筒。\n\n看样子它并非迷了路，而是在附近巡逻的运输公司的员工。\n\n也许并不是我们在为它引路，而是它在确保我们能够顺利前进。"
      ],
      "failureDesc": [
        "罪人{0}在前面带路，呆呆站着的乘客紧随其后。\n\n走着走着又走回了原点。\n\n乘客疑惑地挥舞着双手，这次自己带头走在了前面。\n\n跟着它走了一段后，我们看到了可以离开的出口。"
      ]
    },
    {
      "id": 90102201,
      "title": "",
      "eventDesc": "",
      "prevDesc": "",
      "behaveDesc": "该如何抉择？",
      "successDesc": [
        "我扭动身体躲开了接近的手臂。\n\n在执着不休靠近而来的手臂之中，能看见一只尤其细小的手臂。\n\n向那手臂伸手，将其拉过来后，石像便彻底静止不动了。\n\n我的手中只剩下一尊至今从未见过的对称雕像。"
      ],
      "failureDesc": [
        "身体迅速躲过了它迫近的手臂。\n\n但是要避开所有执著靠近的手臂，那可不容易。\n还是有几只手撕裂了我们的身体。\n\n尽管逃了出来，却也遭受了许多损失。"
      ]
    },
    {
      "id": 90103101,
      "title": "",
      "eventDesc": "",
      "prevDesc": "",
      "behaveDesc": "该如何抉择？",
      "successDesc": [
        "它举起了附近的一个物体，\n将其从左侧带到了右侧。\n\n它身上的计数增加了1。\n\n这是怎么回事？正当你在思考的时候，\n机器已经抬起手臂，换上了一根新的真空管。\n\n机器把那根旧真空管递了过来，\n就这么收到了它的馈赠。"
      ],
      "failureDesc": [
        "它举起了附近的一件行李，\n将其从左侧移动到了右侧。\n\n就在这时，它好像被什么东西卡住了，\n搬运着行李的它止步不前，\n身上的真空管忽然亮起光芒。\n\n层出不穷的数字和文字令人眼花。\n字符串不断增减，随后全部消失了。\n\n与此同时，它手中的巨大行李坠向了地面……\n在那底下，不巧正站着几个人。"
      ]
    },
    {
      "id": 90103301,
      "title": "",
      "eventDesc": "",
      "prevDesc": "",
      "behaveDesc": "该如何抉择？",
      "successDesc": [
        "“请刺激蜈蚣，施加痛楚，\n以增加放电强度。”\n\n这条信息写在按钮的上方。\n\n一按下水滴状的按钮，箱中就充满了水。\n\n蜈蚣的身躯如同跳舞一般在水箱里扭动着。\n\n看来它并不快乐。"
      ],
      "failureDesc": [
        "“请刺激蜈蚣，施加痛楚，\n以增加放电强度。”\n\n这条信息写在按钮的上方。\n\n一按下水滴状的按钮，箱中就充满了水。\n\n蜈蚣的身躯如同跳舞一般在水箱里扭动着。\n\n可以看到它的尾巴正在剐蹭箱壁。\n刹那间，水箱的玻璃忽然出现了裂纹，粉碎四散。\n\n接通了高压电的水流倾泻而出，朝着我们当头浇了下来。"
      ]
    },
    {
      "id": 90101501,
      "title": "",
      "eventDesc": "",
      "prevDesc": "",
      "behaveDesc": "应该让谁去呢？",
      "successDesc": [
        "“啊，爽！来，喝一杯。”\n\n我能感受到一种烈性的，灼热的液体在我体内翻滚。\n\n“唔姆，我挺喜欢你喝它的样子！”\n\n一阵轻飘飘的感觉过后，我发现身体情况有所好转。\n\n“感受到神奇之处了么？这就是药酒！药酒！来吧，再来一杯！”\n\n又喝了几杯后，我迈着愉悦的步伐离开了。"
      ],
      "failureDesc": [
        "“啊，爽！来，喝一杯。”\n\n我能感受到一种烈性的，灼热的液体在我体内翻滚。\n\n“嘿……你还好吗？”\n\n我的胃部感到不适，随后我的视线缓缓移向右边。\n\n“着实令人惋惜……这是好东西……但我猜你的身体承受不住。你不该再喝了。”\n\n我感到头和视线正旋转得越来越快，便匆匆离开了。\n\n离开的脚步伴着跌撞和颠簸，这一切全在我的记忆中融为一片模糊。"
      ]
    },
    {
      "id": 90103001,
      "title": "",
      "eventDesc": "",
      "prevDesc": "",
      "behaveDesc": "应该让谁去呢？",
      "successDesc": [
        "我举起了那个微笑的颅骨。\n\n不管出于什么原因，它都十分兴高采烈，呲牙咧嘴地在我手上乱晃。\n\n突然，你感觉你的身体变轻了。\n\n环顾四周，你注意到每个人似乎都经历了同样的事情。\n\n当我看向我的手时，不知不觉间，那个骷髅已经消失了。"
      ],
      "failureDesc": [
        "我举起了那个微笑的颅骨。\n\n可奇怪的是，刚刚还在笑着的骷髅突然变得面无表情。\n\n想知道究竟是什么地方出了什么问题，罪人将头凑近了骷髅，然后……\n\n“？！”\n\n骷髅张开了血盆大口，在消失前咬住了{0}。"
      ]
    },
    {
      "id": 90103002,
      "title": "",
      "eventDesc": "",
      "prevDesc": "",
      "behaveDesc": "应该让谁去呢？",
      "successDesc": [
        "我举起了愤怒的颅骨。\n\n仿佛被什么东西冒犯到了一般，它怒气冲天，咬牙切齿地想要咬住空气中的什么东西。\n\n突然，我感觉我的手变轻了。\n\n“这是……”\n\n一直嘎嘎作响的骷髅消失得无影无踪，唯有一个发光的物体留在我的手中。"
      ],
      "failureDesc": [
        "我举起了愤怒的颅骨。\n\n可奇怪的是，刚刚还心情不好的骷髅突然变得面无表情。\n\n想知道究竟是什么地方出了问题，罪人将头凑近了骷髅，然后……\n\n“？！”\n\n骷髅张开了血盆大口，在消失前咬住了{0}。"
      ]
    },
    {
      "id": 90103003,
      "title": "",
      "eventDesc": "",
      "prevDesc": "",
      "behaveDesc": "应该让谁去呢？",
      "successDesc": [
        "我举起了表情古怪的颅骨。\n\n仿佛被什么东西逼疯了一样，它滚来滚去，牙齿毫无规律地咔咔作响。\n\n正当我不确定该如何处理它时，我的手变轻了，低头望去……\n\n发现它变成了一件小饰品。"
      ],
      "failureDesc": [
        "我举起了表情古怪的颅骨。\n\n可奇怪的是，刚刚还在疯狂扭动的骷髅突然变得面无表情。\n\n想知道究竟什么地方出了问题，罪人将头凑近了骷髅，然后……\n\n“？！”\n\n骷髅张开了血盆大口，在消失前咬住了{0}。"
      ]
    },
    {
      "id": 90103701,
      "title": "",
      "eventDesc": "",
      "prevDesc": "",
      "behaveDesc": "应该让谁来安慰它？",
      "successDesc": [
        "“我该怎么安慰一滴水……”\n\n这命令听起来很是奇怪，但罪人们还是尽了全力去安慰它。\n\n多亏了罪人们的努力，水滴似乎重新振作了起来。\n\n“因为你，我得到了自由。”\n\n好像听到了这样的回答。\n\n顷刻间，水滴从视野中消失了。一个看起来像个大玻璃瓶的东西留在了原处。"
      ],
      "failureDesc": [
        "“我该怎么安慰一滴水……”\n\n这命令听起来很是奇怪，但罪人们还是尽了全力去安慰它。\n\n但是……特殊水滴的忧郁的氛围貌似并没有得到好转。\n\n“尽管如此，还是用这些谢谢你。”\n\n好像听到了这样的回答。\n\n水滴将自己的一半递给了我们，然后在顷刻间消失不见了。\n\n罪人们都在说自己的身体变轻了。它的那一半想必就是礼物吧。"
      ]
    },
    {
      "id": 90103702,
      "title": "",
      "eventDesc": "",
      "prevDesc": "",
      "behaveDesc": "应该让谁把它放回？",
      "successDesc": [
        "最好还是将它放回它该在的位置。\n\n将水滴拿起，并放回巨大的玻璃瓶中。\n\n我们就这样看着。\n\n它逐渐滑入其中，水滴的表情中充满了恐惧和轻蔑、又带着愤怒和诅咒的感情。\n\n“你不应该那样做。”\n\n“从你的角度看我们可能是一体的。但是对我来说，这里就是地狱。”\n\n我想我听到了这样的回答。\n\n就像那玻璃瓶一样，我们的内心深处也传来了破裂的声音。"
      ],
      "failureDesc": [
        "最好还是将它放回它该在的位置。\n\n将水滴拿起，并放回巨大的玻璃瓶中。\n\n我们就这样看着。\n\n它逐渐滑入其中，水滴的表情中充满了恐惧和轻蔑、又带着愤怒和诅咒的感情。\n\n“……啊！”\n\n在看到那个表情而失神的一瞬间，水滴直直地滑落又弹起，消失在我们的视野外。\n\n……可能做了不该做的事。"
      ]
    },
    {
      "id": 90104001,
      "title": "",
      "eventDesc": "",
      "prevDesc": "",
      "behaveDesc": "应该让谁来回答？",
      "successDesc": [
        "我告诉那个人，它手中的只是个蓝色弹珠。\n\n“是的。在你看来它们当然就是这样。”\n\n那个人很平静，就好像他早就知道我想说什么一样。\n\n“如果你真的这么想的话，那就随便吧。”\n\n他缓缓摇动着手中的珠子，很快消失了。\n\n感觉我好像知道了什么重要的真相。"
      ],
      "failureDesc": [
        "我告诉那个人，它手中的只是蓝色弹珠。\n\n“你听起来十分自信。但你真的知道什么是星星吗？”\n\n“漂浮在黑暗之中的光点。这就是我们所说的星星。”\n\n他缓缓地摇动着手中的珠子。\n\n“星星就在你的心中。所以这些蓝色的珠子就是星星。”\n\n正当你就要把这些话铭记在心间时，他消失了，并告诉我它将要“到蓝星去”。\n\n感觉我好像知道了什么重要的真相。"
      ]
    },
    {
      "id": 90104002,
      "title": "",
      "eventDesc": "",
      "prevDesc": "",
      "behaveDesc": "",
      "successDesc": [
        "一窥其内部无数色彩，便能确信它就是星星。\n\n“有朝一日，我想回归于那颗蓝星。”\n\n他们都来自蓝星吗？我能不能前往那颗星星？\n\n“你也这么想吗？你也想回到那个地方啊。”\n\n我点了点头。虽然我既不知晓它的位置也并非来自于它，但我有回到它的冲动。\n\n“那就给你这个吧。”\n\n它把它紧握着的蓝星给了我，并消失了。"
      ],
      "failureDesc": [
        "一窥其内部无数色彩，便能确信它就是星星。\n\n“没错，但是……”\n\n他的语气突然变得忧伤。\n\n“我知道，我无法再回到它的身边了。”\n\n“我只是挥动着我的手臂，散出蓝色的光芒，为使自己成为一颗星星。”\n\n随着一阵呼啸声，它便消失得无影无踪。\n\n在这之后，我们的头不知怎么地感到更加轻盈。"
      ]
    },
    {
      "id": 90104101,
      "title": "",
      "eventDesc": "",
      "prevDesc": "",
      "behaveDesc": "应该让谁把它扯下？",
      "successDesc": [
        "它似乎正全神贯注地祈祷着。\n\n你尽力忽视掉腐烂的臭味，设法从它身上撕下一本祈祷书。\n\n它是如此的深深沉浸在其中，甚至没有注意到我们接近它并拿走了这本册子。\n\n也许与它坚定的信仰相比，公祷书已经无足轻重了。\n\n无论是什么样的信仰和教义，都早已经牢牢地扎根在了它的思想和心灵当中。"
      ],
      "failureDesc": [
        "它似乎正全神贯注地祈祷着。\n\n你尽力忽略掉腐烂的臭味，设法从它身上撕下一本祈祷书。\n\n“咯诶诶诶诶？！”\n\n我们的尝试是被注意到了吗？在小册子被撕下的时候，一种不愉快的声音迸发了出来。\n\n以为会受到攻击，我犹豫了一下。但它似乎对我不屑一顾。\n\n它立即开始用下颚刮挠地面，潦草的写下了一些东西。\n\n……看起来似乎是那本公祷书的内容。"
      ]
    },
    {
      "id": 90104201,
      "title": "",
      "eventDesc": "",
      "prevDesc": "",
      "behaveDesc": "应该让谁把它扯下？",
      "successDesc": [
        "在它停下的间隙，我慢慢向它靠近。\n\n哪怕只是扯下一部分，我也希望也能让那些被束缚的东西得到些许安宁。\n\n“……！”\n\n扯下铁丝网出乎意料地轻松。\n\n但，肉块没有丝毫变化。\n\n仿佛在说，不要以为这样就能轻易地让它们从那时的苦痛里解脱。"
      ],
      "failureDesc": [
        "在它停下的间隙，我慢慢向它靠近。\n\n哪怕只是扯下一部分，我也希望也能让那些被束缚的东西得到些许安宁。\n\n“……！”\n\n也许是因为不清楚铁丝网的构造。我的手扭来扭去，瞬间被卷进铁丝网中。\n\n“快、快点！”\n\n其他人一起费了好一番力气才拽出我的手臂，然而我的手臂早已布满伤痕。"
      ]
    },
    {
      "id": 90104202,
      "title": "",
      "eventDesc": "",
      "prevDesc": "",
      "behaveDesc": "应该让谁来献出鲜血？",
      "successDesc": [
        "我或许是对它产生了近似于怜悯或是同情的情感。\n\n又或是认为与其共享疼痛可以减轻它们的痛苦。\n\n指尖滴落的鲜血，逐渐浸染入肉中。\n\n终于停下来的它，像是俯视我一般弯下腰。\n\n它或许，认为我与那些在浓厚的烟霾中倒下的人们是相同的。\n\n眼神悲悯的它张开嘴，嘴中似有什么闪着光。\n\n我拿起了它送来的小小慰问品。"
      ],
      "failureDesc": [
        "我或许是对它产生了近似于怜悯或是同情的情感。\n\n又或是认为与其共享疼痛可以减轻它们的痛苦。\n\n指尖滴落的鲜血，逐渐浸染入肉中。\n\n“……唔！”\n\n铁丝网包裹着的所有尸体与肉体一同发出悲鸣与怒吼。\n\n它也与之同步，暴动起来。\n\n既没有参与战争，亦不曾在现场的我，无法凭借任何方式融入或理解它们。\n\n这只不过是，半吊子的傲慢。\n\n我只能将暴走的它抛在一边，逃跑似的离开那里。"
      ]
    },
    {
      "id": 90104301,
      "title": "",
      "eventDesc": "",
      "prevDesc": "",
      "behaveDesc": "应该让谁去呢？",
      "successDesc": [
        "垫圈一下子就被破开了。可能是老化了。\n\n“咳咳，哈啊……”\n\n脑啡肽从盒子里流出，而透过盒子上的玻璃窗，能看到一个被脑啡肽浸泡后浮肿而又湿透了的人。\n\n即使知道它不再是人类，徒然的同情心还是向你对它伸出手来。\n\n“把手拿开。”\n\n它说。\n\n“这是……为了生存下来的我的唯一选择。”\n\n“我们被活埋在了这里，没有任何救援的希望。我们被抛弃了。”\n\n“我……我们把我们的头塞进了脑啡肽，度过了这漫长的时间。”\n\n在它解释完后，便响起了它夹杂着怨恨的声音。\n\n“为什么你要现在来救我们？我只想把我的头埋进那绿水里！”\n\n它的脸上满是愤怒，它戴着那已经空空如也的盒子跑开了。\n\n只剩下一张小小的员工证，以及做了一些错事的罪恶感。"
      ],
      "failureDesc": [
        "是垫圈比想象中要结实，还是没有领会到诀窍？\n\n刀刃不停的被滑溜的垫圈弹开……\n\n“呃啊啊啊……”\n\n那个浸没在脑啡肽里的东西把你推开，跑走了。\n\n它是更愿意保持那样吗？\n\n只剩下了一张小小的员工卡。"
      ]
    },
    {
      "id": 90104701,
      "title": "",
      "eventDesc": "",
      "prevDesc": "",
      "behaveDesc": "应该让谁去吐露真相？",
      "successDesc": [
        "“啊……”\n\n挪动双腿后我指着下方，感受到了那个颤抖着的苹果的沮丧。\n\n“哈，我懂了。”\n\n“不！不该是这样！”\n\n“故事必须遵守它应有的规则。这也是我们要沿袭的流程，拿着吧。”\n\n它拿起一个小苹果放在马背上。\n\n“我不再需要这个了。这算不上是个礼物，但是作为告诉我的报酬，我将把它赠予你。”"
      ],
      "failureDesc": [
        "我正想说出真相，却感觉腿在发抖。\n\n“……你在隐瞒真相。”\n\n我试图反驳它，但它已经被激怒了。\n\n“滚开！”\n\n它用带刺的绞索狠狠地抽打我……\n\n就在我想方设法避开攻击时，我发现那个绞索套到了一个烂苹果。\n\n“顺理成章，我收下了。”\n\n它抓起苹果，跑向了另一个方向的森林中。"
      ]
    },
    {
      "id": 90104901,
      "title": "",
      "eventDesc": "",
      "prevDesc": "",
      "behaveDesc": "谁将给出命令？",
      "successDesc": [
        "我命令其死。\n\n“……我明白了。从你的声音中我能听出你深刻的目的。”\n\n“你的命令将会被执行。”\n\n短暂的回答后，它便消失了。\n\n没过多久，我就听到某处传来了一声巨响。\n\n……之后，我们的身体便感到更轻松，更有活力了。"
      ],
      "failureDesc": [
        "我命令其死。\n\n“……我理解你的命令了。但是——”\n\n“你的声音并没有任何目的。你下达了命令，但并不理解其中的含义。”\n\n“作为下达无意义命令的代价，你将受到惩罚。”\n\n来不及说些什么，它尾巴上的手伸了过来。"
      ]
    },
    {
      "id": 90104902,
      "title": "",
      "eventDesc": "",
      "prevDesc": "",
      "behaveDesc": "谁将给出命令？",
      "successDesc": [
        "我命令其生。\n\n“……我明白了。从你的声音中我能听出你深刻的目的。”\n\n“你的命令将会被执行。”\n\n短暂的回答后，它便消失了。\n\n没过多久，我就听到某处传来了急促的脚步声。\n\n当脚步声从我头顶掠过，突然有什么闪闪发亮的东西从空中落下。\n\n……这是它们的礼物吗？"
      ],
      "failureDesc": [
        "我命令其生。\n\n“……我理解你的命令了。但是——”\n\n“你的声音并没有任何目的。你下达了命令，但并不理解其中的含义。”\n\n“作为下达无意义命令的代价，你将受到惩罚。”\n\n它夺走了我们收集来的某个闪光的东西。"
      ]
    },
    {
      "id": 90104903,
      "title": "",
      "eventDesc": "",
      "prevDesc": "",
      "behaveDesc": "谁将给出命令？",
      "successDesc": [
        "我并没有给它命令。\n\n“没有人可以不下命令！”\n\n见它凶狠地摇着尾巴，我们急忙摆手，给了个借口。\n\n“……我明白了你的命令了。原来是这个意思。”\n\n是我们偶然说了什么引起了它的回应吗？\n\n“命令将会被执行。”\n\n在离开之前，它放下了一个神秘的物品。"
      ],
      "failureDesc": [
        "我并没有给它命令。\n\n“没有人可以不下命令！”\n\n见它凶狠地摇着尾巴，我们急忙摆手，给了个借口。\n\n“不仅如此，你甚至犯下了忽视给自己下达命令的罪。”\n\n“对于忘记命令责任之罪，我将予以正当的处罚。”\n\n仓促的借口并没有起效，而那条尾巴画着优美的弧线砸向了我们。"
      ]
    },
    {
      "id": 90105101,
      "title": "",
      "eventDesc": "",
      "prevDesc": "",
      "behaveDesc": "谁来放下石头？",
      "successDesc": [
        "你是否虔诚地放下了石块？\n\n若是如此，愿望或能成真。"
      ],
      "failureDesc": [
        "若要将自己的愿望凌驾于万人之上……\n\n要轻拿轻放，谨慎小心。\n\n一块石头落地，别的石头也会应之崩塌。\n\n破坏了这石塔的代价，可从来不轻。"
      ]
    },
    {
      "id": 90105102,
      "title": "",
      "eventDesc": "",
      "prevDesc": "",
      "behaveDesc": "谁来推倒石塔？",
      "successDesc": [
        "已然倒塌的石塔下埋藏着什么东西。\n\n为什么它要被埋藏得如此隐秘，我们无从得知。"
      ],
      "failureDesc": [
        "石塔在顷刻间崩塌。\n\n我试着避开落石，却依然被落石掩埋。\n\n现在，我被永远地掩埋在这石塔之中。"
      ]
    },
    {
      "id": 90105601,
      "title": "",
      "eventDesc": "",
      "prevDesc": "",
      "behaveDesc": "该如何抉择？",
      "successDesc": [
        "拒绝了好意，我们在雨中加快脚步。\n\n奔跑的时候，我突然发现手里攥着什么东西。\n\n没有接过它那把伞，也是运气使然吧。"
      ],
      "failureDesc": [
        "“哎呀……这样味道可不好了……”\n\n长腿精灵撑着伞，兴奋地向我们蹦跳而来。\n\n藏起来的手臂暴露了出来，那上面沾满了血迹。它跑得飞快，修长的手臂伸向我们，似乎正要扼住我们的脖颈。"
      ]
    },
    {
      "id": 90106301,
      "title": "",
      "eventDesc": "",
      "prevDesc": "",
      "behaveDesc": "应该让谁去吐露真相？",
      "successDesc": [
        "“好吧，我们继续进行庆祝吧。”\n\n枪林弹雨的战场上，欢快的祭典正在秘密上演。\n\n看了一会儿后，我拿起散落周围的弹药和弹夹偷偷溜了出去。\n\n直到离开那里前，枪声仍在回荡。"
      ],
      "failureDesc": [
        "“好吧，什么都说不出来吗……”\n\n“那说明你仍记得，并将永远铭记下去吧”\n\n“那么，这样如何”\n\n“我会让你所爱的人们记住，你仅仅是个脑袋被击飞的受害者。”\n\n这里依然是个战场，\n\n装填子弹，对枪手而言早已司空见惯。"
      ]
    },
    {
      "id": 90107601,
      "title": "",
      "eventDesc": "",
      "prevDesc": "",
      "behaveDesc": "应该让谁去呢？",
      "successDesc": [
        "输液管已经从那实体体内移除。\n\n红线被拔出后，它的身体重焕生机，仿佛解除了某种诅咒。\n\n也许那躯体没有从输液中获得营养，反倒是在滋养它。"
      ],
      "failureDesc": [
        "输液管纠缠得厉害，没办法解开。\n\n我尝试解开软管的结扣时，突然感到手上一阵刺痛。\n\n低头一看手背，一根缠在输液管上的注射针刺破了我的皮肤。\n\n我赶紧拔了出来，却突然感到没来由的头晕目眩。"
      ]
    },
    {
      "id": 90107701,
      "title": "",
      "eventDesc": "",
      "prevDesc": "",
      "behaveDesc": "",
      "successDesc": [
        "“你将会是我院的新患者。”\n\n“这是一个小花园，一个放松的避风港。”\n\n“我和其他病人相处得很好。”\n\n“我没觉得有多疼，麻药打得足够了。”\n\n来这里之前，我受过大大小小的伤。\n\n无论身体上的还是精神上的，伤口都得及时治疗。\n\n伤痕一旦留下，那就无法挽回了。"
      ],
      "failureDesc": [
        "即便主刀医生技术再怎么娴熟，也并非每台手术都会成功。\n\n而就算多位医生在场，照样有可能失败。\n\n我们能做些什么？\n\n只能强忍痛苦，一瘸一拐地回去，一如既往。"
      ]
    },
    {
      "id": 90107801,
      "title": "",
      "eventDesc": "",
      "prevDesc": "",
      "behaveDesc": "应该让谁去呢？",
      "successDesc": [
        "它身后的烧瓶被血色装满。\n\n满足于那些血液的重量，它的头颅再次向着天花板抬起。"
      ],
      "failureDesc": [
        "只是，被抽出的血量超出了我的预想。\n\n仿若重锤落下，我瘫倒在地。\n\n满足于那些血液的重量，它的头颅再次向着天花板抬起。"
      ]
    },
    {
      "id": 90107901,
      "title": "",
      "eventDesc": "",
      "prevDesc": "",
      "behaveDesc": "应该让谁把它扯下？",
      "successDesc": [
        "尝试像掸开灰尘一样轻轻摘下它\n\n是对即便将头猛挤入其中也无法消散的贪婪的冒犯。\n\n我除默默看向伸出的手外已无他法。"
      ],
      "failureDesc": [
        "我们以为将它摘了下来，但仍无法前进。\n\n看见它到最后仍紧紧抓住衣角，你像被坚韧之物所束缚，体力消耗殆尽。"
      ]
    },
    {
      "id": 90107902,
      "title": "",
      "eventDesc": "",
      "prevDesc": "",
      "behaveDesc": "让谁来拥抱呢？",
      "successDesc": [
        "拥抱本身即是接纳他人。\n\n为抓住什么而伸出来的手指终能第一次与他人十指相扣。\n\n安静结合着的手掌之间，一股温暖的血气开始流动。\n\n顽固的贪婪之心因而得以松弛。"
      ],
      "failureDesc": [
        "在伸手与人相握前怎可忘记擦拭汗水。\n\n你的手滑落开来，而那只空荡荡的手掌扭动着仿佛是在寻找另一只左手握住。\n\n但它不久就放弃了盲目的抓握行为，看来有过尝试它便满足了。"
      ]
    },
    {
      "id": 90200301,
      "title": "",
      "eventDesc": "",
      "prevDesc": "",
      "behaveDesc": "应该让谁上前？",
      "successDesc": [
        "慢慢地步入了浓雾。\n怪异的哭声从四面八方传来。\n\n分不清哪里是前，哪里是后。\n我们唯有一如既往地继续行走。\n\n不知不觉，雾气已然散去，\n源源不绝的灰烬形成了饰品，摆放在前方。\n\n我们这才意识到，方才穿过的并非是雾。"
      ],
      "failureDesc": [
        "慢慢地步入了浓雾。\n怪异的哭声从四面八方传来。\n\n分不清哪里是前，哪里是后。\n方向感渐渐变得模糊。\n不知不觉间，连再踏出一步都会感到恐惧。\n\n迷雾愈发浓厚，\n仿佛再也无法脱身。"
      ]
    },
    {
      "id": 90200302,
      "title": "",
      "eventDesc": "",
      "prevDesc": "",
      "behaveDesc": "应该让谁上前？",
      "successDesc": [
        "看着那如同眼睛一般的物体。\n凝视着那唱响无尽绝望的歌，\n与痛哭不止的空洞眼睛。\n\n然后，终于理解了面前的并不是雾，\n接着理解了，那眼睛，那嘴巴，不过都是错觉。\n只是一片阴影，有着人类似的形状。\n\n它的哭泣只是风声在呼啸，\n一经察觉，一切就都消失了。"
      ],
      "failureDesc": [
        "看着那如同眼睛一般的物体。\n它回望的眼中歌唱着无尽的绝望。\n\n它的形状变得仿佛比从前还大。就在这个时候。\n我们被雾气吞没了。"
      ]
    },
    {
      "id": 90200501,
      "title": "",
      "eventDesc": "",
      "prevDesc": "",
      "behaveDesc": "应该让谁完成？",
      "successDesc": [
        "每解开一个绳结，\n哭声就会变大一分。\n\n对被困的东西产生了同情，\n每解开一个绳结，应和着那哭声，我也开始落泪。\n\n一条绳子伴随着悲伤，\n一条绳子伴随着哀叹。\n\n解开所有的绳子之后，里面空无一人。\n\n这是怎么回事呢。\n检查内部，仅有一只红色的宝石甲虫。"
      ],
      "failureDesc": [
        "每解开一个绳结，\n哭声就会变大一分。\n\n棺材里不止有一人，\n众多的人们在棺中相拥哭泣。\n\n随着棺材破碎，他们全部被释放了出来。"
      ]
    },
    {
      "id": 90200502,
      "title": "",
      "eventDesc": "",
      "prevDesc": "",
      "behaveDesc": "回去吧。应该让谁带路？",
      "successDesc": [
        "别把我留在这里。\n红色手臂在空中挥舞，仿佛如此恳求。\n\n但那模样看上去又像是在道谢，\n感谢自己被留在了原地。\n\n哭声没有停止，\n但哪怕只有一点，啜泣稍微平息了下来。"
      ],
      "failureDesc": [
        "为了甩掉令人发寒的感觉，加快了步伐。\n\n但那感觉却一直跟在身后，阴魂不散。\n\n在某个时刻，停下脚步回头一看，\n注意到了身后的手。\n\n在那只手上，还连着另一只诡异枯槁的鲜红手臂。\n\n就在哑然失声的时候，手已经握紧了。\n一个熟悉的声音加入了棺材中的嚎哭。"
      ]
    },
    {
      "id": 90200601,
      "title": "",
      "eventDesc": "",
      "prevDesc": "",
      "behaveDesc": "谁将给出我们的答案？",
      "successDesc": [
        "“你确定？”\n\n纸张随风飘展，一副难以置信的模样。\n\n“好吧。如果你知道之后会发生什么，还坚持要这么做……”\n\n它向后一步，把咖啡对着自己当头浇下。\n接着，一个纸士兵冲向了这里。\n“你不该低估纸张的韧性。”\n\n还没来得及回应这不寻常的声音，\n纸片士兵就已经发起了攻击。"
      ],
      "failureDesc": [
        "“你确定吗？”\n\n“就凭你这样的躯体，根本无法履行合同里的内容！\n\n纸张骂骂咧咧，\n把咖啡浇在了地板上。\n\n还没来得及解释，纸张就把我们赶了出去。"
      ]
    },
    {
      "id": 90200602,
      "title": "",
      "eventDesc": "",
      "prevDesc": "",
      "behaveDesc": "谁将给出我们的答案？",
      "successDesc": [
        "“谢了，托你的福，事情轻松了不少。”\n\n周围的纸片士兵开始相互厮杀。\n\n过了一会儿，败北的纸士兵四分五裂，\n从撕裂的身体中飞出了纸鹤。\n\n一只散落在地的纸鹤爬向了我。\n\n“那张纸就拜托给你了。”\n\n看上去心满意足的纸张将自己泡进了咖啡。"
      ],
      "failureDesc": [
        "“这就是你拒绝别人的态度吗？”\n\n焦躁的纸发出皱巴巴的声音。\n\n“说话也要讲究基本的方法。\n对那些基本素质都不具备的人\n我已经无话可说了。”\n\n来不及作出任何解释，\n我们就被赶了出去。"
      ]
    }
  ]
}