{
  "dataList": [
    {
      "id": 816401,
      "title": "魔王希斯克利夫",
      "prevDesc": "",
      "eventDesc": "另一个世界的希斯克利夫瞪着希斯克利夫。\n\n每一条血丝都像是被刻在眼球上那样，饱含着仇恨。\n\n“你那无聊的冒险就要在这里结束了。”\n\n“把自己扔进痛苦的深渊，在粉身碎骨之前受尽折磨吧。”\n\n“那就是你能为因希斯克利夫而死的凯茜而做的小小的赎罪。”\n\n“你这狗杂种直到最后都……！”\n\n希斯克利夫似乎再也听不下去了，猛地冲了出去。",
      "behaveDesc": "希斯克利夫的攻击……",
      "successDesc": [
        "“呃啊……！”\n\n希斯克利夫向前冲去。他在怒火中嘶吼着，用额头狠狠地撞向来自另一个世界的希斯克利夫。\n\n“是……就像你说的，我可能就是个狗杂种……”\n\n“但是……我会先杀了你……”\n\n另外一个希斯克利夫笑了几下。\n\n“很好！做的好，希斯克利夫！我就喜欢这样！”\n\n“仇视我，痛恨我，杀死我吧！这将成为你迈向杀死所有希斯克利夫的道路的起点！”\n\n“我们所有人！将一同坠入这深渊之底！”\n\n他对着希斯克利夫吼叫着，血沫随着每一个字词从他的嘴里吐出来。随后他缓缓地站起身，仿佛被什么所驱使着。\n\n战斗并没有结束……罪人们也深知这点，重新握紧了武器。"
      ],
      "failureDesc": [
        "完全被愤怒吞噬的希斯克利夫嘶吼着冲了出去。也许是愤怒让他露出了破绽。\n\n“哈啊……”\n\n另一个世界的希斯克利夫轻而易举地看穿了他的攻击。致命的反击命中了希斯克利夫。\n\n“接受你的命运，迎来你的死亡吧，希斯克利夫。”\n\n另一个世界的希斯克利夫对颤抖着跪在地上的希斯克利夫说。\n\n“是……就像你说的，我可能就是个狗杂种……”\n\n“但是……我会先杀了你……”\n\n……希斯克利夫还没有放弃。\n\n其余的罪人们也重新握紧武器。这一切还远没有结束。\n\n“……是啊，这样不是更好吗。希斯克利夫。”\n\n“仇视我，痛恨我，杀死我！让这成为你迈向杀死所有希斯克利夫的道路的起点吧！”\n\n“我们所有人！将一同坠入这深渊之底！”\n\n随着那怒吼声，武器再次开始了碰撞。"
      ]
    }
  ]
}