{
  "dataList": [
    {
      "id": 97100301,
      "title": "鸡的热情探戈",
      "eventDesc": "翅持针线的鸡两眼闪闪放亮地望向了罪人。\n反正总得有人来做，难以无视那双眼睛。",
      "behaveDesc": "最为心灵手巧的罪人是谁呢？",
      "successDesc": [
        "罪人[{0}]迟疑着走上前来，一副无可奈何的样子。\n“嗯……”\n罪人接过针线，在鸡的背后坐好。\n动作虽然略显笨拙，但至少正确无误。缝合成功了。\n“叽。”\n幸好，鸡似乎感觉不到缝针的痛楚。\n缝合刚一结束，那只鸡就紧紧抱住了罪人[{0}]，像是想表达感激。\n“叽叽！”\n罪人[{0}]十分困惑。"
      ],
      "failureDesc": [
        "罪人[{0}]兴致冲冲地靠近过去。\n“让我看看……”\n取下针与线后，罪人坐在鸡的身后。\n但最初那份士气不知消失到哪儿去了，缝线逐渐偏向了奇怪的方位。\n“叽咿！”\n缝合还没结束，罪人[{0}]就被那只鸡推开了。\n“嫌弃的话你就自己来吧？”\n于是它夺走了针线自行缝合，而后不知消失到哪里去了。\n只剩下不知所措的罪人[{0}]。"
      ]
    },
    {
      "id": 97101201,
      "title": "黑色账簿选项 - 拯救平民。",
      "eventDesc": "",
      "prevDesc": "",
      "behaveDesc": "让哪位罪人上前？",
      "successDesc": [
        "“可恶……”\n\n“怎么回事？我明明听说那些家伙都被赶走了！”\n\n经过罪人{0}和樱桃的奋战，黑云会的人四散而逃，非死即伤。\n\n“……感激不尽。谢谢你们协助我帮助民众。”\n\n樱桃果断道谢。"
      ],
      "failureDesc": [
        "“可恶……”\n\n“怎么回事？我明明听说那些家伙都被赶走了！”\n\n虽然经过罪人{0}和樱桃的竭力奋战，黑云会的人被打倒不少……\n\n“……呃。”\n\n也许是因为樱桃恢复得不好，所以没能躲开攻击。\n\n前去掩护樱桃的罪人{0}也受到些许波及。\n\n“对不起……”\n\n樱桃满脸羞愧地咬着嘴唇说道。"
      ]
    },
    {
      "id": 97101203,
      "title": "黑色账簿选项 - 说你站在剑契组一边。",
      "eventDesc": "",
      "prevDesc": "",
      "behaveDesc": "让谁上前说明？",
      "successDesc": [
        "“剑、剑剑剑契组……”\n\n居民们一下子跪倒在地面，颤抖着说。\n\n“万分抱歉，万分抱歉！”\n\n“请务必、务必饶我们一命……”\n\n罪人{0}急忙解释自己没有打算伤害他们，但他们完全听不进去。\n\n“请、请收下这个……”\n\n他们谨慎地举起双手，向我们献上了什么。\n\n接过那本黑色的册子打开一看，像是一本篇幅冗长的账簿。\n\n“万分抱歉！我等草民只能献上这种微薄之物……”\n\n虽然想扶他们起来，但他们因恐惧而坚决不愿抬头。\n\n……无可奈何，只能留下他们在原地。"
      ],
      "failureDesc": [
        "“……玩笑开得太过分啦~”\n\n也许是因为罪人{0}的口气过于尴尬，居民们听到后哈哈大笑起来。\n\n“那些大人们现在怎么可能在这种路边。”\n\n“没错，没错。而且还对素未谋面的我们出手相助……”\n\n“你这家伙，注意口气！”\n\n“啊！”\n\n他们先是说了一堆让人云里雾里的话，又好像突然清醒了似的闭上了嘴盯向我们。\n\n“对、对了……感谢你们的帮助！”\n\n“但是说这种玩笑会让你们受苦的！还请多注意……”\n\n留下这几句话，居民们匆匆离去了。\n\n感觉只是莫名扫了自己的兴。"
      ]
    },
    {
      "id": 97101301,
      "title": "锈蚀的刀柄 判定 - 剑法乃斩击",
      "eventDesc": "",
      "prevDesc": "",
      "behaveDesc": "谁来说出自己的见解？",
      "successDesc": [
        "“很有眼光！”\n\n最前面拿着杯子的人高声说着，大笑起来。\n\n“这可不是在贬低其他做法！只是啊，用锐器的理由不就是为了斩开什么东西吗！”\n\n另外两人无可奈何地点点头。\n\n“毕竟只是说刀刃嘛，也没办法……”\n\n“但说来也是。把头砍下来和把头敲爆，结果都是差不多的。”\n\n“来！气氛正好，把这个拿走吧！”\n\n主张斩击优越之处的人一边拍了拍罪人的后背，一边递给了他什么东西。"
      ],
      "failureDesc": [
        "“很有眼光！”\n\n最前面拿着杯子的人高声说着，大笑起来。\n\n“但是……”\n\n那人突然一脸严肃，用恐怖的眼神瞪着罪人{0}。\n\n“作为武者，说出这种不走心的话不会感到羞愧吗？”\n\n“真是，又来了！是你先把路过的人牵扯进来的，现在又想吓唬人家？”\n\n旁边的两人心情愉快地把罪人{0}拉到桌边。\n\n“果然贯穿的一击才更厉害吧？我懂！”\n\n“果然敲碎脑袋的打击感会让人上瘾的吧？”\n\n两人续上酒，一同鼓励罪人{0}。"
      ]
    },
    {
      "id": 97101401,
      "title": "破碎的刀刃判定 - 拔剑",
      "eventDesc": "",
      "prevDesc": "",
      "behaveDesc": "要拜托哪位罪人呢？",
      "successDesc": [
        "罪人{0}接过剑。\n\n“……！”\n\n整顿呼吸后，罪人{0}瞬间拔剑将眼前目标斩开。\n\n不知道是不是有哪里奇怪，那东西咯咯笑着消失了……\n\n只在原地留下了破碎的刀刃。"
      ],
      "failureDesc": [
        "罪人{0}接过剑。\n\n“……！”\n\n整顿呼吸后，罪人{0}瞬间拔……\n\n……不出剑，剑就那样掉在地板上。\n\n……由于握反了剑鞘，剑刃的部分从手掌划过了。\n\n正当罪人{0}忙着止血的时候，它早已消失不见。"
      ]
    },
    {
      "id": 97101402,
      "title": "折断的刀刃判定 - 垂剑",
      "eventDesc": "",
      "prevDesc": "",
      "behaveDesc": "要拜托哪位罪人呢？",
      "successDesc": [
        "罪人{0}接过剑。\n\n“……”\n\n罪人{0}慢慢拔出剑，将剑鞘扔向一边，随后将剑刃指向地面。\n\n不知道这个动作是不是有哪里奇怪，那东西咯咯笑着消失了……\n\n只在原地留下了折断的刀刃。"
      ],
      "failureDesc": [
        "罪人{0}接过剑。\n\n“……”\n\n罪人{0}慎重地，流畅地拔……\n\n……不出剑，剑就那样掉在地板上。\n\n……由于握反了剑鞘，剑刃的部分从手掌划过了。\n\n正当罪人{0}忙着止血的时候，它早已消失不见。"
      ]
    },
    {
      "id": 97101601,
      "title": "红色流苏 - 殃及池鱼",
      "eventDesc": "",
      "prevDesc": "",
      "behaveDesc": "让哪位罪人传话？",
      "successDesc": [
        "“哈！”\n\n腰间佩剑的人大笑出声。\n\n“真是愚问贤答。在都市进行这种问答毫无意义吧。”\n\n那人咔哈哈爽快地笑着，将自己剑上挂着的流苏拔下来递给我们。\n\n“我对你的答案颇为满意。这是礼物。万一你们和剑契组起了冲突，就给他们看这个。”\n\n“无论怎么使用都能派上用场的。”\n\n他一边说着，一边挥着手向别处走去。"
      ],
      "failureDesc": [
        "“说的不错。”\n\n两人微微点头。\n\n“但是，能说出那样豁达的答案的你，似乎没有与之相称的才能啊。”\n\n两人一边尴尬地笑了笑，一边背过身去走远了。\n\n被留下的罪人{0}似乎有些受伤，微微垂下头。"
      ]
    },
    {
      "id": 97101701,
      "title": "损坏的竹笠 判定 - 重要的另有其事",
      "eventDesc": "",
      "prevDesc": "",
      "behaveDesc": "让哪位罪人发言？",
      "successDesc": [
        "青色文字渐渐消失，新的文字浮现出来。\n\n“喜”\n\n那文字漂浮了一会，随后变成某种别的形状，啪一下落在地上。\n\n地面上是一顶损坏的破旧竹笠。"
      ],
      "failureDesc": [
        "青色文字渐渐消失，新的文字浮现出来。\n\n“怒”\n\n那文字漂浮了一会，随后就像是燃烧起来一般消失了。\n\n……是不合它心意吗？"
      ]
    },
    {
      "id": 97101702,
      "title": "陈旧的长袍 - 是则是",
      "eventDesc": "",
      "prevDesc": "",
      "behaveDesc": "让哪位罪人发言？",
      "successDesc": [
        "青色文字渐渐消失，新的文字浮现出来。\n\n“乐”\n\n那文字漂浮了一会，随后变成某种别的形状，啪一下落在地上。\n\n地面上是一件仿佛沉淀了无数岁月一般陈旧的长袍。"
      ],
      "failureDesc": [
        "青色文字渐渐消失，新的文字浮现出来。\n\n“哀”\n\n那文字漂浮了一会，随后就像是燃烧起来一般消失了。\n\n……是不合它心意吗？"
      ]
    },
    {
      "id": 97102101,
      "title": "整体性地调查工厂。",
      "eventDesc": "",
      "prevDesc": "",
      "behaveDesc": "应该让谁帮忙？",
      "successDesc": [
        "罪人{0}环顾四周，一番思索之后，察觉到工厂中的机器运转得相当快。\n\n要是多睡2小时的话，势必会增加其他职员的负担的……\n\n工厂产量说不定也出现了问题，罪人{0}如是说道。\n\n“洞察力真是敏锐。”\n\n“听见了吗？所以别找借口了，把嘴闭上然后回去工作。”\n\n厂长看着那个缓缓走下台阶的员工，又一边从口袋里掏出了什么东西交给我们。\n\n“这东西本来是给积极干活的员工的，现在看来倒也没必要了。你们就拿走吧。”"
      ],
      "failureDesc": [
        "哪怕是员工本人，也都没有注意到自己睡了整整两个小时。罪人{0}对此提出了疑问。\n\n“啧啧，这可真是让我厂颜面尽失啊。”\n\n“你被炒了。”\n\n才发现自己好像做错了什么，但已经晚了。\n\n员工噙着眼泪慢慢跪倒在地，厂长却头也不回地走了。\n\n留下的只有痛哭流涕的员工和我们。"
      ]
    },
    {
      "id": 97102102,
      "title": "仔细地调查厂长和员工。",
      "eventDesc": "",
      "prevDesc": "",
      "behaveDesc": "应该让谁帮忙？",
      "successDesc": [
        "罪人{0}在两人之间徘徊，察觉到两人的一天长短完全不一样。\n\n对于一天有80个小时的厂长，员工看上去就像睡了整整两个小时。\n\n但对于一天只有6个小时的员工来说，他仅仅只小睡了九分钟，罪人{0}如是说道。\n\n“嗯，那你一天工作多久呢？”\n\n“5……个……小时……”\n\n“啊，差不多。那就这样吧，下次注意。”\n\n了解情况后，厂长不再多说什么，便从员工的身边走了过去。\n\n或许是为了表达对我们的谢意。那位员工非常缓慢地弯下腰来，往我们手里塞了什么东西。"
      ],
      "failureDesc": [
        "罪人{0}提出，二人所拥有的时间完全不相等。\n\n“难道我也得逐一考虑这种琐事吗？”\n\n“九分钟也好，两小时也罢，睡着了的事无可改变。你被炒了。”\n\n才发现自己好像做错了什么，但已经晚了。\n\n员工噙着眼泪慢慢跪倒在地，厂长却头也不回地走了。\n\n留下的只有痛哭流涕的员工和我们。"
      ]
    },
    {
      "id": 97102201,
      "title": "",
      "eventDesc": "",
      "prevDesc": "",
      "behaveDesc": "应该让谁搭话？",
      "successDesc": [
        "罪人{0}提出，他们的计算似乎有些问题。\n\n其他的罪人说附近就有征收所，因为金额很大所以最好去确认一下为妙，由此引起了周围人的注意。\n\n路人们开始叽叽喳喳七嘴八舌地议论起来，时间征收人员只好无奈地点了点头。\n\n“另外，你们没有带表啊。”\n\n“最好还是别引起太大骚乱为妙。”\n\n或许是征收不顺利的原因，征收人员抱怨了几句，在罪人衣服上贴了什么就不见了。"
      ],
      "failureDesc": [
        "罪人{0}提出，他们的计算似乎有些问题。\n\n其他的罪人说附近就有征收所，因为金额很大所以最好去确认一下为妙，由此却引起了周围人的注意。\n\n掀起了四周一片哗然。\n\n“你们没有带表啊。”\n\n“另外，你们引起了周围的骚乱，我应对你们予以征收。”"
      ]
    },
    {
      "id": 97102301,
      "title": "",
      "eventDesc": "",
      "prevDesc": "",
      "behaveDesc": "要拜托哪位罪人呢？",
      "successDesc": [
        "询问好不容易追上的青年，明明时间还很充裕，为什么要那么急急忙忙的。\n\n青年好像对等待罪人{0}的回复都很着急，一边看着表一边小跑绕着圈。\n\n“早点处理完工作，就有更多的时间！”\n\n“那工厂的厂长，肯定一天比我多活10个小时！”\n\n罪人{0}歪着头，问他要把多出的时间花在哪里。\n\n“要是有了更多的时间，就能更多地工作了！啊，好像要迟到了。”\n\n青年一边说着迟了迟了，一边急急忙忙地往建筑物中飞奔而去。\n\n有如此多的时间，结果却不知道该花在哪儿。\n\n青年离开的地方好像留下了什么。\n\n即使想要归还，他也走得无影无踪了。"
      ],
      "failureDesc": [
        "那个青年已经追不上了。\n\n真是没办法啊。"
      ]
    },
    {
      "id": 97102302,
      "title": "",
      "eventDesc": "",
      "prevDesc": "",
      "behaveDesc": "要拜托哪位罪人呢？",
      "successDesc": [
        "明明时间已经似乎所剩无几，为什么还要露出那样的表情呢。\n\n这时老人一边慈祥地笑着，一边慢悠悠地在纸上写着什么。\n\n“不要在乎你拥有了多少时间。”\n\n“要在乎你如何使用你所有的时间。”\n\n“在目不暇接异彩缤纷的世界里，一个人闲庭信步，如此快意瞬间，为什么要愁眉苦脸呢？”\n\n老人慢慢回头，开始向前走去。\n\n老人待过的地方好像留下了什么。\n\n抬起头想还给他，但是却寻觅不到老人的身影了。"
      ],
      "failureDesc": [
        "明明时间已经似乎所剩无几，为什么还要露出那样的表情呢。\n\n这时老人一边慈祥地笑着，一边慢悠悠地在纸上写着什么。\n\n没时间这样等下去了。\n\n丢下写着字的老人，返回了先前的道路。"
      ]
    },
    {
      "id": 97102401,
      "title": "",
      "eventDesc": "",
      "prevDesc": "",
      "behaveDesc": "让哪位罪人传话？",
      "successDesc": [
        "一起努力！\n\n圣愚一面高呼着口号，一面把从富人那里偷来的几瓶酒取了出来，往垒起来的酒杯上倒。\n\n酒向下流淌，灌满了下方的杯子。"
      ],
      "failureDesc": [
        "生硬喊出的口号，让怀疑的目光纷纷投射而来。\n\n以还有事要忙为借口，迅速逃离了据点。"
      ]
    },
    {
      "id": 97102501,
      "title": "",
      "eventDesc": "",
      "prevDesc": "",
      "behaveDesc": "让哪位罪人发言？",
      "successDesc": [
        "已经竭尽所能地施以援手，不过依然毫无意义。\n\n他们无法移动，也不能以物理手段加以干涉。\n\n在调查之中，我们在受害者脚边发现了一张可疑的收据单。\n\n兴许是条线索。"
      ],
      "failureDesc": [
        "已经竭尽所能地施以援手，却依然毫无意义。\n\n他们无法移动，也不能以物理手段加以干涉。"
      ]
    }
  ]
}