{
  "dataList": [
    {
      "id": "816601_success_1",
      "content": "<color=#ebcaa2>[{0}]</color>获得%{2} [{1}]/%"
    },
    {
      "id": "816601_success_2",
      "content": "<color=#ebcaa2>[{0}]</color>在下回合获得%{2} [{1}]/% "
    },
    {
      "id": "816601_failure_1",
      "content": "在下回合对<color=#ebcaa2>[{0}]</color>施加%{2} [{1}]/%"
    },
    {
      "id": "816601_failure_2",
      "content": "<color=#ebcaa2>[{0}]</color>受到{1}点理智值伤害"
    },
    {
      "id": "816602_success_1",
      "content": "<color=#ebcaa2>[{0}]</color>获得%{2} [{1}]/%"
    },
    {
      "id": "816602_success_2",
      "content": "<color=#ebcaa2>[{0}]</color>恢复{1}点体力与点{2}理智值"
    },
    {
      "id": "816602_failure_1",
      "content": "<color=#ebcaa2>[{0}]</color> 的本体和部位恢复{1}点体力"
    },
    {
      "id": "816602_failure_2",
      "content": "<color=#ebcaa2>[{0}]</color>受到{1}点理智值伤害"
    },
    {
      "id": "817101_log_1_1",
      "content": "对<color=#ebcaa2>[{0}]</color>施加%{2} [{1}]/%"
    },
    {
      "id": "817101_log_1_2",
      "content": "在下回合对<color=#ebcaa2>[{0}]</color>施加%{2} [{1}]/%"
    },
    {
      "id": "817302_success_1",
      "content": "<color=#ebcaa2>全体友方单位</color> 恢复{0}点理智值"
    },
    {
      "id": "817302_success_2",
      "content": "<color=#ebcaa2>[{0}]</color>在剩余的遭遇战期间，获得%{2} {1}/% "
    },
    {
      "id": "817302_success_3",
      "content": "<color=#ebcaa2>本场战斗中的所有罪人</color>获得%{1} {0}/% "
    },
    {
      "id": "817302_failure_1",
      "content": "<color=#ebcaa2>[{0}]</color>在剩余的遭遇战期间，获得%{2} {1}/% "
    },
    {
      "id": "817302_failure_2",
      "content": "<color=#ebcaa2>本场战斗中的所有罪人</color>获得{1} {0}"
    },
    {
      "id": "817304_success_1",
      "content": "<color=#ebcaa2>罪人[{0}]</color>恢复{1}点理智值"
    },
    {
      "id": "817304_success_2",
      "content": "[{0}]在{1}回合内获得%{3} {2}/%"
    },
    {
      "id": "817304_success_3",
      "content": "所有凯瑟琳的双手在{0}回合内获得%{2} {1}/%"
    },
    {
      "id": "817304_success_4",
      "content": "所有凯瑟琳的双手在{0}回合内获得%{2} {1}/%"
    },
    {
      "id": "817304_failure_2",
      "content": "所有凯瑟琳的双手在{0}回合内获得%{2} {1}/%"
    },
    {
      "id": "817304_failure_1",
      "content": "[{0}]在{1}回合内获得%{3} {2}/%"
    },
    {
      "id": "817305_1",
      "content": "[{0}]的<color=#80c9ff>理智值恢复至上限</color>"
    },
    {
      "id": "817305_2",
      "content": "<color=#ebcaa2>所有罪人</color><color=#80c9ff>恢复{0}点理智值</color>"
    },
    {
      "id": "817305_3",
      "content": "[{0}]的{1}变为{2}"
    }
  ]
}