{
  "dataList": [
    {
      "id": 97102702,
      "title": "",
      "eventDesc": "",
      "prevDesc": "",
      "behaveDesc": "让哪位罪人上前？",
      "successDesc": [
        "“嗯，好吧。虽然是有听说过头等舱不好的传言，但是……你说的也有道理。”\n\n“随便吧，反正赚了这么多钱，就买一张头等舱的票吧。”\n\n“或许是被罪人{0}的热情推销所打动，乘客决定购买一张头等舱的票。”\n\n“谢谢你的提议，陌生人。”\n\n乘客从口袋里掏出一张票券，递给了{0}。\n\n“这是我订阅的杂志公司的赠品，就送你了吧。”"
      ],
      "failureDesc": [
        "“你并不是W公司的工作人员，对吧……？”\n\n“不好说，你似乎很卖力地想说服我。”\n\n“我会考虑考虑的。”\n\n虽然他这么说着，但他已经明显倾向于乘坐经济舱了。"
      ]
    },
    {
      "id": 97102901,
      "title": "",
      "eventDesc": "",
      "prevDesc": "",
      "behaveDesc": "要拜托哪位罪人呢？",
      "successDesc": [
        "清扫职员们的脚下散落着可以使用的装备。\n\n如果那些是W公司技术产品的话……接下来就很可能派上用场了。\n\n罪人{0}小心翼翼地爬到了散落着装备的地方。\n\n那些血袋似乎还没注意到{0}。"
      ],
      "failureDesc": [
        "清扫职员们的脚下散落着可以使用的装备。\n\n如果那些是W公司的产品的话……接下来就很可能派上用场了。\n\n罪人{0}小心翼翼地爬到了散落着装备的地方。\n\n哗啦。\n\n罪人{0}的衣服钩住了什么东西，布料的声音在车厢内回荡。\n\n就在这时，一个血袋注意到了{0}，随即挥起了手中的武器。"
      ]
    },
    {
      "id": 97103001,
      "title": "",
      "eventDesc": "",
      "prevDesc": "",
      "behaveDesc": "让哪位罪人上前？",
      "successDesc": [
        "由乘客的肉体组成的活体线缆伸向罪人{0}。\n\n罪人{0}无视了那种恶心的感觉，即使被线缆触碰也仍然待在原地。\n\n 不久后，认证完成的声音响起，线缆回到了原位。\n\n有什么东西掉在手续办理成功的罪人{0}面前。"
      ],
      "failureDesc": [
        "由乘客肉体构成的活体线缆伸向罪人{0}。\n\n难以忍受蠕动的肉块和恶心的触感，罪人{0}将线缆砍下。\n\n无数血管与肉块以及骨头碎片像是沸腾了一般活动起来。\n\n粗大的线缆试图抓住罪人{0}……\n\n幸运的是，他们没被抓住，得以逃到下一节车厢。\n\n脱身的罪人{0}的心脏附近似乎粘着什么。"
      ]
    },
    {
      "id": 97103101,
      "title": "",
      "eventDesc": "",
      "prevDesc": "",
      "behaveDesc": "让哪位罪人来观察？",
      "successDesc": [
        "已经没法再做些什么了。\n\n罪人{0}检查义体，然后指出了某个部件。 \n\n义体的主人虽已不能动弹，但关节上的部件还在正常工作。\n\n我突然想到，火车到站之后，损坏的义体是否也能正常复原呢？\n\n考虑到乘客们的衣服都能恢复，那么义体应该也会回到之前的状态吧。\n\n那样的话，我们借这义体一用也没什么关系对吧？\n\n我让罪人{0}拆解了义体。"
      ],
      "failureDesc": [
        "已经没法再做些什么了。\n\n希望在列车到站之后，可以正常复原吧。"
      ]
    }
  ]
}