{
  "dataList": [
    {
      "id": 8349,
      "codeName": "",
      "name": "乘客血袋",
      "clue": "线索",
      "storyList": [
        {
          "level": 1,
          "story": "喂，我就非得现在写这玩意吗？\n\n哈，行吧……没准后面还能有用呢。\n\n首先，那躯体里面有一些暗红色的骨头冒出来。不过我也不觉得那像是真的骨头……\n\n我曾经在酒吧里遇见过一个矿上来的家伙，有一次他给我看了眼他偷偷摸出来的宝石原石。和那些东西还挺像的。\n\n它们倒是也有红色的眼睛。\n\n不，不是说眼球充血的那种，更像是本来就是红色的……噢，那他们确实像是急红了眼，发着疯朝我们冲过来。\n\n或者说是他们非常饥渴？\n\n直觉而已，我就那么一说。但他们的眼神怪怪的，带着某种渴望……让人毛骨悚然。\n\n你看……它们一见到人，就不假思索地冲上来攻击，不是吗？\n\n与其说是专门对我们抱有敌意，不如说它们其实是为我们身体里的血肉而疯狂。\n\n我觉得吧，就像是装作人样的野兽。\n\n还有什么……哦对，记得要彻底让他们动弹不得。要是直接落下不管的话，这些东西会一点点再生的。\n\n好吧，我们伟大的浮士德小姐曾说，在列车里“动弹不得”是不可能的，但是……\n\n……至少把他们的尸块放得远远的，那么没个一两天它们也再生不过来的。\n\n它们毫无畏惧地冲过来，不太好对付。但我们都搞得定。\n\n还有，它们手臂上的那些红色玩意会突然袭击，所以看好了。\n\n→ 喔！就像宝石原石？要是搞去卖了应该能赚个不少吧！\n\n→ 不，不是这么讲的吧，罗佳女士……\n\n→ 那些结晶只是凝结的血液而已，并不具有高昂的金钱价值。\n\n→ 不好意思，我稍微有点兴奋过头了。"
        }
      ]
    },
    {
      "id": 8348,
      "codeName": "",
      "name": "W公司血袋",
      "clue": "线索",
      "storyList": [
        {
          "level": 1,
          "story": "喂，我就非得现在写这玩意吗？\n\n哈，行吧……没准后面还能有用呢。\n\n首先，那躯体里面有一些暗红色的骨头冒出来。不过我也不觉得那像是真的骨头……\n\n我曾经在酒吧里遇见过一个矿上来的家伙，有一次他给我看了眼他偷偷摸出来的宝石原石。和那些东西还挺像的。\n\n它们倒是也有红色的眼睛。\n\n不，不是说眼球充血的那种，更像是本来就是红色的……噢，那他们确实像是急红了眼，发着疯朝我们冲过来。\n\n或者说是他们非常饥渴？\n\n直觉而已，我就那么一说。但他们的眼神怪怪的，带着某种渴望……让人毛骨悚然。\n\n你看……它们一见到人，就不假思索地冲上来攻击，不是吗？\n\n与其说是专门对我们抱有敌意，不如说它们其实是为我们身体里的血肉而疯狂。\n\n我觉得吧，就像是装作人样的野兽。\n\n还有什么……哦对，记得要彻底让他们动弹不得。要是直接落下不管的话，这些东西会一点点再生的。\n\n好吧，我们伟大的浮士德小姐曾说，在列车里“动弹不得”是不可能的，但是……\n\n……至少把他们的尸块放得远远的，那么没个一两天它们也再生不过来的。\n\n它们用的W公司制式武器不太好应付，但也差不多能搞定。\n\n另外，哪怕现在变成了这样，它们似乎还保留着以前使用武器战斗的记忆，所以记得小心。\n\n→ 嘿，你觉得咱们要是能把那些W公司的武器都当掉，能值多少钱？哦哦，没准我们自己也能用用呢~\n\n→ 卖掉换钱好像不太合适，对吧……？我也不知道我们该不该自己拿来用……\n\n→ ……我觉得我们还不至于非要偷运变卖翼的武器……\n\n→ 不好意思，我稍微有点兴奋过头了。"
        }
      ]
    },
    {
      "id": 8347,
      "codeName": "",
      "name": "萨莎",
      "clue": "线索",
      "storyList": [
        {
          "level": 1,
          "story": "虽然我觉得她是个随心所欲又没礼貌的家伙，但没想到她居然是血魔。\n\n因为不想死……算了，能够理解。当然能理解了。\n\n在战场上带着这种想法向敌人投降的家伙我看过太多了。\n\n他们即使屈服了，也得不到什么好待遇……除非有所依靠，否则他们投降后大多也只有一死。\n\n也许因为我是看着那些人过来的吧……所以才没法像堂吉诃德一样谴责那种选择。\n\n……当然，一码归一码。\n\n首先肯定是要让自己活下来。在这座列车里待上几千年？别开玩笑了。\n\n说到底不明不白地在一辆运转的列车中清醒过来本人就让人不爽……算了，先不管这些。\n\n总之先开始说明……即使红色结晶从义体各处穿刺而出，它也仍然维持着几种正常的功能。\n\n比如瞬间提高输出，一感到危险就使用义体部分的特殊战斗方式也没有区别。\n\n要说有什么不同……我想想。如果被那家伙砍伤，伤口会很难愈合。\n\n应该说是某种尖锐的结晶会撕开你的肉……除那以外，应该没什么特别的了。\n\n虽说在列车内她能无限地再生也很危险，但除此之外她和别的血篮也大差不差。\n\n问了一下浮士德小姐，据说是因为她刚成为眷属不久。\n\n→ 那些带着怯懦的情绪踏上战场的家伙们的下场都简单明了。得不到好的待遇是理所当然。\n\n→ 每当这时，我们的意见就得不到统一。你不觉得她很可悲吗？\n\n→ 我不可能相信一个只因为怕死就投敌的人。我只会鄙视他们。\n\n→ ……如果是在战场上，你可能是对的。但一切不都已经结束了吗。\n\n→ 不，一切都没有结束。“结束了”只不过是你的愿望罢了。\n\n→ 观察记录并不是战场。请控制讨论行为。\n\n→ 以及，不是血篮而是血袋。你持续以错误词汇代替被定义的词汇，令人深感遗憾。\n\n→ 说得对……对不起。"
        }
      ]
    },
    {
      "id": 8346,
      "codeName": "",
      "name": "义体血袋",
      "clue": "线索",
      "storyList": [
        {
          "level": 1,
          "story": "喂，我就非得现在写这玩意吗？\n\n哈，行吧……没准后面还能有用呢。\n\n首先，那躯体里面有一些暗红色的骨头冒出来。不过我也不觉得那像是真的骨头……\n\n我曾经在酒吧里遇见过一个矿上来的家伙，有一次他给我看了眼他偷偷摸出来的宝石原石。和那些东西还挺像的。\n\n它们倒是也有红色的眼睛。\n\n不，不是说眼球充血的那种，更像是本来就是红色的……噢，那他们确实像是急红了眼，发着疯朝我们冲过来。\n\n或者说是他们非常饥渴？\n\n直觉而已，我就那么一说。但他们的眼神怪怪的，带着某种渴望……让人毛骨悚然。\n\n你看……它们一见到人，就不假思索地冲上来攻击，不是吗？\n\n与其说是专门对我们抱有敌意，不如说它们其实是为我们身体里的血肉而疯狂。\n\n我觉得吧，就像是装作人样的野兽。\n\n还有什么……哦对，记得要彻底让他们动弹不得。要是直接落下不管的话，这些东西会一点点再生的。\n\n好吧，我们伟大的浮士德小姐曾说，在列车里“动弹不得”是不可能的，但是……\n\n……至少把他们的尸块放得远远的，那么没个一两天它们也再生不过来的。\n\n那些义体好像还在动，所以可能有点麻烦。不过我觉得我们应该也差不多。\n\n还有一件事，这些血袋和那些普通的家伙之间不太好分得清。好好注意那些伸出来的红色东西。\n\n→ 喂，我们要是自己来戴上点义体呢？\n\n→ 我很早就想告诉你这一点了，罗佳。为了杜绝影响复原阶段的可能，还请不要从列车上收集物品。\n\n→ 另外，咱们也有可能一直被监视着不是吗？上面的家伙们可喜欢监视来监视去了，不是吗~\n\n→ 开个玩笑嘛，玩笑啦。\n\n→ 慢着，你之前原来是认真的吗……？"
        }
      ]
    },
    {
      "id": 8350,
      "codeName": "",
      "name": "卡塞蒂",
      "clue": "线索",
      "storyList": [
        {
          "level": 1,
          "story": "记录遭遇该实体时收集到的信息。\n\n自称第六眷属的此血魔呈现精神不稳定的状态。\n\n目标的语言模式断续且不合逻辑，目前难以判明那是由其逃离的家族造成，还是由WARP列车内封闭的环境造成。\n\n只是，考虑到[需要更高级别权限以访问数据]的阅览内容，推断其成因更有可能为前者。\n\n目标的主要语言特征为重复使用“游行”、“假面”以及“王子”等词汇。\n\n虽然存在其确实处于王子这一身份的可能性，但参照极端对话以及其反应，可以推测其在来到WARP列车之前正在参演某种类似话剧的事情。\n\n随后与目标的对话难以推进，而进入了战斗。\n\n战斗中观察到其拥有将血液结晶化制作成强力武器，关于这一点在■■■■■中确认了相似的观测记录，得以确认此特征为[需要更高级别权限以访问数据]的下位眷属。\n\n确认到该武器的实际硬度及强度非同寻常，能够比普通武器造成更大的伤口。\n\n这与基于对■■■■■的观测进行的[需要更高级别权限以访问数据]中的记录一致。\n\n其被逼入绝境时会将血袋中保存的血液全部吸收，确认到目标与其余血魔个体相似，持有大量血液时能力会指数倍增强。\n\n在数小时的战斗后，确认到目标得益于血魔优秀的再生能力以及WARP列车中的时间停止，拥有了近乎不死的能力。\n\n由于其无法通过常规方式镇压，[需要更高级别权限以访问数据]。\n\n幸运的是，[需要更高级别权限以访问数据]。\n\n只是，由于[需要更高级别权限以访问数据]，所以[需要更高级别权限以访问数据]。\n\n结果，该个体被成功讨伐。\n\n报告结束。\n\n→ 小浮……中间被省略掉的部分是不是太多了点？\n\n→ 因为权限级别不够。\n\n→ 嗯，这级别该怎么上升？我觉得至少需要让经理能够进行确认。\n\n→ 提升权限级别的方式是[需要更高级别权限以访问数据]。\n\n→ 不是，连这个都藏住那还能怎么办啊？真是的……"
        }
      ]
    }
  ]
}