{
  "dataList": [
    {
      "id": 8152,
      "codeName": "??-??-??-??",
      "name": "忧郁罪种？",
      "clue": "线索",
      "storyList": [
        {
          "level": 0,
          "story": "- 它类似于曾经观察到的昆虫形状实体，有着透明的身躯。\n- 与以往有所不同的是，在其体内发现了更多维持生命所需的器官。\n- 然而，尚未发现足以将其定义为生物体的物理条件。\n- 某种类似于“手”的器官被目击到，且其正挥舞一个圆形的物体。\n- 对其行为与攻击方式进行分析后表明，那个圆形物体是类似于液囊的东西。\n- 它体内的液体似乎与液囊所连接。当液囊膨胀时，它躯干内的液体就会减少。\n- 发现了几个可能称得上“腿”或“触角”的器官。目前无法确定除了攻击外的其他特定用途。\n- 建议还是别长时间盯着它看比较好。\n- 回想起过去的负面事件依然令人不愉快。"
        }
      ]
    },
    {
      "id": 8151,
      "codeName": "??-??-??-??",
      "name": "暴怒罪种？",
      "clue": "线索",
      "storyList": [
        {
          "level": 0,
          "story": "那玩意变得更大了？\n它眼睛里的血丝更多了，还恶狠狠地盯着我……而且好像长出了条尾巴。\n说白了就是变得更恶心人了。\n就像是从干鱿鱼脚变成了稍微膨胀一点的半干鱿鱼脚那样。它流出来的红色液体还是让人的胃跟烧起来一样。\n它的攻击照样是刺人……但是总觉得好像更多样了一点。\n最让我印象深刻的是它咻一下挥起尾巴飞扑过来那次。你想，原本它没这玩意对吧？\n也可能它一直都能这么做，只是原本的肢体压根支撑不住。\n嘛……和我没啥关系。\n啊，还有它每次攻击都会点火。得注意别被烧伤了。\n我猜……要是再被那东西攻击，我又会莫名其妙感到恼火？\n我觉得还是尽快把那东西揍一顿，让它动弹不得比较好。"
        }
      ]
    },
    {
      "id": 8154,
      "codeName": "??-??-??-01",
      "name": "扭曲的金笠",
      "clue": "线索",
      "storyList": [
        {
          "level": 0,
          "story": "按经理要求进行事后报告。\n与推测相符，这个名为“金笠”的人已经从他的心象深处进一步的扭曲了。\n迹象包括为从他身体上散发出的不详黑雾，眼睛里散出的深蓝色光芒，以及正常交流的可能性很小。\n……至于最后一项，我之前一直没能做好。\n然而，即便从外表的观察中也可以明显看出，此人内心深处有着强烈的悲伤。\n他们称之为“恨”，人们认为抑郁会转化为愤怒，并影响战斗能力。\n就我个人而言……一个被称为“头领”的人，在团体中处于领导地位，不应长时间保持这种情绪状态。\n如果他连理智也丧失了，我想他作为一位领导者是不够格的。\n无论对方的实力有多出众，对付这样一名意志薄弱的头领，在我看来绰绰有余。\n我在此结束报告。\n感谢您的阅读。"
        }
      ]
    }
  ]
}