{
  "dataList": [
    {
      "id": 901054,
      "name": "",
      "subDesc": "",
      "desc": "滴-答 滴-答\n\n黏腻的齿轮声不断回荡。\n\n或是机械啮合的声响，又或是水流汇聚的声音。\n\n疲惫不堪，低垂着头的鸭子站在我们面前。\n\n齿轮声愈加强力，兔子却似乎无能为力。\n\n不，或许这是只鸭子吧。\n\n兔子提问。\n\n“从你眼中观望，我是何种模样？”",
      "options": [
        {
          "message": "是鸭子。",
          "result": [
            ""
          ]
        },
        {
          "message": "是兔子。",
          "messageDesc": "怠惰、嫉妒优势判定 成功后，获得1件沉沦E.G.O饰品",
          "result": [
            ""
          ]
        }
      ]
    },
    {
      "id": 901058,
      "name": "",
      "subDesc": "",
      "desc": "“你怎么想？”\n\n漂浮在空中的碎片出声询问。\n\n“关于这些沿着轨道巡回的事物。”\n\n“它们是被某种力量束缚了吧。”\n\n碎片上缠绕着迅速旋转，以及缓慢旋转的轨道。\n\n“但我也不喜欢被束缚。”\n\n“不如说我才是被束缚的一方。”\n\n“你的想法是？”",
      "options": [
        {
          "message": "被束缚的一方更可怜。",
          "messageDesc": "暴食、暴怒优势判定 成功后，编队中的所有人格等级提升",
          "result": [
            ""
          ]
        },
        {
          "message": "束缚着的一方更可怜。",
          "messageDesc": "暴食、嫉妒优势判定 成功后，获得1件泛用E.G.O饰品",
          "result": [
            ""
          ]
        }
      ]
    },
    {
      "id": 901061,
      "name": "",
      "subDesc": "",
      "desc": "这里像是个巨大的垃圾处理场。\n\n一切垃圾聚集于此，被舍弃，被焚毁。\n\n若是说有不同之处，那就是这垃圾处理场只有尸骸。\n\n人类的骸骨，野兽的骸骨，又或是并非这二者的某种骸骨。\n\n一切尸骸聚集于此。\n\n从那骨山中能听见声音，但由于太过微弱，难以辨别其传出的方向。",
      "options": [
        {
          "message": "寻找声音从何而来。",
          "messageDesc": "忧郁、暴食优势判定 成功后，获得1件沉沦E.G.O饰品",
          "result": [
            ""
          ]
        },
        {
          "message": "无视声音，继续走。",
          "result": [
            ""
          ]
        }
      ]
    },
    {
      "id": 901066,
      "name": "",
      "subDesc": "",
      "desc": "嘶——\n\n嘶——\n\n有一具发出不祥声音的骸骨。\n\n在它的脊椎中，能看见什么身影。\n\n或许是那人的呼吸声吧。",
      "options": [
        {
          "message": "将地上的呼吸器戴在它嘴上。",
          "messageDesc": "傲慢、忧郁优势判定 成功后，获得1件呼吸法E.G.O饰品",
          "result": [
            ""
          ]
        },
        {
          "message": "默默看着。",
          "result": [
            "在骸骨中看见的那身影，仅仅只是一份遗憾。\n\n毫无憎恶，毫无悔恨，正因它毫无意义，因此只是静静散去。\n\n仅存下的，只是那副空荡的骸骨。"
          ]
        }
      ]
    },
    {
      "id": 901068,
      "name": "",
      "subDesc": "",
      "desc": "它被绑缚在华丽的椅子上。\n\n似乎正严肃地看着我们。\n\n虽然它看起来想要说些什么，但它的嘴被绑住了。\n\n坐在椅子上的王扭动身子试图向我们靠近……却立刻被绑住它的东西拉了回去。\n\n美丽却残忍的红，无情地拉扯着它。这是……",
      "options": [
        {
          "message": "这是绷带。",
          "messageDesc": "傲慢、暴怒优势判定 成功后，获得1件泛用E.G.O饰品",
          "result": [
            ""
          ]
        },
        {
          "message": "这是枷锁。",
          "messageDesc": "傲慢、嫉妒优势判定 成功后，编队中的所有人格等级提升",
          "result": [
            ""
          ]
        }
      ]
    },
    {
      "id": 901069,
      "name": "",
      "subDesc": "",
      "desc": "听见了沉重的石块相互摩擦的声音。\n\n本以为是手掌，但那实际上是黑色的石头。\n\n手掌的指尖，又伸出新的手掌与手指。\n\n它用那指尖的手，朝向我。",
      "options": [
        {
          "message": "和它握手。",
          "result": [
            ""
          ]
        },
        {
          "message": "推开手。",
          "messageDesc": "傲慢、嫉妒优势判定 成功后，获得1件充能E.G.O饰品",
          "result": [
            ""
          ]
        }
      ]
    },
    {
      "id": 901073,
      "name": "",
      "subDesc": "",
      "desc": "能听到声音。\n\n“对，深海中很黑。”\n\n“但在那黑暗尽头的是光。”\n\n“因为，那里有能在黑暗中焕发光芒的东西。”\n\n“往那里去吧。”\n\n“我们将在至暗之处，散发出耀眼的光。”\n\n“虽然我们都被抛弃，但仍旧心怀梦想，还记得吗？”\n\n“走吧，为了实现梦想，深深地，深深地潜下去吧。”\n\n插在它背后的荧光灯，闪着微微的光。",
      "options": [
        {
          "message": "和它一起下潜。",
          "messageDesc": "怠惰、忧郁优势判定 成功后，获得1件破裂E.G.O饰品",
          "result": [
            ""
          ]
        },
        {
          "message": "为它修好微弱的荧光灯。",
          "messageDesc": "怠惰、嫉妒优势判定 成功后，获得1件呼吸法E.G.O饰品",
          "result": [
            ""
          ]
        },
        {
          "message": "拔出荧光灯。",
          "messageDesc": "战斗胜利后，获得1件破裂E.G.O饰品和1件呼吸法E.G.O饰品",
          "result": [
            "“不行，还没有到达目的地。”\n“它们还可以更加闪亮。”\n“它们必须更加闪亮，直到它们失去最后一丝光亮。”\n“快还给我。”"
          ]
        }
      ]
    },
    {
      "id": 901074,
      "name": "",
      "subDesc": "",
      "desc": "这里是古木建造的，宏伟宅邸的走廊。\n\n从远处传来踩踏地板的吱呀声，有什么东西走了过来。\n\n“我的主人是何等可怜啊。”\n\n“我是这宅邸的管家。”\n\n“这里曾发生过种种悲剧。”\n\n“我一直带着主人的肖像，因为如今已经无人记得那位了。”\n\n“怎么样，能看得清吗？”",
      "options": [
        {
          "message": "说看不见。",
          "messageDesc": "嫉妒、傲慢优势判定 成功后，获得1件沉沦E.G.O饰品",
          "result": [
            ""
          ]
        },
        {
          "message": "说看得清。",
          "messageDesc": "嫉妒、傲慢优势判定 成功后，编队中的所有人格等级提升",
          "result": [
            ""
          ]
        }
      ]
    },
    {
      "id": 901084,
      "name": "",
      "subDesc": "",
      "desc": "那里有带着一对羽翼的巨型大理石雕像。\n\n仔细一看，它的头部和手臂并不是石制的。\n\n取而代之，半透明的光似乎摇晃着想要形成某种形态。\n\n它如同海市蜃楼般的头正吹着喇叭，一只手上握着剑。\n\n那是赞扬什么的雕像？",
      "options": [
        {
          "message": "在雕像前面祈祷。",
          "messageDesc": "暴食、色欲优势判定 成功后，获得1件斩击E.G.O饰品",
          "result": [
            ""
          ]
        },
        {
          "message": "离开那里。",
          "messageDesc": "暴食、暴怒优势判定 成功后，获得1件泛用E.G.O饰品",
          "result": [
            ""
          ]
        }
      ]
    },
    {
      "id": 901085,
      "name": "",
      "subDesc": "",
      "desc": "能听见谁在喘着粗气。\n\n一个大块头的东西，正气喘吁吁，浑身颤抖。\n\n没时间探明那是出于愤怒还是悲伤。\n\n“那边的！你、是谁！”\n\n它向我们搭话。\n\n“看这个，上面到底写了什么？”\n\n它貌似是看不见，向我们递来一张小小的纸。\n\n那纸上写着，必须要保守某件事的秘密。\n\n是对某位患者的记录。\n\n“这上面到底写了什么？”",
      "options": [
        {
          "message": "如实回答。",
          "messageDesc": "忧郁、色欲优势判定 成功后，获得泛用E.G.O饰品",
          "result": [
            ""
          ]
        },
        {
          "message": "说上面什么都没有写。",
          "messageDesc": "忧郁、怠惰优势判定 成功后，获得打击E.G.O饰品",
          "result": [
            ""
          ]
        }
      ]
    },
    {
      "id": 901091,
      "name": "",
      "subDesc": "",
      "desc": "钟声响起。\n\n在几声吱呀声后，\n\n钟声再度响起。\n\n那报时的钟看着摇摇欲倒，又找回平衡。\n\n每当它恢复平衡，就能听到破碎的钟表声。\n\n它又一次摇摇晃晃，几乎要倒下。",
      "options": [
        {
          "message": "帮它找回平衡。",
          "messageDesc": "嫉妒、暴食优势判定 成功后，编队中的所有人格等级提升",
          "result": [
            ""
          ]
        },
        {
          "message": "让它倾倒得更厉害。",
          "messageDesc": "嫉妒、怠惰优势判定 成功后，获得1件震颤E.G.O饰品",
          "result": [
            ""
          ]
        }
      ]
    },
    {
      "id": 901095,
      "name": "",
      "subDesc": "",
      "desc": "雪山中矗立着被冻住的标识。\n\n靠近一看，才发现那不是标识。\n\n但，它依旧起到标识的作用。\n\n冻僵的尸体，用各自的手指向不同的方向。\n\n它手指向的方向上会有什么？",
      "options": [
        {
          "message": "向裂开的手所指的北方。",
          "result": [
            "看见了化为灰烬的村庄。\n\n这里似乎发生过严重的爆炸，大多建筑都被破坏了。\n\n迎面而来的暴风雪中混杂着烧焦的气味。\n\n在灰与雪覆盖的惨白废墟中，一座小屋映入眼帘。"
          ]
        },
        {
          "message": "向警告的手所指的东方。",
          "messageDesc": "根据后续选项，获得1件沉沦E.G.O饰品",
          "result": [
            "看见了昏暗的洞窟。\n\n在那里面，传出了至今为止从未听过的惨叫声。"
          ]
        },
        {
          "message": "向折断的手所指的西方。",
          "result": [
            "看见了与暴风雪不相称的花田。\n\n也许，可以在这里稍作休息。"
          ]
        },
        {
          "message": "回头。",
          "result": [
            "我们忽视了所有的手所指的方向，走过它。"
          ]
        }
      ]
    },
    {
      "id": 90109505,
      "name": "",
      "subDesc": "",
      "desc": "这里发生了什么？",
      "options": [
        {
          "message": "进行调查。",
          "result": [
            "小屋中放置着一口冒着热气的锅。\n\n恐怕大多数人都没能发现这个小屋，而冻毙于风雪之中了吧。"
          ]
        },
        {
          "message": "越过它。",
          "result": [
            "小屋被雪崩完全掩埋了。\n\n此处唯一能被辨别形体的小屋，转瞬之间便消失了。"
          ]
        }
      ]
    },
    {
      "id": 90109506,
      "name": "",
      "subDesc": "",
      "desc": "这里发生了什么？",
      "options": [
        {
          "message": "进行调查。",
          "messageDesc": "选择后，获得1件沉沦E.G.O饰品",
          "result": [
            "看到了找不到方向，一直旋转着的罗盘。\n\n拿起罗盘后，所有惨叫骤然停下了。"
          ]
        },
        {
          "message": "走过它。",
          "result": [
            "失去方向的人们的叫喊声仍不停息。\n\n虽然人们会觉得它们总该识路，但在一望无际的雪原里，无法辨别出方向。"
          ]
        }
      ]
    },
    {
      "id": 90109507,
      "name": "",
      "subDesc": "",
      "desc": "稍微休息一下吧？",
      "options": [
        {
          "message": "稍事休息。",
          "result": [
            "在休息的过程中寒气缓和了些许。\n\n虽说稍微有些迷路，不过我们还是继续前进。"
          ]
        },
        {
          "message": "越过它。",
          "result": [
            "前行路上风雪愈发凶猛。\n\n像刚才那样的地方，暂时是找不到了吧。"
          ]
        }
      ]
    },
    {
      "id": 901099,
      "name": "",
      "subDesc": "",
      "desc": "欢迎光临。这里是和平之城梅特罗波利斯。\n\n在梅特罗波利斯谁都不会受到伤害。\n\n然而，尽管被称作城市，这里看起来好像没有人。\n\n唯一说话的人，也只是向我们吐露着迎接的问候，并没有朝我们的方向看一眼。",
      "options": [
        {
          "message": "询问是否还有别的市民。",
          "result": [
            "“存在于某处。”\n\n“但是无法相见。”\n\n“这个城市的市民彼此绝对看不见对方，也无法彼此触碰。这就是这个城市的革新。\n\n“如果谁都无法触碰的话……”\n\n它自豪地加上了这样一句话。\n\n“这样就不会受到任何伤害。”"
          ]
        },
        {
          "message": "要求握手。",
          "messageDesc": "根据后续选项，获得1件充能E.G.O饰品",
          "result": [
            "“请问您在做什么？”\n\n“伸出手来触碰，是禁忌。”\n\n“触碰到的话，不论是您，还是我，会受伤的不是么。”\n\n“这样下去，最终所有人都会受伤的吧。”"
          ]
        }
      ]
    },
    {
      "id": 90109903,
      "name": "",
      "subDesc": "",
      "desc": "该如何抉择",
      "options": [
        {
          "message": "走过城市。",
          "result": [
            "“请便。”\n\n“即使时间流逝，伤口也只是会变成伤痕。”\n\n“总有一日你会感到怀念的。对这片无人受到伤害，无人伤害他人的，我们的世界。”"
          ]
        },
        {
          "message": "漫步于这片荒无人烟，见不到任何人的城市。",
          "result": [
            "街道漫无边际，漫步之中，甚至听不见任何人的呼吸。\n\n于是市民们永远生活在和平之中。"
          ]
        }
      ]
    },
    {
      "id": 90109904,
      "name": "",
      "subDesc": "",
      "desc": "该如何抉择",
      "options": [
        {
          "message": "仍旧尝试握手。",
          "messageDesc": "选择后，获得1件充能E.G.O饰品",
          "result": [
            "“不不不不不！”\n\n“没有什么能伤害我，不要看着我，不要向我伸出手，不要给我带来痛苦。”\n\n它在开始叫喊之后不过须臾便消失了。在原地落下了某物。"
          ]
        },
        {
          "message": "收回手并退下。",
          "result": [
            "从一开始，它就不存在能与我们握手的部位。\n\n我们放下了失去目的地的手。"
          ]
        }
      ]
    }
  ]
}