{
  "dataList": [
    {
      "id": 858501,
      "name": "",
      "subDesc": "",
      "desc": "能感受到似乎想传达什么的强烈视线。",
      "options": [
        {
          "message": "锐利的视线撕裂一切。",
          "messageDesc": "",
          "result": [
            "那锐利的视线甚至能撕裂它自身。"
          ]
        },
        {
          "message": "锐利的视线贯穿一切。",
          "messageDesc": "",
          "result": [
            "那锐利的视线甚至能贯穿它自身。"
          ]
        },
        {
          "message": "锐利的视线粉碎一切。",
          "messageDesc": "",
          "result": [
            "那锐利的视线甚至能粉碎它自身。"
          ]
        }
      ]
    },
    {
      "id": 858502,
      "name": "",
      "desc": "强烈的视线不知不觉间转变成了别样的凝视。",
      "options": [
        {
          "message": "那凝视似乎燃尽一切。",
          "messageDesc": "",
          "result": [
            ""
          ]
        },
        {
          "message": "那凝视似乎折磨一切。",
          "messageDesc": "",
          "result": [
            ""
          ]
        },
        {
          "message": "那凝视似乎目见一切。",
          "messageDesc": "",
          "result": [
            ""
          ]
        },
        {
          "message": "那凝视似乎吞噬一切。",
          "messageDesc": "",
          "result": [
            ""
          ]
        },
        {
          "message": "那凝视似乎停滞一切。",
          "messageDesc": "",
          "result": [
            ""
          ]
        },
        {
          "message": "那凝视似乎蔑视一切。",
          "messageDesc": "",
          "result": [
            ""
          ]
        },
        {
          "message": "那凝视似乎嫉妒一切。",
          "messageDesc": "",
          "result": [
            ""
          ]
        }
      ]
    }
  ]
}