{
  "dataList": [
    {
      "id": 971027,
      "name": "",
      "desc": "WARP列车停靠站内的购票所。\n\n很多人都在为了乘坐WARP列车而排队。\n\n在等待的时候，看起来像是翼的员工的人搭来了话。\n\n“可不可以问你一个问题？”\n\n“随便问！”\n\n“10秒就能抵达，那头等舱和经济舱有什么区别呢？”\n\n“虽然这次出差赚了不少钱……应该没有必要为了坐头等舱而浪费吧？”\n\n在等待中的员工的问题下，罪人们齐刷刷地看向了我。",
      "options": [
        {
          "message": "劝那人坐头等舱。",
          "messageDesc": "选择后，根据后续选项获得1件泛用E.G.O饰品",
          "result": [
            "既然彼此之间已经对话过了，那么给他一些简单的建议比较好。\n\n虽然无法详细说明，但还是劝他如果负担得起就去坐头等舱。\n\n“什么？头等舱吗？”\n\n乘客惊讶地瞪大眼睛看向我们。"
          ]
        },
        {
          "message": "说经济舱也不坏。",
          "messageDesc": "",
          "result": [
            "对初次见面的人……没有理由提供关于翼的奇点的建议。\n\n简短地打过招呼后，我们便结束了对话。\n\n罪人们的脸上不禁浮现出一丝罪恶感。"
          ]
        }
      ]
    },
    {
      "id": 97102701,
      "name": "",
      "desc": "头等舱……要花我两个月的工资……这值得吗？",
      "options": [
        {
          "message": "再次极力劝告。",
          "messageDesc": "嫉妒、怠惰优势判定 成功后，获得1件泛用E.G.O饰品"
        },
        {
          "message": "我认为不至于。",
          "messageDesc": "",
          "result": [
            "“果然只为了十秒的旅行就花这么多钱也有些浪费吧？”\n\n简短地打过招呼后，我们便结束了对话。\n\n罪人们的脸上不禁浮现出一丝罪恶感。"
          ]
        }
      ]
    },
    {
      "id": 971028,
      "name": "",
      "desc": "在停靠站等待的过程中遇到了义体收尾人。\n\n时尚的服装和四个机械臂。\n\n罪人中有几人带着好奇的目光看向了义体收尾人。\n\n或许是感觉到了视线？\n\n义体收尾人和罪人们对上了眼神。\n\n“从刚才开始一直在看着我，有什么问题吗？”",
      "options": [
        {
          "message": "“你是从北部来的吗？”",
          "messageDesc": "选择后，根据后续选项获得1件泛用E.G.O饰品",
          "result": [
            "“没错，我是从北部来的。你们是看衣服判断的吗？确实，北部人穿着各式各样厚重的衣服，所以会比较显眼。”\n\n“这里的建筑似乎都比较低矮。我喜欢这样能很好地看清楚景色的样子。北部的建筑都很高，不管在都市里走到哪儿都全是高楼大厦。”\n\n“不过你们的武器都挺朴素的。要不要再拿个大点的家伙，涂上些颜色或者带点装饰什么的，这样四处闲逛的时候也不会被人小瞧了。”\n\n“啊。还有，我在P公司的老家里卖的三色罐装冰激凌真的特别好吃。之后有机会——”\n\n“……”\n\n我有种即使没有耳朵也能耳朵起茧的感觉。\n\n我们听取了关于北部的详细说明。\n\n直到P公司各式各样的罐装特产时都还是有印象的。"
          ]
        },
        {
          "message": "“拥有四只手臂会带来什么益处吗？”",
          "messageDesc": "选择后，根据后续选项获得1件泛用E.G.O饰品",
          "result": [
            "“首先，因为是在昂贵的工坊里制作的，所以很结实。在进行收尾人工作的时候，手啊手臂啊不是很容易受伤吗？”\n\n“那时候比起再生手臂，修理它的费用要低廉很多。“\n\n“此外，不仅能一边打字一边接电话……还能一边看资料一边轻松打开罐装冰淇淋。“\n\n“这么说来，我在西部的时候，工作量多到四只手都不够——”\n\n“……”\n\n我有种即使没有耳朵也能耳朵起茧的感觉。\n\n那人告诉了我们四只手臂的益处。\n\n直到一边工作一边打开罐子时都还是有印象的。"
          ]
        },
        {
          "message": "“祝你旅途愉快。”",
          "messageDesc": "",
          "result": [
            "“嗯？啊，哦。你们也旅途愉快啊。”\n\n道别之后，我们迅速逃向另一条队伍……"
          ]
        }
      ]
    },
    {
      "id": 97102801,
      "name": "",
      "desc": "要不要再问点什么呢？",
      "options": [
        {
          "message": "“拥有四只手臂会带来什么益处吗？”",
          "messageDesc": "选择后，获得1件泛用E.G.O饰品",
          "result": [
            "“首先，因为是在昂贵的工坊里制作的，所以很结实。在进行收尾人工作的时候，手啊手臂啊不是很容易受伤吗？”\n\n“那时候比起再生手臂，修理它的费用要低廉很多。“\n\n“此外，不仅能一边打字一边接电话……还能一边看资料一边轻松打开罐装冰淇淋。“\n\n“这么说来，我在西部的时候，工作量多到四只手都不够——”\n\n“……”\n\n我有种即使没有耳朵也能耳朵起茧的感觉。\n\n那人告诉了我们四只手臂的益处。\n\n直到一边工作一边打开罐子时都还是有印象的。\n\n“哎呀，差不多该上车了。”\n\n“好奇心旺盛的各位。萍水相逢也是缘，请收下这个。”"
          ]
        },
        {
          "message": "“祝你旅途愉快。”",
          "messageDesc": "",
          "result": [
            "“嗯？啊，哦。你们也旅途愉快啊。”\n\n道别之后，我们迅速逃向另一条队伍……"
          ]
        }
      ]
    },
    {
      "id": 97102802,
      "name": "",
      "desc": "要不要再问点什么呢？",
      "options": [
        {
          "message": "“你是从北部来的吗？”",
          "messageDesc": "选择后，获得1件泛用E.G.O饰品",
          "result": [
            "「“没错，我是从北部来的。你们是看衣服判断的吗？确实，北部人穿着各式各样厚重的衣服，所以会比较显眼。”\n\n“这里的建筑似乎都比较低矮。我喜欢这样能很好地看清楚景色的样子。北部的建筑都很高，不管在都市里走到哪儿都全是高楼大厦。”\n\n“不过你们的武器都挺朴素的。要不要再拿个大点的家伙，涂上些颜色或者带点装饰什么的，这样四处闲逛的时候也不会被人小瞧了。”\n\n“啊。还有，我在P公司的老家里卖的三色罐装冰激凌真的特别好吃。之后有机会——”\n\n“……”\n\n我有种即使没有耳朵也能耳朵起茧的感觉。\n\n我们听取了关于北部的详细说明。\n\n直到P公司各式各样的罐装特产时都还是有印象的。\n\n“哎呀，差不多该上车了。”\n\n“好奇心旺盛的各位。萍水相逢也是缘，请收下这个。”"
          ]
        },
        {
          "message": "“祝你旅途愉快。”",
          "messageDesc": "",
          "result": [
            "“嗯？啊，哦。你们也旅途愉快啊。”\n\n道别之后，我们迅速逃向另一条队伍……"
          ]
        }
      ]
    },
    {
      "id": 971029,
      "name": "",
      "desc": "可以透过客车的窗户看到变成血袋的W公司清扫人员们。\n\n他们在火车内不停地徘徊，就像在巡逻一样。\n\n可能是经过了一场激烈的战斗，地上散落着一些装备，上面粘满了血管和血肉。\n\n看起来好像还没有注意到这边。\n\n如果悄悄地过去的话，说不定就能顺利出去……\n\n周围的装备中可能有一些有用的东西。",
      "options": [
        {
          "message": "安静地通过。",
          "messageDesc": "",
          "result": [
            "我们趁着血袋们不注意的时候离开了。\n\n虽然散落在地板上的装备有些浪费，但在这种情况下没必要勉强接近。"
          ]
        },
        {
          "message": "趁着经过时顺走能用的装备。",
          "messageDesc": "嫉妒、暴食优势判定 成功后，获得1件充能E.G.O饰品",
          "result": [
            ""
          ]
        },
        {
          "message": "先下手为强。",
          "messageDesc": "触发遭遇战。胜利后，获得1件充能E.G.O饰品。",
          "result": [
            "看样子很难在不被发觉的情况下通过。\n\n即使如此，想要拿走装备也要面对血袋们的严密警戒。\n\n不如在被发现之前先下手为强。\n\n小心翼翼地接近后，罪人们偷袭了清扫人员。"
          ]
        }
      ]
    },
    {
      "id": 97102902,
      "name": "",
      "desc": "走在前列的罪人左顾右盼后看向我。\n\n能看到被清扫人员踩过的2件装备。\n\n不论拿走哪一件，这节车厢所有的血袋都会察觉到罪人的位置。\n\n全都要有些太贪婪了。\n\n还是决定要拿哪一件吧。",
      "options": [
        {
          "message": "看上去很强的武器",
          "messageDesc": "选择后，获得1件充能E.G.O饰品",
          "result": [
            "不管拿没拿到武器，我们都直接逃向下一节车厢。"
          ]
        },
        {
          "message": "看上去有用的装备。",
          "messageDesc": "选择后，获得1件充能E.G.O饰品",
          "result": [
            "不管拿没拿到装备，我们都直接逃向下一节车厢。"
          ]
        }
      ]
    },
    {
      "id": 971030,
      "name": "",
      "desc": "心脏搏动的声音，肌肉颤动的声音，皮肤摩擦的声音。\n\n我们踏入了充满异样声响的客车。\n\n在血与肉制成的巨大机械中，WARP列车的青色光芒不断闪烁。\n\n像是保存着什么的巨大数据中心一样。不过，构成它的是以人为原材料的有机体。\n\n一道声音响起，说想要前往下一节车厢，需要通过生物验证。\n\n为了进行认证，必须要进入肉块交缠的中心部位。",
      "options": [
        {
          "message": "接受认证。",
          "messageDesc": "忧郁、傲慢优势判定 成功后，获得1件充能E.G.O饰品",
          "result": [
            ""
          ]
        },
        {
          "message": "拒绝认证。",
          "messageDesc": "选择后，获得1件充能E.G.O饰品",
          "result": [
            "由乘客肉体构成的活体线缆伸向罪人们。\n\n难以忍受蠕动的肉块和恶心的触感，罪人们将线缆砍下。\n\n无数血管与肉块以及骨头碎片像是沸腾了一般活动起来。\n\n粗大的线缆试图抓住罪人们……\n\n幸运的是，他们没被抓住，得以逃到下一节车厢。\n\n脱身的一名罪人的心脏附近似乎粘着什么。"
          ]
        }
      ]
    },
    {
      "id": 971031,
      "name": "",
      "desc": "可以看到义体堵塞在车厢与车厢之间的通道处。\n\n那说不定是血袋，我们小心翼翼地接近过去。\n\n那虽然是血袋，但似乎处于无法行动的状态。\n\n仔细一看，机械构成的关节中，干枯的内部一览无余。\n\n肿胀的血管从钢铁的缝隙内渗出，凝聚成红色结晶，从义体各处穿刺出来。\n\n虽然看不到他们的表情，但从那扭曲的姿态不难看出，这过程伴随着剧烈的疼痛。",
      "options": [
        {
          "message": "寻找帮助他们的方法。",
          "messageDesc": "傲慢、嫉妒、忧郁优势判定 成功后，获得1件充能E.G.O饰品",
          "result": [
            ""
          ]
        },
        {
          "message": "调查是否与血魔的能力相关。",
          "messageDesc": "选择后，获得1件泛用E.G.O饰品",
          "result": [
            "一定是被血魔袭击了。\n\n看着结晶化的血液以及义体中干枯的脏器，罪人们更加警戒。\n\n和罪人们商议过后，我们决定采集一部分血凝结成的结晶。\n\n说不定能派上什么用场。"
          ]
        }
      ]
    }
  ]
}