{
  "dataList": [
    {
      "id": 10501,
      "name": "检查船只",
      "subDesc": "",
      "desc": "在船开始移动后不久……\n\n“哇！”\n\n从船底传来了咯吱咯吱的噪音。\n\n“怎么回事……？”\n\n“好像有什么东西在抓挠着船底！”\n\n“……确实不太妙。我们最好去检查一下。”\n\n我们该怎么做？",
      "options": [
        {
          "message": "检查船底。",
          "messageDesc": "以实玛利恢复10点理智值。开始下一个抉择。",
          "result": [
            ""
          ]
        },
        {
          "message": "天知道那样做会发生什么。最好还是保持安静。",
          "messageDesc": "以实玛利失去10点理智值，50%概率进入战斗，并且在胜利后获取一件E.G.O饰品。",
          "result": [
            "“难道我们要忽略它吗？到底……”\n\n这名愤怒的罪人想要大声抱怨，但在说到一半时突然停下了，或许是因为觉得这样做毫无意义。\n\n“……刮擦声越来越响了。”\n\n既然这艘船与普通的船有着相当大的区别，那么说不定现在出现的刮擦声也只是正常情况。\n\n“……停下来了。”\n\n“有些时候，正确的做法就是忽略它。”\n\n随着时间的推移，刮擦声也逐渐平息了，仿佛从未响起过一般。\n\n……真幸运，看起来不是从我们的船上传来的声音。",
            "“难道我们要忽略它吗？到底……”\n\n这名愤怒的罪人想要大声抱怨，但在说到一半时突然停下了，或许是因为觉得这样做毫无意义。\n\n“……刮擦声越来越响了。”\n\n既然这艘船与普通的船有着相当大的区别，那么说不定现在出现的刮擦声也只是正常情况。\n\n但是……如果这不是正常情况的话……\n\n“现在想想，那些海盗船……”\n\n“把钉子钉在船底就是为了防范这种事吧。”\n\n刮擦声沿着船底逐渐靠近，然后终于显露了真面目。\n\n……是人鱼。\n\n“该死，我们果然应该去检查一下的。”\n\n对于这些抱怨，我无话可说。\n\n我们只能面对这些爬上来的人鱼了。"
          ]
        }
      ]
    },
    {
      "id": 10504,
      "name": "动脉",
      "subDesc": "",
      "desc": "这里无疑就是亚哈提到过的动脉。一旦我们切开这东西，通往心脏中央的道路就会敞开。",
      "options": [
        {
          "message": "切开动脉。",
          "messageDesc": "开始下一个抉择",
          "result": [
            ""
          ]
        }
      ]
    },
    {
      "id": 10505,
      "name": "回收补给",
      "subDesc": "",
      "desc": "“那些是……木箱吗？”\n\n在罪人们所指的方向，能看到一些杂乱堆放的箱子。\n\n“看起来像是为了进行补给而准备的物品。”\n\n一些箱子上有着双钩海盗团的纹样，而另一些箱子上绘有LCCB的标志。\n\n这些东西一定是被鲸鱼一道吞下去的。\n\n“吾认为从这里取得一些补给乃是明智之举！”\n\n确实。我们还不知道在心脏附近会发生什么。\n\n以防万一，是不是该从这里带点东西去呢？",
      "options": [
        {
          "message": "搜查补给箱。",
          "messageDesc": "开始下一个抉择",
          "result": [
            ""
          ]
        },
        {
          "message": "离开这个地方。",
          "messageDesc": "什么都没有发生。",
          "result": [
            "触摸这种可疑的物品一般都没什么好结果。\n\n我们没有动房间里的任何东西，就这么离开了。"
          ]
        }
      ]
    },
    {
      "id": 810601,
      "name": "亚哈",
      "subDesc": "",
      "desc": "“我失败了。”\n\n“<……！>”\n\n那是幻象，还是另一个以实玛利？\n\n在船长的身后，出现了一个被白色黏膜覆盖全身的以实玛利的轮廓。\n\n“到最后，我也什么都没能解决。”\n\n“我只能可悲地挣扎着，像个可怜虫一样，拼尽全力地抓住朋友的棺材，然后一个人孤零零的活下去。”\n\n船长疯狂地大笑。“没错！以实玛利！你谁都救不了！救不了与你我一同航行的船员！救不了你的朋友！救不了任何人！”\n\n“然后你肯定又会放弃。因为你害怕！你觉得这是不可能的事情！”\n\n罪人们开始焦躁起来。\n\n“这个该死的混蛋……！”\n\n“以实玛利小姐！请不要听她的话！她、她只不过是在胡言乱语！”\n\n“<……>”\n\n经理保持着沉默。\n\n然后，静静地开口。",
      "options": [
        {
          "message": "那不是以实玛利。",
          "messageDesc": "开始下一个抉择",
          "result": [
            ""
          ]
        }
      ]
    }
  ]
}