{
  "dataList": [
    {
      "id": 862901,
      "name": "",
      "subDesc": "",
      "desc": "空荡的宴会厅，浸在血红色的灯光里。\n\n大厅中央，独自受缚于王座上的王，缓缓抬起手臂。\n\n冷雾一般的旋律浸透了你的脚踝。\n\n仿佛是在邀请我们，孤独的王轻轻指向不远处的台面。\n\n假面置于其上，各有不尽相同的表情。\n\n一个假面无比喜悦，一个假面无比哀伤，一个假面无比愤怒。\n\n我们该以何种表情来面对王呢？",
      "options": [
        {
          "message": "戴上喜悦的假面。",
          "messageDesc": "选择后，本场战斗中获得最大速度值提升，全体友方单位理智值恢复以及盛情款待。",
          "result": [
            "你将喜悦的假面戴在脸上。\n\n自信笼罩着你，你仿佛无所不能。\n\n罪人们自信而骄傲地走进宴会厅。\n\n走近永不得歇息的御前。\n\n愿这场战斗为永恒而孤独统治的王，带来一丝欢愉。\n\n于是，罪人们戴着无上欢愉的表情，拉开了盛大宴会的序幕。"
          ]
        },
        {
          "message": "戴上哀伤的假面。",
          "messageDesc": "选择后，本场战斗中获得拼点强壮，全体友方单位理智值恢复以及盛情款待。",
          "result": [
            "你将哀伤的假面戴在脸上。\n\n四面八方涌来的压迫感慢慢消散。\n\n罪人们静默而轻柔地走进宴会厅。\n\n走近永不得歇息的御前。\n\n愿这场战斗为永恒而孤独统治的王，带来一丝慰藉。\n\n于是，罪人们戴着庄严哀悼的表情，拉开了盛大宴会的序幕。"
          ]
        },
        {
          "message": "戴上愤怒的假面。",
          "messageDesc": "选择后，本场战斗中获得伤害强化，全体友方单位理智值恢复以及盛情款待。",
          "result": [
            "你将愤怒的假面戴在脸上。\n\n你感到身轻如燕，又力大无穷。\n\n罪人们兴奋而激动地跑进宴会厅。\n\n跑近永不得歇息的御前。\n\n愿这场战斗为永恒而孤独统治的王，带来一丝喜悦。\n\n于是，罪人们戴着斗志昂扬的表情，拉开了盛大宴会的序幕。"
          ]
        }
      ]
    },
    {
      "id": 862902,
      "name": "",
      "subDesc": "",
      "desc": "宴会渐入佳境、步入高潮。\n\n缚王抬手示意，令战斗停歇。\n\n由此一来，我们就有时间用新的假面将破损的假面换下。\n\n我们该以何种新的表情来面对王呢？",
      "options": [
        {
          "message": "戴上喜悦的假面。",
          "messageDesc": "选择后，全体友方单位恢复理智值。",
          "result": [
            "你将喜悦的假面戴在脸上。\n\n你的思绪变得无比清晰。"
          ]
        },
        {
          "message": "戴上哀伤的假面。",
          "messageDesc": "选择后，获得罪孽碎片。",
          "result": [
            "你将哀伤的假面戴在脸上。\n\n罪人们充满了力量与意志。"
          ]
        },
        {
          "message": "戴上愤怒的假面。",
          "messageDesc": "选择后，本场战斗期中获得伤害强化。",
          "result": [
            "你将愤怒的假面戴在脸上。\n\n罪人们充满激情的双手，都紧紧地握住了武器。"
          ]
        }
      ]
    }
  ]
}