{
  "dataList": [
    {
      "id": 1,
      "name": "但丁"
    },
    {
      "id": 2,
      "name": "格里高尔"
    },
    {
      "id": 3,
      "name": "卡戎"
    },
    {
      "id": 4,
      "name": "辛克莱"
    },
    {
      "id": 5,
      "name": "罗佳"
    },
    {
      "id": 6,
      "name": "李箱"
    },
    {
      "id": 7,
      "name": "埃菲/索德"
    },
    {
      "id": 8,
      "name": "以实玛利"
    },
    {
      "id": 9,
      "name": "尤莉"
    },
    {
      "id": 10,
      "name": "Malkuth"
    },
    {
      "id": 11,
      "name": "皮埃尔/杰克"
    },
    {
      "id": 12,
      "name": "Angela"
    }
  ]
}