{
  "dataList": [
    {
      "id": "1",
      "content": "请确认所装备的E.G.O，并且尝试以能够获取相应资源的人格组成队伍并进行战斗。"
    },
    {
      "id": "2",
      "content": "在理智值足够高的状态下使用E.G.O将更容易转变战局。"
    },
    {
      "id": "3",
      "content": "当敌人的理智值被消耗至陷入恐慌时，他们将会受到各种负面效果的影响，使您获得显著的优势。"
    },
    {
      "id": "4",
      "content": "在角色陷入混乱后，若对其施加伤害使混乱区间降至下一个混乱阈值之下，则可以造成更加强力的额外伤害。"
    }
  ]
}