{
  "dataList": [
    {
      "id": "battle_speechbubble_cromer_1",
      "desc": "말풍선 특수 대사_크로머",
      "dlg": "啊啊……难道……你是……\n我的辛克莱……？！"
    },
    {
      "id": "battle_speechbubble_10808_1",
      "desc": "말풍선 특수 대사_피쿼드호 선장 이스마엘",
      "dlg": "“我的错”吗……不对，\n那都是我的功劳。"
    },
    {
      "id": "battle_speechbubble_10408_1",
      "desc": "말풍선 특수 대사_에드가 가문 치프 버틀러 료슈",
      "dlg": "你・首・失。\n你作为首席管家失职了啊。"
    }
  ]
}