{
  "dataList": [
    {
      "id": "Grudge",
      "name": "凝结中的怨恨",
      "desc": "带有本效果时，使自身获得与所受伤害相当的层数，回合结束时解除本效果",
      "summary": "",
      "undefined": "-"
    },
    {
      "id": "AaCePbBg",
      "name": "怨恨",
      "desc": "回合开始时使自身获得2层伤害强化 ，并对自身施加3层防御等级降低 ",
      "summary": "",
      "undefined": "-"
    },
    {
      "id": "AaCePbBh",
      "name": "怨恨",
      "desc": "回合开始时使自身获得1层强壮 ，并对自身施加5层防御等级降低 ",
      "summary": "",
      "undefined": "-"
    }
  ]
}