{
  "dataList": [
    {
      "id": "AaCfPbBe",
      "name": "猎物标识",
      "desc": "- 每次受到伤害时，额外受到伤害量10%的斩击伤害，下回合解除该效果\n- 若本回合未受到伤害，则攻击后对自身施加1层自卑感 并解除该效果\n- 最大值：1",
      "summary": "额外受到伤害量10%的斩击伤害",
      "undefined": "-"
    },
    {
      "id": "AaCfPbBf",
      "name": "自卑感",
      "desc": "- 每次受到伤害时，受到伤害量(20%*层数)的固定伤害\n- 最大值：5",
      "summary": "受到伤害量(20%*层数)的固定伤害",
      "undefined": "-"
    },
    {
      "id": "AaCfPbBa",
      "name": "爆发的忧郁",
      "desc": "- 忧郁抗性+0.3\n- 其他罪孽抗性-0.5\n- 受到攻击时，对攻击者造成3点理智伤害，对自身施加1层沉沦 ，下回合使自身获得1层攻击等级提升 (每回合最多9次)",
      "undefined": "-"
    },
    {
      "id": "AaCfPbBb",
      "name": "爆发的嫉妒",
      "desc": "- 嫉妒抗性+0.3\n- 其他罪孽抗性-0.5\n- 受到攻击时，使攻击者获得1层攻击等级提升并使其增加2级流血 强度，对其施加2层流血 ，下回合对自身施加1层防御等级降低 (每回合最多9次)",
      "undefined": "-"
    },
    {
      "id": "AaCfPbBc",
      "name": "爆发的暴怒",
      "desc": "- 暴怒抗性+0.3\n- 其他罪孽抗性-0.5\n- 受到攻击时，下回合使自身获得1层攻击等级提升 并对自身施加1层防御等级降低 (每回合最多9次)",
      "undefined": "-"
    },
    {
      "id": "AaCfPbBd",
      "name": "深切的丧失感",
      "desc": "回合开始时，使自身的速度值-5，对自身施加5层防御等级降低 ",
      "undefined": "-"
    }
  ]
}