{
  "dataList": [
    {
      "id": "battle_battleunit_guard",
      "content": "防御"
    },
    {
      "id": "popup_message_ego_seat_lack",
      "content": "行动槽已被占用，无法使用E.G.O。"
    },
    {
      "id": "popup_message_ego_resources_lack",
      "content": "罪孽碎片不足，无法使用E.G.O。"
    },
    {
      "id": "option_title",
      "content": "设置"
    },
    {
      "id": "option_btn_exit",
      "content": "退出关卡"
    },
    {
      "id": "option_btn_statistical",
      "content": "战斗数据"
    },
    {
      "id": "creature_destroy_notice",
      "content": "部位破坏"
    },
    {
      "id": "oneside_attack",
      "content": "单方面攻击"
    },
    {
      "id": "guard",
      "content": "防御"
    },
    {
      "id": "power",
      "content": "强度"
    },
    {
      "id": "require",
      "content": "需求"
    },
    {
      "id": "battle_log_atk_hp",
      "content": "{0}对{1}造成了{2}点伤害！"
    },
    {
      "id": "battle_log_atk_mp",
      "content": "{0}对{1}造成了{2}点理智伤害！"
    },
    {
      "id": "battle_log_recover_hp",
      "content": "{0}为{1}恢复了{2}点体力。"
    },
    {
      "id": "battle_log_guard",
      "content": "{0}进入了防御状态。"
    },
    {
      "id": "battle_log_buf_to_other",
      "content": "{0}对{1}施加了{3}层{2}。"
    },
    {
      "id": "battle_log_buf_to_self",
      "content": "{0}对自身施加了{2}层{1}。"
    },
    {
      "id": "battle_log_use_ego",
      "content": "{0}觉醒了{1}！！"
    },
    {
      "id": "battle_log_use_ego_corrosion",
      "content": "{1}侵蚀了{0}！！"
    },
    {
      "id": "battle_log_personality_corrosion",
      "content": "{0}精神崩溃了！！"
    },
    {
      "id": "battle_log_low_morale",
      "content": "{0}的士气低落！"
    },
    {
      "id": "battle_log_panic",
      "content": "{0}正陷入恐慌！！"
    },
    {
      "id": "choice_result_success",
      "content": "判定成功"
    },
    {
      "id": "choice_result_fail",
      "content": "判定失败"
    },
    {
      "id": "choice_result_skip",
      "content": "跳过判定"
    },
    {
      "id": "info_button_detailinfo",
      "content": "详情"
    },
    {
      "id": "info_button_skill",
      "content": "技能"
    },
    {
      "id": "info_button_awakenskill",
      "content": "觉醒技能"
    },
    {
      "id": "info_button_erosionskill",
      "content": "侵蚀技能"
    },
    {
      "id": "resonance",
      "content": "共鸣"
    },
    {
      "id": "perfect_resonance",
      "content": "完全共鸣"
    },
    {
      "id": "break",
      "content": "陷入混乱"
    },
    {
      "id": "mental_break",
      "content": "精神崩溃"
    },
    {
      "id": "low_morale",
      "content": "士气低落"
    },
    {
      "id": "panic",
      "content": "恐慌"
    },
    {
      "id": "status",
      "content": "能力值"
    },
    {
      "id": "status_abnormal",
      "content": "状态效果"
    },
    {
      "id": "immunity_information",
      "content": "抗性信息"
    },
    {
      "id": "awaken_ego_skill",
      "content": "觉醒技能"
    },
    {
      "id": "erosion_ego_skill",
      "content": "侵蚀技能"
    },
    {
      "id": "turnplace_test_name",
      "content": "废弃的脑叶公司支部"
    },
    {
      "id": "death",
      "content": "阵亡"
    },
    {
      "id": "slash",
      "content": "斩击"
    },
    {
      "id": "penetrate",
      "content": "突刺"
    },
    {
      "id": "hit",
      "content": "打击"
    },
    {
      "id": "action_disable",
      "content": "无法行动"
    },
    {
      "id": "ab_event_select_character",
      "content": "选择罪人"
    },
    {
      "id": "ab_event_select_desc",
      "content": "所选内容"
    },
    {
      "id": "ab_event_rate",
      "content": "成功率"
    },
    {
      "id": "formet_event_rate",
      "content": "成功率: {0}"
    },
    {
      "id": "ab_event_decision",
      "content": "进行判定"
    },
    {
      "id": "ab_event_need",
      "content": "需要"
    },
    {
      "id": "ab_battle_resume",
      "content": "回到战斗"
    },
    {
      "id": "info_button_choice_log",
      "content": "决断记录"
    },
    {
      "id": "info_button_story",
      "content": "故事"
    },
    {
      "id": "info_button_ego",
      "content": "E.G.O"
    },
    {
      "id": "dungeon_encounter_start",
      "content": "起始点"
    },
    {
      "id": "dungeon_encounter_battle",
      "content": "常规遭遇战"
    },
    {
      "id": "dungeon_encounter_ab_battle",
      "content": "集中遭遇战"
    },
    {
      "id": "dungeon_encounter_hard_battle",
      "content": "危险遭遇战"
    },
    {
      "id": "dungeon_encounter_event",
      "content": "事件"
    },
    {
      "id": "dungeon_encounter_save",
      "content": "检查点"
    },
    {
      "id": "dungeon_encounter_boss",
      "content": "阶层头目"
    },
    {
      "id": "bottom_winrate",
      "content": "胜率"
    },
    {
      "id": "bottom_dmg",
      "content": "伤害"
    },
    {
      "id": "ab_event_next",
      "content": "继续"
    },
    {
      "id": "explanatory",
      "content": "图例"
    },
    {
      "id": "get_ego_gift",
      "content": "获得E.G.O饰品"
    },
    {
      "id": "get_ego_gift_desc",
      "content": "获得E.G.O饰品！"
    },
    {
      "id": "selection",
      "content": "决断"
    },
    {
      "id": "result",
      "content": "结果"
    },
    {
      "id": "choice_total_rate",
      "content": "总成功率"
    },
    {
      "id": "enter",
      "content": "进入"
    },
    {
      "id": "recommend_level",
      "content": "推荐等级"
    },
    {
      "id": "enemy_info",
      "content": "敌方信息"
    },
    {
      "id": "enter_clear_requirement",
      "content": "EX 通关条件"
    },
    {
      "id": "choice_event_resume",
      "content": "继续"
    },
    {
      "id": "crime_state_judgment",
      "content": "{0}判定"
    },
    {
      "id": "choice_personality",
      "content": "选择一个罪人来进行判定："
    },
    {
      "id": "success_result",
      "content": "判定阈值"
    },
    {
      "id": "expectation_result",
      "content": "预计数值"
    },
    {
      "id": "outcome_result",
      "content": "结果"
    },
    {
      "id": "choice_event_percent",
      "content": "成功率"
    },
    {
      "id": "skill_expectition_value",
      "content": "预计数值：{0}-{1}"
    },
    {
      "id": "skill_expectition_or_value",
      "content": "预计数值：{0}或{1}"
    },
    {
      "id": "skill_correction_value",
      "content": "{0}变动值：{1}"
    },
    {
      "id": "correction_based_on_association",
      "content": "{0} 所属变动值 {1}(, )"
    },
    {
      "id": "action_choice_event_result_example_battle",
      "content": "遭遇战斗"
    },
    {
      "id": "action_choice_event_result_example_event",
      "content": "事件"
    },
    {
      "id": "action_choice_event_result_example_resume",
      "content": "继续"
    },
    {
      "id": "areaatk_attack",
      "content": "群体技能"
    },
    {
      "id": "enter_battle",
      "content": "开始战斗"
    },
    {
      "id": "choice_event_five_percent",
      "content": "5%成功率"
    },
    {
      "id": "choice_event_five_percent_success",
      "content": "5%判定成功率"
    },
    {
      "id": "skillinfo_passivetitle",
      "content": "被动技能"
    },
    {
      "id": "skillinfo_coinabilitytitle",
      "content": "技能效果"
    },
    {
      "id": "dungeon_save_desc",
      "content": "已到达检查点。\n探索进度已保存。\n所有罪人都已被治疗。"
    },
    {
      "id": "battle_battleunit_evade",
      "content": "闪避"
    },
    {
      "id": "battle_battleunit_counter",
      "content": "反击"
    },
    {
      "id": "battle_operation_defence",
      "content": "守备"
    },
    {
      "id": "battle_increase_mp",
      "content": "理智值上升"
    },
    {
      "id": "battle_decrease_mp",
      "content": "理智值下降"
    },
    {
      "id": "dungeon_encounter_type_start",
      "content": "开始"
    },
    {
      "id": "dungeon_encounter_type_battle",
      "content": "常规遭遇战"
    },
    {
      "id": "dungeon_encounter_type_ab_battle",
      "content": "集中遭遇战"
    },
    {
      "id": "dungeon_encounter_type_hard_battle",
      "content": "危险遭遇战"
    },
    {
      "id": "dungeon_encounter_type_event",
      "content": "事件"
    },
    {
      "id": "dungeon_encounter_type_save",
      "content": "安全屋"
    },
    {
      "id": "dungeon_encounter_type_boss",
      "content": "头目遭遇战"
    },
    {
      "id": "battle_mp",
      "content": "理智值"
    },
    {
      "id": "abnormality_part_hp",
      "content": "部位体力"
    },
    {
      "id": "abnormality_research_level",
      "content": "观察等级"
    },
    {
      "id": "abnormality_no_research_level",
      "content": "缺少数据"
    },
    {
      "id": "Insufficient_conditions",
      "content": "未满足条件"
    },
    {
      "id": "skillinfo_keyword",
      "content": "关键词"
    },
    {
      "id": "ability_turn",
      "content": "层数"
    },
    {
      "id": "ego_erosion",
      "content": "E.G.O侵蚀"
    },
    {
      "id": "continuous_turn",
      "content": "持续时长"
    },
    {
      "id": "status_buff_list",
      "content": "状态效果"
    },
    {
      "id": "stack",
      "content": "层数"
    },
    {
      "id": "slash_resistance",
      "content": "斩击抗性"
    },
    {
      "id": "penetrate_resistance",
      "content": "突刺抗性"
    },
    {
      "id": "hit_resistance",
      "content": "打击抗性"
    },
    {
      "id": "Lack_Buff",
      "content": "！缺少{0}！"
    },
    {
      "id": "received_the_golden_bough",
      "content": "金枝已回收"
    },
    {
      "id": "destroyable",
      "content": "可破坏"
    },
    {
      "id": "resumption",
      "content": "继续游戏"
    },
    {
      "id": "stage_GiveUp",
      "content": "放弃关卡"
    },
    {
      "id": "show_skillTool",
      "content": "展示技能工具栏"
    },
    {
      "id": "auto_coinToss",
      "content": "自动投掷硬币"
    },
    {
      "id": "babayaga_alert",
      "content": "剩余{0}次机会。"
    },
    {
      "id": "battle_operation_offset",
      "content": "偏转"
    },
    {
      "id": "oneside_defense",
      "content": "单方面防御"
    },
    {
      "id": "cantIdentify",
      "content": "<color=#ff0000>[无差别攻击]</color>"
    },
    {
      "id": "popup_message_ego_irrevocable",
      "content": "无法取消在先前回合生成的E.G.O技能。"
    },
    {
      "id": "stock",
      "content": "持有时"
    },
    {
      "id": "stable",
      "content": "稳定"
    },
    {
      "id": "un_stable",
      "content": "失控"
    },
    {
      "id": "vibration_explosion",
      "content": "震颤引爆！"
    },
    {
      "id": "sinking_surge",
      "content": "沉沦泛滥！"
    },
    {
      "id": "targetSlotWeight",
      "content": "攻击容量"
    },
    {
      "id": "EGO_ErodeProbability",
      "content": "侵蚀概率"
    },
    {
      "id": "EGOSelectUI_resources_lack",
      "content": "资源不足。\n请确认罪孽碎片。"
    },
    {
      "id": "EGOSelectUI_DetailInfo",
      "content": "更多信息"
    },
    {
      "id": "ab_part_destroyable",
      "content": "可破坏"
    },
    {
      "id": "ab_part_destroyable_and_can_vanish",
      "content": "可破坏和截除"
    },
    {
      "id": "ab_guidebook_view",
      "content": "浏览图鉴"
    },
    {
      "id": "show_BattleAblityUI",
      "content": "战斗中显示详细信息UI"
    },
    {
      "id": "Ahab_NotTarget_Onece",
      "content": "我真正该瞄准的是……"
    },
    {
      "id": "Ahab_NotTarget_Twice",
      "content": "不必总是漫无目的地目视前方……"
    },
    {
      "id": "Ahab_NotTarget_Thrice",
      "content": "有时，想要前进\n必须先看清身边的事物……"
    },
    {
      "id": "show_BattleUnitAblityUI",
      "content": "战斗中显示效果UI"
    },
    {
      "id": "LobotomyStartTypo_Title_1",
      "content": "緑色的黎明"
    },
    {
      "id": "LobotomyStartTypo_Name_1",
      "content": "疑问"
    },
    {
      "id": "LobotomyStartTypo_Desc_1",
      "content": "有一天，我想到一个问题：我们从何而来？我们被给予了生命，却又被不负责任地抛弃。"
    },
    {
      "id": "LobotomyStartTypo_KillCountTitle_1",
      "content": "鎮圧状態"
    },
    {
      "id": "LobotomyClearTypo_Title_1",
      "content": "緑色的黎明"
    },
    {
      "id": "LobotomyClearTypo_Name_1",
      "content": "疑问"
    },
    {
      "id": "LobotomyClearTypo_Desc_1",
      "content": "生命，充满了痛苦。"
    },
    {
      "id": "LobotomyEndTypo_Title",
      "content": "达到镇压时间限制"
    },
    {
      "id": "LobotomyEndTypo_Desc",
      "content": "剩余的考验实体： {0}"
    },
    {
      "id": "abnormality_all_part",
      "content": "所有部位"
    },
    {
      "id": "applying_buff_format",
      "content": "{0}生效中"
    },
    {
      "id": "level_number_UNDEF",
      "content": "未定"
    },
    {
      "id": "level_number_HYPHEN",
      "content": "-"
    },
    {
      "id": "received_the_golden_bough_undecided",
      "content": "？"
    },
    {
      "id": "vibration_fusion",
      "content": "振幅纠缠！"
    },
    {
      "id": "BatonPassUIText",
      "content": "待机解除"
    },
    {
      "id": "perfect",
      "content": "完全"
    },
    {
      "id": "ab_part_destroyed",
      "content": "已破坏"
    },
    {
      "id": "ab_part_vanished",
      "content": "已破坏并截除"
    },
    {
      "id": "ab_part_cannot_destroy_and_vanish",
      "content": "不可破坏和截除"
    },
    {
      "id": "current_hp",
      "content": "现存体力"
    },
    {
      "id": "break_section_format",
      "content": "混乱阈值[{0}]"
    },
    {
      "id": "no_break_section",
      "content": "无混乱阈值"
    },
    {
      "id": "correction_based_on_unit_keyword",
      "content": "{0} 人格变动值{1}(, )"
    }
  ]
}