{
  "dataList": [
    {
      "id": "CleanUp_LowMorale",
      "name": "整理强迫",
      "desc": "- 士气低落\n- 拼点失败时，使自身失去5点理智值。受到攻击时，下回合使自身获得1层迅捷 (最多2层)",
      "summary": "拼点失败时，使自身失去5点理智值。受到攻击时，下回合使自身获得1层迅捷 ",
      "undefined": "-"
    },
    {
      "id": "CleanUp_Panic",
      "name": "整理强迫",
      "desc": "- 陷入恐慌\n- 对自身施加2层易损 。受到攻击时，下回合使自身获得1层迅捷 (最多3层)",
      "summary": "对自身施加2层易损 。受到攻击时，下回合使自身获得1层迅捷 ",
      "undefined": "-"
    },
    {
      "id": "Acclamation_LowMorale",
      "name": "山庄的回响",
      "desc": "- 士气低落\n- 使自身的拼点威力-1，正面命中时造成的伤害+10%",
      "summary": "使自身的拼点威力-1，正面命中时造成的伤害+10%",
      "undefined": "-"
    },
    {
      "id": "Acclamation_Panic",
      "name": "山庄的回响",
      "desc": "- 陷入恐慌\n- 使自身的拼点威力-2，使自身获得1层伤害强化 ",
      "summary": "使自身的拼点威力-2，使自身获得1层伤害强化 ",
      "undefined": "-"
    },
    {
      "id": "Unstable_LowMorale",
      "name": "分裂",
      "desc": "- 士气低落\n- 每次拼点使自身失去2点体力。回合开始时，使自身获得1层攻击等级提升 ",
      "summary": "每次拼点使自身失去2点体力",
      "undefined": "-"
    },
    {
      "id": "Unstable_Panic",
      "name": "分裂",
      "desc": "- 陷入恐慌\n- 每次拼点使自身失去3点体力。回合开始时，使自身获得2层攻击等级提升 ",
      "summary": "每次拼点使自身失去3点体力",
      "undefined": "-"
    },
    {
      "id": "AaCfPaBa",
      "name": "丧失",
      "desc": "回合结束时，若自身的理智值不低于-15点，则使自身失去10点理智值\n受到攻击时，失去2点理智值并在下回合使自身获得1层攻击等级提升 (每回合最多3次)\n回合开始时，若自身的理智值低于0点，则使自身获得3层强壮 ",
      "summary": "受到攻击时，失去2点理智值并在下回合使自身获得1层攻击等级提升 。\n回合开始时，若自身理智值低于0点，则使自身获得3层强壮 。",
      "undefined": "-"
    }
  ]
}