{
  "dataList": [
    {
      "id": "MDEMaa",
      "name": "防御等级强化",
      "desc": "防御等级+2"
    },
    {
      "id": "MDEMab",
      "name": "守备技能强化",
      "desc": "守备技能的最终威力+1"
    },
    {
      "id": "MDEMac",
      "name": "攻击等级强化",
      "desc": "攻击等级+1"
    },
    {
      "id": "MDEMad",
      "name": "体力上限提升",
      "desc": "体力上限+5%"
    },
    {
      "id": "MDEMae",
      "name": "受到的伤害减少强化",
      "desc": "受到的伤害 -5%"
    },
    {
      "id": "MDEMca",
      "name": "肉体肥大",
      "desc": "攻击等级 +2，防御等级 +2，体力上限 +5%"
    },
    {
      "id": "MDEMcb",
      "name": "肉体强化",
      "desc": "攻击等级 +2，防御等级 +4"
    },
    {
      "id": "MDEMcc",
      "name": "体力上限强化",
      "desc": "体力上限+20%"
    },
    {
      "id": "MDEMcd",
      "name": "最终攻击增强",
      "desc": "技能最终威力+1，体力上限 +5%"
    },
    {
      "id": "MDEMce",
      "name": "基础攻击增强",
      "desc": "技能基础威力+1，体力上限 +5%"
    },
    {
      "id": "MDEMcf",
      "name": "拼点攻击增强",
      "desc": "拼点威力 +2，防御等级 -3"
    },
    {
      "id": "MDEMcg",
      "name": "最终威力强化",
      "desc": "技能最终威力+1，守备技能最终威力+1"
    },
    {
      "id": "MDEMda",
      "name": "肉体生长",
      "desc": "攻击等级 +3，防御等级 +2，体力上限 +10%"
    },
    {
      "id": "MDEMdb",
      "name": "肉体补强",
      "desc": "攻击等级 +5，体力上限 +7.5%"
    },
    {
      "id": "MDEMdc",
      "name": "基础战斗装备",
      "desc": "基础威力 +1，防御等级 +3，体力上限 +5%"
    },
    {
      "id": "MDEMdd",
      "name": "最终战斗装备",
      "desc": "最终威力 +1，防御等级 -2，体力上限 +17.5%"
    },
    {
      "id": "MDEMde",
      "name": "防御装备",
      "desc": "防御等级 +3，体力上限 +22.5%"
    },
    {
      "id": "MDEMdf",
      "name": "硬币攻击增强",
      "desc": "加算硬币威力 +1，减算硬币威力 -1，防御等级 +2"
    },
    {
      "id": "MDEMdg",
      "name": "强大无比",
      "desc": "基础威力 +1，加算硬币威力 +1，减算硬币威力 -1"
    },
    {
      "id": "MDEMdh",
      "name": "加倍奉还",
      "desc": "受到的伤害 -25%，造成的伤害 +25%"
    },
    {
      "id": "MDHMaa",
      "name": "肉体增强I",
      "desc": "攻击等级 +1，防御等级 +1"
    },
    {
      "id": "MDHMab",
      "name": "硬化",
      "desc": "防御等级 +2，守备技能的最终威力+1"
    },
    {
      "id": "MDHMac",
      "name": "肉体扩展I",
      "desc": "防御等级 +1，体力上限 +5%"
    },
    {
      "id": "MDHMad",
      "name": "体力上限增强I",
      "desc": "体力上限 +7.5%"
    },
    {
      "id": "MDHMae",
      "name": "受到的伤害降低",
      "desc": "受到的伤害 -7.5%"
    },
    {
      "id": "MDHMba",
      "name": "肉体增强II",
      "desc": "攻击等级 +2，防御等级 +2，体力上限 +5%"
    },
    {
      "id": "MDHMbb",
      "name": "肉体扩展II",
      "desc": "攻击等级 +2，体力上限 +10%"
    },
    {
      "id": "MDHMbc",
      "name": "最终威力增强I",
      "desc": "技能最终威力+1，体力上限 +5%"
    },
    {
      "id": "MDHMbd",
      "name": "基础威力增强I",
      "desc": "技能基础威力+1，防御等级 +1"
    },
    {
      "id": "MDHMbe",
      "name": "坚韧I",
      "desc": "防御等级 +4，体力上限 +10%"
    },
    {
      "id": "MDHMbf",
      "name": "复仇I",
      "desc": "受到的伤害 -10%，造成的伤害 +10%"
    },
    {
      "id": "MDHMca",
      "name": "肉体增强III",
      "desc": "攻击等级 +4，防御等级 +3，体力上限 +7.5%"
    },
    {
      "id": "MDHMcb",
      "name": "肉体扩展III",
      "desc": "攻击等级 +4，体力上限 +15%"
    },
    {
      "id": "MDHMcc",
      "name": "最终威力增强II",
      "desc": "技能最终威力+1，防御等级+6"
    },
    {
      "id": "MDHMcd",
      "name": "基础威力增强II",
      "desc": "技能基础威力+1，防御等级+5"
    },
    {
      "id": "MDHMce",
      "name": "最终威力增强III",
      "desc": "技能最终威力+2，防御等级-2，体力上限+5%"
    },
    {
      "id": "MDHMcf",
      "name": "体力上限增强II",
      "desc": "体力上限+30%"
    },
    {
      "id": "MDHMcg",
      "name": "拼点攻击增强I",
      "desc": "拼点威力 +2，体力上限+7.5%"
    },
    {
      "id": "MDHMda",
      "name": "肉体增强IV",
      "desc": "攻击等级 +6，防御等级 +6，体力上限+15%"
    },
    {
      "id": "MDHMdb",
      "name": "肉体扩展IV",
      "desc": "攻击等级+4，防御等级+3，体力上限+30%"
    },
    {
      "id": "MDHMdc",
      "name": "最终威力增强IV",
      "desc": "技能最终威力+2，体力上限+25%"
    },
    {
      "id": "MDHMdd",
      "name": "基础威力增强III",
      "desc": "技能基础威力+1，技能最终威力+1，体力上限+20%"
    },
    {
      "id": "MDHMde",
      "name": "坚韧II",
      "desc": "防御等级+9，体力上限+30%"
    },
    {
      "id": "MDHMdf",
      "name": "硬币威力增强",
      "desc": "加算硬币威力 +2，减算硬币威力 -2"
    },
    {
      "id": "MDHMdg",
      "name": "拼点攻击增强II",
      "desc": "拼点威力 +2，体力上限 +30%"
    },
    {
      "id": "MDHMdh",
      "name": "顽强",
      "desc": "受到的伤害 -50%，造成的伤害 +50%"
    },
    {
      "id": "AccumulatedPastMirror",
      "name": "累积的往昔",
      "desc": "回合结束时，层数+11。\n躯干部位被破坏时，消耗所有层数。"
    }
  ]
}