{
  "dataList": [
    {
      "id": "Enhancement",
      "name": "强壮",
      "desc": "本回合内攻击技能的最终威力+{0}",
      "summary": "攻击技能的最终威力+{0}",
      "undefined": "-"
    },
    {
      "id": "Agility",
      "name": "迅捷",
      "desc": "本回合内速度值+{0}。",
      "summary": "速度值+{0}",
      "undefined": "-"
    },
    {
      "id": "Endurance",
      "name": "忍耐",
      "desc": "本回合内守备技能的最终威力+{0}",
      "summary": "守备技能的最终威力+{0}",
      "undefined": "-"
    },
    {
      "id": "Reduction",
      "name": "虚弱",
      "desc": "本回合内攻击技能的最终威力-{0}",
      "summary": "攻击技能的最终威力-{0}",
      "undefined": "-"
    },
    {
      "id": "Binding",
      "name": "束缚",
      "desc": "本回合内速度值-{0}。",
      "summary": "速度值-{0}",
      "undefined": "-"
    },
    {
      "id": "Vulnerable",
      "name": "易损",
      "desc": "本回合内受到的伤害+{0}0%(最多+100%)",
      "summary": "受到的伤害+{0}0%",
      "undefined": "-"
    },
    {
      "id": "Taunt",
      "name": "嘲讽",
      "desc": "你必须先攻击那名带有嘲讽 的角色！",
      "undefined": "-"
    },
    {
      "id": "ElectricShock",
      "name": "感电",
      "desc": "本回合内受到攻击时额外受到{0}点固定伤害。"
    },
    {
      "id": "Target",
      "name": "标记",
      "desc": "被拥有被动技能[利刃]的角色指定为目标。",
      "undefined": "-"
    },
    {
      "id": "SelfHarm_LowMorale",
      "name": "自残",
      "desc": "- 士气低落\n- 回合开始时，使自身获得2层迅捷 并对自身施加2层易损 ",
      "undefined": "-"
    },
    {
      "id": "SelfHarm_Panic",
      "name": "自残",
      "desc": "- 陷入恐慌\n- 回合开始时，使自身失去10点体力",
      "undefined": "-"
    },
    {
      "id": "Blame_LowMorale",
      "name": "迁怒",
      "desc": "- 士气低落\n- 回合开始时，使自身获得2层迅捷 并对自身施加2层易损 ",
      "undefined": "-"
    },
    {
      "id": "Blame_Panic",
      "name": "迁怒",
      "desc": "- 陷入恐慌\n- 回合开始时，使随机友方单位失去20点理智值",
      "undefined": "-"
    },
    {
      "id": "EgoErode",
      "name": "E.G.O侵蚀",
      "desc": "本回合内失去控制，仅能使用侵蚀技能。",
      "summary": "失去控制。使用侵蚀技能",
      "undefined": "-"
    },
    {
      "id": "Charge",
      "name": "充能",
      "desc": "特定技能发动附加效果所需的资源。最多叠加至20层。回合结束时，本效果的层数减少1层。\n\n<color=#1aece7>累计消耗层数：{2}</color>",
      "summary": "特定技能的资源",
      "undefined": "-"
    },
    {
      "id": "DamageOverTime",
      "name": "持续损伤",
      "desc": "回合开始时，受到{0}点固定伤害。",
      "summary": "{0}点固定伤害"
    },
    {
      "id": "ResultEnhancement",
      "name": "威力提升",
      "desc": "本回合内技能的最终威力+{0}。",
      "summary": "技能的最终威力+{0}"
    },
    {
      "id": "Protection",
      "name": "守护",
      "desc": "本回合内受到的伤害-{0}0%(最多-100%)",
      "summary": "受到的伤害-{0}0%"
    },
    {
      "id": "AttackDmgUp",
      "name": "伤害强化",
      "desc": "本回合内技能造成的伤害+{0}0%(最多+100%)",
      "summary": "造成的伤害+{0}0%"
    },
    {
      "id": "DefenseUp",
      "name": "防御等级提升",
      "desc": "本回合内防御等级+{0}",
      "summary": "防御等级+{0}"
    },
    {
      "id": "PlusCoinValueUp",
      "name": "加算硬币强化",
      "desc": "本回合内变动值为加算的技能硬币威力+{0}。",
      "summary": "加算技能硬币威力+{0}"
    },
    {
      "id": "MinusCoinValueUp",
      "name": "减算硬币强化",
      "desc": "本回合内变动值为减算的技能硬币威力+{0}。",
      "summary": "减算技能硬币威力+{0}"
    },
    {
      "id": "TimesCoinValueUp",
      "name": "乘算硬币强化",
      "desc": "本回合内变动值为乘算的技能硬币威力+{0}。",
      "summary": "乘算技能硬币威力+{0}"
    },
    {
      "id": "Disarming",
      "name": "破绽",
      "desc": "本回合内守备技能的最终威力-{0}。",
      "summary": "守备技能的最终威力-{0}"
    },
    {
      "id": "ResultReduction",
      "name": "威力降低",
      "desc": "本回合内技能的最终威力-{0}。",
      "summary": "技能的最终威力-{0}"
    },
    {
      "id": "AttackDmgDown",
      "name": "伤害弱化",
      "desc": "本回合内技能造成的伤害-{0}0%(最多-100%)",
      "summary": "造成的伤害-{0}0%"
    },
    {
      "id": "DefenseDown",
      "name": "防御等级降低",
      "desc": "本回合内防御等级-{0}",
      "summary": "防御等级-{0}"
    },
    {
      "id": "Paralysis",
      "name": "麻痹",
      "desc": "本回合内使{0}枚硬币的变动值固定为0。",
      "summary": "{0}枚硬币变动值为0"
    },
    {
      "id": "PlusCoinValueDown",
      "name": "加算硬币弱化",
      "desc": "本回合内变动值为加算的技能硬币威力-{0}。",
      "summary": "加算技能硬币威力-{0}"
    },
    {
      "id": "MinusCoinValueDown",
      "name": "减算硬币弱化",
      "desc": "本回合内变动值为减算的技能硬币威力-{0}。",
      "summary": "减算技能硬币威力-{0}"
    },
    {
      "id": "TimesCoinValueDown",
      "name": "乘算硬币弱化",
      "desc": "本回合内变动值为乘算的技能硬币威力-{0}。",
      "summary": "乘算技能硬币威力-{0}"
    },
    {
      "id": "BeingGolden",
      "name": "光辉",
      "desc": "回合开始时，每附带1层本效果则恢复10点体力。",
      "summary": "体力恢复"
    },
    {
      "id": "MoonLight",
      "name": "月华",
      "desc": "特定技能发动附加效果所需的资源。",
      "summary": "用于发动附加效果"
    },
    {
      "id": "Daunted_LowMorale",
      "name": "畏缩",
      "desc": "- 士气低落\n- 回合开始时，施加2层虚弱 。",
      "summary": "施加2层虚弱 ",
      "undefined": "-"
    },
    {
      "id": "Daunted_Panic",
      "name": "畏缩",
      "desc": "- 陷入恐慌\n- 回合开始时，施加4层虚弱 。",
      "summary": "施加4层虚弱 "
    },
    {
      "id": "Overwhelm_LowMorale",
      "name": "无措",
      "desc": "- 士气低落\n- 回合开始时，施加2层虚弱 。",
      "summary": "施加2层虚弱 ",
      "undefined": "-"
    },
    {
      "id": "Overwhelm_Panic",
      "name": "无措",
      "desc": "- 陷入恐慌\n- 本回合内无法行动。",
      "summary": "无法行动",
      "undefined": "-"
    },
    {
      "id": "Anger_LowMorale",
      "name": "愤怒",
      "desc": "- 士气低落\n- 回合开始时，获得1层伤害强化 并施加2层易损 。",
      "summary": "获得1层伤害强化 并施加2层易损 "
    },
    {
      "id": "Anger_Panic",
      "name": "愤怒",
      "desc": "- 陷入恐慌\n- 回合开始时，获得2层伤害强化 并施加5层易损 。",
      "summary": "获得2层伤害强化 并施加5层易损 "
    },
    {
      "id": "Run_LowMorale",
      "name": "溃退",
      "desc": "无法行动。受到攻击时，在攻击结束后战败。",
      "summary": "无法行动"
    },
    {
      "id": "Nail",
      "name": "N公司的尖钉",
      "desc": "回合开始时，增加1级流血 强度并施加{0}层流血 。\n回合结束时，本效果的层数减少1层。",
      "summary": "增加1级流血 强度并施加{0}层流血 "
    },
    {
      "id": "Inactible",
      "name": "无法行动",
      "desc": "本回合内无法行动。",
      "summary": "无法行动"
    },
    {
      "id": "Combustion",
      "name": "烧伤",
      "desc": "回合结束时，受到{0}点固定伤害。持续{1}回合。",
      "summary": "{0}点固定伤害"
    },
    {
      "id": "Laceration",
      "name": "流血",
      "desc": "下{1}次掷出攻击技能硬币时受到{0}点固定伤害。",
      "summary": "{0}点固定伤害"
    },
    {
      "id": "Vibration",
      "name": "震颤",
      "desc": "在{1}回合内，受到造成震颤引爆 的攻击时，混乱阈值前移{0}。",
      "summary": "混乱阈值前移{0}"
    },
    {
      "id": "Burst",
      "name": "破裂",
      "desc": "下{1}次受到攻击时，额外受到{0}点固定伤害。",
      "summary": "{0}点固定伤害"
    },
    {
      "id": "Sinking",
      "name": "沉沦",
      "desc": "下{1}次受到攻击时，额外受到{0}点固定理智伤害。(没有理智值的目标则受到忧郁伤害)",
      "summary": "{0}点沉沦伤害"
    },
    {
      "id": "Breath",
      "name": "呼吸法",
      "desc": "下{1}次攻击命中时有{0}x5%的概率产生暴击。",
      "summary": "{0}x5%暴击率"
    },
    {
      "id": "BloodPocket",
      "name": "血囊",
      "desc": "积蓄到特定层数后将释放强力攻击。",
      "summary": "强力攻击预备"
    },
    {
      "id": "WaterPocket",
      "name": "液囊",
      "desc": "恢复{0}x20点体力",
      "summary": "额外体力恢复"
    },
    {
      "id": "DogThunder",
      "name": "带电状态",
      "desc": "积蓄到特定层数后将进入强化状态。",
      "summary": "强化自身"
    },
    {
      "id": "Run_Panic",
      "name": "脱逃",
      "desc": "本回合内无法行动。受到攻击时，在攻击结束后逃离战斗。",
      "summary": "无法行动"
    },
    {
      "id": "Operation",
      "name": "手术",
      "desc": "在层数达到5层时直接阵亡。\n每层减少20%体力上限。\n每层增加20%造成的伤害。\n回合开始时，使自身获得{0}层迅捷 。",
      "summary": "层数达到5层时直接阵亡"
    },
    {
      "id": "Emergency_Operation",
      "name": "紧急手术",
      "desc": "每层使体力上限增加25%，技能威力+1。\n本效果的每回合层数增加1层。\n层数达到5层时，角色直接阵亡。",
      "summary": "层数达到5层时直接阵亡"
    },
    {
      "id": "BabayagaTimeLimit",
      "name": "芭芭雅嘎的追猎",
      "desc": "芭芭雅嘎正在迫近。杀出一条血路，不战斗就无法生存。",
      "summary": "芭芭雅嘎正在迫近"
    },
    {
      "id": "PinkRibbon_Ishmael",
      "name": "粉色丝带",
      "desc": "本回合内，每次掷出攻击技能硬币时使本效果的层数增加1层。\n回合结束时：施加与本效果相同层数的束缚 ，随后解除本效果。",
      "summary": "施加{0}层束缚 "
    },
    {
      "id": "Muckworm",
      "name": "蛆虫",
      "desc": "回合结束时，受到数值等同于本效果层数的暴食伤害并施加1层流血 ，随后使该效果的层数减少1层。",
      "summary": "受到暴食伤害。施加1层流血 "
    },
    {
      "id": "AttackUp",
      "name": "攻击等级提升",
      "desc": "本回合内攻击等级+{0}",
      "summary": "攻击等级+{0}"
    },
    {
      "id": "AttackDown",
      "name": "攻击等级降低",
      "desc": "本回合内攻击等级-{0}",
      "summary": "攻击等级-{0}"
    },
    {
      "id": "Liu_Meursault_Guard_Buff",
      "name": "坚如泰山",
      "desc": "受到攻击时，对攻击者施加1层烧伤 。",
      "summary": "对攻击者施加1层烧伤 "
    },
    {
      "id": "SlashResistUp",
      "name": "斩击抗性强化",
      "desc": "目标的斩击抗性减少0.{0}"
    },
    {
      "id": "PenetrateResistUp",
      "name": "突刺抗性强化",
      "desc": "目标的突刺抗性减少0.{0}"
    },
    {
      "id": "HitResistUp",
      "name": "打击抗性强化",
      "desc": "目标的打击抗性减少0.{0}"
    },
    {
      "id": "SlashDamageUp",
      "name": "斩击伤害强化",
      "desc": "本回合内斩击技能造成的伤害+{0}0%(最多+100%)",
      "summary": "斩击技能造成的伤害+{0}0%"
    },
    {
      "id": "PenetrateDamageUp",
      "name": "突刺伤害强化",
      "desc": "本回合内突刺技能造成的伤害+{0}0%(最多+100%)",
      "summary": "突刺技能造成的伤害+{0}0%"
    },
    {
      "id": "HitDamageUp",
      "name": "打击伤害强化",
      "desc": "本回合内打击技能造成的伤害+{0}0%(最多+100%)",
      "summary": "打击技能造成的伤害+{0}0%"
    },
    {
      "id": "SlashResistDown",
      "name": "斩击抗性弱化",
      "desc": "目标的斩击抗性增加0.{0}"
    },
    {
      "id": "PenetrateResistDown",
      "name": "突刺抗性弱化",
      "desc": "目标的突刺抗性增加0.{0}"
    },
    {
      "id": "HitResistDown",
      "name": "打击抗性弱化",
      "desc": "目标的打击抗性增加0.{0}"
    },
    {
      "id": "SlashDamageDown",
      "name": "斩击伤害弱化",
      "desc": "本回合内斩击技能造成的伤害-{0}0%(最多-100%)",
      "summary": "斩击技能造成的伤害-{0}0%"
    },
    {
      "id": "PenetrateDamageDown",
      "name": "突刺伤害弱化",
      "desc": "本回合内突刺技能造成的伤害-{0}0%(最多-100%)",
      "summary": "突刺技能造成的伤害-{0}0%"
    },
    {
      "id": "HitDamageDown",
      "name": "打击伤害弱化",
      "desc": "本回合内打击技能造成的伤害-{0}0%(最多-100%)",
      "summary": "打击技能造成的伤害-{0}0%"
    },
    {
      "id": "CrimsonResistDown",
      "name": "暴怒抗性弱化",
      "desc": "目标的暴怒抗性增加0.{0}"
    },
    {
      "id": "ScarletResistDown",
      "name": "色欲抗性弱化",
      "desc": "目标的色欲抗性增加0.{0}"
    },
    {
      "id": "AmberResistDown",
      "name": "怠惰抗性弱化",
      "desc": "目标的怠惰抗性增加0.{0}"
    },
    {
      "id": "ShamrockResistDown",
      "name": "暴食抗性弱化",
      "desc": "目标的暴食抗性增加0.{0}"
    },
    {
      "id": "AzureResistDown",
      "name": "忧郁抗性弱化",
      "desc": "目标的忧郁抗性增加0.{0}"
    },
    {
      "id": "IndigoResistDown",
      "name": "傲慢抗性弱化",
      "desc": "目标的傲慢抗性增加0.{0}"
    },
    {
      "id": "VioletResistDown",
      "name": "嫉妒抗性弱化",
      "desc": "目标的嫉妒抗性增加0.{0}"
    },
    {
      "id": "CrimsonResistUp",
      "name": "暴怒抗性强化",
      "desc": "基于效果层数提高暴怒抗性。(每层0.1%)"
    },
    {
      "id": "ScarletResistUp",
      "name": "色欲抗性强化",
      "desc": "基于效果层数提高色欲抗性。(每层0.1%)"
    },
    {
      "id": "AmberResistUp",
      "name": "怠惰抗性强化",
      "desc": "基于效果层数降低怠惰抗性。(每层0.1%)"
    },
    {
      "id": "ShamrockResistUp",
      "name": "暴食抗性强化",
      "desc": "基于效果层数提高暴食抗性。(每层0.1%)"
    },
    {
      "id": "AzureResistUp",
      "name": "忧郁抗性强化",
      "desc": "基于效果层数提高忧郁抗性。(每层0.1%)"
    },
    {
      "id": "IndigoResistUp",
      "name": "傲慢抗性强化",
      "desc": "基于效果层数提高傲慢抗性。(每层0.1%)"
    },
    {
      "id": "VioletResistUp",
      "name": "嫉妒抗性强化",
      "desc": "基于效果层数提高嫉妒抗性。(每层0.1%)"
    },
    {
      "id": "CrimsonDamageDown",
      "name": "暴怒伤害弱化",
      "desc": "本回合内暴怒技能造成的伤害-{0}0%(最多-100%)",
      "summary": "暴怒技能造成的伤害-{0}0%"
    },
    {
      "id": "ScarletDamageDown",
      "name": "色欲伤害弱化",
      "desc": "本回合内色欲技能造成的伤害-{0}0%(最多-100%)",
      "summary": "色欲技能造成的伤害-{0}0%"
    },
    {
      "id": "AmberDamageDown",
      "name": "怠惰伤害弱化",
      "desc": "本回合内怠惰技能造成的伤害-{0}0%(最多-100%)",
      "summary": "怠惰技能造成的伤害-{0}0%"
    },
    {
      "id": "ShamrockDamageDown",
      "name": "暴食伤害弱化",
      "desc": "本回合内暴食技能造成的伤害-{0}0%(最多-100%)",
      "summary": "暴食技能造成的伤害-{0}0%"
    },
    {
      "id": "AzureDamageDown",
      "name": "忧郁伤害弱化",
      "desc": "本回合内忧郁技能造成的伤害-{0}0%(最多-100%)",
      "summary": "忧郁技能造成的伤害-{0}0%"
    },
    {
      "id": "IndigoDamageDown",
      "name": "傲慢伤害弱化",
      "desc": "本回合内傲慢技能造成的伤害-{0}0%(最多-100%)",
      "summary": "傲慢技能造成的伤害-{0}0%"
    },
    {
      "id": "VioletDamageDown",
      "name": "嫉妒伤害弱化",
      "desc": "本回合内嫉妒技能造成的伤害-{0}0%(最多-100%)",
      "summary": "嫉妒技能造成的伤害-{0}0%"
    },
    {
      "id": "CrimsonDamageUp",
      "name": "暴怒伤害强化",
      "desc": "本回合内暴怒技能造成的伤害+{0}0%(最多+100%)",
      "summary": "暴怒技能造成的伤害+{0}0%"
    },
    {
      "id": "ScarletDamageUp",
      "name": "色欲伤害强化",
      "desc": "本回合内色欲技能造成的伤害+{0}0%(最多+100%)",
      "summary": "色欲技能造成的伤害+{0}0%"
    },
    {
      "id": "AmberDamageUp",
      "name": "怠惰伤害强化",
      "desc": "本回合内怠惰技能造成的伤害+{0}0%(最多+100%)",
      "summary": "怠惰技能造成的伤害+{0}0%"
    },
    {
      "id": "ShamrockDamageUp",
      "name": "暴食伤害强化",
      "desc": "本回合内暴食技能造成的伤害+{0}0%(最多+100%)",
      "summary": "暴食技能造成的伤害+{0}0%"
    },
    {
      "id": "AzureDamageUp",
      "name": "忧郁伤害强化",
      "desc": "本回合内忧郁技能造成的伤害+{0}0%(最多+100%)",
      "summary": "忧郁技能造成的伤害+{0}0%"
    },
    {
      "id": "IndigoDamageUp",
      "name": "傲慢伤害强化",
      "desc": "本回合内傲慢技能造成的伤害+{0}0%(最多+100%)",
      "summary": "傲慢技能造成的伤害+{0}0%"
    },
    {
      "id": "VioletDamageUp",
      "name": "嫉妒伤害强化",
      "desc": "本回合内嫉妒技能造成的伤害+{0}0%(最多+100%)",
      "summary": "嫉妒技能造成的伤害+{0}0%"
    },
    {
      "id": "Curse",
      "name": "诅咒",
      "desc": "回合结束时，随机施加下列效果，随后使本效果的层数减少1层。随机效果包括1层虚弱 、1层破绽 、2层攻击等级降低 、2层防御等级降低 。",
      "summary": "施加1层随机效果，随后层数减少1层"
    },
    {
      "id": "AttackDmgUp_Weak",
      "name": "痛击",
      "desc": "攻击抗性为脆弱的目标时造成的伤害+{0}%",
      "summary": "对脆弱目标造成的伤害+{0}%"
    },
    {
      "id": "Bullet",
      "name": "弹药",
      "desc": "部分技能进行攻击时消耗的资源。缺少弹药时这些攻击将不会发动。",
      "summary": "部分技能的资源"
    },
    {
      "id": "Meursault_Last_Remodeling",
      "name": "最终改造",
      "desc": "回合开始时，使自身获得3层强壮 、忍耐 和迅捷 。在{0}回合后阵亡。"
    },
    {
      "id": "Choice_90103301",
      "name": "挣扎",
      "desc": "本场战斗速度值+1。",
      "summary": "速度值+1"
    },
    {
      "id": "Choice_90103402",
      "name": "安心",
      "desc": "本场战斗速度值+2。",
      "summary": "速度值+2"
    },
    {
      "id": "Choice_901001",
      "name": "燎原",
      "desc": "下场战斗开始时，技能组不包含暴怒属性攻击技能的友方单位受到5点暴怒伤害。"
    },
    {
      "id": "Choice_901007",
      "name": "惜别",
      "desc": "回合开始时，恢复10点体力与理智值(最多3回合)",
      "summary": "体力与理智值+10"
    },
    {
      "id": "Choice_901009",
      "name": "眩目",
      "desc": "下场战斗开始时，技能的最终威力减少1。",
      "summary": "技能的最终威力-1"
    },
    {
      "id": "Choice_901010",
      "name": "放空",
      "desc": "战斗开始时，技能组不包含色欲属性攻击技能的友方单位陷入混乱。"
    },
    {
      "id": "Choice_901019",
      "name": "秽物",
      "desc": "战斗开始时，速度值-2。",
      "summary": "速度值-2"
    },
    {
      "id": "Choice_1030301",
      "name": "事件效果",
      "desc": "战斗开始时，获得3层强壮 。",
      "summary": "获得3层强壮 "
    },
    {
      "id": "Choice_1030501",
      "name": "事件效果",
      "desc": "每回合开始时施加5层虚弱 。",
      "summary": "施加5层虚弱 "
    },
    {
      "id": "Choice_1031001",
      "name": "事件效果",
      "desc": "每回合开始时施加3层伤害弱化 。",
      "summary": "施加3层伤害弱化 "
    },
    {
      "id": "Assemble",
      "name": "狂信",
      "desc": "本回合内攻击带有尖钉 的目标时，技能的最终威力+{0}(拼点时同样生效)",
      "summary": "技能的最终威力+{0}"
    },
    {
      "id": "ReinforcedAssemble",
      "name": "克罗默的哨音",
      "desc": "我们无所畏惧，与执柄者同在。"
    },
    {
      "id": "Greedy",
      "name": "渴望",
      "desc": "本回合内对自身施加2层易损 与10层束缚 。同时，获得一个行动槽并改变自身的行动。",
      "summary": "对自身施加2层易损 与10层束缚 "
    },
    {
      "id": "Desire",
      "name": "欲望",
      "desc": "回合结束时，若本效果的层数不低于5层，则受到30点理智伤害，并施加2层易损 与10层束缚 ，随后解除本效果。",
      "summary": "受到30点理智伤害并对自身施加2层易损 与10层束缚 "
    },
    {
      "id": "GreedyReady",
      "name": "极度渴望",
      "desc": "在{0}回合后使用会施加渴望 的技能。"
    },
    {
      "id": "Decay",
      "name": "腐化外皮",
      "desc": "受到攻击时，对攻击者施加3层剧毒 。",
      "summary": "受到攻击时，对攻击者施加3层剧毒 "
    },
    {
      "id": "Poison",
      "name": "剧毒",
      "desc": "回合结束时，受到{0}点固定伤害，随后使本效果的层数减半。",
      "summary": "{0}点固定伤害"
    },
    {
      "id": "Cromer_Target",
      "name": "执柄者的凝视",
      "desc": "本回合内陷入混乱。克罗默对自身造成的伤害+100%。"
    },
    {
      "id": "Cromer_Boredom",
      "name": "接受痛苦吧！",
      "desc": "造成与受到的伤害+100%。\n守备技能的最终威力-5。"
    },
    {
      "id": "Cromer_Ecstasy",
      "name": "狂喜",
      "desc": "大嘴部位的物理抗性全部变为“致命”。",
      "summary": "部位的物理抗性削弱"
    },
    {
      "id": "Cromer_Madness",
      "name": "纯粹",
      "desc": "使所有部位获得3层伤害强化 并对其施加3层束缚 ，且它们的物理抗性全部变为“致命”。"
    },
    {
      "id": "Hardening",
      "name": "硬化",
      "desc": "回合开始时，若本效果的层数不低于3层，则使手臂进入完整状态。"
    },
    {
      "id": "Perfected",
      "name": "完整外壳",
      "desc": "回合开始时，使手臂获得2层强壮 。若手臂的体力不高于50%，则解除本效果",
      "summary": "获得2层强壮 "
    },
    {
      "id": "Enrage",
      "name": "狂暴",
      "desc": "本回合内获得3层强壮 并施加3层易损 ，随后变自身的行动。受到攻击时不再获得本能 层数。",
      "summary": "获得3层强壮 并施加3层易损 "
    },
    {
      "id": "Aggressive",
      "name": "本能",
      "desc": "回合结束时，若本效果的层数不低于4层，则进入进攻状态。"
    },
    {
      "id": "Whistle_Courage",
      "name": "战胜恐惧的勇气",
      "desc": "回合开始时，获得1层强壮 和2层守护 。",
      "summary": "获得1层强壮 和2层守护 "
    },
    {
      "id": "Whistle_Fear",
      "name": "令人恐惧的哨音",
      "desc": "回合开始时，施加1层束缚 和1层麻痹 。",
      "summary": "施加1层束缚 和1层麻痹 。"
    },
    {
      "id": "SlashTakeDamageDown",
      "name": "斩击守护",
      "desc": "本回合内受到来自斩击技能的伤害-{0}0%(最多-100%)",
      "summary": "受到来自斩击技能的伤害-{0}0%"
    },
    {
      "id": "PenetrateTakeDamageDown",
      "name": "突刺守护",
      "desc": "本回合内受到来自突刺技能的伤害-{0}0%(最多-100%)",
      "summary": "受到来自突刺技能的伤害-{0}0%"
    },
    {
      "id": "HitTakeDamageDown",
      "name": "打击守护",
      "desc": "本回合内受到来自打击技能的伤害-{0}0%(最多-100%)",
      "summary": "受到来自打击技能的伤害-{0}0%"
    },
    {
      "id": "CrimsonTakeDamageDown",
      "name": "暴怒守护",
      "desc": "本回合内受到来自暴怒技能的伤害-{0}0%(最多-100%)",
      "summary": "受到来自暴怒技能的伤害-{0}0%"
    },
    {
      "id": "ScarletTakeDamageDown",
      "name": "色欲守护",
      "desc": "本回合内受到来自色欲技能的伤害-{0}0%(最多-100%)",
      "summary": "受到来自色欲技能的伤害-{0}0%"
    },
    {
      "id": "AmberTakeDamageDown",
      "name": "怠惰守护",
      "desc": "本回合内受到来自怠惰技能的伤害-{0}0%(最多-100%)",
      "summary": "受到来自怠惰技能的伤害-{0}0%"
    },
    {
      "id": "ShamrockTakeDamageDown",
      "name": "暴食守护",
      "desc": "本回合内受到来自暴食技能的伤害-{0}0%(最多-100%)",
      "summary": "受到来自暴食技能的伤害-{0}0%"
    },
    {
      "id": "AzureTakeDamageDown",
      "name": "忧郁守护",
      "desc": "本回合内受到来自忧郁技能的伤害-{0}0%(最多-100%)",
      "summary": "受到来自忧郁技能的伤害-{0}0%"
    },
    {
      "id": "IndigoTakeDamageDown",
      "name": "傲慢守护",
      "desc": "本回合内受到来自傲慢技能的伤害-{0}0%(最多-100%)",
      "summary": "受到来自傲慢技能的伤害-{0}0%"
    },
    {
      "id": "VioletTakeDamageDown",
      "name": "嫉妒守护",
      "desc": "本回合内受到来自嫉妒技能的伤害-{0}0%(最多-100%)",
      "summary": "受到来自嫉妒技能的伤害-{0}0%"
    },
    {
      "id": "SlashTakeDamageUp",
      "name": "斩击易损",
      "desc": "本回合内受到来自斩击技能的伤害+{0}0%(最多+100%)",
      "summary": "受到来自斩击技能的伤害+{0}0%"
    },
    {
      "id": "PenetrateTakeDamageUp",
      "name": "突刺易损",
      "desc": "本回合内受到来自突刺技能的伤害+{0}0%(最多+100%)",
      "summary": "受到来自突刺技能的伤害+{0}0%"
    },
    {
      "id": "HitTakeDamageUp",
      "name": "打击易损",
      "desc": "本回合内受到来自打击技能的伤害+{0}0%(最多+100%)",
      "summary": "受到来自打击技能的伤害+{0}0%"
    },
    {
      "id": "CrimsonTakeDamageUp",
      "name": "暴怒易损",
      "desc": "本回合内受到来自暴怒技能的伤害+{0}0%(最多+100%)",
      "summary": "受到来自暴怒技能的伤害+{0}0%"
    },
    {
      "id": "ScarletTakeDamageUp",
      "name": "色欲易损",
      "desc": "本回合内受到来自色欲技能的伤害+{0}0%(最多+100%)",
      "summary": "受到来自色欲技能的伤害+{0}0%"
    },
    {
      "id": "AmberTakeDamageUp",
      "name": "怠惰易损",
      "desc": "本回合内受到来自怠惰技能的伤害+{0}0%(最多+100%)",
      "summary": "受到来自怠惰技能的伤害+{0}0%"
    },
    {
      "id": "ShamrockTakeDamageUp",
      "name": "暴食易损",
      "desc": "本回合内受到来自暴食技能的伤害+{0}0%(最多+100%)",
      "summary": "受到来自暴食技能的伤害+{0}0%"
    },
    {
      "id": "AzureTakeDamageUp",
      "name": "忧郁易损",
      "desc": "本回合内受到来自忧郁技能的伤害+{0}0%(最多+100%)",
      "summary": "受到来自忧郁技能的伤害+{0}0%"
    },
    {
      "id": "IndigoTakeDamageUp",
      "name": "傲慢易损",
      "desc": "本回合内受到来自傲慢技能的伤害+{0}0%(最多+100%)",
      "summary": "受到来自傲慢技能的伤害+{0}0%"
    },
    {
      "id": "VioletTakeDamageUp",
      "name": "嫉妒易损",
      "desc": "本回合内受到来自嫉妒技能的伤害+{0}0%(最多+100%)",
      "summary": "受到来自嫉妒技能的伤害+{0}0%"
    },
    {
      "id": "LittleCourage",
      "name": "记号",
      "desc": "辛克莱向克罗默抗争的决心。刻下3个记号的话……",
      "summary": "辛克莱的决心"
    },
    {
      "id": "NailPersonality",
      "name": "尖钉",
      "desc": "特殊流血 \n回合开始时，增加1级流血 强度并施加{0}层流血 。\n回合结束时，使本效果的层数减半。(向下取整)",
      "summary": "增加1级流血 强度并施加{0}层流血 "
    },
    {
      "id": "AssemblePersonality",
      "name": "狂信",
      "desc": "本回合内攻击带有尖钉 的目标时，技能的最终威力+{0}(拼点时同样生效)",
      "summary": "技能的最终威力+{0}"
    },
    {
      "id": "MarkOfHeresy",
      "name": "凝视",
      "desc": "本回合内受到的突刺和打击伤害+20%。友方单位击杀被本效果标记的敌方单位时，使其恢复10点理智值，若该友方单位属于N公司狂信徒，则在下回合使其获得1层狂信 。",
      "summary": "受到的突刺和打击伤害+20%"
    },
    {
      "id": "HitResultUp",
      "name": "打击强壮",
      "desc": "本回合内打击技能的最终威力+{0}。",
      "summary": "打击技能的最终威力+{0}"
    },
    {
      "id": "WeaknessAnalysis",
      "name": "弱点分析",
      "desc": "本回合内随机使1个抗性等级为“耐性”或“一般”的攻击类型[承伤系数+0.2]。",
      "summary": "使抗性为“耐性”或“一般”的攻击类型[承伤系数+0.2]"
    },
    {
      "id": "Cycle",
      "name": "业报",
      "desc": "受到的伤害+{0}%。回合结束时，若本效果的层数不低于108层，则使该角色直接阵亡。",
      "summary": "无我入定的被动"
    },
    {
      "id": "Duress",
      "name": "禁锢",
      "desc": "使目标在3回合内陷入混乱。\n回合开始时，若Kqe-1j-23陷入混乱，则解除本效果。",
      "summary": "Kqe的被动"
    },
    {
      "id": "VioletResultUp",
      "name": "嫉妒强壮",
      "desc": "本回合内嫉妒技能的最终威力+{0}。",
      "summary": "嫉妒技能的最终威力+{0}"
    },
    {
      "id": "CyclingKarma",
      "name": "业报轮回",
      "desc": "场上所有单位在攻击命中时会将自身的部分业报 转移给目标。场上有无我入定以外的敌方单位存活时，业报 无法转移给无我入定。",
      "summary": "攻击命中时转移业报"
    },
    {
      "id": "TakeHpHealReduce",
      "name": "体力恢复降低",
      "desc": "本回合内通过被动，技能以及硬币效果恢复的体力量-{0}0%。(最多5层)",
      "summary": "体力恢复量-{0}0%"
    },
    {
      "id": "AttackLevelAdder",
      "name": "攻击等级+",
      "desc": "本回合内攻击等级+{0}",
      "summary": "攻击等级+{0}"
    },
    {
      "id": "Thirst",
      "name": "饥渴",
      "desc": "使即兴烹饪的体力恢复量+{0}0%。\n被动触发时消耗所有层数。",
      "summary": "即兴烹饪 体力恢复量+{0}0%"
    },
    {
      "id": "GainSinStockAdder",
      "name": "罪孽碎片获取量提升",
      "desc": "本回合内使用技能时获得的罪孽碎片数量+{0}",
      "summary": "罪孽碎片获取量+{0}"
    },
    {
      "id": "Weak_Chicken",
      "name": "鸡群的末日菜肴",
      "desc": "因罪人的菜肴引发的反应。失去体力上限40%的体力",
      "summary": "失去40%体力"
    },
    {
      "id": "Strong_Chicken",
      "name": "难以言表的愤怒",
      "desc": "每回合获得1层强壮 ",
      "summary": "获得1层强壮 "
    },
    {
      "id": "DimensionRift",
      "name": "次元裂痕",
      "desc": "回合结束时，施加{0}层破裂 ",
      "summary": "施加破裂 "
    },
    {
      "id": "Scared",
      "name": "恐惧",
      "desc": "理智值不高于-20点时，下回合使自身获得1层守护 。",
      "summary": "理智值不高于-20点时，下回合使自身获得1层守护 。"
    },
    {
      "id": "Stressed",
      "name": "压力",
      "desc": "回合结束时若理智值不高于-25点，下回合使自身获得1层忍耐 。",
      "summary": "回合结束时若理智值不高于-25点，下回合使自身获得1层忍耐 。"
    },
    {
      "id": "Nervous",
      "name": "焦虑",
      "desc": "回合结束时若理智值不高于-15点，下回合使自身获得5层防御等级提升 。",
      "summary": "回合结束时若理智值不高于-15点，下回合使自身获得5层防御等级提升 。"
    },
    {
      "id": "ShardOfUmbrella",
      "name": "雨伞碎片",
      "desc": "回合结束时，增加{0}x5级破裂 强度",
      "summary": "回合结束时，增加{0}x5级破裂 强度"
    },
    {
      "id": "WrappedCurseTag",
      "name": "纠缠的咒符",
      "desc": "造成的伤害+{0}%\n若层数高于9层，则在回合开始时对自身施加2层虚弱 ",
      "summary": "造成的伤害+{0}%；若层数高于9层，则在回合开始时对自身施加2层虚弱 "
    },
    {
      "id": "ReattachedCurseTag",
      "name": "复贴的咒符",
      "desc": "若层数不低于9层，则在回合开始时对自身施加5层束缚 。\n若层数不低于12层，则在回合开始时对自身施加5层虚弱 。",
      "summary": "若层数不低于9层，则在回合开始时对自身施加5层束缚 。\n若层数不低于12层，则在回合开始时对自身施加5层虚弱 。"
    },
    {
      "id": "ElectricStorage",
      "name": "蓄能",
      "desc": "其身体似乎积蓄了电流。",
      "summary": "표시용"
    },
    {
      "id": "SelfCharge",
      "name": "自体发电",
      "desc": "身体周围似乎有电流浮现。\n若死亡前自身仍带有自体发电 ，则消耗完所有层数前固定体力为1(最多20层)",
      "summary": "표시용"
    },
    {
      "id": "Exalted",
      "name": "昂扬",
      "desc": "每回合使自身获得{0}层伤害强化 (最多5层)\n带有醉意 时无法获得",
      "summary": "每回合使自身获得伤害强化 ，带有醉意 时无法获得。"
    },
    {
      "id": "Tipsiness",
      "name": "醉意",
      "desc": "拼点威力-{0}(最多5层)",
      "summary": "拼点威力减少等同于本效果层数的数值"
    },
    {
      "id": "Predation",
      "name": "捕食",
      "desc": "似乎在准备使用强力的技能。",
      "summary": "표시용"
    },
    {
      "id": "ATL_Agility",
      "name": "再快点！",
      "desc": "获得2层迅捷 ",
      "summary": "표시용"
    },
    {
      "id": "ATL_Breath",
      "name": "再准点！",
      "desc": "增加3级呼吸法 强度",
      "summary": "표시용"
    },
    {
      "id": "ATL_Target",
      "name": "拿下他！",
      "desc": "统一攻击同一个敌方单位。",
      "summary": "표시용"
    },
    {
      "id": "ATL_EndureCombustion",
      "name": "烧伤抗性",
      "desc": "受到的烧伤 伤害减少{0}0%(最多10层)",
      "summary": "受到的烧伤 伤害减少{0}0%"
    },
    {
      "id": "Resonate",
      "name": "共振",
      "desc": "使目标震颤引爆 或前移混乱阈值时，额外造成{0}×3点固定伤害，混乱阈值前移{0}×3%",
      "summary": "使目标震颤引爆 或前移混乱阈值时，额外造成固定伤害并进一步前移混乱阈值"
    },
    {
      "id": "VibrationAssimilation",
      "name": "震颤同步",
      "desc": "拼点目标每带有5级震颤 强度，使其拼点威力-1",
      "summary": "拼点目标每带有5级震颤 强度，使其拼点威力-1"
    },
    {
      "id": "CollapseAmpoule",
      "name": "崩解安瓿",
      "desc": "受到体力上限({0}x2)%的伤害。",
      "summary": "受到体力上限({0}x2)%的伤害。"
    },
    {
      "id": "InterlockingTime",
      "name": "啮合的时间",
      "desc": "减少并储存最终伤害的30%。当层数为3时，对自身造成所储存的伤害量1.5倍的固定伤害。下回合对自身施加3层束缚 。",
      "summary": "减少并储存最终伤害的30%。当层数为3时，对自身造成所储存的伤害量1.5倍的固定伤害。下回合对自身施加3层束缚 。"
    },
    {
      "id": "TimeRental",
      "name": "心象中的时间租赁",
      "desc": "回合结束时，使自身获得3层迅捷 与2层伤害强化 。回合结束时，若效果剩余层数为1，则在下回合对自身施加4层束缚 与1层虚弱 ",
      "summary": "回合结束时，使自身获得3层迅捷 与2层伤害强化 。回合结束时，若效果剩余层数为1，则在下回合对自身施加4层束缚 与1层虚弱 "
    },
    {
      "id": "Bull_FadedHeat",
      "name": "片刻冷静",
      "desc": "本体与躯干的体力上限-50%"
    },
    {
      "id": "Bull_Fever",
      "name": "狂热",
      "desc": "造成的伤害+{0}0%\n回合结束时，本效果的层数减少1层",
      "summary": ""
    },
    {
      "id": "Bull_Sadness",
      "name": "尚未释怀的哀伤",
      "desc": "下回合施加与本效果层数相同的虚弱 。\n回合结束时，若层数高于3层，则转化为愈加膨胀的哀伤 。",
      "summary": ""
    },
    {
      "id": "Bull_ReinforcedSadness",
      "name": "愈加膨胀的哀伤",
      "desc": "改变自身的行为。",
      "summary": "改变自身的行为。"
    },
    {
      "id": "Bull_BuzzingEmotion",
      "name": "飘忽不定的情绪",
      "desc": "回合开始时，随机对自身施加虚弱 、麻痹 、束缚 中的一种效果，其层数与本效果相同，随后解除本效果。",
      "summary": "回合开始时，随机对自身施加虚弱 、麻痹 、束缚 中的一种效果，其层数与本效果相同，随后解除本效果。"
    },
    {
      "id": "Crazy_LowMorale",
      "name": "疯狂",
      "desc": "- 士气低落\n- 初次进入士气低落状态时，进入无差别攻击状态",
      "undefined": "-"
    },
    {
      "id": "Crazy_Panic",
      "name": "疯狂",
      "desc": "- 陷入恐慌\n- 进入无差别攻击状态，拼点威力+1，获得2层伤害强化 ",
      "undefined": "-"
    },
    {
      "id": "Suicide_LowMorale",
      "name": "自尽",
      "desc": "- 士气低落\n- 初次进入士气低落状态时，无法行动",
      "undefined": "-"
    },
    {
      "id": "Suicide_Panic",
      "name": "自尽",
      "desc": "- 陷入恐慌\n- 3回合内无法行动，回合开始时阵亡，全体友方单位失去10点理智值",
      "undefined": "-"
    },
    {
      "id": "Prowl_LowMorale",
      "name": "徘徊",
      "desc": "- 士气低落\n- 回合结束时，全体友方单位失去2点理智值。",
      "undefined": "-"
    },
    {
      "id": "Prowl_Panic",
      "name": "徘徊",
      "desc": "- 陷入恐慌\n- 3回合内，每回合结束时全体友方单位失去5点理智值。3回合结束后逃离战斗",
      "undefined": "-"
    },
    {
      "id": "Thorn",
      "name": "荆棘",
      "desc": "受到攻击时，将所受伤害的50%反弹给攻击者。",
      "summary": "反弹受到伤害的50%给攻击者"
    },
    {
      "id": "Fragile_Mind_LowMorale",
      "name": "岌岌可危的心灵",
      "desc": "回合开始时，使自身获得2层强壮 ，3层束缚 ",
      "summary": "回合开始时，使自身获得2层强壮 ，3层束缚 "
    },
    {
      "id": "Fragile_Mind_Panic",
      "name": "混乱不安的心灵",
      "desc": "如果处于恐慌状态则陷入混乱",
      "summary": "如果处于恐慌状态则陷入混乱"
    },
    {
      "id": "ErodingMind",
      "name": "渐被侵蚀的心灵",
      "desc": "回合开始时，对自身施加2层虚弱 ，2层易损 ，5层束缚 ",
      "summary": "回合开始时，对自身施加2层虚弱 ，2层易损 ，5层束缚 "
    },
    {
      "id": "Blue_LowMorale",
      "name": "抑郁",
      "desc": "- 士气低落\n- 若拼点时硬币掷出过反面，则使本次拼点威力-1。",
      "undefined": "-"
    },
    {
      "id": "Blue_Panic",
      "name": "抑郁",
      "desc": "- 陷入恐慌\n- 若拼点时硬币掷出过反面，则使本次拼点威力-3。",
      "undefined": "-"
    },
    {
      "id": "ATL_EndureLaceration",
      "name": "流血抗性",
      "desc": "受到的流血 伤害减少{0}0%(最多10层)",
      "summary": "受到的流血 伤害减少{0}0%"
    },
    {
      "id": "DongbaekGrow",
      "name": "生长",
      "desc": "回合结束时，本效果的层数+1，并根据其数值增加体力上限。(最多3层)",
      "summary": "回合结束时，本效果的层数+1，并根据其数值增加体力上限。(最多3层)"
    },
    {
      "id": "DongbaekFlorescence",
      "name": "开花",
      "desc": "回合结束时，若本效果的层数不低于5层，则受到体力上限(层数)%的怠惰伤害，并进入盛放 状态\n层数未满5层时，则会受到(层数x5)点理智伤害，并使本效果的层数-1。",
      "summary": ""
    },
    {
      "id": "DongbaekFullBloom",
      "name": "盛放",
      "desc": "无法行动\n回合结束时失去20点理智值；若理智值降为-45，则会完全恢复理智值，并在下回合施加恍惚的意识 \n若本效果在2回合内没有解除，则在回合结束时解除",
      "summary": ""
    },
    {
      "id": "DongbaekFascination",
      "name": "恍惚的意识",
      "desc": "本回合指定友方单位作为攻击目标\n陷入混乱时，在下回合解除本效果\n若本效果在2回合内没有解除，则在回合结束时解除，并失去30点理智值",
      "summary": ""
    },
    {
      "id": "DongbaekShowdown",
      "name": "对决",
      "desc": "回合开始时，未带有本效果的单位会进入盛放 状态\n若李箱带有本效果，冬柏将获得1层强壮 ",
      "summary": ""
    },
    {
      "id": "DongbaekScatterPetal",
      "name": "落英缤纷",
      "desc": "回合结束时，若本效果的层数不低于6层，则陷入混乱",
      "summary": ""
    },
    {
      "id": "CrimsonResultUp",
      "name": "暴怒强壮",
      "desc": "本回合内暴怒技能的最终威力+{0}。",
      "summary": "暴怒技能的最终威力+{0}。"
    },
    {
      "id": "EmittedCurrent",
      "name": "电流释放",
      "desc": "受到攻击时，攻击者获得1层充能 ；受到忧郁属性技能攻击时，对自身施加1层破裂 。随后本效果的层数减少1层。"
    },
    {
      "id": "DistortedDongrangRadiantVanity",
      "name": "耀眼的虚荣",
      "desc": "回合开始时，使东朗获得1层守护 ，1层强壮 "
    },
    {
      "id": "DistortedDongrangEmptyMark",
      "name": "空虚的标记",
      "desc": "成为东朗的攻击目标。每回合开始时，对自身施加2层束缚 ，受到东朗造成的伤害+50%"
    },
    {
      "id": "DistortedDongrangEarnestAchievement",
      "name": "恳切的成就",
      "desc": "若该单位的体力变为1或是被击杀，使攻击者获得强化"
    },
    {
      "id": "DistortedDongrangEmptyHonor",
      "name": "空虚的荣誉",
      "desc": "东朗击杀该单位时，失去体力并施加1层空虚 。下回合被弱化"
    },
    {
      "id": "DistortedDongrangMomentaryGlory",
      "name": "刹那的荣光",
      "desc": "层数高于3时，东朗获得强化"
    },
    {
      "id": "DistortedDongrangEmptiness",
      "name": "空虚",
      "desc": "层数高于4时，东朗陷入混乱"
    },
    {
      "id": "DistortedDongrangFruition",
      "name": "成熟的果实",
      "desc": "使击杀该单位的目标恢复体力并在下回合获得1层迅捷 与1层强壮 "
    },
    {
      "id": "EgoAwakenDongrangRadiantDesire",
      "name": "耀眼的欲望",
      "desc": "回合开始时，使东朗获得1层伤害强化 与1层守护 "
    },
    {
      "id": "EgoAwakenDongrangSeed",
      "name": "种子",
      "desc": "回合结束时，若本效果层数高于5层，则下两回合进入吸收养分 状态。层数未满5层时，则减少1层"
    },
    {
      "id": "EgoAwakenDongrangTree",
      "name": "吸收养分",
      "desc": "回合结束时，东朗恢复10点体力"
    },
    {
      "id": "EgoAwakenDongrangOverHeal",
      "name": "过量恢复",
      "desc": "根据东朗令目标恢复的体力，相应增加层数。当其层数高于50时，根据层数造成相应的暴食伤害，下回合对目标施加5层易损 并解除本效果"
    },
    {
      "id": "SinkingSurge",
      "name": "沉沦泛滥",
      "desc": "造成(沉沦 层数×沉沦 强度)点理智伤害，随后移除沉沦 \n若目标的理智值降至-45，则溢出的理智伤害转化为等量的忧郁伤害。\n(对于没有理智值的目标，造成的理智伤害全部转化为等量的忧郁伤害)"
    },
    {
      "id": "Blue",
      "name": "眼泪",
      "desc": "回合结束时，使自身失去5点理智值\n反面命中时，使目标增加2级沉沦 强度"
    },
    {
      "id": "AmberResultUp",
      "name": "怠惰强壮",
      "desc": "本回合内怠惰技能的最终威力+{0}。",
      "summary": "怠惰技能的最终威力+{0}"
    },
    {
      "id": "EgoAwakenDongrangTreeDisplay",
      "name": "吸收养分",
      "desc": "回合结束时，使东朗恢复10点体力"
    },
    {
      "id": "DongbaekFullBloomDisplay",
      "name": "盛放",
      "desc": "无法行动\n回合结束时使自身失去20点理智值。若理智值降为-45，则完全恢复理智值，并在下回合对自身施加恍惚的意识 \n若本效果在2回合内没有解除，则在回合结束时解除",
      "summary": ""
    },
    {
      "id": "EgoAwakenDongrangShardOfBrokenConnection",
      "name": "破碎纽带的残片",
      "desc": "李箱的技能最终威力+2\n友方单位被击杀时，下回合使剩余友方单位获得1层迅捷 与1层强壮 (每回合最多1次)\n在本场战斗中，若有1名以上其他友方单位存活，则李箱不会死亡。",
      "summary": ""
    },
    {
      "id": "Choice_1040301",
      "name": "未知的伤口",
      "desc": "本回合内，使自身增加10级破裂 强度",
      "summary": "1回合内，使自身增加10级破裂 强度"
    },
    {
      "id": "TakeHpHealIncrease",
      "name": "体力恢复提升",
      "desc": "本回合内通过被动，技能以及硬币效果恢复的体力量+{0}0%。(最多5层)",
      "summary": "体力恢复量+{0}0%"
    },
    {
      "id": "Choice_90104001",
      "name": "理解",
      "desc": "战斗开始时，所有罪孽碎片+2",
      "summary": "所有罪孽碎片+2"
    },
    {
      "id": "Choice_9010400101",
      "name": "觉悟",
      "desc": "本场战斗中，全体友方单位技能最终威力+2",
      "summary": "技能最终威力+2"
    },
    {
      "id": "Choice_90104002",
      "name": "思慕",
      "desc": "本场战斗中，全体友方单位技能威力+1",
      "summary": "技能威力+1"
    },
    {
      "id": "S2Mirror2ndFloor",
      "name": "镜中之镜 - 第二层",
      "desc": "技能最终威力+1",
      "summary": "技能最终威力+1"
    },
    {
      "id": "S2Mirror3rdFloor",
      "name": "镜中之镜 - 第三层",
      "desc": "技能最终威力+1\n攻击等级+3",
      "summary": "技能最终威力+1，攻击等级+3"
    },
    {
      "id": "S2Mirror4thFloor",
      "name": "镜中之镜 - 第四层",
      "desc": "技能最终威力+1\n攻击等级+3\n技能基础威力+1",
      "summary": "技能最终威力+1，攻击等级+3，技能基础威力+1。"
    },
    {
      "id": "S2Mirror5thFloor",
      "name": "镜中之镜 - 第五层",
      "desc": "技能最终威力+1\n攻击等级+3\n技能基础威力+1\n加算技能硬币威力+2\n减算技能硬币威力-2",
      "summary": "技能最终威力+1，攻击等级+3，技能基础威力+1，加算技能硬币威力+2，减算技能硬币威力-2"
    },
    {
      "id": "SkillPowerUp",
      "name": "基础威力提升",
      "desc": "本回合内，技能基础威力+{0}",
      "summary": "技能基础威力+{0}"
    },
    {
      "id": "MaxHpMultiplier",
      "name": "体力上限提升",
      "desc": "体力上限增加{0}0",
      "summary": "体力上限增加{0}0"
    },
    {
      "id": "StickCoinHeadAndTailToMaxPer",
      "name": "概率坍缩",
      "desc": "每3回合，根据友方单位使用的技能硬币种类，使硬币的朝向全部为正面或反面",
      "summary": "每3回合，根据硬币的种类使硬币朝向全部为正面或反面"
    },
    {
      "id": "RemoveBreakSection",
      "name": "坚韧不拔",
      "desc": "友方单位的第一混乱阈值无效",
      "summary": "第一混乱阈值无效"
    },
    {
      "id": "KCorpSerum",
      "name": "K公司的安瓿",
      "desc": "若回合开始低于4层，则恢复体力上限({0} × 5)%的体力\n若回合开始时不低于4层，则自身阵亡。",
      "summary": ""
    },
    {
      "id": "Talisman",
      "name": "符咒",
      "desc": "攻击命中时使目标增加{0}级破裂 强度，受到攻击时使自身增加{0}级破裂 强度\n回合结束时，若层数不低于6层，则消耗所有符咒 ，根据消耗层数使自身受到相应的固定伤害",
      "summary": "攻击命中时使目标增加破裂 强度，受到攻击时使自身增加破裂 强度"
    },
    {
      "id": "S2Mirror2ndFloor_Hard",
      "name": "镜中之镜困难 - 第二层",
      "desc": "技能最终威力+1\n攻击等级+3\n技能基础威力+1\n加算技能硬币威力+2\n减算技能硬币威力-2",
      "summary": "技能最终威力+1，攻击等级+3，技能基础威力+1，加算技能硬币威力+2，减算技能硬币威力-2"
    },
    {
      "id": "S2Mirror3rdFloor_Hard",
      "name": "镜中之镜困难 - 第三层",
      "desc": "技能最终威力+2\n攻击等级+3\n技能基础威力+1\n加算技能硬币威力+2\n减算技能硬币威力-2",
      "summary": "技能最终威力+2，攻击等级+3，技能基础威力+1，加算技能硬币威力+2，减算技能硬币威力-2"
    },
    {
      "id": "S2Mirror4thFloor_Hard",
      "name": "镜中之镜困难 - 第四层",
      "desc": "技能最终威力+3\n攻击等级+3\n技能基础威力+1\n加算技能硬币威力+2\n减算技能硬币威力-2",
      "summary": "技能最终威力+3，攻击等级+3，技能基础威力+1，加算技能硬币威力+2，减算技能硬币威力-2"
    },
    {
      "id": "S2Mirror5thFloor_Hard",
      "name": "镜中之镜困难 - 第五层",
      "desc": "技能最终威力+5\n攻击等级+3\n技能基础威力+1\n加算技能硬币威力+2\n减算技能硬币威力-2",
      "summary": "技能最终威力+5，攻击等级+3，技能基础威力+1，加算技能硬币威力+2，减算技能硬币威力-2"
    },
    {
      "id": "S2Mirror1stFloor_Hard",
      "name": "镜中之镜困难 - 第一层",
      "desc": "技能最终威力+1\n攻击等级+3\n技能基础威力+1\n加算技能硬币威力+2\n减算技能硬币威力-2",
      "summary": "技能最终威力+1，攻击等级+3，技能基础威力+1，加算技能硬币威力+2，减算技能硬币威力-2"
    },
    {
      "id": "MentalSystemResultIncrease_Typo",
      "name": "理智值恢复效率",
      "desc": "人格理智值增加条件下的理智值增加量"
    },
    {
      "id": "MentalSystemResultDecrease_Typo",
      "name": "理智值减少效率",
      "desc": "人格基础理智值减少条件下的理智值减少量"
    },
    {
      "id": "DuelDeclaration",
      "name": "决斗宣告",
      "desc": "施加决斗宣告 的单位与带有该状态的单位拼点时，使施加该状态的单位拼点威力+1，并在攻击命中时，下回合使自身获得1层迅捷 。(每回合最多4次) 当该单位对其他单位施加决斗宣告 时，此效果转移到新的目标上。当被其他单位施加决斗宣告 时，此效果被替换。"
    },
    {
      "id": "Aggro",
      "name": "挑衅值",
      "desc": "在集中遭遇战中，挑衅值越高的行动槽受到敌方单位攻击的概率越高。"
    },
    {
      "id": "BurstVulnerable",
      "name": "破裂易损",
      "desc": "本回合内受到来自破裂 效果的伤害+{0}"
    },
    {
      "id": "EmergencyFeed",
      "name": "应急营养源",
      "desc": "回合结束时，若该单位的总恢复量不低于自身体力的15%，则下回合使躯干部位恢复。"
    },
    {
      "id": "Bullet_Crab",
      "name": "蟹壳废料弹",
      "desc": "使用特定技能时，消耗蟹壳废料弹"
    },
    {
      "id": "SinkingVulnerable",
      "name": "沉沦易损",
      "desc": "本回合内受到来自沉沦 效果的伤害+{0}"
    },
    {
      "id": "BurstProtection",
      "name": "破裂守护",
      "desc": "本回合内受到来自破裂 效果的伤害-{0}"
    },
    {
      "id": "PseudoLastBoss_KingCrap",
      "name": "蟹·愤",
      "desc": "每回合开始时，使除自身以外的所有螃蟹友方单位获得1层强壮 ，若外壳未被破坏，则使自身获得2层守护 。\n使用技能时，使目标失去5点理智值。\n体力不高于50%时，使所有部位获得2层强壮 ，2层易损 。"
    },
    {
      "id": "ChargeForceField",
      "name": "充能力场",
      "desc": "- 获得({0} × 3)点护盾\n- 若失去({0} × 3)点护盾，则使自身消耗1层充能力场 \n- (若获得此效果的目标属于W公司职员，则将护盾改为×5而非×3)\n- 回合结束时，获得等同于充能力场 层数的充能 层数，并解除充能力场 与相应的护盾。"
    },
    {
      "id": "SlashResultUp",
      "name": "斩击强壮",
      "desc": "本回合内斩击技能的最终威力+{0}。",
      "summary": "斩击技能的最终威力+{0}"
    },
    {
      "id": "RailBuffForLine2_A_ENEMY",
      "name": "巡回"
    },
    {
      "id": "RailBuffForLine2_B_ENEMY",
      "name": "机会主义"
    },
    {
      "id": "RailBuffForLine2_C_ENEMY",
      "name": "硬化"
    },
    {
      "id": "RailBuffForLine2_D_ENEMY",
      "name": "加速"
    },
    {
      "id": "RailBuffForLine2_E_ENEMY",
      "name": "吸血"
    },
    {
      "id": "RailBuffForLine2_F_ENEMY",
      "name": "饥渴"
    },
    {
      "id": "RailBuffForLine2_A_ALLY",
      "name": "斩击强化"
    },
    {
      "id": "RailBuffForLine2_B_ALLY",
      "name": "突刺强化"
    },
    {
      "id": "RailBuffForLine2_C_ALLY",
      "name": "打击强化"
    },
    {
      "id": "RailBuffForLine2_D_ALLY",
      "name": "暴怒强化"
    },
    {
      "id": "RailBuffForLine2_E_ALLY",
      "name": "色欲强化"
    },
    {
      "id": "RailBuffForLine2_F_ALLY",
      "name": "怠惰强化"
    },
    {
      "id": "RailBuffForLine2_G_ALLY",
      "name": "暴食强化"
    },
    {
      "id": "RailBuffForLine2_H_ALLY",
      "name": "忧郁强化"
    },
    {
      "id": "RailBuffForLine2_I_ALLY",
      "name": "傲慢强化"
    },
    {
      "id": "RailBuffForLine2_J_ALLY",
      "name": "嫉妒强化"
    },
    {
      "id": "RailBuffForLine2_K_ALLY",
      "name": "全体恢复"
    },
    {
      "id": "RailBuffForLine2_L_ALLY",
      "name": "选择恢复"
    },
    {
      "id": "RailBuffForLine2_T_ALLY",
      "name": "复活"
    },
    {
      "id": "Discard",
      "name": "丢弃",
      "desc": "- 链接技能时，将可选技能中符合条件的技能从仪表盘中丢弃。(守备技能，E.G.O技能除外。被丢弃的技能不会移出技能池。)\n- 技能被丢弃时不会发动与“被丢弃”相关效果之外的技能效果，不会发动硬币效果，且不会获得该技能的罪孽碎片。"
    },
    {
      "id": "RailBuffForLine2_M_ALLY",
      "name": "烧伤强化"
    },
    {
      "id": "RailBuffForLine2_N_ALLY",
      "name": "流血强化"
    },
    {
      "id": "RailBuffForLine2_O_ALLY",
      "name": "震颤强化"
    },
    {
      "id": "RailBuffForLine2_P_ALLY",
      "name": "破裂强化"
    },
    {
      "id": "RailBuffForLine2_Q_ALLY",
      "name": "沉沦强化"
    },
    {
      "id": "RailBuffForLine2_R_ALLY",
      "name": "呼吸法强化"
    },
    {
      "id": "RailBuffForLine2_S_ALLY",
      "name": "充能强化"
    },
    {
      "id": "KnowledgeExplored",
      "name": "所解真知",
      "desc": "最后丢弃技能的级别：{0}(基础值：1)"
    },
    {
      "id": "Unjust_Enrichment",
      "name": "不义之财",
      "desc": "- 正面命中带有流血 的目标时增加层数(最多4层)\n- 当被动 子弹很贵 触发时，消耗该效果并追加相应伤害"
    },
    {
      "id": "RetaliationBook",
      "name": "报复对象",
      "desc": "施加给上回合内对单个友方单位造成技能伤害最多的敌方单位(最多1次)",
      "undefined": "-"
    },
    {
      "id": "PenetrateResultUp",
      "name": "突刺强壮",
      "desc": "本回合内突刺技能的最终威力+{0}。",
      "summary": "突刺技能的最终威力+{0}"
    },
    {
      "id": "DuelDeclaration_DonQuixote",
      "name": "决斗宣告-堂吉诃德",
      "desc": "施加决斗宣告 的单位与带有该状态的单位拼点时，使施加该状态的单位拼点威力+1，并在攻击命中时，下回合使自身获得1层迅捷 。(每回合最多4次) 当该单位对其他单位施加决斗宣告 时，此效果转移到新的目标上。当被其他单位施加决斗宣告 时，此效果被替换。"
    },
    {
      "id": "DuelDeclaration_Outis",
      "name": "决斗宣告-奥提斯",
      "desc": "施加决斗宣告 的单位与带有该状态的单位拼点时，使施加该状态的单位拼点威力+1，并在攻击命中时，下回合使自身获得1层迅捷 。(每回合最多4次) 当该单位对其他单位施加决斗宣告 时，此效果转移到新的目标上。当被其他单位施加决斗宣告 时，此效果被替换。"
    },
    {
      "id": "DuelDeclaration_Sinclair",
      "name": "决斗宣告-辛克莱",
      "desc": "施加决斗宣告 的单位与带有该状态的单位拼点时，使施加该状态的单位拼点威力+1，并在攻击命中时，下回合使自身获得1层迅捷 。(每回合最多4次) 当该单位对其他单位施加决斗宣告 时，此效果转移到新的目标上。当被其他单位施加决斗宣告 时，此效果被替换。"
    },
    {
      "id": "VibrationExplosion",
      "name": "震颤引爆",
      "desc": "使目标的混乱阈值前移与震颤 强度相同的数值"
    },
    {
      "id": "OneOnOneDuel",
      "name": "单挑决斗",
      "desc": "在目标行动槽仅被一个单位指向时触发。仅在目标行动槽与指向目标行动槽的单位之间构成单挑决斗 。(重复使用的技能无法触发)"
    },
    {
      "id": "BulletFreischutz",
      "name": "未使用",
      "desc": "未使用"
    },
    {
      "id": "FreischutzShotCount",
      "name": "魔弹",
      "desc": "- 最大值：7\n- 本效果的层数受到特定技能的影响。\n- 3技能的基础威力+{0}\n- 3技能的硬币威力+{1}"
    },
    {
      "id": "DarkFlame",
      "name": "黑焰",
      "desc": "- 特殊烧伤\n- 最大值：7\n- 防御等级-{0}\n- 回合结束时，受到({0}×烧伤 强度)点傲慢伤害，随后解除该效果"
    },
    {
      "id": "CtrlTeamCaptain",
      "name": "控制部队长",
      "desc": "- 行动槽+1\n- 将该人格的一个1技能替换为3技能\n- 当该单位使用技能击杀敌方单位时，使理智值最低的2名友方单位(包含该单位)恢复25点理智值。获得2个对应属性的罪孽碎片，并获得其余属性的罪孽碎片各1个。 "
    },
    {
      "id": "HeatedGasHarpoon",
      "name": "加热的燃气捕鲸叉",
      "desc": "本回合内，正面命中时使目标增加1级烧伤 强度"
    },
    {
      "id": "OverHeatedGasHarpoon",
      "name": "过热的燃气捕鲸叉",
      "desc": "本回合内，攻击命中时使目标增加1级烧伤 强度"
    },
    {
      "id": "CoverAttack",
      "name": "援护攻击",
      "desc": "- 赋予本效果的单位攻击结束后，带有本效果的单位使用1技能对该目标进行一次单方面攻击\n- 援护攻击不会影响该角色的技能池"
    },
    {
      "id": "ReCompulsion",
      "name": "反转强迫",
      "desc": "每回合开始时，使自身恢复15点理智值"
    },
    {
      "id": "IndigoResultUp",
      "name": "傲慢强壮",
      "desc": "本回合内傲慢技能的最终威力+{0}。",
      "summary": "傲慢技能的最终威力+{0}"
    },
    {
      "id": "BladeResultUpTier1",
      "name": "故土剑 - 传授势法",
      "desc": "本回合内1技能的最终威力+{0}",
      "summary": "1技能的最终威力+{0}"
    },
    {
      "id": "BladeResultUpTier2",
      "name": "故土剑 - 传授刺法",
      "desc": "本回合内2技能的最终威力+{0}",
      "summary": "2技能的最终威力+{0}"
    },
    {
      "id": "SwordPlayOfTheHomeland",
      "name": "故土剑术",
      "desc": "- 使用技能时，若呼吸法 强度不低于5级，使1技能和2技能的硬币威力+(3/硬币数，最少为1)，暴击时造成的伤害+(30/硬币数)%\n- 使用技能时，若呼吸法 强度不低于7级，使3技能造成的伤害+(30/硬币数)%，暴击时造成的伤害+(50/硬币数)%",
      "summary": "呼吸法 强度不低于一定级数时，强化技能"
    },
    {
      "id": "SwordPlayOfTheMemorial",
      "name": "追悼",
      "desc": "使用技能时，若呼吸法 强度不低于5级，使1技能和2技能的硬币威力+(3/硬币数，最少为1)，暴击时造成的伤害+(30/硬币数)%\n使用技能时，若呼吸法 强度不低于7级，使3技能造成的伤害+(30/硬币数)%，暴击时造成的伤害+(50/硬币数)%",
      "summary": "呼吸法 强度不低于一定级数时，强化技能"
    },
    {
      "id": "RedApricotBlossom",
      "name": "红梅",
      "desc": "- 特殊流血 \n- 最大值：10\n- 若自身为主要目标，被暴击率+10%\n- 被暴击时使自身增加本效果一半层数级流血 强度，被暴击时受到的伤害+({0}x3)%\n- 受到攻击时本效果减少1层",
      "summary": "被暴击率提升，被暴击时受到的伤害增加"
    },
    {
      "id": "ShamrockResultUp",
      "name": "暴食强壮",
      "desc": "本回合内暴食技能的最终威力+{0}",
      "summary": "暴食技能的最终威力+{0}"
    },
    {
      "id": "ScarletResultUp",
      "name": "色欲强壮",
      "desc": "本回合内色欲技能的最终威力+{0}",
      "summary": "色欲技能的最终威力+{0}"
    },
    {
      "id": "AzureResultUp",
      "name": "忧郁强壮",
      "desc": "本回合内忧郁技能的最终威力+{0}",
      "summary": "忧郁技能的最终威力+{0}"
    },
    {
      "id": "HitResultDown",
      "name": "打击虚弱",
      "desc": "本回合内打击技能的最终威力-{0}",
      "summary": "打击技能的最终威力-{0}"
    },
    {
      "id": "PenetrateResultDown",
      "name": "突刺虚弱",
      "desc": "本回合内突刺技能的最终威力-{0}",
      "summary": "突刺技能的最终威力-{0}"
    },
    {
      "id": "SlashResultDown",
      "name": "斩击虚弱",
      "desc": "本回合内斩击技能的最终威力-{0}",
      "summary": "斩击技能的最终威力-{0}"
    },
    {
      "id": "CrimsonResultDown",
      "name": "暴怒虚弱",
      "desc": "本回合内暴怒技能的最终威力-{0}",
      "summary": "暴怒技能的最终威力-{0}"
    },
    {
      "id": "ScarletResultDown",
      "name": "色欲虚弱",
      "desc": "本回合内色欲技能的最终威力-{0}",
      "summary": "色欲技能的最终威力-{0}"
    },
    {
      "id": "ShamrockResultDown",
      "name": "暴食虚弱",
      "desc": "本回合内暴食技能的最终威力-{0}",
      "summary": "暴食技能的最终威力-{0}"
    },
    {
      "id": "AmberResultDown",
      "name": "怠惰虚弱",
      "desc": "本回合内怠惰技能的最终威力-{0}",
      "summary": "怠惰技能的最终威力-{0}"
    },
    {
      "id": "AzureResultDown",
      "name": "忧郁虚弱",
      "desc": "本回合内忧郁技能的最终威力-{0}",
      "summary": "忧郁技能的最终威力-{0}"
    },
    {
      "id": "IndigoResultDown",
      "name": "傲慢虚弱",
      "desc": "本回合内傲慢技能的最终威力-{0}",
      "summary": "傲慢技能的最终威力-{0}"
    },
    {
      "id": "VioletResultDown",
      "name": "嫉妒虚弱",
      "desc": "本回合内嫉妒技能的最终威力-{0}",
      "summary": "嫉妒技能的最终威力-{0}"
    },
    {
      "id": "VibrationCollapse",
      "name": "震颤-崩坏",
      "desc": "目标每带有4级震颤 强度，防御等级减少1级\n在{1}回合内，受到造成震颤引爆 的攻击时，混乱阈值前移{0}。\n(该效果强度与层数的增减同样受普通震颤 影响)",
      "summary": "目标每带有4级震颤 强度，防御等级减少1级\n混乱阈值前移{0}"
    },
    {
      "id": "EchoOfMansion",
      "name": "山庄的回响",
      "desc": "- 因技能或硬币效果使自身增加沉沦 强度或对自身施加沉沦 层数时，有50%的概率对自身施加1层沉沦 \n- 若自身带有理智值：使自身的恐慌类型转变为山庄的回响。自身陷入恐慌时，下回合随机对除自身以外的2名友方单位施加2层山庄的回响 \n- 若自身没有理智值：使自身的硬币朝向为正面的概率-10%\n- 回合结束时，本效果的层数减少1层",
      "summary": ""
    },
    {
      "id": "EchoOfMansion_Main",
      "name": "山庄的回响",
      "desc": "- 因技能或硬币效果使自身增加沉沦 强度或对自身施加沉沦 层数时，有50%的概率对自身施加1层沉沦 \n- 使自身的恐慌类型转变为山庄的回响。\n- 自身陷入恐慌时，下回合随机对除自身以外的2名友方单位施加2层山庄的回响 \n- 回合结束时，本效果的层数减少1层",
      "summary": ""
    },
    {
      "id": "EchoOfMansion_Sub",
      "name": "山庄的回响",
      "desc": "- 因技能或硬币效果使自身增加沉沦 强度或对自身施加沉沦 层数时，有50%的概率对自身施加1层沉沦 \n- 使自身的硬币朝向为正面的概率-10%\n- 回合结束时，本效果的层数减少1层",
      "summary": ""
    },
    {
      "id": "VibrationCrack",
      "name": "震颤-裂痕",
      "desc": "- 若处于混乱时，自身的震颤 强度与层数之和不低于20，使自身的混乱阶段加深1层\n- 该效果不能超过最大混乱阶段\n在{1}回合内，受到造成震颤引爆 的攻击时，混乱阈值前移{0}\n(该效果强度与层数的增减同样受普通震颤 影响)",
      "summary": "若处于混乱时，自身的震颤 强度与层数之和不低于20，使自身的混乱阶段加深1层\n混乱阈值前移{0}"
    },
    {
      "id": "ForwardToTheKing",
      "name": "御前",
      "desc": "自身攻击命中时，对除自身攻击目标外现存体力最低的2名敌方单位造成硬币结果值50%且与本次攻击属性相同的伤害",
      "summary": ""
    },
    {
      "id": "ForwardToTheBoundKing",
      "name": "缚王御前",
      "desc": "自身攻击命中时，对除自身攻击目标外现存体力最低的2名敌方单位造成硬币结果值100%且与本次攻击属性相同的伤害",
      "summary": ""
    },
    {
      "id": "Switch_Vibration",
      "name": "振幅转换",
      "desc": "将目标的震颤 与已转换的震颤 转换为其他类型的震颤 \n转换时，现有震颤 的强度及层数不变"
    },
    {
      "id": "MarkOfButler",
      "name": "管·标",
      "desc": "目标带有该效果时强化埃德加家族 首席管家 良秀的技能\n回合结束时，该效果减少1层",
      "summary": "",
      "undefined": "-"
    },
    {
      "id": "LibrarianOfHistoryNormal",
      "name": "历史层助理司书",
      "desc": "- 该人格的行动槽+1\n- 回合开始时恢复15点理智值\n- 自身技能所施加的烧伤、流血、破裂、沉沦、震颤的强度及层数均变为2倍。(特殊异常状态同样适用)",
      "summary": ""
    },
    {
      "id": "PreparedMeat",
      "name": "储备粮",
      "desc": "如满足条件，精灵女王将在回合结束时击杀该名角色"
    },
    {
      "id": "Hunger",
      "name": "饥饿",
      "desc": "回合结束时，若自身未能击杀带有储备粮 的友方单位，则使本效果+1。\n若现存体力不高于75%，则使本效果+2。若现存体力不高于50%，则使本效果+3。\n回合开始时，若自身击杀带有储备粮 的单位，则使本效果-1。\n本效果为0时，使自身获得(本回合内击杀敌方数 × 3)层虚弱 和破绽 ",
      "summary": ""
    },
    {
      "id": "UnstableFeeling",
      "name": "不稳定的神采",
      "desc": "- 攻击命中时，使目标增加1级烧伤 强度\n- 主要目标带有烧伤 时，使自身技能最终威力+1\n- 战斗开始时，若链接了自身的守备技能，则本回合内自身受到伤害时使目标增加1级烧伤 强度\n- 回合结束时，使自身失去{0} ×5点理智值。(最多可减少理智值：40)",
      "summary": " "
    },
    {
      "id": "LibrarianOfHistoryHard",
      "name": "历史层司书",
      "desc": "- 该人格的行动槽+1\n- 回合开始时恢复15点理智值\n- 自身技能所施加的烧伤、流血、破裂、沉沦、震颤的强度及层数均变为2倍。(特殊异常状态同样适用)\n- 敌方单位阵亡后，使包含自身在内理智值最低的2名友方单位恢复25点理智值。\n- 击杀敌方时，获得2个对应属性的罪孽碎片，并获得全属性的罪孽碎片各1个。",
      "summary": ""
    },
    {
      "id": "PriceOfCare",
      "name": "无法被满足的饥饿感",
      "desc": "吃掉的精灵的碎块的数量：{0}",
      "summary": ""
    },
    {
      "id": "VibrationEcho",
      "name": "震颤-回响",
      "desc": "- 在{1}回合内，被震颤引爆 时，受到{0}点怠惰伤害\n- 在{1}回合内，受到造成震颤引爆 的攻击时，混乱阈值前移{0}\n- 回合结束时，本效果的层数减少1层\n(该效果强度与层数的增减同样受普通震颤 影响)",
      "summary": ""
    },
    {
      "id": "ShieldManagerCryingToad",
      "name": "泪珠",
      "desc": "- 本效果视作“护盾管理”效果\n- 回合结束时，本效果的层数减少1层\n- 若自身带有泪珠 ，则回合结束时自身不会失去护盾(除非护盾因受到伤害或效果而消耗)\n- 若受泪珠 影响的护盾因受到伤害而被破坏，则随机对攻击者施加沉沦 ，其强度与层数共计4点\n- 自身获得的护盾可叠加，带有泪珠 时，自身带有的护盾不能超过体力上限的60%",
      "summary": ""
    },
    {
      "id": "VibrationContinue",
      "name": "震颤-永恒",
      "desc": "- 受到造成震颤引爆 的技能或硬币效果的攻击时，有(自身的震颤 强度)%的概率额外震颤引爆 1次。(最多50%概率)\n- 受到造成震颤引爆 的技能或硬币效果的攻击时，有(自身的震颤 层数)%的概率额外震颤引爆 1次。(最多50%概率)\n- 受到造成震颤引爆 的攻击时，混乱阈值前移等同于本效果强度的数值。\n- 回合结束时，本效果的层数减少1层。\n(该效果强度与层数的增减同样受普通震颤影响)",
      "summary": ""
    },
    {
      "id": "TimeSuspend",
      "name": "时间延付",
      "desc": "- 带有本效果时，受到的伤害将被暂存。\n- 战斗结束时，若本效果的层数为1层，则自身受到{3}点怠惰伤害并使自身震颤引爆 {0}次\n- 回合结束时，本效果强度增加1级，层数减少1层\n- 对带有时间延付 的目标施加时间延付 时，立刻对其造成怠惰伤害并使其震颤引爆 ，解除本效果\n- 暂存的伤害量：{2}",
      "summary": ""
    },
    {
      "id": "TimeRentalTwoPersonality",
      "name": "时间租赁",
      "desc": "回合结束时若本效果的层数不低于2层：\n- 下回合使自身获得{1}层迅捷 、拼点强壮 并对自身施加易损 。\n- 若下回合对自身施加的束缚 层数高于使自身获得的迅捷 层数，则下回合开始时解除时间租赁 并陷入混乱。\n回合结束时，若本效果的层数为1层，则下回合对自身施加{0}层束缚 \n回合结束时，本效果强度增加1级，层数减少1层",
      "summary": ""
    },
    {
      "id": "VibrationChainPersonality",
      "name": "震颤-锁链",
      "desc": "- 每带有10级震颤 强度，使自身的拼点威力-1(最多-3)\n- 受到造成震颤引爆 的攻击时，混乱阈值前移等同于本效果强度的数值\n- 回合结束时，本效果的层数减少1层\n(该效果强度与层数的增减同样受普通震颤 影响)",
      "summary": ""
    },
    {
      "id": "GazePersonality",
      "name": "轻蔑的视线",
      "desc": "- 最大值：7\n- 每带有1层轻蔑的视线 ，造成的伤害+7%\n- 回合结束时，解除本效果\n- 回合结束时，若轻蔑的视线 层数不低于7层，则不解除本效果，改为在下回合将本效果转化为视线的轻蔑 ",
      "summary": ""
    },
    {
      "id": "ContemptPersonality",
      "name": "视线的轻蔑",
      "desc": "- 使自身获得7层守护 \n- 对自身施加7层伤害弱化 \n- 使自身1个行动槽的挑衅值 +20\n- 视线的轻蔑 存在时，自身无法获得轻蔑的视线 \n- 回合结束时，解除本效果",
      "summary": ""
    },
    {
      "id": "KnowledgeTraining",
      "name": "磨砺学识",
      "desc": "- 最大值：6\n- 丢弃 技能时，使自身获得体力上限(自身的磨砺学识层数×1.5)%的护盾(每回合最多1次)\n- 若丢弃 技能时自身的所解真知 不低于2层，则使自身获得1层拼点强壮 (每回合最多1层)\n- 受到敌方单位攻击技能攻击后，若受到体力伤害，则使本效果的层数减少1层\n- 陷入混乱时，解除本效果",
      "summary": ""
    },
    {
      "id": "BoseProjektil",
      "name": "被撕裂的回忆",
      "desc": "- 最大值：7\n- 用于特定技能",
      "summary": ""
    },
    {
      "id": "ChargeLoad",
      "name": "负荷",
      "desc": "- 最大值：6\n- 本效果每有1层，使消耗充能 层数的技能造成的伤害+（{0} × 2.5）%。（最多+15%）\n- 若受影响的单位属于W公司职员，则改为使造成的伤害+（{0} × 5）%。（最多+30%）\n- 回合结束时，解除本效果",
      "summary": ""
    },
    {
      "id": "PhotoElectricity",
      "name": "光电",
      "desc": "最大值：3\n自身受到攻击时，使攻击者获得该效果层数层充能 (每个技能最多1次)\n- 若攻击者充能层数不高于5层，则使其额外获得3层充能\n回合结束时解除该效果",
      "summary": ""
    }
  ]
}