{
  "dataList": [
    {
      "id": 1,
      "name": "李箱"
    },
    {
      "id": 2,
      "name": "浮士德"
    },
    {
      "id": 3,
      "name": "堂吉诃德"
    },
    {
      "id": 4,
      "name": "良秀"
    },
    {
      "id": 5,
      "name": "默尔索"
    },
    {
      "id": 6,
      "name": "鸿璐"
    },
    {
      "id": 7,
      "name": "希斯克利夫"
    },
    {
      "id": 8,
      "name": "以实玛利"
    },
    {
      "id": 9,
      "name": "罗佳"
    },
    {
      "id": 10,
      "name": "辛克莱"
    },
    {
      "id": 11,
      "name": "奥提斯"
    },
    {
      "id": 12,
      "name": "格里高尔"
    }
  ]
}