{
  "dataList": [
    {
      "id": "EGO_GIFT",
      "content": "E.G.O饰品"
    },
    {
      "id": "OnStageStart",
      "content": "进入关卡时"
    },
    {
      "id": "IncludeSkillAttribute",
      "content": "拥有[ATTRIBUTES]属性攻击技能的"
    },
    {
      "id": "NotIncludeSkillAttribute",
      "content": "不拥有[ATTRIBUTES]属性攻击技能的"
    },
    {
      "id": "NextBattle",
      "content": "参与下场战斗"
    },
    {
      "id": "LowestMp",
      "content": "理智值最低"
    },
    {
      "id": "FAILURE",
      "content": "判定失败的"
    },
    {
      "id": "SUCCESS",
      "content": "判定成功的"
    },
    {
      "id": "ADD",
      "content": "加算"
    },
    {
      "id": "SUB",
      "content": "减算"
    },
    {
      "id": "85560101CRIMSON",
      "content": "猩红的"
    },
    {
      "id": "85560101SCARLET",
      "content": "朱红的"
    },
    {
      "id": "85560101AMBER",
      "content": "琥铂色的"
    },
    {
      "id": "85560101SHAMROCK",
      "content": "蓝色的"
    },
    {
      "id": "85560101AZURE",
      "content": "蔚蓝的"
    },
    {
      "id": "85560101INDIGO",
      "content": "靛蓝的"
    },
    {
      "id": "85560101VIOLET",
      "content": "紫色的"
    }
  ]
}