{
  "dataList": [
    {
      "id": "Ally",
      "content": "友方单位"
    },
    {
      "id": "RandomAlly",
      "content": "随机友方单位"
    },
    {
      "id": "EveryAlly",
      "content": "全体友方单位"
    },
    {
      "id": "EveryEnemy",
      "content": "全体敌方单位"
    },
    {
      "id": "ChosenPersonality",
      "content": "所选人格"
    },
    {
      "id": "HighestHpAlly",
      "content": "体力最高的友方单位"
    },
    {
      "id": "LowestHpAlly",
      "content": "体力最低的友方单位"
    },
    {
      "id": "HighestMpAlly",
      "content": "理智值最高的友方单位"
    },
    {
      "id": "LowestMpAlly",
      "content": "理智值最低的友方单位"
    },
    {
      "id": "NotFullHpAlly",
      "content": "体力不满的友方单位"
    },
    {
      "id": "NotAffectedAlly",
      "content": "未受到之前效果影响的友方单位"
    },
    {
      "id": "LowestHpRatioAlly",
      "content": "现存体力比例最低的友方单位"
    },
    {
      "id": "Every",
      "content": "全体"
    }
  ]
}