{
  "dataList": [
    {
      "id": "event_judgement_above",
      "content": "<color=#f8c200>有利</color>"
    },
    {
      "id": "event_judgement_below",
      "content": "<color=#e30000>不利</color>"
    },
    {
      "id": "event_select_personality_to_proceed_judgement",
      "content": "选择进行判定的人格："
    },
    {
      "id": "event_expected_success_rate_format",
      "content": "预计成功率：{0}"
    },
    {
      "id": "all_attribute",
      "content": "所有属性"
    }
  ]
}