{
  "dataList": [
    {
      "id": "coupon_InputField_block",
      "content": "无法输入兑换码"
    },
    {
      "id": "coupon_InputField",
      "content": "请在此处输入兑换码"
    },
    {
      "id": "coupon_popup_title",
      "content": "输入兑换码"
    },
    {
      "id": "coupon_popup_desc",
      "content": "- 兑换码只包含大写字母和数字。\n- 每个账户只能使用同一兑换码一次。\n- 超过有效期的兑换码无法兑换。\n- 如果短时间内多次兑换失败，兑换码的使用可能会在一定时间内受到限制。"
    },
    {
      "id": "coupon_use_failed_2",
      "content": "兑换码无效。"
    },
    {
      "id": "coupon_use_failed_3",
      "content": "兑换码无效。"
    },
    {
      "id": "coupon_use_failed_4",
      "content": "兑换码已过期。"
    },
    {
      "id": "coupon_use_failed_5",
      "content": "兑换码已被使用。"
    },
    {
      "id": "coupon_use_failed_6",
      "content": "此兑换码已被使用。"
    },
    {
      "id": "coupon_use_failed_7",
      "content": "连续失败次数过多，{0}前禁止使用兑换码。"
    },
    {
      "id": "coupon_InputField_block_desc",
      "content": "{0}前禁止使用兑换码"
    },
    {
      "id": "coupon_use_failed_unknown",
      "content": "发生未知错误。"
    }
  ]
}