{
  "dataList": [
    {
      "id": "danteAbility_UIPopup_Title",
      "content": "选择光之树苗能力"
    },
    {
      "id": "danteAbility_UIPopup_Remain",
      "content": "剩余次数"
    },
    {
      "id": "dnateAbiltiy_Unlock_GoldenBranch_Resonance",
      "content": "金枝 共鸣"
    },
    {
      "id": "tutorial_battle_danteAbility_title",
      "content": "光之树苗能力"
    },
    {
      "id": "tutorial_battle_danteAbility_01_desc_01",
      "content": "点击右上方光之树苗能力按钮。"
    },
    {
      "id": "tutorial_battle_danteAbility_02_desc_01",
      "content": "选择要使用的能力。"
    },
    {
      "id": "tutorial_battle_danteAbility_03_desc_01",
      "content": "按下确认按钮将发动光之树苗能力。\n光之树苗使用次数有限。\n使用次数每天重置。"
    },
    {
      "id": "ui_activated",
      "content": "发动"
    }
  ]
}