{
  "dataList": [
    {
      "id": "dawn_of_green_reward_button",
      "content": "任务总览"
    },
    {
      "id": "dawn_of_green_story_theater_button",
      "content": "跳转至放映室"
    },
    {
      "id": "dawn_of_green_normal_stage",
      "content": "普通难度"
    },
    {
      "id": "dawn_of_green_hard_stage",
      "content": "困难难度"
    },
    {
      "id": "dawn_of_green_hard_stage_unlock_condition",
      "content": "通过普通难度后解锁"
    },
    {
      "id": "reward_Noraml",
      "content": "一般"
    },
    {
      "id": "reward_Hard",
      "content": "困难"
    },
    {
      "id": "EVENT_NEWYEAR_2024_NORMAL",
      "content": "一般"
    },
    {
      "id": "EVENT_NEWYEAR_2024_HARD",
      "content": "困难"
    },
    {
      "id": "missionConditionTitle_10001",
      "content": "单次战斗中击杀绿色的黎明单位"
    },
    {
      "id": "missionConditionTitle_10002",
      "content": "单次战斗中击杀 绿色的黎明 - 疑问 - γ 单位"
    },
    {
      "id": "missionConditionTitle_10003",
      "content": "单次战斗中击杀 绿色的黎明 - 疑问 - δ 单位"
    },
    {
      "id": "missionConditionTitle_10004",
      "content": "全体友方单位存活的条件下完成镇压"
    },
    {
      "id": "missionConditionTitle_10005",
      "content": "全体友方单位的理智值未降至-45的条件下完成镇压"
    },
    {
      "id": "missionConditionTitle_10006",
      "content": "使用单个攻击技能击杀3个绿色的黎明单位"
    },
    {
      "id": "missionConditionTitle_10007",
      "content": "控制部队长 在单次战斗中使用攻击技能击杀绿色的黎明单位"
    },
    {
      "id": "missionConditionTitle_10008",
      "content": "控制部队长未受到超过10次敌方单位攻击技能伤害且存活的条件下完成镇压"
    },
    {
      "id": "missionConditionTitle_20001",
      "content": "单次战斗中击杀绿色的黎明单位"
    },
    {
      "id": "missionConditionTitle_20002",
      "content": "单次战斗中击杀 绿色的黎明 - 疑问 - γ 单位"
    },
    {
      "id": "missionConditionTitle_20003",
      "content": "单次战斗中击败 绿色的黎明 - 疑问 - δ 单位"
    },
    {
      "id": "missionConditionTitle_20004",
      "content": "全体友方单位存活的条件下完成镇压"
    },
    {
      "id": "missionConditionTitle_20005",
      "content": "全体友方单位的理智值未降至-45的条件下完成镇压"
    },
    {
      "id": "missionConditionTitle_20006",
      "content": "使用单个攻击技能击杀7个绿色的黎明单位"
    },
    {
      "id": "missionConditionTitle_20007",
      "content": "控制部队长 在单次战斗中使用攻击技能击杀绿色的黎明单位"
    },
    {
      "id": "missionConditionTitle_20008",
      "content": "控制部队长未受到超过5次敌方单位攻击技能伤害且存活的条件下完成镇压"
    },
    {
      "id": "missionConditionTitle_30001",
      "content": "完成普通及困难难度的全部任务"
    },
    {
      "id": "dawnofgreen_rewardpage_desc",
      "content": "在绿色的黎明 - 考验的普通及困难难度下，镇压绿色的黎明单位。\n\n通过以下考验，您将获得多种奖励。"
    },
    {
      "id": "mainui_battleresult_wa",
      "content": "已镇压考验"
    }
  ]
}