{
  "dataList": [
    {
      "id": "ADDITIONAL_START_COST",
      "description": "[通用]\n\n获得 {0}初始经费"
    },
    {
      "id": "ADDITIONAL_BATTLE_WIN_COST_RATE",
      "description": "[通用]\n\n战斗胜利后获得的经费增加 {0}% （不受开局增益与其他E.G.O饰品的影响）"
    },
    {
      "id": "ADDITIONAL_EGO_GIFT_CHANCE",
      "description": "[通用]\n\n额外出现3件E.G.O饰品"
    },
    {
      "id": "ADDITIONAL_3_TIER_START_EGO_GIFT_CHANCE",
      "description": "[通用]\n\n镌星时，获得200星芒（仅限最初1次，不受激活影响）"
    },
    {
      "id": "ADDITIONAL_START_EGO_GIFT_SELECT",
      "description": "[初始E.G.O饰品]\n\nE.G.O饰品可选择数+{0}"
    },
    {
      "id": "ACQUIRE_4_TIER_START_EGO_GIFT",
      "description": "[初始E.G.O饰品]\n\n额外获得在初始阶段所选项目的4级随机E.G.O饰品。"
    },
    {
      "id": "ADDITIONAL_SHOP_HIGH_TIER_EGO_GIFT_CHANCE",
      "description": "[商店]\n\n展出的E.G.O饰品等级提升，且低概率出现4级以上的E.G.O饰品"
    },
    {
      "id": "ADDITIONAL_SHOP_EGO_GIFT_SLOT",
      "description": "[商店]\n\n商店里展出的E.G.O饰品数量 +{0}"
    },
    {
      "id": "REDUCE_SHOP_REFRESH_EGO_GIFT_COST_RATE",
      "description": "[商店]\n\n刷新所需经费减少{0}%"
    },
    {
      "id": "REDUCE_SHOP_BUY_EGO_GIFT_COST_RATE",
      "description": "[商店]\n\n购买E.G.O饰品所需经费减少{0}%"
    },
    {
      "id": "INCREASE_SHOP_SELL_EGO_GIFT_COST_RATE",
      "description": "[商店]\n\n售卖E.G.O饰品时获得的经费增加{0}%"
    },
    {
      "id": "REDUCE_UPGRADE_EGO_GIFT_COST",
      "description": "[休息点]\n\n强化E.G.O饰品所需经费减少{0}%"
    },
    {
      "id": "AttackLevelAdder",
      "description": "攻击等级+{0}"
    },
    {
      "id": "AttackLevelMultiply",
      "description": "攻击等级+{0}%"
    },
    {
      "id": "DefenseLevelAdder",
      "description": "防御等级+{0}"
    },
    {
      "id": "DefenseLevelMultiply",
      "description": "防御等级+{0}%"
    },
    {
      "id": "MaxHpAdder",
      "description": "体力上限+{0}"
    },
    {
      "id": "MaxHpMultiply",
      "description": "体力上限+{0}%"
    },
    {
      "id": "MaxSpeedUpAdder",
      "description": "最大速度值+{0}"
    },
    {
      "id": "AttackDamageAdder",
      "description": "造成的伤害+{0}"
    },
    {
      "id": "AttackDamageMultiply",
      "description": "造成的伤害+{0}%"
    },
    {
      "id": "TakeAttackDamageReducer",
      "description": "受到的伤害-{0}"
    },
    {
      "id": "TakeAttackDamageMultipliedReducer",
      "description": "受到的伤害-{0}%"
    },
    {
      "id": "StickCoinHeadAndTailToMaxPer",
      "description": "每{0}回合，根据友方单位使用的技能硬币种类，使硬币全部为正面或反面"
    },
    {
      "id": "RemoveBreakSection",
      "description": "友方单位的第一混乱阈值无效"
    },
    {
      "id": "ADDITIONAL_SHOP_HIGH_TIER_EGO_GIFT_CHANCE_S1",
      "description": "[商店]\n\n提升出现更高等级E.G.O饰品的概率（提升率与其他连接的增益相同）"
    },
    {
      "id": "ADDITIONAL_SHOP_HIGH_TIER_EGO_GIFT_CHANCE_S2",
      "description": "[商店]\n\n提升出现更高等级E.G.O饰品的概率（提升率与其他连接的增益相同）"
    },
    {
      "id": "ADDITIONAL_SHOP_HIGH_TIER_EGO_GIFT_CHANCE_S3",
      "description": "[商店]\n\n提升出现更高等级E.G.O饰品的概率（提升率与其他连接的增益相同）"
    },
    {
      "id": "ADDITIONAL_SHOP_EGO_GIFT_SLOT_NESTING",
      "description": "[商店]\n\n商店里展出的E.G.O饰品数量 +1"
    },
    {
      "id": "ADDITIONAL_START_COST_ADD_S1",
      "description": "[通用]\n\n额外获得50初始经费"
    },
    {
      "id": "ADDITIONAL_START_COST_ADD_S2",
      "description": "[通用]\n\n额外获得50初始经费"
    },
    {
      "id": "ADDITIONAL_START_COST_ADD_S3",
      "description": "[通用]\n\n额外获得50初始经费"
    },
    {
      "id": "ADDITIONAL_BATTLE_WIN_COST_RATE_NORMAL",
      "description": "[通用]\n\n常规遭遇战胜利后获得的经费增加10%（不受开局增益与其他E.G.O饰品的影响）"
    },
    {
      "id": "ADDITIONAL_BATTLE_WIN_COST_RATE_ABNORMALITY",
      "description": "[通用]\n\n集中遭遇战胜利后获得的经费增加10%（不受开局增益与其他E.G.O饰品的影响）"
    },
    {
      "id": "ADDITIONAL_BATTLE_WIN_COST_RATE_HARD",
      "description": "[通用]\n\n危险遭遇战胜利后获得的经费增加10%（不受开局增益与其他E.G.O饰品的影响）"
    },
    {
      "id": "ADDITIONAL_BATTLE_WIN_COST_RATE_BOSS",
      "description": "[通用]\n\n阶层头目战胜利后获得的经费增加10%（不受开局增益与其他E.G.O饰品的影响）"
    },
    {
      "id": "REDUCE_SHOP_REFRESH_EGO_GIFT_COST_RATE_NESTING",
      "description": "[商店]\n\n刷新所需经费减少{0}%"
    },
    {
      "id": "FREE_SHOP_REFRESH_EGO_GIFT_COST_RATE",
      "description": "[商店]\n\n刷新时有20%的概率不消耗经费"
    },
    {
      "id": "REDUCE_SHOP_UPGRADE_SKILL_COST_RATE",
      "description": "[商店]\n\n技能替换所需经费减少20%"
    },
    {
      "id": "REDUCE_SHOP_UPGRADE_SKILL_COST_RATE_NESTING",
      "description": "[商店]\n\n技能替换所需经费减少20%"
    },
    {
      "id": "FREE_UPGRADE_EGO_GIFT_COST",
      "description": "[休息点]\n\n强化时有20%的概率不消耗经费"
    },
    {
      "id": "REDUCE_UPGRADE_EGO_GIFT_COST_COMBUSTION",
      "description": "[休息点]\n\n拥有烧伤关键词的E.G.O饰品强化所需经费额外减少{0}%"
    },
    {
      "id": "REDUCE_UPGRADE_EGO_GIFT_COST_LACERATION",
      "description": "[休息点]\n\n拥有流血关键词的E.G.O饰品强化所需经费额外减少{0}%"
    },
    {
      "id": "REDUCE_UPGRADE_EGO_GIFT_COST_VIBRATION",
      "description": "[休息点]\n\n拥有震颤关键词的E.G.O饰品强化所需经费额外减少{0}%"
    },
    {
      "id": "REDUCE_UPGRADE_EGO_GIFT_COST_BURST",
      "description": "[休息点]\n\n拥有破裂关键词的E.G.O饰品强化所需经费额外减少{0}%"
    },
    {
      "id": "REDUCE_UPGRADE_EGO_GIFT_COST_SINKING",
      "description": "[休息点]\n\n拥有沉沦关键词的E.G.O饰品强化所需经费额外减少{0}%"
    },
    {
      "id": "REDUCE_UPGRADE_EGO_GIFT_COST_BREATH",
      "description": "[休息点]\n\n拥有呼吸法关键词的E.G.O饰品强化所需经费额外减少{0}%"
    },
    {
      "id": "REDUCE_UPGRADE_EGO_GIFT_COST_CHARGE",
      "description": "[休息点]\n\n拥有充能关键词的E.G.O饰品强化所需经费额外减少{0}%"
    },
    {
      "id": "INCREASE_SHOP_SELL_EGO_GIFT_COST_RATE_NESTING",
      "description": "[商店]\n\n售卖E.G.O饰品时获得的经费增加20%"
    },
    {
      "id": "REDUCE_SHOP_BUY_EGO_GIFT_COST_RATE_COMBUSTION",
      "description": "[商店]\n\n购买拥有烧伤关键词的E.G.O饰品时所需经费额外减少{0}%"
    },
    {
      "id": "REDUCE_SHOP_BUY_EGO_GIFT_COST_RATE_LACERATION",
      "description": "[商店]\n\n购买拥有流血关键词的E.G.O饰品时所需经费额外减少{0}%"
    },
    {
      "id": "REDUCE_SHOP_BUY_EGO_GIFT_COST_RATE_VIBRATION",
      "description": "[商店]\n\n购买拥有震颤关键词的E.G.O饰品时所需经费额外减少{0}%"
    },
    {
      "id": "REDUCE_SHOP_BUY_EGO_GIFT_COST_RATE_BURST",
      "description": "[商店]\n\n购买拥有破裂关键词的E.G.O饰品时所需经费额外减少{0}%"
    },
    {
      "id": "REDUCE_SHOP_BUY_EGO_GIFT_COST_RATE_SINKING",
      "description": "[商店]\n\n购买拥有沉沦关键词的E.G.O饰品时所需经费额外减少{0}%"
    },
    {
      "id": "REDUCE_SHOP_BUY_EGO_GIFT_COST_RATE_BREATH",
      "description": "[商店]\n\n购买拥有呼吸法关键词的E.G.O饰品时所需经费额外减少{0}%"
    },
    {
      "id": "REDUCE_SHOP_BUY_EGO_GIFT_COST_RATE_CHARGE",
      "description": "[商店]\n\n购买拥有充能关键词的E.G.O饰品时所需经费额外减少{0}%"
    },
    {
      "id": "REDUCE_SHOP_BUY_EGO_GIFT_COST_RATE_NONE",
      "description": "[商店]\n\n购买无关键词的E.G.O饰品时所需经费额外减少{0}%"
    },
    {
      "id": "SlashAttackDamageMultiply",
      "description": "斩击伤害量增加{0}%"
    },
    {
      "id": "PenetrateAttackDamageMultiply",
      "description": "突刺伤害量增加{0}%"
    },
    {
      "id": "HitAttackDamageMultiply",
      "description": "打击伤害量增加{0}%"
    },
    {
      "id": "SlashResistReducer",
      "description": "斩击抗性减少{0}"
    },
    {
      "id": "PenetrateResistReducer",
      "description": "突刺抗性减少{0}"
    },
    {
      "id": "HitResistReducer",
      "description": "打击抗性减少{0}"
    },
    {
      "id": "EGO_RESOURCE",
      "description": "[战斗]\n\n所有罪孽碎片+{0}"
    },
    {
      "id": "ADDITIONAL_ALLTYPE_EGOSTOCK",
      "description": "[战斗]\n\n所有罪孽碎片+{0}"
    },
    {
      "id": "ADDITIONAL_ALLTYPE_EGOSTOCK_NESTING",
      "description": "[战斗]\n\n所有罪孽碎片+{0}"
    },
    {
      "id": "REDUCE_SHOP_BUY_EGO_GIFT_COST_RATE_ALL1",
      "description": "[商店]\n\n购买E.G.O饰品所需经费减少{0}%"
    },
    {
      "id": "REDUCE_SHOP_BUY_EGO_GIFT_COST_RATE_TIER1",
      "description": "[商店]\n\n购买1级E.G.O饰品所需经费额外减少{0}%"
    },
    {
      "id": "REDUCE_SHOP_BUY_EGO_GIFT_COST_RATE_TIER2",
      "description": "[商店]\n\n购买2级E.G.O饰品所需经费额外减少{0}%"
    },
    {
      "id": "REDUCE_SHOP_BUY_EGO_GIFT_COST_RATE_TIER3",
      "description": "[商店]\n\n购买3级E.G.O饰品所需经费额外减少{0}%"
    },
    {
      "id": "REDUCE_SHOP_BUY_EGO_GIFT_COST_RATE_TIER4",
      "description": "[商店]\n\n购买4级及以上E.G.O饰品所需经费额外减少{0}%"
    },
    {
      "id": "REDUCE_SHOP_BUY_EGO_GIFT_COST_RATE_ALL2",
      "description": "[商店]\n\n购买E.G.O饰品所需经费减少{0}%"
    },
    {
      "id": "REDUCE_SHOP_BUY_EGO_GIFT_COST_RATE_ALL3",
      "description": "[商店]\n\n购买E.G.O饰品所需经费减少{0}%"
    },
    {
      "id": "REDUCE_SHOP_BUY_EGO_GIFT_COST_RATE_SLASH",
      "description": "[商店]\n\n购买斩击E.G.O饰品所需经费减少{0}%"
    },
    {
      "id": "REDUCE_SHOP_BUY_EGO_GIFT_COST_RATE_PENETRATE",
      "description": "[商店]\n\n购买突刺E.G.O饰品所需经费减少{0}%"
    },
    {
      "id": "REDUCE_SHOP_BUY_EGO_GIFT_COST_RATE_HIT",
      "description": "[商店]\n\n购买打击E.G.O饰品所需经费减少{0}%"
    },
    {
      "id": "ADDITIONAL_SHOP_SELL_EGO_GIFT_COST_RATE_TIER1",
      "description": "[商店]\n\n售卖1级E.G.O饰品时获得的经费额外增加{0}%"
    },
    {
      "id": "ADDITIONAL_SHOP_SELL_EGO_GIFT_COST_RATE_TIER2",
      "description": "[商店]\n\n售卖2级E.G.O饰品时获得的经费额外增加{0}%"
    },
    {
      "id": "ADDITIONAL_SHOP_SELL_EGO_GIFT_COST_RATE_TIER3",
      "description": "[商店]\n\n售卖3级E.G.O饰品时获得的经费额外增加{0}%"
    },
    {
      "id": "ADDITIONAL_SHOP_SELL_EGO_GIFT_COST_RATE_TIER4MORE",
      "description": "[商店]\n\n售卖4级E.G.O饰品时获得的经费额外增加{0}%"
    },
    {
      "id": "ADDITIONAL_EGO_GIFT_CHANCE_TIER1TOTIER2",
      "description": "[通用]\n\n将{0}件2级E.G.O饰品加入商店、合成结果、战斗奖励中\n\n<一览>\n- 郁火（2级，烧伤）\n- 敬畏（2级，流血）\n- 酸味的酒香（2级，震颤）\n- 镜触觉通感（2级，震颤）\n- 有烟火药（2级，破裂）\n- 破伞（2级，破裂）\n- 庄严（2级，沉沦）\n- 老旧的木雕人偶（2级，呼吸法）\n- 巡逻用手电筒（2级，充能）\n- 裁缝用剪刀（2级，斩击）\n- 决意（2级，斩击）\n- 曾经的祝福（2级，突刺）\n- 撕裂的弹带（2级，突刺）\n- 加压绷带（2级，打击）\n- 时间缰绳（2级，打击）\n- 神谕（2级）"
    },
    {
      "id": "ADDITIONAL_EGO_GIFT_CHANCE_TIER3TOTIER4",
      "description": "[通用]\n\n将{0}件3-4级E.G.O饰品加入商店、合成结果、战斗奖励中\n\n<一览>\n- 土归土（3级，烧伤）\n- 烟霾与铁丝网（3级，流血）\n- 真理之钟（3级，震颤）\n- 标准负荷电池（3级，破裂）\n- 仲冬夜之噩梦（3级，沉沦）\n- 四叶草（3级，呼吸法）\n- 物理屏蔽力场（3级，充能）\n- 火光花（3级，烧伤）\n- 安息之地（3级，流血）\n- 齿轮发条（3级，震颤）\n- 寻死者（3级，破裂）\n- 彼方之星（3级，沉沦）\n- 留恋（3级，呼吸法）\n- 仿造发电机（3级，充能）\n- 宣判之刻（3级，斩击）\n- 磨尖的树枝（3级，突刺）\n- 紧握的雕像（3级，打击）\n- 强压的重担（3级）\n\n- 业火残片（4级，烧伤）\n- 魅惑残片（4级，流血）\n- 惰性残片（4级，震颤）\n- 欲望残片（4级，破裂）\n- 蚕食残片（4级，沉沦）\n- 骄慢残片（4级，呼吸法）\n- 摩擦残片（4级，充能）\n- 被剪去的记忆（4级，斩击）\n- 破洞的记忆（4级，突刺）\n- 破碎的记忆（4级，打击）"
    },
    {
      "id": "REDUCE_UPGRADE_EGO_GIFT_COST_ALL1",
      "description": "[休息点]\n\n强化E.G.O饰品所需经费减少{0}%"
    },
    {
      "id": "REDUCE_UPGRADE_EGO_GIFT_COST_TIER1",
      "description": "[休息点]\n\n强化1级E.G.O饰品所需经费减少{0}%"
    },
    {
      "id": "REDUCE_UPGRADE_EGO_GIFT_COST_TIER2",
      "description": "[休息点]\n\n强化2级E.G.O饰品所需经费减少{0}%"
    },
    {
      "id": "REDUCE_UPGRADE_EGO_GIFT_COST_TIER3",
      "description": "[休息点]\n\n强化3级E.G.O饰品所需经费减少{0}%"
    },
    {
      "id": "REDUCE_UPGRADE_EGO_GIFT_COST_TIER4MORE",
      "description": "[休息点]\n\n强化4级及以上E.G.O饰品所需经费减少{0}%"
    },
    {
      "id": "REDUCE_UPGRADE_EGO_GIFT_COST_ALL2",
      "description": "[休息点]\n\n强化E.G.O饰品所需经费减少{0}%"
    },
    {
      "id": "REDUCE_UPGRADE_EGO_GIFT_COST_ALL3",
      "description": "[休息点]\n\n强化E.G.O饰品所需经费减少{0}%"
    },
    {
      "id": "REDUCE_UPGRADE_EGO_GIFT_COST_SLASH",
      "description": "[休息点]\n\n强化斩击E.G.O饰品所需经费减少{0}%"
    },
    {
      "id": "REDUCE_UPGRADE_EGO_GIFT_COST_PENETRATE",
      "description": "[休息点]\n\n强化突刺E.G.O饰品所需经费减少{0}%"
    },
    {
      "id": "REDUCE_UPGRADE_EGO_GIFT_COST_HIT",
      "description": "[休息点]\n\n强化打击E.G.O饰品所需经费减少{0}%"
    },
    {
      "id": "REDUCE_UPGRADE_EGO_GIFT_COST_NONE",
      "description": "[休息点]\n\n强化无关键词的E.G.O饰品所需经费额外减少{0}%"
    },
    {
      "id": "ADDITIONAL_FLOOR_THEME_NUMBER",
      "description": "[阶层主题]\n\n阶层主题可选择数+{0}"
    },
    {
      "id": "ADDITIONAL_FLOOR_THEME_NUMBER_NESTING",
      "description": "[阶层主题]\n\n阶层主题可选择数+{0}"
    },
    {
      "id": "ADDITIONAL_BATTLE_REWARD_CASE_NUMBER",
      "description": "[遭遇战奖励卡]\n\n遭遇战奖励卡可选择数+{0}"
    },
    {
      "id": "ADDITIONAL_FLOOR_THEME_NUMBER_SUB1",
      "description": "[阶层主题]\n\n阶层主题可选择数+{0}"
    },
    {
      "id": "ADDITIONAL_CHIP",
      "description": "[限定]\n\n镌星时，获得200星芒（仅限最初1次，不受激活影响）"
    },
    {
      "id": "ADDITIONAL_START_EGO_GIFT_CHANCE_BUF",
      "description": "[初始E.G.O饰品]\n\n初始E.G.O饰品列表中增加7种E.G.O饰品\n\n<一览>\n- 郁火（2级，烧伤）\n- 敬畏（2级，流血）\n- 酸味的酒香（2级，震颤）\n- 有烟火药（2级，破裂）\n- 庄严（2级，沉沦）\n- 老旧的木雕人偶（2级，呼吸法）\n- 巡逻用手电筒（2级，充能）"
    },
    {
      "id": "ADDITIONAL_START_EGO_GIFT_COMBUSTION",
      "description": "[初始E.G.O饰品]\n\n解锁烧伤E.G.O饰品类别"
    },
    {
      "id": "ADDITIONAL_START_EGO_GIFT_LACERATION",
      "description": "[初始E.G.O饰品]\n\n解锁流血E.G.O饰品类别"
    },
    {
      "id": "ADDITIONAL_START_EGO_GIFT_VIBRATION",
      "description": "[初始E.G.O饰品]\n\n解锁震颤E.G.O饰品类别"
    },
    {
      "id": "ADDITIONAL_START_EGO_GIFT_BURST",
      "description": "[初始E.G.O饰品]\n\n解锁破裂E.G.O饰品类别"
    },
    {
      "id": "ADDITIONAL_START_EGO_GIFT_SINKING",
      "description": "[初始E.G.O饰品]\n\n解锁沉沦E.G.O饰品类别"
    },
    {
      "id": "ADDITIONAL_START_EGO_GIFT_BREATH",
      "description": "[初始E.G.O饰品]\n\n解锁呼吸法E.G.O饰品类别"
    },
    {
      "id": "ADDITIONAL_START_EGO_GIFT_CHARGE",
      "description": "[初始E.G.O饰品]\n\n解锁充能E.G.O饰品类别"
    },
    {
      "id": "ADDITIONAL_START_EGO_GIFT_CHANCE_ATK",
      "description": "[初始E.G.O饰品]\n\n初始E.G.O饰品列表中增加6种E.G.O饰品\n\n<一览>\n- 裁缝用剪刀（2级，斩击）\n- 决意（2级，斩击）\n- 曾经的祝福（2级，突刺）\n- 撕裂的弹带（2级，突刺）\n- 加压绷带（2级，打击）\n- 时间缰绳（2级，打击）"
    },
    {
      "id": "ADDITIONAL_START_EGO_GIFT_CHANCE_SLASH",
      "description": "[初始E.G.O饰品]\n\n解锁斩击E.G.O饰品类别"
    },
    {
      "id": "ADDITIONAL_START_EGO_GIFT_CHANCE_PENETRATE",
      "description": "[初始E.G.O饰品]\n\n解锁突刺E.G.O饰品类别"
    },
    {
      "id": "ADDITIONAL_START_EGO_GIFT_CHANCE_HIT",
      "description": "[初始E.G.O饰品]\n\n解锁打击E.G.O饰品类别"
    }
  ]
}