{
  "dataList": [
    {
      "id": "dungeon_1_4_0101",
      "content": "春天的九人会实验室"
    },
    {
      "id": "dungeon_1_4_0102",
      "content": "重组的K公司研究所"
    },
    {
      "id": "dungeon_1_4_0201",
      "content": "秋天的九人会实验室"
    },
    {
      "id": "dungeon_1_4_0202",
      "content": "夏天的九人会实验室"
    },
    {
      "id": "dungeon_1_4_0301",
      "content": "冬天的九人会实验室"
    },
    {
      "id": "dungeon_1_4_0302",
      "content": "N公司的纯白房间"
    }
  ]
}