{
  "dataList": [
    {
      "id": 10101,
      "stageList": [
        {
          "id": 12,
          "title": "控制部管理收容区",
          "desc": "初次访问脑叶公司支部，从入口起便能见到一副凄惨至极的场景。我们一时无言，只是静静注视着那些有着昆虫身躯的尸体。"
        },
        {
          "id": 11,
          "title": "控制部管理收容区",
          "desc": "初次访问脑叶公司支部，从入口起便能见到一副凄惨至极的场景。我们一时无言，只是静静注视着那些有着昆虫身躯的尸体。"
        },
        {
          "id": 10,
          "title": "控制部 大厅",
          "desc": "初次访问脑叶公司支部，从入口起便能见到一副凄惨至极的场景。我们一时无言，只是静静注视着那些有着昆虫身躯的尸体。"
        },
        {
          "id": 110,
          "title": "员工休息室",
          "desc": "在黑暗无光的走廊彼端，似乎能看见谁的身影。而那东西也静静地凝视着接近过去的我们。唯有一点可以确认。我们对彼此而言都不是值得高兴的存在。"
        },
        {
          "id": 210,
          "title": "第23-7 防线 11:00",
          "desc": "刚进入下一层，映入我们眼中的便是成堆的蛆虫。而后，伴随着闪亮的金黄色光芒，迎接我们的是灰暗的天空，以及耳边响起的炮火与喊声。从格里高尔不经意发出的声音中足以得知，这里处于战场之中。"
        },
        {
          "id": 211,
          "title": "第23-7 防线 11:00",
          "desc": "刚进入下一层，映入我们眼中的便是成堆的蛆虫。而后，伴随着闪亮的金黄色光芒，迎接我们的是灰暗的天空，以及耳边响起的炮火与喊声。从格里高尔不经意发出的声音中足以得知，这里处于战场之中。"
        },
        {
          "id": 212,
          "title": "第23-7 防线 11:00",
          "desc": "刚进入下一层，映入我们眼中的便是成堆的蛆虫。而后，伴随着闪亮的金黄色光芒，迎接我们的是灰暗的天空，以及耳边响起的炮火与喊声。从格里高尔不经意发出的声音中足以得知，这里处于战场之中。"
        },
        {
          "id": 250,
          "title": "第23-7 防线 13:00",
          "desc": "名为托玛的童颜士兵像是不记得我们一样冲我们打招呼，空间逐渐变得支离破碎。格里高尔的记忆中居然是这样一幅可怖的景象吗。"
        },
        {
          "id": 20,
          "title": "第一收容长廊",
          "desc": "我们对于和与异想体类似，但又明显与异想体不同的对手交战感到混乱。从尤莉的表情来看，她似乎也不知道那是什么。"
        },
        {
          "id": 30,
          "title": "第二收容长廊",
          "desc": "由于接连进行战斗，罪人们都精疲力尽，身上多了大大小小的伤口。到了该回拨指针的时候了。浮士德正在寻找周围合适的场所。"
        },
        {
          "id": 31,
          "title": "第二收容长廊",
          "desc": "由于接连进行战斗，罪人们都精疲力尽，身上多了大大小小的伤口。到了该回拨指针的时候了。浮士德正在寻找周围合适的场所。"
        },
        {
          "id": 40,
          "title": "员工休息室",
          "desc": "由于接连进行战斗，罪人们都精疲力尽，身上多了大大小小的伤口。到了该回拨指针的时候了。浮士德正在寻找周围合适的场所。"
        },
        {
          "id": 240,
          "title": "第23-7 防线 13:00",
          "desc": "名为托玛的童颜士兵像是不记得我们一样冲我们打招呼，空间逐渐变得支离破碎。格里高尔的记忆中居然是这样一幅可怖的景象吗。"
        },
        {
          "id": 121,
          "title": "第四收容长廊",
          "desc": "在黑暗无光的走廊彼端，似乎能看见谁的身影。而那东西也静静地凝视着接近过去的我们。唯有一点可以确认。我们对彼此而言都不是值得高兴的存在。"
        },
        {
          "id": 120,
          "title": "第五收容长廊",
          "desc": "“别再继续往前了。”在格里高尔的前任上司留下警告后，我们依旧继续前进。仿佛是在斥责我们的愚蠢，不知从哪里飘来了烟臭味。"
        },
        {
          "id": 130,
          "title": "茶水间",
          "desc": "我们遭遇了或许是引起这里众多灾难的原因的异想体。据尤莉所说，以前，异想体是在管理方法这一规则下被严格监督的。但在支部被封锁之后，里面会变成什么样呢？实在是不敢想象。"
        },
        {
          "id": 140,
          "title": "员工食堂",
          "desc": "我们遭遇了或许是引起这里众多灾难的原因的异想体。据尤莉所说，以前，异想体是在管理方法这一规则下被严格监督的。但在支部被封锁之后，里面会变成什么样呢？实在是不敢想象。"
        },
        {
          "id": 50,
          "title": "情报部 连接通道",
          "desc": "虽然回拨了指针好让罪人们恢复如初，但支部中仍然笼罩着浓厚的不祥气息。包裹着走廊的荆棘，如今也尖锐得像想要贯穿我们身体一样。我们一边祈祷着这只是错觉，一边继续前进。"
        },
        {
          "id": 150,
          "title": "重要异想体管理所",
          "desc": "我们遭遇了或许是引起这里众多灾难的原因的异想体。据尤莉所说，以前，异想体是在管理方法这一规则下被严格监督的。但在支部被封锁之后，里面会变成什么样呢？实在是不敢想象。"
        },
        {
          "id": 270,
          "title": "第23-7 防线 15:36",
          "desc": "格里高尔记忆中的巨大手掌将我们再次引导至收容单元中。正如即使想要从战场中脱身，战争也不会就此停止一样，我们寻得金枝的道路也仍旧遥不可及。"
        },
        {
          "id": 241,
          "title": "第23-7 防线 13:00",
          "desc": "名为托玛的童颜士兵像是不记得我们一样冲我们打招呼，空间逐渐变得支离破碎。格里高尔的记忆中居然是这样一幅可怖的景象吗。"
        },
        {
          "id": 242,
          "title": "第23-7 防线 13:00",
          "desc": "名为托玛的童颜士兵像是不记得我们一样冲我们打招呼，空间逐渐变得支离破碎。格里高尔的记忆中居然是这样一幅可怖的景象吗。"
        },
        {
          "id": 100117,
          "title": "第23-7 防线 11:00",
          "desc": "虽然回拨了指针好让罪人们恢复如初，但支部中仍然笼罩着浓厚的不祥气息。包裹着走廊的荆棘，如今也尖锐得像想要贯穿我们身体一样。我们一边祈祷着这只是错觉，一边继续前进。"
        },
        {
          "id": 251,
          "title": "第23-7 防线 15:36",
          "desc": "名为托玛的童颜士兵像是不记得我们一样冲我们打招呼，空间逐渐变得支离破碎。格里高尔的记忆中居然是这样一幅可怖的景象吗。"
        },
        {
          "id": 260,
          "title": "第23-7 防线 15:36",
          "desc": "名为托玛的童颜士兵像是不记得我们一样冲我们打招呼，空间逐渐变得支离破碎。格里高尔的记忆中居然是这样一幅可怖的景象吗。"
        },
        {
          "id": 221,
          "title": "第23-7 防线 13:00",
          "desc": "在战场中，我们和与格里高尔相似的拥有昆虫身躯的人不断地战斗。哪怕不清楚这里是哪里，也不明白对方是谁，但我认为这似乎是金枝引起的。"
        },
        {
          "id": 220,
          "title": "第23-7 防线 13:00",
          "desc": "在战场中，我们和与格里高尔相似的拥有昆虫身躯的人不断地战斗。哪怕不清楚这里是哪里，也不明白对方是谁，但我认为这似乎是金枝引起的。"
        },
        {
          "id": 230,
          "title": "第23-7 防线 13:00",
          "desc": "在战场中，我们和与格里高尔相似的拥有昆虫身躯的人不断地战斗。哪怕不清楚这里是哪里，也不明白对方是谁，但我认为这似乎是金枝引起的。"
        },
        {
          "id": 0,
          "title": "指挥部队大厅"
        },
        {
          "id": 100,
          "title": "情报部队大厅"
        },
        {
          "id": 200,
          "title": "第23-7 防线 11:00"
        }
      ]
    }
  ]
}