{
  "dataList": [
    {
      "id": "dungeon_1_5_0101",
      "content": "鲸的胃"
    },
    {
      "id": "dungeon_1_5_0102",
      "content": "裴廓德镇"
    },
    {
      "id": "dungeon_1_5_0103",
      "content": "亚哈的办公室"
    },
    {
      "id": "dungeon_1_5_0104",
      "content": "通往心脏的道路"
    },
    {
      "id": "dungeon_1_5_0201",
      "content": "裴廓德镇 出口"
    },
    {
      "id": "dungeon_1_5_0202",
      "content": "右心房"
    },
    {
      "id": "dungeon_1_5_0203",
      "content": "右心室"
    },
    {
      "id": "dungeon_1_5_0204",
      "content": "肌腱大桥"
    },
    {
      "id": "dungeon_1_5_0205",
      "content": "能听到心跳声的地方"
    },
    {
      "id": "dungeon_1_5_0301",
      "content": "心脏前的集合点"
    },
    {
      "id": "dungeon_1_5_0302",
      "content": "鲸的心脏"
    }
  ]
}