{
  "dataList": [
    {
      "id": "20102_getCondition",
      "content": "提取\n第1赛季边狱通行证30级奖励"
    },
    {
      "id": "20103_getCondition",
      "content": "提取\n从售货机处购买"
    },
    {
      "id": "20202_getCondition",
      "content": "提取\n第1赛季边狱通行证42级奖励"
    },
    {
      "id": "20203_getCondition",
      "content": "提取\n从售货机处购买"
    },
    {
      "id": "20302_getCondition",
      "content": "提取\n第1赛季边狱通行证18级奖励"
    },
    {
      "id": "20402_getCondition",
      "content": "提取\n第1赛季战斗通行证60级奖励"
    },
    {
      "id": "20502_getCondition",
      "content": "提取\n第1赛季战斗通行证28级奖励"
    },
    {
      "id": "20503_getCondition",
      "content": "提取\n从售货机处购买"
    },
    {
      "id": "20602_getCondition",
      "content": "提取\n第1赛季战斗通行证36级奖励"
    },
    {
      "id": "20702_getCondition",
      "content": "提取\n第1赛季边狱通行证54级奖励"
    },
    {
      "id": "20802_getCondition",
      "content": "提取\n第1赛季战斗通行证44级奖励"
    },
    {
      "id": "20803_getCondition",
      "content": "提取\n从售货机处购买"
    },
    {
      "id": "20902_getCondition",
      "content": "提取\n第1赛季边狱通行证6级奖励"
    },
    {
      "id": "20903_getCondition",
      "content": "提取\n第1赛季战斗通行证52级奖励"
    },
    {
      "id": "21002_getCondition",
      "content": "提取\n第1赛季战斗通行证12级奖励"
    },
    {
      "id": "21102_getCondition",
      "content": "提取\n第1赛季战斗通行证4级奖励"
    },
    {
      "id": "21103_getCondition",
      "content": "提取\n从售货机处购买"
    },
    {
      "id": "21202_getCondition",
      "content": "提取\n第1赛季战斗通行证20级奖励"
    },
    {
      "id": "21203_getCondition",
      "content": "提取\n从售货机处购买"
    },
    {
      "id": "20303_getCondition",
      "content": "提取\n从售货机处购买"
    },
    {
      "id": "20204_getCondition",
      "content": "提取\n从售货机处购买"
    },
    {
      "id": "21003_getCondition",
      "content": "提取\n从售货机处购买"
    },
    {
      "id": "20304_getCondition",
      "content": "Hell’s Chicken活动奖励"
    },
    {
      "id": "20104_getCondition",
      "content": "提取\n从售货机处购买"
    },
    {
      "id": "20603_getCondition",
      "content": "提取\n从售货机处购买"
    },
    {
      "id": "20504_getCondition",
      "content": "第2赛季战斗通行证10级奖励"
    },
    {
      "id": "20804_getCondition",
      "content": "第2赛季边狱通行证20级奖励"
    },
    {
      "id": "21104_getCondition",
      "content": "第2赛季边狱通行证40级奖励"
    },
    {
      "id": "20703_getCondition",
      "content": "第2赛季边狱通行证30级奖励"
    }
  ]
}