{
  "dataList": [
    {
      "id": 2027,
      "name": "黑色账簿",
      "desc": "关卡的首个回合开始时，根据敌方单位个数，随机获得相应个数的罪孽碎片。\n\n若参与本场战斗的属于剑契组或黑云会的友方单位不低于4名，则改为获得持有量最少的罪孽碎片。",
      "simpleDesc": [
        {
          "abilityID": 2027,
          "simpleDesc": "随机获得罪孽碎片"
        },
        {
          "abilityID": 20271,
          "simpleDesc": "获得持有量最少的罪孽碎片"
        }
      ]
    },
    {
      "id": 2028,
      "name": "锈蚀的刀柄",
      "desc": "回合开始时，使全体友方单位获得1层斩击强壮 。\n\n属于剑契组或黑云会的友方单位改为获得2层斩击强壮 。",
      "simpleDesc": [
        {
          "abilityID": 2028,
          "simpleDesc": "获得1层斩击强壮 "
        },
        {
          "abilityID": 20281,
          "simpleDesc": "获得2层斩击强壮 "
        }
      ]
    },
    {
      "id": 2029,
      "name": "破碎的刀刃",
      "desc": "本场战斗中，首次通过攻击技能效果使敌方单位增加流血 强度或施加特殊流血 时，额外对其施加2层流血 。（每场战斗最多1次）\n\n若为属于黑云会的友方单位，则改为首次对敌方单位造成伤害时，额外使其增加4级流血 强度并对其施加4层流血 。",
      "simpleDesc": [
        {
          "abilityID": 2029,
          "simpleDesc": "额外施加2层流血 "
        },
        {
          "abilityID": 20291,
          "simpleDesc": "额外增加4级流血 强度并施加4层流血 "
        }
      ]
    },
    {
      "id": 2030,
      "name": "折断的刀刃",
      "desc": "友方单位对敌方单位造成暴击时，对目标额外造成（自身的呼吸法 强度/3）点傲慢伤害。\n\n若该友方单位属于剑契组，则改为暴击时对目标额外造成（自身的呼吸法 强度/2）点傲慢伤害。",
      "simpleDesc": [
        {
          "abilityID": 2030,
          "simpleDesc": "额外造成（自身的呼吸法 强度/3）点傲慢伤害"
        },
        {
          "abilityID": 20301,
          "simpleDesc": "额外造成（自身的呼吸法 强度/2）点傲慢伤害"
        }
      ]
    },
    {
      "id": 2031,
      "name": "红色流苏",
      "desc": "若敌方单位的斩击抗性不高于1.5，则使其斩击抗性+0.3",
      "simpleDesc": [
        {
          "abilityID": 2031,
          "simpleDesc": "斩击抗性+0.3"
        }
      ]
    },
    {
      "id": 2032,
      "name": "壮观",
      "desc": "关卡开始时，若属于黑云会的友方单位不低于3名，则触发该效果。\n\n回合开始时，使全体友方单位获得2层斩击强壮 并使其造成的斩击伤害+35%\n\n回合开始时，属于黑云会的友方单位首次造成伤害时，额外使目标增加4级流血 强度并对其施加4层流血 。（每回合最多1次）",
      "simpleDesc": [
        {
          "abilityID": 2032,
          "simpleDesc": "获得2层斩击强壮 ，造成的斩击伤害+35%"
        },
        {
          "abilityID": 20321,
          "simpleDesc": "额外使目标增加4级流血 强度并对其施加4层流血 "
        }
      ]
    },
    {
      "id": 2033,
      "name": "不动",
      "desc": "关卡开始时，若属于剑契组的友方单位不低于3名，则触发该效果。\n\n回合开始时，使全体友方单位获得2层斩击强壮 并使其造成的斩击伤害+35%。\n\n回合开始时，属于剑契组的友方单位造成暴击时，对目标额外造成(自身的呼吸法 强度)点傲慢伤害。",
      "simpleDesc": [
        {
          "abilityID": 2033,
          "simpleDesc": "获得2层斩击强壮 ，造成的斩击伤害+35%"
        },
        {
          "abilityID": 20331,
          "simpleDesc": "额外造成(自身的呼吸法 强度)点傲慢伤害"
        }
      ]
    },
    {
      "id": 2034,
      "name": "损坏的竹笠",
      "desc": "关卡开始时，若属于剑契组的友方单位不低于3名，则触发该效果。\n\n全体友方单位造成的斩击伤害+50%。\n\n属于剑契组，且带有呼吸法 的友方单位暴击概率固定为100%。",
      "simpleDesc": [
        {
          "abilityID": 2034,
          "simpleDesc": "造成的斩击伤害+50%"
        },
        {
          "abilityID": 20341,
          "simpleDesc": "暴击概率固定为100%"
        }
      ]
    },
    {
      "id": 2035,
      "name": "陈旧的长袍",
      "desc": "关卡开始时，若属于剑契组的友方单位不低于3名，则触发该效果。\n\n全体友方单位造成的斩击伤害+50%。\n\n属于剑契组的友方单位1技能的硬币威力+1，若该技能为单硬币技能，则改为硬币威力+3。\n\n[剑契组 头领 默尔索专属] 技能“舍吾皮肉”的拼点最终威力-12，技能“断汝筋骨”造成的伤害+50%。",
      "simpleDesc": [
        {
          "abilityID": 2035,
          "simpleDesc": "造成的斩击伤害+50%"
        },
        {
          "abilityID": 20351,
          "simpleDesc": "1技能的硬币威力增加"
        },
        {
          "abilityID": 20352,
          "simpleDesc": "技能“舍吾皮肉”的拼点最终威力-12，技能“断汝筋骨”造成的伤害+50%"
        }
      ]
    }
  ]
}