{
  "dataList": [
    {
      "id": 1001,
      "name": "信徒面具",
      "desc": "全体友方单位的防御等级+5。",
      "simpleDesc": [
        {
          "abilityID": 1001,
          "simpleDesc": "防御等级+5"
        }
      ]
    },
    {
      "id": 1002,
      "name": "破旧绷带",
      "desc": "全体友方单位的体力上限+10%。",
      "simpleDesc": [
        {
          "abilityID": 1002,
          "simpleDesc": "体力上限+10%"
        }
      ]
    },
    {
      "id": 1003,
      "name": "腐烂碎片",
      "desc": "回合开始时，使现存体力不高于50%的友方单位恢复5点体力。",
      "simpleDesc": [
        {
          "abilityID": 1003,
          "simpleDesc": "使现存体力不高于50%的友方单位恢复5点体力"
        }
      ]
    },
    {
      "id": 1004,
      "name": "染血信徒面具",
      "desc": "全体友方单位的攻击等级+5，防御等级+5。",
      "simpleDesc": [
        {
          "abilityID": 1004,
          "simpleDesc": "攻击等级+5，防御等级+5"
        }
      ]
    },
    {
      "id": 1005,
      "name": "黑檀胸针",
      "desc": "在战斗的前3回合对全体敌方单位施加2层束缚 。",
      "simpleDesc": [
        {
          "abilityID": 1005,
          "simpleDesc": "施加2层束缚 "
        }
      ]
    },
    {
      "id": 1006,
      "name": "终末浮雕",
      "desc": "在战斗的第1回合使全体敌方单位增加1级烧伤 强度（可生效5次）。",
      "simpleDesc": [
        {
          "abilityID": 1006,
          "simpleDesc": "增加1级烧伤 强度"
        }
      ]
    },
    {
      "id": 1011,
      "name": "玩具拳头",
      "desc": "全体友方单位造成的伤害+10%。",
      "simpleDesc": [
        {
          "abilityID": 1011,
          "simpleDesc": "伤害+10%"
        }
      ]
    },
    {
      "id": 1012,
      "name": "玩具腿",
      "desc": "全体友方单位的速度值+1。",
      "simpleDesc": [
        {
          "abilityID": 1012,
          "simpleDesc": "速度值+1"
        }
      ]
    },
    {
      "id": 1013,
      "name": "玩具螺丝",
      "desc": "全体友方单位的体力上限+10%。",
      "abnormalityName": "改造人",
      "simpleDesc": [
        {
          "abilityID": 1013,
          "simpleDesc": "体力上限+10%"
        }
      ]
    },
    {
      "id": 1014,
      "name": "彩色发条",
      "desc": "回合开始时，使现存体力最低的1名友方单位获得2层守护 。",
      "simpleDesc": [
        {
          "abilityID": 1014,
          "simpleDesc": "获得2层守护 "
        }
      ]
    },
    {
      "id": 1015,
      "name": "生锈发条",
      "desc": "回合开始时，使现存体力最低的1名友方单位获得1层守护 。",
      "simpleDesc": [
        {
          "abilityID": 1015,
          "simpleDesc": "获得1层守护 "
        }
      ]
    },
    {
      "id": 1016,
      "name": "紧急手术套件",
      "desc": "友方单位在战斗中受到致命伤害时，其体力不会低于1。\n下回合开始时，使这名友方单位的体力回满，并使其获得3层手术 。\n关卡结束后，该友方单位会直接阵亡。\n（一次性饰品，生效后消耗）",
      "simpleDesc": [
        {
          "abilityID": 1016,
          "simpleDesc": "回满体力"
        },
        {
          "abilityID": 10161,
          "simpleDesc": "获得3层手术 "
        }
      ]
    },
    {
      "id": 1018,
      "name": "蠢蠢欲动的缎带",
      "desc": "使用色欲技能拼点胜利后，下回合开始时对目标施加1层束缚 和1层易损 。",
      "simpleDesc": [
        {
          "abilityID": 1018,
          "simpleDesc": "施加1层束缚 "
        },
        {
          "abilityID": 10181,
          "simpleDesc": "施加1层易损 "
        }
      ]
    },
    {
      "id": 1021,
      "name": "记号",
      "desc": "辛克莱向克罗默抗争的决心。刻下3个记号的话……",
      "simpleDesc": [
        {
          "abilityID": 1021,
          "simpleDesc": "辛克莱的决心"
        }
      ]
    },
    {
      "id": 1022,
      "name": "记号",
      "desc": "辛克莱向克罗默抗争的决心。刻下3个记号的话……",
      "simpleDesc": [
        {
          "abilityID": 1022,
          "simpleDesc": "辛克莱的决心"
        }
      ]
    },
    {
      "id": 1023,
      "name": "记号",
      "desc": "辛克莱向克罗默抗争的决心。刻下3个记号的话……",
      "simpleDesc": [
        {
          "abilityID": 1023,
          "simpleDesc": "辛克莱的决心"
        }
      ]
    },
    {
      "id": 1024,
      "name": "记号",
      "desc": "辛克莱向克罗默抗争的决心。刻下3个记号的话……",
      "simpleDesc": [
        {
          "abilityID": 1024,
          "simpleDesc": "辛克莱的决心"
        }
      ]
    },
    {
      "id": 1032,
      "name": "一堆火把",
      "desc": "关卡开始时，使全体友方单位获得3层迅捷 。\n累计生效3次后失效。",
      "simpleDesc": [
        {
          "abilityID": 1032,
          "simpleDesc": "获得3层迅捷 "
        }
      ]
    },
    {
      "id": 1033,
      "name": "破旧仓库的钥匙",
      "desc": "在特定的事件中使用。使用后消耗。",
      "simpleDesc": [
        {
          "abilityID": 1033,
          "simpleDesc": "在事件中使用"
        }
      ]
    },
    {
      "id": 1034,
      "name": "血红鬃毛",
      "desc": "拥有色欲技能的友方单位获得以下效果：\n若本回合未受到攻击，则下回合获得2层迅捷 和2层忍耐 。\n若本回合受到了攻击，则下回合获得2层束缚 和2层强壮 。",
      "simpleDesc": [
        {
          "abilityID": 1034,
          "simpleDesc": "获得2层迅捷 和2层忍耐 "
        },
        {
          "abilityID": 10341,
          "simpleDesc": "获得2层束缚 和2层强壮 "
        }
      ]
    },
    {
      "id": 1037,
      "name": "N公司印章",
      "desc": "在特定的事件中使用。使用后消耗。",
      "simpleDesc": [
        {
          "abilityID": 1037,
          "simpleDesc": "在事件中使用"
        }
      ]
    },
    {
      "id": 1038,
      "name": "纯粹之证",
      "desc": "进行了相应仪式的人格得到以下效果：暴怒技能威力+2。",
      "simpleDesc": [
        {
          "abilityID": 1038,
          "simpleDesc": "暴怒技能威力+2"
        }
      ]
    },
    {
      "id": 1039,
      "name": "泪水之证",
      "desc": "进行了相应仪式的人格得到以下效果：忧郁技能威力+2。",
      "simpleDesc": [
        {
          "abilityID": 1039,
          "simpleDesc": "忧郁技能威力+2"
        }
      ]
    },
    {
      "id": 1040,
      "name": "发光颅骨",
      "desc": "回合开始时，使上回合受到伤害不低于10点的友方单位恢复5~15点体力。",
      "simpleDesc": [
        {
          "abilityID": 1040,
          "simpleDesc": "恢复5~15点体力"
        }
      ]
    },
    {
      "id": 1041,
      "name": "流血的手",
      "desc": "回合开始时，使现存体力不高于25%的友方单位获得2层强壮 。",
      "simpleDesc": [
        {
          "abilityID": 1041,
          "simpleDesc": "获得2层强壮 "
        }
      ]
    },
    {
      "id": 1042,
      "name": "窃笑的舌头",
      "desc": "拼点胜利后造成的伤害+10%。",
      "simpleDesc": [
        {
          "abilityID": 1042,
          "simpleDesc": "造成的伤害+10%"
        }
      ]
    },
    {
      "id": 1043,
      "name": "赎罪之证",
      "desc": "进行了相应仪式的人格得到以下效果：色欲技能威力+2。",
      "simpleDesc": [
        {
          "abilityID": 1043,
          "simpleDesc": "色欲技能威力+2"
        }
      ]
    },
    {
      "id": 1044,
      "name": "仪式资格",
      "desc": "全体友方单位受到的色欲伤害-20%。",
      "simpleDesc": [
        {
          "abilityID": 1044,
          "simpleDesc": "色欲伤害-20%"
        }
      ]
    },
    {
      "id": 1046,
      "name": "绿色外皮",
      "desc": "友方单位在战斗中受到致命伤害时，使其恢复体力上限50%的体力。\n（一次性饰品，生效后消耗）",
      "simpleDesc": [
        {
          "abilityID": 1046,
          "simpleDesc": "恢复体力上限50%的体力"
        }
      ]
    },
    {
      "id": 1048,
      "name": "钢盔",
      "desc": "全体友方单位的守备技能威力+1。",
      "simpleDesc": [
        {
          "abilityID": 1048,
          "simpleDesc": "守备技能威力+1。"
        }
      ]
    },
    {
      "id": 1049,
      "name": "铁锤",
      "desc": "通过技能效果增加震颤 强度时，有50%的概率额外增加1级震颤 强度。",
      "simpleDesc": [
        {
          "abilityID": 1049,
          "simpleDesc": "额外增加1级震颤 强度"
        }
      ]
    },
    {
      "id": 1050,
      "name": "尖钉",
      "desc": "通过技能效果增加流血 强度时，有50%的概率额外增加1级流血 强度。",
      "simpleDesc": [
        {
          "abilityID": 1050,
          "simpleDesc": "额外增加1级流血 强度"
        }
      ]
    },
    {
      "id": 1051,
      "name": "钉与锤之书",
      "desc": "使用傲慢技能时，失去5点理智值，并使该技能的伤害+5%。",
      "simpleDesc": [
        {
          "abilityID": 1051,
          "simpleDesc": "满足条件则失去5点理智值"
        },
        {
          "abilityID": 10511,
          "simpleDesc": "傲慢技能造成的伤害+5%"
        }
      ]
    },
    {
      "id": 1052,
      "name": "火热多汁琵琶腿",
      "desc": "通过技能效果施加烧伤 时，额外施加5层烧伤 。",
      "simpleDesc": [
        {
          "abilityID": 1052,
          "simpleDesc": ""
        }
      ]
    },
    {
      "id": 1053,
      "name": "干巴柴涩鸡胸肉",
      "desc": "通过技能效果施加破裂 时，额外施加5层破裂 。",
      "simpleDesc": [
        {
          "abilityID": 1053,
          "simpleDesc": ""
        }
      ]
    },
    {
      "id": 1054,
      "name": "探戈鸡酱料",
      "desc": "友方单位与速度值较低的单位拼点时，拼点威力+（速度值/2）",
      "simpleDesc": [
        {
          "abilityID": 1054,
          "simpleDesc": ""
        }
      ]
    },
    {
      "id": 1055,
      "name": "被污染的针与线",
      "desc": "每回合中首次使用技能对敌方单位造成伤害后，使其增加(伤害量/3)级流血 强度",
      "simpleDesc": [
        {
          "abilityID": 1055,
          "simpleDesc": ""
        }
      ]
    },
    {
      "id": 1056,
      "name": "锐利的针与线",
      "desc": "每回合中首次使用技能对敌方单位造成伤害后，对其追加(伤害量/2)的固定伤害。",
      "simpleDesc": [
        {
          "abilityID": 1056,
          "simpleDesc": ""
        }
      ]
    },
    {
      "id": 2001,
      "name": "小型安瓿",
      "desc": "回合开始时，使现存体力不高于40%的友方单位恢复体力上限100%的体力。(每层生效1次)",
      "simpleDesc": [
        {
          "abilityID": 2001,
          "simpleDesc": "满足条件时，恢复100%的体力"
        }
      ]
    },
    {
      "id": 2002,
      "name": "破碎之卵的残片",
      "desc": "关卡的首个回合开始时，随机使1种持有的罪孽碎片数量+2",
      "simpleDesc": [
        {
          "abilityID": 2002,
          "simpleDesc": "随机使1种持有的罪孽碎片数量+2"
        }
      ]
    },
    {
      "id": 2003,
      "name": "冰冷的幻想",
      "desc": "使暴食技能造成的伤害+10%",
      "simpleDesc": [
        {
          "abilityID": 2003,
          "simpleDesc": "暴食技能造成的伤害+10%"
        }
      ]
    },
    {
      "id": 2004,
      "name": "尖锐的幻想",
      "desc": "使傲慢技能造成的伤害+10%",
      "simpleDesc": [
        {
          "abilityID": 2004,
          "simpleDesc": "傲慢技能造成的伤害+10%"
        }
      ]
    },
    {
      "id": 2005,
      "name": "芳香满溢的幻想",
      "desc": "使怠惰技能造成的伤害+10%",
      "simpleDesc": [
        {
          "abilityID": 2005,
          "simpleDesc": "怠惰技能造成的伤害+10%"
        }
      ]
    },
    {
      "id": 2006,
      "name": "星迹",
      "desc": "理智值不高于0点时，忧郁，怠惰技能的最终威力+1",
      "simpleDesc": [
        {
          "abilityID": 2006,
          "simpleDesc": "理智值不高于0点时，忧郁，怠惰技能的最终威力+1"
        }
      ]
    },
    {
      "id": 2007,
      "name": "香气刺鼻的花蕾",
      "desc": "通过技能增加沉沦 强度时，有50%的概率额外增加1级沉沦 强度",
      "simpleDesc": [
        {
          "abilityID": 2007,
          "simpleDesc": "技能增加沉沦 强度时，有50%的概率额外增加1级沉沦 强度"
        }
      ]
    },
    {
      "id": 2008,
      "name": "热烈的泪水",
      "desc": "受到的暴怒伤害-10%\n受到攻击时，下回合使自身获得1层强壮 （每名罪人每回合最多1次）",
      "simpleDesc": [
        {
          "abilityID": 2009,
          "simpleDesc": "受到的暴怒伤害-20%"
        },
        {
          "abilityID": 200901,
          "simpleDesc": "受到攻击时，下回合获得1层强壮 "
        }
      ]
    },
    {
      "id": 2009,
      "name": "冰冷的泪水",
      "desc": "受到攻击时，下回合获得1层守护 （每名罪人每回合最多1次）",
      "simpleDesc": [
        {
          "abilityID": 2009,
          "simpleDesc": "受到伤害时，下回合获得1层守护 "
        }
      ]
    },
    {
      "id": 2010,
      "name": "碎片的记忆",
      "desc": "傲慢，嫉妒技能进行拼点时，拼点威力+1",
      "simpleDesc": [
        {
          "abilityID": 2010,
          "simpleDesc": "傲慢，嫉妒技能进行拼点时，拼点威力+1"
        }
      ]
    },
    {
      "id": 2011,
      "name": "破碎之春的残片",
      "desc": "受到的傲慢伤害-10%\n\n<i>我升起一种欲望，想要消散在那葱葱郁郁的碧蓝之风中，感受着种子摇曳着嵌入躁动着的心灵。</i>",
      "simpleDesc": [
        {
          "abilityID": 2011,
          "simpleDesc": "受到的傲慢伤害-10%"
        }
      ]
    },
    {
      "id": 2012,
      "name": "破碎之夏的残片",
      "desc": "受到的暴食伤害-10%\n\n<i>试图了解变化莫测的天气，在我看来是毫无意义的。</i>",
      "simpleDesc": [
        {
          "abilityID": 2012,
          "simpleDesc": "受到的暴食伤害-10% \n\n<i>“试图了解变化莫测的天气，在我看来是毫无意义的。”</i>"
        }
      ]
    },
    {
      "id": 2013,
      "name": "破碎之秋的残片",
      "desc": "受到的忧郁伤害-10%\n\n<i>我天真的认为，只要斜着观察一切就足矣、就足够深刻、就能够感到自满……</i>",
      "simpleDesc": [
        {
          "abilityID": 2013,
          "simpleDesc": "受到的忧郁伤害-10%"
        }
      ]
    },
    {
      "id": 2014,
      "name": "破碎之冬的残片",
      "desc": "受到的怠惰伤害-10%\n\n<i>九人会的崩裂粉碎了一切，我周围的一切也随之戛然而止。</i>",
      "simpleDesc": [
        {
          "abilityID": 2014,
          "simpleDesc": "受到的怠惰伤害-10%"
        }
      ]
    },
    {
      "id": 2015,
      "name": "破碎纽带的残片",
      "desc": "李箱的技能最终威力+2\n友方单位阵亡时，下回合使剩余友方单位获得1层迅捷 与1层强壮 。(每回合最多1次)\n\n<i>回首过去的行迹……我们都曾失去了很多东西。</i>",
      "simpleDesc": [
        {
          "abilityID": 2015,
          "simpleDesc": "李箱的技能最终威力+2"
        },
        {
          "abilityID": 201501,
          "simpleDesc": "友方单位阵亡时，下回合使剩余友方单位获得1层迅捷 与1层强壮 。(每回合最多1次)"
        }
      ]
    },
    {
      "id": 2016,
      "name": "追忆流转的残片",
      "desc": "李箱人格等级提升至35\n李箱人格同步与异想解析提升至3阶段\n\n<i>我们既非好高骛远之辈，也非贪得无厌之徒；我们只不过是喜爱技术的孩童。</i>",
      "simpleDesc": [
        {
          "abilityID": 2016,
          "simpleDesc": "李箱人格等级提升至35"
        },
        {
          "abilityID": 201601,
          "simpleDesc": "李箱人格同步与异想解析提升至3阶段"
        }
      ]
    }
  ]
}