{
  "dataList": [
    {
      "id": 20101,
      "name": "乌瞰刀",
      "desc": "李箱的基础E.G.O装备"
    },
    {
      "id": 20102,
      "name": "终末火柴之光",
      "desc": "李箱的专用E.G.O装备"
    },
    {
      "id": 20103,
      "name": "祈愿石",
      "desc": "李箱的专用E.G.O装备"
    },
    {
      "id": 20201,
      "name": "表象放射器",
      "desc": "浮士德的基础E.G.O装备"
    },
    {
      "id": 20202,
      "name": "液囊",
      "desc": "浮士德的专用E.G.O装备"
    },
    {
      "id": 20203,
      "name": "诅咒之钉",
      "desc": "浮士德的专用E.G.O装备"
    },
    {
      "id": 20301,
      "name": "桑丘之血",
      "desc": "堂吉诃德的基础E.G.O装备"
    },
    {
      "id": 20302,
      "name": "液囊",
      "desc": "堂吉诃德的专用E.G.O装备"
    },
    {
      "id": 20401,
      "name": "森罗炎象",
      "desc": "良秀的基础E.G.O装备"
    },
    {
      "id": 20402,
      "name": "终末火柴之光",
      "desc": "良秀的专用E.G.O装备"
    },
    {
      "id": 20501,
      "name": "他人之锁",
      "desc": "默尔索的基础E.G.O装备"
    },
    {
      "id": 20502,
      "name": "脱线一击",
      "desc": "默尔索的专用E.G.O装备"
    },
    {
      "id": 20503,
      "name": "执行",
      "desc": "默尔索的专用E.G.O装备"
    },
    {
      "id": 20601,
      "name": "太虚幻境",
      "desc": "鸿璐的基础E.G.O装备"
    },
    {
      "id": 20602,
      "name": "粉红欲望",
      "desc": "鸿璐的专用E.G.O装备"
    },
    {
      "id": 20701,
      "name": "裹尸袋",
      "desc": "希斯克利夫的基础E.G.O装备"
    },
    {
      "id": 20702,
      "name": "电线杆",
      "desc": "希斯克利夫的专用E.G.O装备"
    },
    {
      "id": 20801,
      "name": "捕鲸叉",
      "desc": "以实玛利的基础E.G.O装备"
    },
    {
      "id": 20802,
      "name": "粉红欲望",
      "desc": "以实玛利的专用E.G.O装备"
    },
    {
      "id": 20803,
      "name": "红艳煞",
      "desc": "以实玛利的专用E.G.O装备"
    },
    {
      "id": 20901,
      "name": "覆水难收",
      "desc": "罗佳的基础E.G.O装备"
    },
    {
      "id": 20902,
      "name": "终末火柴之光",
      "desc": "罗佳的专用E.G.O装备"
    },
    {
      "id": 20903,
      "name": "冰结之爪",
      "desc": "罗佳的专用E.G.O装备"
    },
    {
      "id": 21001,
      "name": "智慧的青枝",
      "desc": "辛克莱的基础E.G.O装备"
    },
    {
      "id": 21002,
      "name": "迫近之日",
      "desc": "辛克莱的专用E.G.O装备"
    },
    {
      "id": 21101,
      "name": "致智慧与苦难",
      "desc": "奥提斯的基础E.G.O装备"
    },
    {
      "id": 21102,
      "name": "黑檀枝干",
      "desc": "奥提斯的专用E.G.O装备"
    },
    {
      "id": 21103,
      "name": "空即是色",
      "desc": "奥提斯的专用E.G.O装备"
    },
    {
      "id": 21201,
      "name": "那一日，突然",
      "desc": "格里高尔的基础E.G.O装备"
    },
    {
      "id": 21202,
      "name": "障眼把戏",
      "desc": "格里高尔的专用E.G.O装备"
    },
    {
      "id": 21203,
      "name": "提灯",
      "desc": "格里高尔的专用E.G.O装备"
    },
    {
      "id": 20303,
      "name": "电线杆",
      "desc": "堂吉诃德的专用E.G.O装备"
    },
    {
      "id": 20204,
      "name": "电线杆",
      "desc": "浮士德的专用E.G.O装备"
    },
    {
      "id": 20304,
      "name": "一生炖菜",
      "desc": "堂吉诃德的专用E.G.O装备"
    },
    {
      "id": 21003,
      "name": "一生炖菜",
      "desc": "辛克莱的专用E.G.O装备"
    },
    {
      "id": 20104,
      "name": "次元撕裂者",
      "desc": "李箱的专用E.G.O装备"
    },
    {
      "id": 20603,
      "name": "次元撕裂者",
      "desc": "鸿璐的专用E.G.O装备"
    },
    {
      "id": 20504,
      "name": "斗牛披风",
      "desc": "默尔索的专用E.G.O装备"
    },
    {
      "id": 20804,
      "name": "斗牛披风",
      "desc": "以实玛利的专用E.G.O装备"
    },
    {
      "id": 21104,
      "name": "狐雨",
      "desc": "奥提斯的专用E.G.O装备"
    },
    {
      "id": 21204,
      "name": "AEDD",
      "desc": "格里高尔的专用E.G.O装备"
    },
    {
      "id": 20703,
      "name": "AEDD",
      "desc": "希斯克利夫的专用E.G.O装备"
    },
    {
      "id": 20105,
      "name": "狐雨",
      "desc": "李箱的专用E.G.O装备"
    },
    {
      "id": 20403,
      "name": "赤瞳",
      "desc": "良秀的专用E.G.O装备"
    },
    {
      "id": 20404,
      "name": "赤瞳（开）",
      "desc": "良秀的专用E.G.O装备"
    },
    {
      "id": 20405,
      "name": "美味苏打",
      "desc": "良秀的专用E.G.O装备"
    },
    {
      "id": 20604,
      "name": "美味苏打",
      "desc": "鸿璐的专用E.G.O装备"
    },
    {
      "id": 21004,
      "name": "提灯",
      "desc": "辛克莱的专用E.G.O装备"
    },
    {
      "id": 20704,
      "name": "空即是色",
      "desc": "希斯克利夫的专用E.G.O装备"
    },
    {
      "id": 20505,
      "name": "悔恨",
      "desc": "默尔索的专用E.G.O装备"
    },
    {
      "id": 20605,
      "name": "沸腾腐蚀",
      "desc": "鸿璐的专用E.G.O装备"
    },
    {
      "id": 20205,
      "name": "9章2节",
      "desc": "浮士德的专用E.G.O装备"
    },
    {
      "id": 20406,
      "name": "盲目",
      "desc": "良秀的专用E.G.O装备"
    },
    {
      "id": 20805,
      "name": "盲目",
      "desc": "以实玛利的专用E.G.O装备"
    },
    {
      "id": 20904,
      "name": "沸腾腐蚀",
      "desc": "罗佳的专用E.G.O装备"
    },
    {
      "id": 21005,
      "name": "9章2节",
      "desc": "辛克莱的专用E.G.O装备"
    },
    {
      "id": 20905,
      "name": "执行",
      "desc": "罗佳的专用E.G.O装备"
    },
    {
      "id": 20705,
      "name": "悲惨假日",
      "desc": "希斯克利夫的专用E.G.O装备"
    },
    {
      "id": 21105,
      "name": "悲惨假日",
      "desc": "奥提斯的专用E.G.O装备"
    },
    {
      "id": 20305,
      "name": "祈愿石",
      "desc": "堂吉诃德的专用E.G.O装备"
    },
    {
      "id": 21205,
      "name": "荆棘花园",
      "desc": "格里高尔的专用E.G.O装备"
    },
    {
      "id": 21206,
      "name": "往昔",
      "desc": "格里高尔的专用E.G.O装备"
    },
    {
      "id": 20106,
      "name": "往昔",
      "desc": "李箱的专用E.G.O装备"
    },
    {
      "id": 20306,
      "name": "电子哀鸣",
      "desc": "堂吉诃德的专用E.G.O装备"
    },
    {
      "id": 20506,
      "name": "电子哀鸣",
      "desc": "默尔索的专用E.G.O装备"
    },
    {
      "id": 21106,
      "name": "拘束",
      "desc": "奥提斯的专用E.G.O装备"
    },
    {
      "id": 20706,
      "name": "拘束",
      "desc": "希斯克利夫的专用E.G.O装备"
    },
    {
      "id": 20806,
      "name": "翅振",
      "desc": "以实玛利的专用E.G.O装备"
    },
    {
      "id": 20906,
      "name": "血欲",
      "desc": "罗佳的专用E.G.O装备"
    },
    {
      "id": 20606,
      "name": "低泣",
      "desc": "鸿璐的专用E.G.O装备"
    },
    {
      "id": 21006,
      "name": "低泣",
      "desc": "辛克莱的专用E.G.O装备"
    },
    {
      "id": 20206,
      "name": "永恒",
      "desc": "浮士德的专用E.G.O装备"
    },
    {
      "id": 20407,
      "name": "轻蔑，敬畏",
      "desc": "良秀的专用E.G.O装备"
    },
    {
      "id": 20707,
      "name": "凶弹",
      "desc": "希斯克利夫的专用E.G.O装备"
    },
    {
      "id": 21107,
      "name": "次元撕裂者",
      "desc": "奥提斯的专用E.G.O装备"
    }
  ]
}