{
  "dataList": [
    {
      "id": 8166,
      "name": "心被撕碎的希斯克利夫",
      "desc": ""
    },
    {
      "id": 816602,
      "name": "锁链",
      "desc": ""
    },
    {
      "id": 8167,
      "name": "狂猎 约瑟芬",
      "desc": ""
    },
    {
      "id": 8168,
      "name": "狂猎 亨德利",
      "desc": ""
    },
    {
      "id": 8169,
      "name": "狂猎 林顿",
      "desc": ""
    },
    {
      "id": 8170,
      "name": "狂猎 因被夺取而哭嚎的亨德利",
      "desc": ""
    },
    {
      "id": 8171,
      "name": "耐莉",
      "desc": ""
    },
    {
      "id": 8172,
      "name": "魔王希斯克利夫",
      "desc": ""
    },
    {
      "id": 8173,
      "name": "魔王希斯克利夫",
      "desc": ""
    },
    {
      "id": 8174,
      "name": "所有凯瑟琳",
      "desc": ""
    },
    {
      "id": 8192,
      "name": "所有凯瑟琳 左手",
      "desc": ""
    },
    {
      "id": 8193,
      "name": "所有凯瑟琳 右手",
      "desc": ""
    },
    {
      "id": 8161,
      "name": "暴怒罪种？？",
      "desc": ""
    },
    {
      "id": 9999,
      "name": "维吉里乌斯",
      "desc": ""
    },
    {
      "id": 819201,
      "name": "左手",
      "desc": ""
    },
    {
      "id": 819301,
      "name": "右手",
      "desc": ""
    }
  ]
}