{
  "dataList": [
    {
      "id": 90114,
      "name": "焦急的T公司黑帮成员",
      "desc": ""
    },
    {
      "id": 90115,
      "name": "胆怯的T公司黑帮成员",
      "desc": ""
    },
    {
      "id": 90116,
      "name": "健硕的死兔帮成员",
      "desc": ""
    },
    {
      "id": 90117,
      "name": "迟缓的死兔帮成员",
      "desc": ""
    },
    {
      "id": 90118,
      "name": "凶猛的死兔帮成员",
      "desc": ""
    },
    {
      "id": 90119,
      "name": "敏锐的死兔帮成员",
      "desc": ""
    },
    {
      "id": 90120,
      "name": "灵敏的埃德加家族管家",
      "desc": ""
    },
    {
      "id": 90121,
      "name": "迅捷的埃德加家族管家",
      "desc": ""
    },
    {
      "id": 90122,
      "name": "资深的埃德加家族管家",
      "desc": ""
    },
    {
      "id": 90123,
      "name": "诡诈的埃德加家族管家",
      "desc": ""
    },
    {
      "id": 90124,
      "name": "熟练的埃德加家族管家",
      "desc": ""
    },
    {
      "id": 90125,
      "name": "资深的埃德加家族管家",
      "desc": ""
    },
    {
      "id": 90126,
      "name": "险恶的呼啸山庄管家",
      "desc": ""
    },
    {
      "id": 90127,
      "name": "受训的呼啸山庄管家",
      "desc": ""
    },
    {
      "id": 91014,
      "name": "约瑟芬",
      "desc": ""
    }
  ]
}