{
  "dataList": [
    {
      "id": 8501,
      "name": "记忆中扭曲的残兵",
      "desc": "本体"
    },
    {
      "id": 850101,
      "name": "躯干",
      "desc": "部位"
    },
    {
      "id": 8502,
      "name": "记忆中绝望的残兵",
      "desc": "本体"
    },
    {
      "id": 850201,
      "name": "躯干",
      "desc": "部位"
    },
    {
      "id": 8503,
      "name": "记忆中被侵蚀的残兵",
      "desc": "本体"
    },
    {
      "id": 850301,
      "name": "躯干",
      "desc": "部位"
    },
    {
      "id": 8504,
      "name": "记忆中溃烂的G公司部长",
      "desc": "本体"
    },
    {
      "id": 850401,
      "name": "躯干",
      "desc": "部位"
    },
    {
      "id": 8505,
      "name": "阳光的流浪乐队成员",
      "desc": "本体"
    },
    {
      "id": 850501,
      "name": "躯干",
      "desc": "部位"
    },
    {
      "id": 8506,
      "name": "轻快的流浪乐队成员",
      "desc": "本体"
    },
    {
      "id": 850601,
      "name": "躯干",
      "desc": "部位"
    },
    {
      "id": 8507,
      "name": "危险的铁工会成员",
      "desc": "本体"
    },
    {
      "id": 850701,
      "name": "躯干",
      "desc": "部位"
    },
    {
      "id": 8508,
      "name": "正在热身的铁工会成员",
      "desc": "本体"
    },
    {
      "id": 850801,
      "name": "躯干",
      "desc": "部位"
    },
    {
      "id": 8509,
      "name": "艾达",
      "desc": "本体"
    },
    {
      "id": 850901,
      "name": "躯干",
      "desc": "部位"
    },
    {
      "id": 8510,
      "name": "悲泣蟾蜍",
      "desc": "本体"
    },
    {
      "id": 851001,
      "name": "躯干",
      "desc": "部位"
    },
    {
      "id": 851002,
      "name": "左眼",
      "desc": "部位"
    },
    {
      "id": 851003,
      "name": "右眼",
      "desc": "部位"
    },
    {
      "id": 8511,
      "name": "奉承的N公司异端审判官",
      "desc": "敌方单位"
    },
    {
      "id": 851101,
      "name": "躯干",
      "desc": "部位"
    },
    {
      "id": 8512,
      "name": "顺从的N公司异端审判官",
      "desc": "敌方单位"
    },
    {
      "id": 851201,
      "name": "躯干",
      "desc": "部位"
    },
    {
      "id": 8513,
      "name": "进行拷问的N公司异端审判官",
      "desc": "敌方单位"
    },
    {
      "id": 851301,
      "name": "躯干",
      "desc": "部位"
    },
    {
      "id": 8514,
      "name": "擅长审讯的N公司异端审判官",
      "desc": "敌方单位"
    },
    {
      "id": 851401,
      "name": "躯干",
      "desc": "部位"
    },
    {
      "id": 8515,
      "name": "执着的N公司异端审判官",
      "desc": "敌方单位"
    },
    {
      "id": 851501,
      "name": "躯干",
      "desc": "部位"
    },
    {
      "id": 8516,
      "name": "极度喜悦的N公司异端审判官",
      "desc": "敌方单位"
    },
    {
      "id": 851601,
      "name": "躯干",
      "desc": "部位"
    },
    {
      "id": 8517,
      "name": "执着的圭多",
      "desc": "敌方单位"
    },
    {
      "id": 851701,
      "name": "躯干",
      "desc": "部位"
    },
    {
      "id": 8518,
      "name": "折射的巷头恶犬",
      "desc": "本体"
    },
    {
      "id": 851801,
      "name": "躯干",
      "desc": "部位"
    },
    {
      "id": 851802,
      "name": "电线杆",
      "desc": "部位"
    },
    {
      "id": 851803,
      "name": "人类",
      "desc": "部位"
    },
    {
      "id": 851804,
      "name": "头部",
      "desc": "部位"
    },
    {
      "id": 8519,
      "name": "kqe-1j-23",
      "desc": "本体"
    },
    {
      "id": 851901,
      "name": "躯干",
      "desc": "部位"
    },
    {
      "id": 8520,
      "name": "市民之心",
      "desc": "本体"
    },
    {
      "id": 852001,
      "name": "心脏",
      "desc": "部位"
    },
    {
      "id": 8521,
      "name": "K公司3级员工",
      "desc": "本体"
    },
    {
      "id": 852101,
      "name": "躯干",
      "desc": "部位"
    },
    {
      "id": 8522,
      "name": "无所不有的异端审判官",
      "desc": "本体"
    },
    {
      "id": 852201,
      "name": "躯干",
      "desc": "部位"
    },
    {
      "id": 8523,
      "name": "强化后的K公司3级员工",
      "desc": "本体"
    },
    {
      "id": 852301,
      "name": "躯干",
      "desc": "部位"
    },
    {
      "id": 8524,
      "name": "断首鱼",
      "desc": "本体"
    },
    {
      "id": 852401,
      "name": "躯干",
      "desc": "部位"
    },
    {
      "id": 852402,
      "name": "右腿",
      "desc": "部位"
    },
    {
      "id": 852403,
      "name": "左腿",
      "desc": "部位"
    },
    {
      "id": 852404,
      "name": "尾部",
      "desc": "部位"
    },
    {
      "id": 8525,
      "name": "蠢蠢欲动的异端审判官",
      "desc": "本体"
    },
    {
      "id": 852501,
      "name": "躯干",
      "desc": "部位"
    },
    {
      "id": 852502,
      "name": "左臂",
      "desc": "部位"
    },
    {
      "id": 852503,
      "name": "右臂",
      "desc": "部位"
    },
    {
      "id": 8526,
      "name": "梦为完人的克罗默",
      "desc": "本体"
    },
    {
      "id": 852601,
      "name": "右臂",
      "desc": "部位"
    },
    {
      "id": 852602,
      "name": "左臂",
      "desc": "部位"
    },
    {
      "id": 852603,
      "name": "大嘴",
      "desc": "部位"
    },
    {
      "id": 8527,
      "name": "无我入定",
      "desc": "本体"
    },
    {
      "id": 852701,
      "name": "佛像",
      "desc": "部位"
    },
    {
      "id": 852702,
      "name": "石头底座",
      "desc": "部位"
    },
    {
      "id": 8528,
      "name": "受诱的圭多",
      "desc": "敌方单位"
    },
    {
      "id": 852801,
      "name": "躯干",
      "desc": "部位"
    },
    {
      "id": 8529,
      "name": "受诱的艾达",
      "desc": "敌方单位"
    },
    {
      "id": 852901,
      "name": "躯干",
      "desc": "部位"
    },
    {
      "id": 8530,
      "name": "受诱且溃烂的G公司部长",
      "desc": "敌方单位"
    },
    {
      "id": 853001,
      "name": "躯干",
      "desc": "部位"
    },
    {
      "id": 8531,
      "name": "沉着的K公司检查站工作人员",
      "desc": "敌方单位"
    },
    {
      "id": 853101,
      "name": "躯干",
      "desc": "部位"
    },
    {
      "id": 8532,
      "name": "可靠的K公司检查站工作人员",
      "desc": "敌方单位"
    },
    {
      "id": 853201,
      "name": "躯干",
      "desc": "部位"
    },
    {
      "id": 8533,
      "name": "克罗默",
      "desc": "敌方单位"
    },
    {
      "id": 853301,
      "name": "躯干",
      "desc": "部位"
    },
    {
      "id": 8534,
      "name": "K公司3级员工",
      "desc": "本体"
    },
    {
      "id": 853401,
      "name": "躯干",
      "desc": "部位"
    },
    {
      "id": 8535,
      "name": "向前逼近的异端审判官",
      "desc": "本体"
    },
    {
      "id": 853501,
      "name": "躯干",
      "desc": "部位"
    },
    {
      "id": 8536,
      "name": "四足野兽",
      "desc": "本体"
    },
    {
      "id": 853601,
      "name": "躯干",
      "desc": "部位"
    },
    {
      "id": 8537,
      "name": "折射的断首鱼",
      "desc": "本体"
    },
    {
      "id": 853701,
      "name": "躯干",
      "desc": "部位"
    },
    {
      "id": 853702,
      "name": "右腿",
      "desc": "部位"
    },
    {
      "id": 853703,
      "name": "左腿",
      "desc": "部位"
    },
    {
      "id": 853704,
      "name": "尾部",
      "desc": "部位"
    },
    {
      "id": 8538,
      "name": "巷头恶犬",
      "desc": "本体"
    },
    {
      "id": 853801,
      "name": "躯干",
      "desc": "部位"
    },
    {
      "id": 853802,
      "name": "电线杆",
      "desc": "部位"
    },
    {
      "id": 853803,
      "name": "人类",
      "desc": "部位"
    },
    {
      "id": 853804,
      "name": "头部",
      "desc": "部位"
    }
  ]
}