{
  "dataList": [
    {
      "id": 90088,
      "name": "千缕鲸人鱼",
      "desc": "本体"
    },
    {
      "id": 90089,
      "name": "苍白的白色人鱼",
      "desc": "本体"
    },
    {
      "id": 90090,
      "name": "苍白的蓝色人鱼",
      "desc": "本体"
    },
    {
      "id": 90091,
      "name": "苍白的纠缠人鱼",
      "desc": "本体"
    },
    {
      "id": 90092,
      "name": "苍白之物-盾",
      "desc": "本体"
    },
    {
      "id": 90093,
      "name": "苍白之物-棍",
      "desc": "本体"
    },
    {
      "id": 90094,
      "name": "苍白之物-海盗",
      "desc": "本体"
    },
    {
      "id": 90095,
      "name": "苍白之物-钩",
      "desc": "本体"
    },
    {
      "id": 90096,
      "name": "可靠的中指幼弟",
      "desc": "本体"
    },
    {
      "id": 90097,
      "name": "严格的中指幼弟",
      "desc": "本体"
    },
    {
      "id": 8097,
      "name": "可靠的中指幼弟",
      "desc": "本体"
    },
    {
      "id": 809701,
      "name": "躯干",
      "desc": "部位"
    },
    {
      "id": 8098,
      "name": "严格的中指幼弟",
      "desc": "本体"
    },
    {
      "id": 809801,
      "name": "躯干",
      "desc": "部位"
    },
    {
      "id": 8099,
      "name": "里卡多",
      "desc": "本体"
    },
    {
      "id": 809901,
      "name": "躯干",
      "desc": "部位"
    },
    {
      "id": 90100,
      "name": "苍白而泛青的人鱼",
      "desc": "本体"
    },
    {
      "id": 97501,
      "name": "苍白之物-棍",
      "desc": "本体"
    },
    {
      "id": 97502,
      "name": "苍白之物-盾",
      "desc": "本体"
    },
    {
      "id": 97503,
      "name": "苍白之物-钩",
      "desc": "本体"
    },
    {
      "id": 97504,
      "name": "苍白之物-海盗",
      "desc": "本体"
    },
    {
      "id": 97505,
      "name": "苍白的白色人鱼",
      "desc": "本体"
    },
    {
      "id": 97506,
      "name": "苍白的蓝色人鱼",
      "desc": "本体"
    },
    {
      "id": 97507,
      "name": "苍白的纠缠人鱼",
      "desc": "本体"
    }
  ]
}