{
  "dataList": [
    {
      "id": 90101,
      "name": "绿色小矮人",
      "desc": "敌方喽啰"
    },
    {
      "id": 90102,
      "name": "红色小矮人",
      "desc": "敌方喽啰"
    },
    {
      "id": 90103,
      "name": "黑色小矮人",
      "desc": "敌方喽啰"
    },
    {
      "id": 90104,
      "name": "科长小矮人",
      "desc": "敌方喽啰"
    },
    {
      "id": 811401,
      "name": "躯干",
      "desc": "部位"
    },
    {
      "id": 811501,
      "name": "躯干",
      "desc": "部位"
    },
    {
      "id": 811601,
      "name": "躯干",
      "desc": "部位"
    },
    {
      "id": 813501,
      "name": "躯干",
      "desc": "部位"
    },
    {
      "id": 8113,
      "name": "桑塔塔",
      "desc": "敌方喽啰"
    },
    {
      "id": 811301,
      "name": "躯干",
      "desc": "部位"
    },
    {
      "id": 811302,
      "name": "礼物袋",
      "desc": "部位"
    },
    {
      "id": 90105,
      "name": "多多鲁",
      "desc": "敌方喽啰"
    }
  ]
}