{
  "dataList": [
    {
      "id": 90077,
      "name": "锋利废料蟹",
      "desc": "敌方单位"
    },
    {
      "id": 90078,
      "name": "尖锐废料蟹",
      "desc": "敌方单位"
    },
    {
      "id": 90079,
      "name": "坚硬的废料蟹",
      "desc": "敌方单位"
    },
    {
      "id": 90080,
      "name": "余弹废料蟹",
      "desc": "敌方单位"
    },
    {
      "id": 90081,
      "name": "炮刃废料蟹",
      "desc": "敌方单位"
    },
    {
      "id": 8063,
      "name": "帝王废料蟹",
      "desc": "本体"
    },
    {
      "id": 806301,
      "name": "头部",
      "desc": "部位"
    },
    {
      "id": 806302,
      "name": "外壳",
      "desc": "部位"
    },
    {
      "id": 8070,
      "name": "锋利废料蟹",
      "desc": "本体"
    },
    {
      "id": 807001,
      "name": "躯干",
      "desc": "部位"
    },
    {
      "id": 8071,
      "name": "尖锐废料蟹",
      "desc": "本体"
    },
    {
      "id": 807101,
      "name": "躯干",
      "desc": "部位"
    },
    {
      "id": 8072,
      "name": "坚硬的废料蟹",
      "desc": "本体"
    },
    {
      "id": 807201,
      "name": "躯干",
      "desc": "部位"
    },
    {
      "id": 8073,
      "name": "余弹废料蟹",
      "desc": "本体"
    },
    {
      "id": 807301,
      "name": "躯干",
      "desc": "部位"
    },
    {
      "id": 8074,
      "name": "炮刃废料蟹",
      "desc": "本体"
    },
    {
      "id": 807401,
      "name": "躯干",
      "desc": "部位"
    }
  ]
}