{
  "dataList": [
    {
      "id": 8539,
      "name": "折射的流浪狐狸",
      "desc": "本体"
    },
    {
      "id": 853901,
      "name": "躯干",
      "desc": "部位"
    },
    {
      "id": 853902,
      "name": "头部",
      "desc": "部位"
    },
    {
      "id": 8540,
      "name": "折射的旧伞",
      "desc": "本体"
    },
    {
      "id": 854001,
      "name": "躯干",
      "desc": "部位"
    },
    {
      "id": 8541,
      "name": "折射的电击蜈蚣",
      "desc": "本体"
    },
    {
      "id": 854101,
      "name": "躯干",
      "desc": "部位"
    },
    {
      "id": 854102,
      "name": "头部",
      "desc": "部位"
    },
    {
      "id": 8542,
      "name": "折射的绅士精灵",
      "desc": "本体"
    },
    {
      "id": 854201,
      "name": "躯干",
      "desc": "部位"
    },
    {
      "id": 854202,
      "name": "左臂",
      "desc": "部位"
    },
    {
      "id": 8543,
      "name": "折射的精灵酒",
      "desc": "本体"
    },
    {
      "id": 854301,
      "name": "躯干",
      "desc": "部位"
    },
    {
      "id": 8544,
      "name": "折射的因而无人哭泣",
      "desc": "本体"
    },
    {
      "id": 854401,
      "name": "躯干",
      "desc": "部位"
    },
    {
      "id": 854402,
      "name": "右臂",
      "desc": "部位"
    },
    {
      "id": 8545,
      "name": "折射的长腿精灵",
      "desc": "本体"
    },
    {
      "id": 854501,
      "name": "躯干",
      "desc": "部位"
    },
    {
      "id": 854502,
      "name": "左臂",
      "desc": "部位"
    },
    {
      "id": 854503,
      "name": "头部",
      "desc": "部位"
    },
    {
      "id": 8546,
      "name": "折射的四叶草",
      "desc": "本体"
    },
    {
      "id": 854601,
      "name": "躯干",
      "desc": "部位"
    },
    {
      "id": 8547,
      "name": "折射的绅士精灵",
      "desc": "本体"
    },
    {
      "id": 854701,
      "name": "躯干",
      "desc": "部位"
    },
    {
      "id": 854702,
      "name": "左臂",
      "desc": "部位"
    },
    {
      "id": 8548,
      "name": "折射的精灵酒",
      "desc": "本体"
    },
    {
      "id": 854801,
      "name": "躯干",
      "desc": "部位"
    },
    {
      "id": 8549,
      "name": "折射的精灵提灯",
      "desc": "本体"
    },
    {
      "id": 854901,
      "name": "精灵",
      "desc": "部位"
    },
    {
      "id": 854902,
      "name": "躯干",
      "desc": "部位"
    },
    {
      "id": 8550,
      "name": "折射的迷失的乘客",
      "desc": "本体"
    },
    {
      "id": 855001,
      "name": "左刃",
      "desc": "部位"
    },
    {
      "id": 855002,
      "name": "右刃",
      "desc": "部位"
    },
    {
      "id": 8551,
      "name": "折射的T公司3级征收人员",
      "desc": "本体"
    },
    {
      "id": 855101,
      "name": "躯干",
      "desc": "部位"
    },
    {
      "id": 8555,
      "name": "折射的蒸汽运输机",
      "desc": "本体"
    },
    {
      "id": 855501,
      "name": "躯干",
      "desc": "部位"
    },
    {
      "id": 855502,
      "name": "蒸汽枪",
      "desc": "部位"
    },
    {
      "id": 8556,
      "name": "折射的玫瑰告示牌",
      "desc": "本体"
    },
    {
      "id": 855601,
      "name": "告示牌",
      "desc": "部位"
    },
    {
      "id": 855602,
      "name": "血肉",
      "desc": "部位"
    },
    {
      "id": 8557,
      "name": "折射的T公司3级征收人员",
      "desc": "本体"
    },
    {
      "id": 855701,
      "name": "躯干",
      "desc": "部位"
    },
    {
      "id": 8558,
      "name": "折射的T公司3级征收人员",
      "desc": "本体"
    },
    {
      "id": 855801,
      "name": "躯干",
      "desc": "部位"
    },
    {
      "id": 8559,
      "name": "折射的T公司3级征收人员",
      "desc": "本体"
    },
    {
      "id": 855901,
      "name": "躯干",
      "desc": "部位"
    },
    {
      "id": 8560,
      "name": "折射的血流成河的次元",
      "desc": "本体"
    },
    {
      "id": 856001,
      "name": "次元",
      "desc": "部位"
    },
    {
      "id": 8561,
      "name": "折射的剧毒沸腾的次元",
      "desc": "本体"
    },
    {
      "id": 856101,
      "name": "次元",
      "desc": "部位"
    },
    {
      "id": 8562,
      "name": "折射的震颤不止的次元",
      "desc": "本体"
    },
    {
      "id": 856201,
      "name": "次元",
      "desc": "部位"
    },
    {
      "id": 8563,
      "name": "折射的电流涌动的次元",
      "desc": "本体"
    },
    {
      "id": 856301,
      "name": "次元",
      "desc": "部位"
    },
    {
      "id": 8564,
      "name": "折射的浸染暴怒的玫瑰",
      "desc": "本体"
    },
    {
      "id": 856401,
      "name": "花",
      "desc": "部位"
    },
    {
      "id": 8565,
      "name": "折射的浸染色欲的玫瑰",
      "desc": "本体"
    },
    {
      "id": 856501,
      "name": "花",
      "desc": "部位"
    },
    {
      "id": 8566,
      "name": "折射的浸染怠惰的玫瑰",
      "desc": "本体"
    },
    {
      "id": 856601,
      "name": "花",
      "desc": "部位"
    },
    {
      "id": 8567,
      "name": "折射的浸染暴食的玫瑰",
      "desc": "本体"
    },
    {
      "id": 856701,
      "name": "花",
      "desc": "部位"
    },
    {
      "id": 8568,
      "name": "折射的浸染忧郁的玫瑰",
      "desc": "本体"
    },
    {
      "id": 856801,
      "name": "花",
      "desc": "部位"
    },
    {
      "id": 8569,
      "name": "折射的浸染傲慢的玫瑰",
      "desc": "本体"
    },
    {
      "id": 856901,
      "name": "花",
      "desc": "部位"
    },
    {
      "id": 8570,
      "name": "折射的浸染嫉妒的玫瑰",
      "desc": "本体"
    },
    {
      "id": 857001,
      "name": "花",
      "desc": "部位"
    }
  ]
}