{
  "dataList": [
    {
      "id": 8100,
      "name": "人皮预言者",
      "desc": "本体"
    },
    {
      "id": 810001,
      "name": "躯干",
      "desc": "部位"
    },
    {
      "id": 8107,
      "name": "蜡烛",
      "desc": "本体"
    },
    {
      "id": 810701,
      "name": "蜡烛",
      "desc": "部位"
    },
    {
      "id": 8102,
      "name": "噬梦的浊流",
      "desc": "本体"
    },
    {
      "id": 810201,
      "name": "躯干",
      "desc": "部位"
    },
    {
      "id": 810202,
      "name": "荧光灯",
      "desc": "部位"
    },
    {
      "id": 8108,
      "name": "漂流物",
      "desc": "本体"
    },
    {
      "id": 810801,
      "name": "漂流物",
      "desc": "部位"
    },
    {
      "id": 8101,
      "name": "陆行珍珠",
      "desc": "本体"
    },
    {
      "id": 810101,
      "name": "壳",
      "desc": "部位"
    },
    {
      "id": 810102,
      "name": "珍珠",
      "desc": "部位"
    },
    {
      "id": 8109,
      "name": "绿色黏液",
      "desc": "本体"
    },
    {
      "id": 810901,
      "name": "绿色黏液",
      "desc": "部位"
    },
    {
      "id": 8103,
      "name": "？？？",
      "desc": "本体"
    },
    {
      "id": 810301,
      "name": "躯干",
      "desc": "部位"
    },
    {
      "id": 81032,
      "name": "？？？",
      "desc": "本体"
    },
    {
      "id": 8110,
      "name": "被蒙住双眼的裴廓德镇居民",
      "desc": "本体"
    },
    {
      "id": 811001,
      "name": "躯干",
      "desc": "部位"
    },
    {
      "id": 8111,
      "name": "被堵上嘴的裴廓德镇居民",
      "desc": "本体"
    },
    {
      "id": 811101,
      "name": "躯干",
      "desc": "部位"
    },
    {
      "id": 90098,
      "name": "被蒙住双眼的裴廓德镇居民",
      "desc": "本体"
    },
    {
      "id": 90099,
      "name": "被堵上嘴的裴廓德镇居民",
      "desc": "本体"
    },
    {
      "id": 8104,
      "name": "斯达巴克",
      "desc": "本体"
    },
    {
      "id": 810401,
      "name": "躯干",
      "desc": "部位"
    },
    {
      "id": 8105,
      "name": "亚哈",
      "desc": "本体"
    },
    {
      "id": 810501,
      "name": "躯干",
      "desc": "部位"
    },
    {
      "id": 81052,
      "name": "亚哈",
      "desc": "本体"
    },
    {
      "id": 8106,
      "name": "绽放E.G.O::燃气捕鲸叉",
      "desc": "本体"
    },
    {
      "id": 810601,
      "name": "躯干",
      "desc": "部位"
    },
    {
      "id": 8112,
      "name": "魁魁格",
      "desc": "本体"
    },
    {
      "id": 811201,
      "name": "躯干",
      "desc": "部位"
    },
    {
      "id": 81062,
      "name": "绽放E.G.O::燃气捕鲸叉",
      "desc": "本体"
    },
    {
      "id": 81063,
      "name": "绽放E.G.O::燃气捕鲸叉",
      "desc": "本体"
    }
  ]
}