{
  "dataList": [
    {
      "id": 90145,
      "name": "渴求的血袋乘客",
      "desc": "本体"
    },
    {
      "id": 90146,
      "name": "发狂的血袋乘客",
      "desc": "本体"
    },
    {
      "id": 90147,
      "name": "好斗的血袋乘客",
      "desc": "本体"
    },
    {
      "id": 90148,
      "name": "无情的血袋清扫人员",
      "desc": "本体"
    },
    {
      "id": 90149,
      "name": "猛烈的血袋清扫人员",
      "desc": "本体"
    },
    {
      "id": 90150,
      "name": "饥饿的血袋清扫人员",
      "desc": "本体"
    },
    {
      "id": 90151,
      "name": "血袋义体收尾人",
      "desc": "本体"
    },
    {
      "id": 91018,
      "name": "萨莎",
      "desc": "本体"
    },
    {
      "id": 8350,
      "name": "卡塞蒂",
      "desc": "本体"
    },
    {
      "id": 835001,
      "name": "躯干",
      "desc": "本体"
    }
  ]
}