{
  "dataList": [
    {
      "id": 999999,
      "name": "躯干",
      "desc": "部位"
    },
    {
      "id": 8577,
      "name": "折射的红焰蛾",
      "desc": "本体"
    },
    {
      "id": 857701,
      "name": "躯干",
      "desc": "部位"
    },
    {
      "id": 857702,
      "name": "翼",
      "desc": "部位"
    },
    {
      "id": 8578,
      "name": "折射的浸染棉花",
      "desc": "本体"
    },
    {
      "id": 857801,
      "name": "躯干",
      "desc": "部位"
    },
    {
      "id": 8585,
      "name": "折射的轻蔑螺旋",
      "desc": "本体"
    },
    {
      "id": 858501,
      "name": "躯干",
      "desc": "部位"
    },
    {
      "id": 858502,
      "name": "手",
      "desc": "部位"
    },
    {
      "id": 8571,
      "name": "折射的人皮预言者",
      "desc": "本体"
    },
    {
      "id": 8572,
      "name": "折射的蜡烛",
      "desc": "本体"
    },
    {
      "id": 8573,
      "name": "折射的陆行珍珠",
      "desc": "本体"
    },
    {
      "id": 8574,
      "name": "折射的绿色黏液",
      "desc": "本体"
    },
    {
      "id": 8575,
      "name": "折射的噬梦的浊流",
      "desc": "本体"
    },
    {
      "id": 8576,
      "name": "折射的漂流物",
      "desc": "本体"
    },
    {
      "id": 8579,
      "name": "折射的亚哈",
      "desc": "本体"
    },
    {
      "id": 8580,
      "name": "折射的魁魁格",
      "desc": "本体"
    },
    {
      "id": 8581,
      "name": "折射的斯达巴克",
      "desc": "本体"
    },
    {
      "id": 8582,
      "name": "折射的绽放E.G.O::燃气捕鲸叉",
      "desc": "本体"
    },
    {
      "id": 85822,
      "name": "折射的绽放E.G.O::燃气捕鲸叉",
      "desc": "本体"
    },
    {
      "id": 85823,
      "name": "折射的绽放E.G.O::燃气捕鲸叉",
      "desc": "本体"
    },
    {
      "id": 8583,
      "name": "折射的被蒙住双眼的裴廓德镇居民",
      "desc": "本体"
    },
    {
      "id": 8584,
      "name": "折射的被堵上嘴的裴廓德镇居民",
      "desc": "本体"
    },
    {
      "id": 8586,
      "name": "折射的穴掌鲸人鱼",
      "desc": "本体"
    },
    {
      "id": 8587,
      "name": "折射的穴掌鲸 士兵人鱼",
      "desc": "本体"
    },
    {
      "id": 8588,
      "name": "折射的被蒙住双眼的裴廓德镇居民",
      "desc": "本体"
    },
    {
      "id": 8589,
      "name": "折射的被堵上嘴的裴廓德镇居民",
      "desc": "本体"
    },
    {
      "id": 8590,
      "name": "折射的留胡子的双钩海盗团成员",
      "desc": "本体"
    },
    {
      "id": 8591,
      "name": "折射的戴头巾的双钩海盗团成员",
      "desc": "本体"
    },
    {
      "id": 8592,
      "name": "折射的敏捷的双钩海盗团成员",
      "desc": "本体"
    },
    {
      "id": 8593,
      "name": "折射的坚实的双钩海盗团成员",
      "desc": "本体"
    },
    {
      "id": 8594,
      "name": "折射的双钩海盗团大副 斯米",
      "desc": "本体"
    },
    {
      "id": 8595,
      "name": "折射的苍白之物-盾",
      "desc": "本体"
    },
    {
      "id": 8596,
      "name": "折射的苍白之物-棍棒",
      "desc": "本体"
    },
    {
      "id": 8597,
      "name": "折射的苍白之物-海盗",
      "desc": "本体"
    },
    {
      "id": 8598,
      "name": "折射的苍白之物-钩",
      "desc": "本体"
    },
    {
      "id": 8599,
      "name": "折射的苍白的白色人鱼",
      "desc": "本体"
    },
    {
      "id": 8600,
      "name": "折射的苍白的蓝色人鱼",
      "desc": "本体"
    },
    {
      "id": 8601,
      "name": "折射的苍白的纠缠人鱼",
      "desc": "本体"
    },
    {
      "id": 8602,
      "name": "折射的苍白而泛青的人鱼",
      "desc": "本体"
    },
    {
      "id": 8603,
      "name": "折射的千缕鲸人鱼",
      "desc": "本体"
    },
    {
      "id": 8604,
      "name": "折射的掌",
      "desc": "本体"
    },
    {
      "id": 860401,
      "name": "掌",
      "desc": "部位"
    }
  ]
}