{
  "dataList": [
    {
      "id": 8147,
      "name": "绿色的黎明 - 疑问 - α",
      "desc": "敌方单位"
    },
    {
      "id": 8148,
      "name": "绿色的黎明 - 疑问 - β",
      "desc": "敌方单位"
    },
    {
      "id": 8149,
      "name": "绿色的黎明 - 疑问 - γ",
      "desc": "敌方单位"
    },
    {
      "id": 8150,
      "name": "绿色的黎明 - 疑问 - δ",
      "desc": "敌方单位"
    },
    {
      "id": 814701,
      "name": "躯干",
      "desc": "部位"
    },
    {
      "id": 814801,
      "name": "躯干",
      "desc": "部位"
    },
    {
      "id": 814901,
      "name": "躯干",
      "desc": "部位"
    },
    {
      "id": 815001,
      "name": "躯干",
      "desc": "部位"
    },
    {
      "id": 90106,
      "name": "绿色的黎明 - 疑问 - α",
      "desc": "敌方单位"
    },
    {
      "id": 90107,
      "name": "绿色的黎明 - 疑问 - β",
      "desc": "敌方单位"
    },
    {
      "id": 90108,
      "name": "绿色的黎明 - 疑问 - γ",
      "desc": "敌方单位"
    },
    {
      "id": 90109,
      "name": "绿色的黎明 - 疑问 - δ",
      "desc": "敌方单位"
    }
  ]
}