{
  "dataList": [
    {
      "id": 90110,
      "name": "坚定的黑云会 成员",
      "desc": "本体"
    },
    {
      "id": 90111,
      "name": "紧张的黑云会 成员",
      "desc": "本体"
    },
    {
      "id": 90112,
      "name": "娴熟的黑云会 成员",
      "desc": "本体"
    },
    {
      "id": 90113,
      "name": "昏昏欲睡的黑云会 成员",
      "desc": "本体"
    },
    {
      "id": 91013,
      "name": "黑云会 副会长 俊",
      "desc": "本体"
    },
    {
      "id": 8151,
      "name": "暴怒罪种？",
      "desc": "本体"
    },
    {
      "id": 8152,
      "name": "忧郁罪种？",
      "desc": "本体"
    },
    {
      "id": 8153,
      "name": "正在扭曲的金笠",
      "desc": "本体"
    },
    {
      "id": 8154,
      "name": "扭曲的金笠",
      "desc": "本体"
    }
  ]
}