{
  "dataList": [
    {
      "id": 8605,
      "name": "折射的某日的肖像",
      "desc": "本体"
    },
    {
      "id": 8606,
      "name": "折射的肖像",
      "desc": "本体"
    },
    {
      "id": 8607,
      "name": "折射的肖像",
      "desc": "本体"
    },
    {
      "id": 8608,
      "name": "折射的梦中的电子羊",
      "desc": "本体"
    },
    {
      "id": 8628,
      "name": "折射的发电机",
      "desc": "本体"
    },
    {
      "id": 8624,
      "name": "折射的忘我的环指研究员？",
      "desc": ""
    },
    {
      "id": 8625,
      "name": "折射的发狂的环指研究员？",
      "desc": ""
    },
    {
      "id": 8626,
      "name": "折射的点彩派环指研究员？",
      "desc": ""
    },
    {
      "id": 8627,
      "name": "折射的耐莉",
      "desc": ""
    },
    {
      "id": 8618,
      "name": "折射的因被夺取而哭嚎的亨德利",
      "desc": ""
    },
    {
      "id": 8611,
      "name": "折射的灵敏的埃德加家族管家",
      "desc": ""
    },
    {
      "id": 8612,
      "name": "折射的迅捷的埃德加家族管家",
      "desc": ""
    },
    {
      "id": 8613,
      "name": "折射的资深的埃德加家族管家",
      "desc": ""
    },
    {
      "id": 8614,
      "name": "折射的诡诈的埃德加家族管家",
      "desc": ""
    },
    {
      "id": 8615,
      "name": "折射的熟练的埃德加家族管家",
      "desc": ""
    },
    {
      "id": 8616,
      "name": "折射的资深的埃德加家族管家",
      "desc": ""
    },
    {
      "id": 8609,
      "name": "折射的险恶的呼啸山庄管家",
      "desc": ""
    },
    {
      "id": 8610,
      "name": "折射的受训的呼啸山庄管家",
      "desc": ""
    },
    {
      "id": 8617,
      "name": "折射的约瑟芬",
      "desc": ""
    },
    {
      "id": 8629,
      "name": "折射的受缚之王",
      "desc": ""
    },
    {
      "id": 8619,
      "name": "折射的坚定的黑云会 成员",
      "desc": ""
    },
    {
      "id": 8620,
      "name": "折射的紧张的黑云会 成员",
      "desc": ""
    },
    {
      "id": 8621,
      "name": "折射的娴熟的黑云会 成员",
      "desc": ""
    },
    {
      "id": 8622,
      "name": "折射的昏昏欲睡的黑云会 成员",
      "desc": ""
    },
    {
      "id": 8623,
      "name": "折射的黑云会 副会长 俊",
      "desc": ""
    },
    {
      "id": 8280,
      "name": "折射的嫉妒罪种",
      "desc": "本体"
    },
    {
      "id": 8292,
      "name": "折射的嫉妒罪种？",
      "desc": "本体"
    }
  ]
}