{
  "dataList": [
    {
      "id": 8175,
      "name": "浸染暴怒的玫瑰",
      "desc": "本体"
    },
    {
      "id": 8176,
      "name": "浸染色欲的玫瑰",
      "desc": "本体"
    },
    {
      "id": 8177,
      "name": "浸染怠惰的玫瑰",
      "desc": "本体"
    },
    {
      "id": 8178,
      "name": "浸染暴食的玫瑰",
      "desc": "本体"
    },
    {
      "id": 8179,
      "name": "浸染忧郁的玫瑰",
      "desc": "本体"
    },
    {
      "id": 8180,
      "name": "浸染傲慢的玫瑰",
      "desc": "本体"
    },
    {
      "id": 8181,
      "name": "浸染嫉妒的玫瑰",
      "desc": "本体"
    },
    {
      "id": 8182,
      "name": "绽放E.G.O::司田",
      "desc": "本体"
    },
    {
      "id": 8183,
      "name": "欲望之树",
      "desc": "本体"
    },
    {
      "id": 8184,
      "name": "吸收之树",
      "desc": "本体"
    },
    {
      "id": 8197,
      "name": "红焰蛾",
      "desc": "本体"
    },
    {
      "id": 8198,
      "name": "浸染棉花",
      "desc": "本体"
    },
    {
      "id": 8199,
      "name": "轻蔑螺旋",
      "desc": "本体"
    },
    {
      "id": 8200,
      "name": "掌",
      "desc": "本体"
    },
    {
      "id": 8201,
      "name": "玫瑰告示牌",
      "desc": "本体"
    },
    {
      "id": 8118,
      "name": "蒸汽运输机",
      "desc": "本体"
    },
    {
      "id": 8119,
      "name": "迷失的乘客",
      "desc": "本体"
    },
    {
      "id": 8120,
      "name": "血流成河的次元",
      "desc": "本体"
    },
    {
      "id": 8121,
      "name": "剧毒沸腾的次元",
      "desc": "本体"
    },
    {
      "id": 8122,
      "name": "震颤不止的次元",
      "desc": "本体"
    },
    {
      "id": 8123,
      "name": "电流涌动的次元",
      "desc": "本体"
    }
  ]
}