{
  "dataList": [
    {
      "id": 90128,
      "name": "顽固的Öufi协会收尾人",
      "desc": ""
    },
    {
      "id": 90129,
      "name": "严谨的Öufi协会收尾人",
      "desc": ""
    },
    {
      "id": 90130,
      "name": "Öufi协会收尾人 科长",
      "desc": ""
    },
    {
      "id": 90131,
      "name": "忘我的环指研究员？",
      "desc": ""
    },
    {
      "id": 90132,
      "name": "发狂的环指研究员？",
      "desc": ""
    },
    {
      "id": 90133,
      "name": "点彩派环指研究员？",
      "desc": ""
    },
    {
      "id": 91015,
      "name": "亨德利",
      "desc": ""
    },
    {
      "id": 8204,
      "name": "死兔帮 老大",
      "desc": ""
    },
    {
      "id": 8159,
      "name": "怠惰罪种？",
      "desc": ""
    },
    {
      "id": 8160,
      "name": "暴食罪种？",
      "desc": ""
    },
    {
      "id": 8162,
      "name": "奇特的死兔帮成员",
      "desc": ""
    },
    {
      "id": 8163,
      "name": "蒙面的死兔帮成员",
      "desc": ""
    },
    {
      "id": 8164,
      "name": "希斯克利夫？",
      "desc": ""
    },
    {
      "id": 8165,
      "name": "因被夺取而哭嚎的亨德利",
      "desc": ""
    },
    {
      "id": 90134,
      "name": "奇特的死兔帮成员",
      "desc": ""
    },
    {
      "id": 90135,
      "name": "蒙面的死兔帮成员",
      "desc": ""
    }
  ]
}