{
  "dataList": [
    {
      "id": "limbus_1st_anniversary_attendance_desc",
      "content": "活动期间每日登陆即可获得提取券。\n累计登录7日、14日时可获得特殊奖励。"
    },
    {
      "id": "limbus_1st_anniversary_attendance_last_reward_desc",
      "content": "当您已经拥有该播报员时，其将被替换为50个纺锤箱。"
    },
    {
      "id": "limbus_1st_anniversary_welcome_title",
      "content": "边狱公司1周年"
    },
    {
      "id": "limbus_1st_anniversary_welcome_desc",
      "content": "活动期间登录，即可获赠3★人格必得十连提取券！"
    }
  ]
}