{
  "dataList": [
    {
      "id": "event_bonus_description",
      "content": "活动期间编队内存在下列人格与E.G.O时\n<color=#f8c200>[{0}]获取量提升</color>。"
    },
    {
      "id": "event_bonus_preview",
      "content": "将活动人格与E.G.O编入队伍\n以提升[{0}]获取量！"
    },
    {
      "id": "event_bonus_preview_ego",
      "content": "将活动E.G.O编入队伍\n以提升[{0}]获取量！"
    },
    {
      "id": "event_bonus_description_ego",
      "content": "将活动E.G.O编入队伍\n以提升[{0}]获取量！"
    },
    {
      "id": "event_bonus_preview_personality",
      "content": "将活动人格编入队伍\n以提升[{0}]获取量！"
    }
  ]
}