{
  "dataList": [
    {
      "id": "miracle_stagebutton_not_clear_cp4",
      "content": "通过章节{0}后再来哟！"
    },
    {
      "id": "miracle_stagebutton_normal",
      "content": "钟表头！\n赶紧出来！"
    },
    {
      "id": "miracle_stagebutton_end_event",
      "content": "你来晚了！活动结束了！"
    },
    {
      "id": "miracle_storybutton_before_start",
      "content": "通过5.5-1后解锁"
    },
    {
      "id": "miracle_storybutton_normal",
      "content": "这里是冒险的记录！"
    },
    {
      "id": "miracle_exchange_scrap",
      "content": "交换礼物"
    },
    {
      "id": "miracle_scrap_guide_title",
      "content": "巨大装饰品包裹"
    },
    {
      "id": "miracle_scrap_guide_desc",
      "content": "通关活动或主线章节的关卡和迷宫\n可低概率获得<color=#008d0d>[巨大装饰品包裹]</color>。\n\n<color=#008d0d>[巨大装饰品包裹]</color>会转换为20个<color=#008d0d>[装饰品包裹]</color>。"
    },
    {
      "id": "miracle_rewardpage_desc",
      "content": "通关活动或主线章节的关卡和迷宫可获得<color=#008d0d>[装饰品包裹]</color>。\n\n根据获得的<color=#008d0d>[装饰品包裹]</color>的数量，可在<color=#008d0d>[交换礼物]</color>中换取奖励。"
    },
    {
      "id": "miracle_scrap_counter_label",
      "content": "收集到的装饰品包裹"
    }
  ]
}