{
  "dataList": [
    {
      "id": "umida_stagebutton_not_clear_cp4",
      "content": "通过主线4-54后解锁"
    },
    {
      "id": "umida_stagebutton_normal",
      "content": "废料回收"
    },
    {
      "id": "umida_stagebutton_end_event",
      "content": "活动结束"
    },
    {
      "id": "umida_storybutton_before_start",
      "content": "通过主线4.5-1后解锁"
    },
    {
      "id": "umida_storybutton_normal",
      "content": "回顾"
    },
    {
      "id": "umida_exchange_scrap",
      "content": "废料回收箱"
    },
    {
      "id": "umida_scrap_guide_title",
      "content": "特殊废料"
    },
    {
      "id": "umida_scrap_guide_desc",
      "content": "通过清剿活动关卡、主线关卡或迷宫\n有小概率获得<color=#f8c200>[含有稀有马蹄铁的巴士改造废料]</color>。\n\n<color=#f8c200>[含有稀有马蹄铁的巴士改造废料]</color>可以转换为20个<color=#f8c200>[巴士改装废料]。</color>"
    },
    {
      "id": "umida_rewardpage_desc",
      "content": "您可以通过清剿活动关卡、主线关卡或迷宫来获得<color=#f8c200>[巴士改造废料]</color>。\n\n您可以在<color=#f8c200>[废料回收箱]</color>根据所持有的<color=#f8c200>[巴士改造废料]</color>数量兑换多样化奖励。"
    },
    {
      "id": "umida_scrap_counter_label",
      "content": "收集的废料数"
    }
  ]
}