{
  "dataList": [
    {
      "id": "mowe_stagebutton_not_clear",
      "content": "通过6.5-15后解锁"
    },
    {
      "id": "mowe_stagebutton_normal",
      "content": "关卡"
    },
    {
      "id": "mowe_stagebutton_end_event",
      "content": "活动结束"
    },
    {
      "id": "mowe_storybutton_before_start",
      "content": "<size=75%>观看活动剧情第1关后开放</size>"
    },
    {
      "id": "mowe_storybutton_normal",
      "content": "跳转至放映室"
    },
    {
      "id": "mowe_rewardShopButton",
      "content": "奖励兑换"
    },
    {
      "id": "mowe_scrap_guide_title",
      "content": "活动道具介绍"
    },
    {
      "id": "mowe_scrap_guide_desc",
      "content": "在活动及主线关卡、迷宫及镜像迷宫中有小概率可以获得<color=#ff99e6>[收尾人乘客复原包]</color>。\n\n<color=#ff99e6>[收尾人乘客复原包]</color>将会自动转换为20个<color=#ff99e6>[普通乘客复原包]</color>。"
    },
    {
      "id": "mowe_rewardpage_desc",
      "content": "通关活动关卡及迷宫后，将获得<color=#ff99e6>[普通乘客复原包]</color>。\n在首次通关活动关卡以外的主线关卡及通过镜像迷宫时，也可获得<color=#ff99e6>[普通乘客复原包]</color>。\n\n在活动、主线关卡及镜像迷宫中有小概率可以获得<color=#ff99e6>[收尾人乘客复原包]</color>，获得时，<color=#ff99e6>[收尾人乘客复原包]</color>将会自动转换为20个<color=#ff99e6>[普通乘客复原包]</color>。\n\n您可以在<color=#ff99e6>[奖励兑换]</color>处根据所持有的<color=#ff99e6>[普通乘客复原包]</color>数量兑换多样化奖励。"
    },
    {
      "id": "mowe_reward_popup_desc",
      "content": "活动关卡与主线关卡首次通关\n以及镜像迷宫通关后\n可以获得<color=#ff99e6>[普通乘客复原包]</color>。\n\n您可以在<color=#ff99e6>[奖励兑换]</color>处\n根据所持有的<color=#ff99e6>[普通乘客复原包]</color>数量兑换不同奖励。"
    },
    {
      "id": "mowe_reward_popup_num_of_owned_items",
      "content": "持有道具数"
    },
    {
      "id": "mowe_bonusUI_Title",
      "content": "增加"
    },
    {
      "id": "mowe_bonusUI_Title_contain_false",
      "content": "未拥有"
    },
    {
      "id": "mowe_bonusUI_Desc",
      "content": "活动期间，当编队中包含活动人格及E.G.O时，<color=#ff99e6>[普通乘客复原包]</color>的获取量将提升。\n获取量提升合计最大值为<color=#ff99e6>120%</color>。"
    },
    {
      "id": "mowe_bonus_popup_title",
      "content": "活动加成对象"
    },
    {
      "id": "mowe_bonus_preview",
      "content": "活动加成对象"
    }
  ]
}