{
  "dataList": [
    {
      "id": "ycgd_stagebutton_not_clear",
      "content": "通过5.5-12后解锁"
    },
    {
      "id": "ycgd_stagebutton_normal",
      "content": "关卡"
    },
    {
      "id": "ycgd_stagebutton_end_event",
      "content": "活动结束"
    },
    {
      "id": "ycgd_storybutton_before_start",
      "content": "<size=75%>观看活动剧情第1关后开放</size>"
    },
    {
      "id": "ycgd_storybutton_normal",
      "content": "跳转至放映室"
    },
    {
      "id": "ycgd_rewardShopButton",
      "content": "奖励兑换"
    },
    {
      "id": "ycgd_scrap_guide_title",
      "content": "活动道具介绍"
    },
    {
      "id": "ycgd_scrap_guide_desc",
      "content": "通关活动关卡，主线剧情，镜像迷宫时，您将有低概率获得<color=#1998fe>[怨恨剑鞘]</color>。\n\n<color=#1998fe>[怨恨剑鞘]</color>将转换为20个<color=#008d0d>[染血剑鞘]</color>。"
    },
    {
      "id": "ycgd_rewardpage_desc",
      "content": "通关活动关卡、迷宫后，您可获得<color=#1998fe>[染血剑鞘]</color>。除此之外，\n首次通关主线剧情关卡、迷宫，通关镜像迷宫后，您也可获得<color=#1998fe>[染血剑鞘]</color>。\n\n通关活动、主线剧情的关卡、以及镜像迷宫时，您将有低概率获得<color=#7fc6ff>[怨恨剑鞘]</color>，获得的<color=#7fc6ff>[怨恨剑鞘]</color>将立即变换为20个<color=#1998fe>[染血剑鞘]</color>。\n\n您可在<color=#1998fe>[奖励兑换]</color>窗口中，花费<color=#1998fe>[染血剑鞘]</color>以获得各种奖励。"
    },
    {
      "id": "ycgd_reward_popup_desc",
      "content": "通关活动关卡、迷宫，\n首次通关主线故事关卡，以及通关镜像迷宫时，\n您可获得<color=#1998fe>[染血剑鞘]</color>。\n\n您可在<color=#1998fe>[奖励兑换]</color>窗口中花费<color=#1998fe>[染血剑鞘]</color>\n以获得各种各样的奖励。"
    },
    {
      "id": "ycgd_reward_popup_num_of_owned_items",
      "content": "持有的剑鞘"
    },
    {
      "id": "ycgd_bonusUI_Title",
      "content": "增加"
    },
    {
      "id": "ycgd_bonusUI_Title_contain_false",
      "content": "未拥有"
    },
    {
      "id": "ycgd_bonusUI_Desc",
      "content": "活动期间，当编队中包含以下人格时，<color=#1998fe>[染血剑鞘]</color>的获取量将提升。\n获取量提升合计最大值为<color=#1998fe>120%</color>。"
    },
    {
      "id": "ycgd_bonus_popup_title",
      "content": "活动奖励人格"
    },
    {
      "id": "ycgd_bonus_preview",
      "content": "活动奖励人格"
    }
  ]
}