{
  "dataList": [
    {
      "id": "change_formation_name_title",
      "content": "修改编队名称"
    },
    {
      "id": "formation_name_filter_contents_title",
      "content": "用途"
    },
    {
      "id": "formation_name_filter_contents_story",
      "content": "剧情关卡"
    },
    {
      "id": "formation_name_filter_contents_mirrordungeon",
      "content": "镜像迷宫"
    },
    {
      "id": "formation_name_filter_contents_railwaydungeon",
      "content": "折射轨道"
    },
    {
      "id": "formation_name_filter_contents_exp_mining",
      "content": "经验采光"
    },
    {
      "id": "formation_name_filter_contents_thread_mining",
      "content": "纺锤采光"
    },
    {
      "id": "formation_name_filter_contents_practice",
      "content": "测试"
    },
    {
      "id": "formation_name_total_tag_count_limitation",
      "content": "※ 最多可以选择10个标签。"
    }
  ]
}