{
  "dataList": [
    {
      "id": 1,
      "name": "狂气",
      "desc": "包含140狂气。"
    },
    {
      "id": 2,
      "name": "一捆狂气",
      "desc": "包含588狂气。"
    },
    {
      "id": 3,
      "name": "一束狂气",
      "desc": "包含2028狂气。"
    },
    {
      "id": 4,
      "name": "一箱狂气",
      "desc": "包含4294狂气。"
    },
    {
      "id": 5,
      "name": "一大袋狂气",
      "desc": "包含8206狂气。"
    },
    {
      "id": 6,
      "name": "一仓库狂气",
      "desc": "包含16672狂气。"
    },
    {
      "id": 11,
      "name": "狂气",
      "desc": "包含70狂气。"
    },
    {
      "id": 12,
      "name": "一捆狂气",
      "desc": "包含294狂气。\n您还会额外获得31免费狂气。"
    },
    {
      "id": 13,
      "name": "一束狂气",
      "desc": "包含1014狂气。\n您还会额外获得156免费狂气。"
    },
    {
      "id": 14,
      "name": "一箱狂气",
      "desc": "包含2147狂气。\n您还会额外获得323免费狂气。"
    },
    {
      "id": 15,
      "name": "一大袋狂气",
      "desc": "包含4103狂气。\n您还会额外获得642免费狂气。"
    },
    {
      "id": 16,
      "name": "一仓库狂气",
      "desc": "包含8336狂气。\n您还会额外获得1349免费狂气。"
    },
    {
      "id": 21,
      "name": "每月狂气补给",
      "desc": "购买后立刻获得650狂气。\n之后的30天内每天登陆时都可以领取65免费狂气。"
    },
    {
      "id": 22,
      "name": "每月小型狂气补给",
      "desc": "购买后立刻获得130狂气。\n之后的30天内每天登陆时都可以领取39免费狂气。"
    },
    {
      "id": 101,
      "name": "每月提取组合包",
      "desc": "包含以下物品的每月组合包：\n\n・狂气 x650\n・十连提取券 x1"
    },
    {
      "id": 102,
      "name": "每月成长组合包 I",
      "desc": "包含以下物品的每月组合包：\n\n・狂气 x1690\n・十连提取券 x2\n・人格等级直升券II x1\n・人格等级直升券I x2\n・人格训练券III x10\n・人格训练券II x30"
    },
    {
      "id": 103,
      "name": "每月成长组合包 II",
      "desc": "包含以下物品的每月组合包：\n\n・狂气 x1690\n・十连提取券 x2\n・纺锤 x120"
    },
    {
      "id": 104,
      "name": "每月经验组合包",
      "desc": "获得以下物品（每月重置）\n\n・人格等级直升券IV x2\n・人格训练券IV x20\n・人格训练券III x20"
    },
    {
      "id": 105,
      "name": "每月纺锤组合包",
      "desc": "获得以下物品（每月重置）\n\n· 纺锤 x300"
    },
    {
      "id": 111,
      "name": "新晋经理组合包",
      "desc": "提供给新晋经理的一次性组合包。内含以下物品：\n\n・3★必得十连提取券 x1\n・十连提取券 x1"
    },
    {
      "id": 121,
      "name": "第1赛季限定补给包",
      "desc": "仅在第1赛季期间可以购买。内含以下物品：\n\n・狂气 x5040\n・十连提取券 x3\n・人格等级直升券III x1\n・人格训练券II x40\n・纺锤 x80\n・第1赛季自我碎片自选箱 x40"
    },
    {
      "id": 122,
      "name": "第2赛季限定补给包",
      "desc": "仅在第2赛季期间可以购买。内含以下物品：\n\n・狂气 x5040\n・十连提取券 x3\n・人格等级直升券III x1\n・人格训练券III x30\n・纺锤 x80\n・第2赛季自我碎片自选箱 x40"
    },
    {
      "id": 123,
      "name": "第3赛季限定补给包",
      "desc": "仅在第3赛季期间可以购买。内含以下物品：\n\n・狂气 x5040\n・十连提取券 x3\n・人格等级直升券III x1\n・人格训练券III x30\n・纺锤 x80\n・第3赛季自我碎片自选箱 x40"
    },
    {
      "id": 131,
      "name": "每周提取组合包",
      "desc": "包含以下物品的每周组合包：\n\n・狂气 x273\n・提取券 x5"
    },
    {
      "id": 133,
      "name": "每周纺锤组合包",
      "desc": "包含以下物品的每周组合包：\n\n・纺锤 x75"
    },
    {
      "id": 134,
      "name": "每周脑啡肽组合包",
      "desc": "包含以下物品的每周组合包：\n\n・脑啡肽盒子 x20"
    },
    {
      "id": 135,
      "name": "每周经验组合包",
      "desc": "获得以下物品（每周重置）\n\n・人格等级直升券III x1\n・人格训练券IV x12\n・人格训练券III x20"
    },
    {
      "id": 136,
      "name": "每周纺锤组合包",
      "desc": "获得以下物品（每周重置）\n\n・纺锤 x100"
    },
    {
      "id": 141,
      "name": "每月提取券组合包 I",
      "desc": "包含以下物品的每月组合包：\n\n· 十连提取券 x3"
    },
    {
      "id": 142,
      "name": "每月提取券组合包 II",
      "desc": "包含以下物品的每月组合包：\n\n· 十连提取券 x5"
    },
    {
      "id": 143,
      "name": "每周提取券组合包 I",
      "desc": "包含以下物品的每周组合包：\n\n· 提取券 x10"
    },
    {
      "id": 144,
      "name": "每月经验组合包 I",
      "desc": "获得以下物品（每月重置）\n\n・人格等级直升券IV x2\n・人格训练券IV x20\n・人格训练券III x20"
    },
    {
      "id": 145,
      "name": "每月经验组合包 II",
      "desc": "获得以下物品（每月重置）\n\n・人格等级直升券IV x4\n・人格训练券IV x20\n・人格训练券III x20"
    },
    {
      "id": 146,
      "name": "每月经验组合包 III",
      "desc": "获得以下物品（每月重置）\n\n・人格等级直升券IV x8\n・人格训练券IV x40\n・人格训练券III x40"
    },
    {
      "id": 147,
      "name": "每月纺锤组合包 I",
      "desc": "获得以下物品（每月重置）\n\n· 纺锤 x300"
    },
    {
      "id": 148,
      "name": "每月纺锤组合包 II",
      "desc": "获得以下物品（每月重置）\n\n· 纺锤 x500"
    },
    {
      "id": 149,
      "name": "每月纺锤组合包 III",
      "desc": "获得以下物品（每月重置）\n\n· 纺锤 x1000"
    },
    {
      "id": 201,
      "name": "1周年纪念组合包",
      "desc": "1周年限定商品，可获得以下道具。\n\n· 立即获得Angela播报员\n· 3★必得十连提取券 ×1\n· 人格跳跃成长券 ×1\n\n※ 持有Angela播报员时，将获得纺锤箱 ×50。\n※ 使用人格跳跃成长券时，所选人格等级将提升至40级，同步阶段将提升至同步阶段4。"
    },
    {
      "id": 999,
      "name": "边狱通行证",
      "desc": "将战斗通行证升级为边狱通行证。\n\n※ 仅对当前赛季生效。"
    },
    {
      "id": 124,
      "name": "第4赛季起始狂气组合包",
      "desc": "包含以下物品（每赛季重置）\n\n・狂气 x1300"
    },
    {
      "id": 125,
      "name": "第4赛季限定补给包",
      "desc": "仅在第4赛季期间可以购买。内含以下物品：\n\n・狂气 x5040\n・十连提取券 x3\n・人格等级直升券III x1\n・人格训练券III x30\n・纺锤 x80\n・第4赛季自我碎片自选箱 x40 "
    },
    {
      "id": 150,
      "name": "每周经验组合包",
      "desc": "获得以下物品（每周重置）\n\n・人格训练券IV x25\n・人格训练券III x18"
    },
    {
      "id": 151,
      "name": "每月经验组合包 I",
      "desc": "获得以下物品（每月重置）\n\n・人格训练券IV x72\n・人格训练券III x48"
    },
    {
      "id": 152,
      "name": "每月经验组合包 II",
      "desc": "获得以下物品（每月重置）\n\n・人格训练券IV x125\n・人格训练券III x72"
    },
    {
      "id": 153,
      "name": "每月经验组合包 III",
      "desc": "获得以下物品（每月重置）\n\n・人格训练券IV x250\n・人格训练券III x144"
    }
  ]
}