{
  "dataList": [
    {
      "id": "introduce_word_1",
      "content": "布隆布隆"
    },
    {
      "id": "introduce_word_2",
      "content": "哐哧哐哧"
    },
    {
      "id": "introduce_word_3",
      "content": "钟表头"
    },
    {
      "id": "introduce_word_4",
      "content": "虫男"
    },
    {
      "id": "introduce_word_5",
      "content": "吵・猪・折・脖"
    },
    {
      "id": "introduce_word_6",
      "content": "洗衣"
    },
    {
      "id": "introduce_word_7",
      "content": "巴士扫除"
    },
    {
      "id": "introduce_word_8",
      "content": "正义之化身"
    },
    {
      "id": "introduce_word_9",
      "content": "扑通扑通"
    },
    {
      "id": "introduce_word_10",
      "content": "争吵"
    },
    {
      "id": "introduce_word_11",
      "content": "疑问"
    },
    {
      "id": "introduce_word_12",
      "content": "舞蹈时间"
    },
    {
      "id": "introduce_word_13",
      "content": "祈祷"
    },
    {
      "id": "introduce_word_14",
      "content": "脑啡肽"
    },
    {
      "id": "introduce_word_15",
      "content": "边狱公司"
    },
    {
      "id": "introduce_word_16",
      "content": "金枝"
    },
    {
      "id": "introduce_word_17",
      "content": "砰砰"
    },
    {
      "id": "introduce_word_18",
      "content": "右转"
    },
    {
      "id": "introduce_word_19",
      "content": "滴答滴答"
    },
    {
      "id": "introduce_word_20",
      "content": "流行"
    },
    {
      "id": "introduce_word_21",
      "content": "李箱"
    },
    {
      "id": "introduce_word_22",
      "content": "红色"
    },
    {
      "id": "introduce_word_23",
      "content": "格里高尔"
    },
    {
      "id": "introduce_word_24",
      "content": "罗佳"
    },
    {
      "id": "introduce_word_25",
      "content": "以实玛利"
    },
    {
      "id": "introduce_word_26",
      "content": "浮士德"
    },
    {
      "id": "introduce_word_27",
      "content": "堂吉诃德"
    },
    {
      "id": "introduce_word_28",
      "content": "奥提斯"
    },
    {
      "id": "introduce_word_29",
      "content": "鸿璐"
    },
    {
      "id": "introduce_word_30",
      "content": "默尔索"
    },
    {
      "id": "introduce_word_31",
      "content": "希斯克利夫"
    },
    {
      "id": "introduce_word_32",
      "content": "但丁"
    },
    {
      "id": "introduce_word_33",
      "content": "辛克莱"
    },
    {
      "id": "introduce_word_34",
      "content": "良秀"
    },
    {
      "id": "introduce_word_35",
      "content": "圣诞节"
    },
    {
      "id": "introduce_word_36",
      "content": "鸡肉串"
    },
    {
      "id": "introduce_word_37",
      "content": "小胡子"
    },
    {
      "id": "introduce_word_38",
      "content": "钉与锤"
    },
    {
      "id": "introduce_word_39",
      "content": "垃圾"
    },
    {
      "id": "introduce_word_40",
      "content": "罪人"
    },
    {
      "id": "introduce_sentence_1",
      "content": "{0}，可以吗？"
    },
    {
      "id": "introduce_sentence_2",
      "content": "您好，我是{0}。"
    },
    {
      "id": "introduce_sentence_3",
      "content": "{0}将前往4区。"
    },
    {
      "id": "introduce_sentence_4",
      "content": "我想成为像{0}那样的人。"
    },
    {
      "id": "introduce_sentence_5",
      "content": "{0}，到了之后来个人叫醒我。"
    },
    {
      "id": "introduce_sentence_6",
      "content": "{0}不是就够了吗？"
    },
    {
      "id": "introduce_sentence_7",
      "content": "不过是毫无意义的{0}罢了。"
    },
    {
      "id": "introduce_sentence_8",
      "content": "诸如{0}之类的直接无视就好，执行经理。"
    },
    {
      "id": "introduce_sentence_9",
      "content": "我们不过是{0}而已，不是伸张正义的“英雄”。"
    },
    {
      "id": "introduce_sentence_10",
      "content": "人生总是充满{0}。"
    },
    {
      "id": "introduce_sentence_11",
      "content": "正在照常处理{0}。"
    },
    {
      "id": "introduce_sentence_12",
      "content": "诸位，请看看{0}！"
    },
    {
      "id": "introduce_sentence_13",
      "content": "我只能专注于{0}的生活了！"
    },
    {
      "id": "introduce_sentence_14",
      "content": "如果做好了觉悟，那就试试{0}吧。"
    },
    {
      "id": "introduce_sentence_15",
      "content": "您曾经见过这些{0}吗？"
    },
    {
      "id": "introduce_sentence_16",
      "content": "每当心情郁闷时，我就会借{0}来放纵些许。"
    },
    {
      "id": "introduce_sentence_17",
      "content": "{0}并不总是正确的。"
    },
    {
      "id": "introduce_sentence_18",
      "content": "{0}是我们当下仅存的希望。"
    },
    {
      "id": "introduce_sentence_19",
      "content": "心情好的{0}，心情好的到达。"
    },
    {
      "id": "introduce_sentence_20",
      "content": "吾！为了给予弱者{0}而来！"
    },
    {
      "id": "introduce_sentence_21",
      "content": "只靠{0}还搞不定……"
    },
    {
      "id": "introduce_sentence_22",
      "content": "你那样看着我也没用的，{0}。"
    },
    {
      "id": "introduce_sentence_23",
      "content": "我们正在做这世上最没意义的{0}！"
    },
    {
      "id": "introduce_sentence_24",
      "content": "真是的……这也能称之为{0}吗……"
    },
    {
      "id": "introduce_sentence_25",
      "content": "{0}是从哪个石头缝里蹦出来的？"
    },
    {
      "id": "introduce_sentence_26",
      "content": "啊，该{0}的时间到了。"
    },
    {
      "id": "introduce_sentence_27",
      "content": "吾做梦都想成为像您一样超厉害的{0}！"
    },
    {
      "id": "introduce_sentence_28",
      "content": "太慢了。数到了{0}，你们却没有回来。"
    },
    {
      "id": "introduce_sentence_29",
      "content": "我记下{0}了。"
    },
    {
      "id": "introduce_sentence_30",
      "content": "抱歉，之后给你买{0}。"
    },
    {
      "id": "introduce_sentence_31",
      "content": "吾怎能对{0}视而不见？"
    },
    {
      "id": "introduce_sentence_32",
      "content": "还记得{0}吧。"
    },
    {
      "id": "introduce_sentence_33",
      "content": "瞅我干啥啊？想被{0}吗？"
    },
    {
      "id": "introduce_sentence_34",
      "content": "呃……{0}真是一团糟。"
    },
    {
      "id": "introduce_sentence_35",
      "content": "来见我吧，{0}！"
    },
    {
      "id": "introduce_sentence_36",
      "content": "但你是我的{0}呢。"
    },
    {
      "id": "introduce_sentence_37",
      "content": "梅菲喜欢{0}。"
    },
    {
      "id": "introduce_sentence_38",
      "content": "喂！{0}还有吗？怪好吃的。"
    },
    {
      "id": "introduce_sentence_39",
      "content": "请叫我{0}。"
    },
    {
      "id": "introduce_sentence_40",
      "content": "请尽力而为，{0}。"
    },
    {
      "id": "introduce_word_41",
      "content": "消化"
    },
    {
      "id": "introduce_word_42",
      "content": "救援"
    },
    {
      "id": "introduce_sentence_41",
      "content": "想来点能暖暖{0}的汤吗？"
    },
    {
      "id": "introduce_sentence_42",
      "content": "向您致敬！！！！！吾恳求您在离去之前尝尝{0}！！！！！"
    },
    {
      "id": "introduce_word_43",
      "content": "炸鸡"
    },
    {
      "id": "introduce_word_44",
      "content": "处理食材"
    },
    {
      "id": "introduce_sentence_43",
      "content": "{0}，进炸锅里去吧。"
    },
    {
      "id": "introduce_word_45",
      "content": "审判"
    },
    {
      "id": "introduce_sentence_45",
      "content": "吾绝不轻信{0}的话语！"
    },
    {
      "id": "introduce_word_46",
      "content": "净化"
    },
    {
      "id": "introduce_sentence_46",
      "content": "{0}应该没问题……吧？"
    },
    {
      "id": "introduce_word_47",
      "content": "通路"
    },
    {
      "id": "introduce_sentence_47",
      "content": "至终，此为{0}。"
    },
    {
      "id": "introduce_word_48",
      "content": "世界"
    },
    {
      "id": "introduce_sentence_48",
      "content": "想要跃迁到下一个{0}的话……"
    },
    {
      "id": "introduce_word_49",
      "content": "工坊"
    },
    {
      "id": "introduce_sentence_49",
      "content": "……是，十分感谢您的来电。这里是{0}。请讲。"
    },
    {
      "id": "introduce_word_50",
      "content": "梭哈"
    },
    {
      "id": "introduce_sentence_50",
      "content": "好……我{0}咯~来吧，放马过来！"
    },
    {
      "id": "introduce_word_51",
      "content": "这里"
    },
    {
      "id": "introduce_sentence_51",
      "content": "来吧……{0}！"
    },
    {
      "id": "introduce_word_52",
      "content": "竞技场"
    },
    {
      "id": "introduce_sentence_52",
      "content": "这是能让你为之奔腾的至高的{0}。"
    },
    {
      "id": "introduce_word_53",
      "content": "同伴"
    },
    {
      "id": "introduce_sentence_53",
      "content": "现在，我再也没有{0}了。"
    },
    {
      "id": "introduce_word_54",
      "content": "奶油"
    },
    {
      "id": "introduce_sentence_54",
      "content": "没放{0}吧？谢啦……"
    },
    {
      "id": "introduce_word_55",
      "content": "释放"
    },
    {
      "id": "introduce_sentence_55",
      "content": "是该{0}的时候了。"
    },
    {
      "id": "introduce_word_56",
      "content": "关心"
    },
    {
      "id": "introduce_sentence_56",
      "content": "那些毫无意义的{0}……我不需要！"
    },
    {
      "id": "introduce_word_57",
      "content": "眼睛"
    },
    {
      "id": "introduce_sentence_57",
      "content": "{0}的前方黯淡无光。"
    },
    {
      "id": "introduce_word_58",
      "content": "伞"
    },
    {
      "id": "introduce_sentence_58",
      "content": "不知{0}是否会漏水。"
    },
    {
      "id": "introduce_word_59",
      "content": "香"
    },
    {
      "id": "introduce_sentence_59",
      "content": "我认为那{0}绚丽无比。"
    },
    {
      "id": "introduce_word_60",
      "content": "精灵酒"
    },
    {
      "id": "introduce_sentence_60",
      "content": "唔……再来杯{0}……"
    },
    {
      "id": "introduce_word_61",
      "content": "部署"
    },
    {
      "id": "introduce_sentence_61",
      "content": "啊~终于能{0}啦~"
    },
    {
      "id": "introduce_word_62",
      "content": "符咒"
    },
    {
      "id": "introduce_sentence_62",
      "content": "一定要贴上{0}……"
    },
    {
      "id": "introduce_word_63",
      "content": "蜘蛛"
    },
    {
      "id": "introduce_sentence_63",
      "content": "{0}们会喜欢的……"
    },
    {
      "id": "introduce_word_64",
      "content": "众多眼睛"
    },
    {
      "id": "introduce_sentence_64",
      "content": "睁开了{0}。"
    },
    {
      "id": "introduce_word_65",
      "content": "牛肉面"
    },
    {
      "id": "introduce_sentence_65",
      "content": "回去路上要顺便吃点{0}吗？"
    },
    {
      "id": "introduce_word_66",
      "content": "犀牛队"
    },
    {
      "id": "introduce_sentence_66",
      "content": "{0}，突击。"
    },
    {
      "id": "introduce_word_67",
      "content": "盯梢任务"
    },
    {
      "id": "introduce_sentence_67",
      "content": "嘘，现在正在{0}中呢。"
    },
    {
      "id": "introduce_word_68",
      "content": "幼稚"
    },
    {
      "id": "introduce_sentence_68",
      "content": "如何，汝仍认为吾{0}吗？"
    },
    {
      "id": "introduce_word_69",
      "content": "无谓的抵抗"
    },
    {
      "id": "introduce_sentence_69",
      "content": "老实点别动啊……可别做{0}！"
    },
    {
      "id": "introduce_word_70",
      "content": "焊接"
    },
    {
      "id": "introduce_sentence_70",
      "content": "好的……接下来是{0}……"
    },
    {
      "id": "introduce_word_71",
      "content": "变身"
    },
    {
      "id": "introduce_sentence_71",
      "content": "好~{0}完成！"
    },
    {
      "id": "introduce_word_72",
      "content": "放心"
    },
    {
      "id": "introduce_sentence_72",
      "content": "来，所有人把嘴张开。{0}地喝下去吧，呵呵。"
    },
    {
      "id": "introduce_word_73",
      "content": "大叔"
    },
    {
      "id": "introduce_sentence_73",
      "content": "{0}？是不是有点太过了……"
    },
    {
      "id": "introduce_word_74",
      "content": "观察"
    },
    {
      "id": "introduce_sentence_74",
      "content": "但我并不是{0}目标……"
    },
    {
      "id": "introduce_word_75",
      "content": "培训"
    },
    {
      "id": "introduce_sentence_75",
      "content": "荒谬。竟然让我去{0}。"
    },
    {
      "id": "introduce_word_76",
      "content": "WARP列车"
    },
    {
      "id": "introduce_sentence_76",
      "content": "{0}往往相当拥挤，您不这么觉得吗？"
    },
    {
      "id": "introduce_word_77",
      "content": "红茶"
    },
    {
      "id": "introduce_sentence_77",
      "content": "在{0}受理点单。"
    },
    {
      "id": "introduce_word_78",
      "content": "事件"
    },
    {
      "id": "introduce_sentence_78",
      "content": "去解决{0}吧？"
    },
    {
      "id": "introduce_word_79",
      "content": "我们"
    },
    {
      "id": "introduce_sentence_79",
      "content": "结果，还是由{0}出面处理。"
    },
    {
      "id": "introduce_word_80",
      "content": "水"
    },
    {
      "id": "introduce_sentence_80",
      "content": "{0}……{0}给我喝一口……"
    },
    {
      "id": "introduce_word_81",
      "content": "苦"
    },
    {
      "id": "introduce_sentence_81",
      "content": "学海无涯{0}作舟，什么什么的……"
    },
    {
      "id": "introduce_word_82",
      "content": "森林"
    },
    {
      "id": "introduce_sentence_82",
      "content": "当你们踏入{0}的那一刻起……就该注意到的！"
    },
    {
      "id": "introduce_word_83",
      "content": "循环"
    },
    {
      "id": "introduce_sentence_83",
      "content": "{0}之轮一巡。"
    },
    {
      "id": "introduce_word_84",
      "content": "控制"
    },
    {
      "id": "introduce_sentence_84",
      "content": "现在……正在移动至{0}部。"
    },
    {
      "id": "introduce_word_85",
      "content": "吊钩事务所"
    },
    {
      "id": "introduce_sentence_85",
      "content": "嗯……但我总觉得这{0}办不长久。"
    },
    {
      "id": "introduce_word_86",
      "content": "施暴"
    },
    {
      "id": "introduce_sentence_86",
      "content": "这身约束衣，根本就不足以……阻止我{0}。"
    },
    {
      "id": "introduce_word_87",
      "content": "出勤"
    },
    {
      "id": "introduce_sentence_87",
      "content": "……我的人生与这{0}别无二致。"
    },
    {
      "id": "introduce_word_88",
      "content": "客人"
    },
    {
      "id": "introduce_sentence_88",
      "content": "来，请看这里~未来的{0}~"
    },
    {
      "id": "introduce_word_89",
      "content": "工作"
    },
    {
      "id": "introduce_sentence_89",
      "content": "我是因为好玩才来{0}的。"
    },
    {
      "id": "introduce_word_90",
      "content": "冰——淇——淋——"
    },
    {
      "id": "introduce_sentence_90",
      "content": "吾！想吃！{0}！"
    },
    {
      "id": "introduce_word_91",
      "content": "复仇"
    },
    {
      "id": "introduce_sentence_91",
      "content": "唯有以命相抵才算{0}结束。"
    },
    {
      "id": "introduce_word_92",
      "content": "真理"
    },
    {
      "id": "introduce_sentence_92",
      "content": "{0}近在眼前……"
    },
    {
      "id": "introduce_word_93",
      "content": "污秽"
    },
    {
      "id": "introduce_sentence_93",
      "content": "{0}寄宿进我的身体……从而重生为可用之材。"
    },
    {
      "id": "introduce_word_94",
      "content": "灭亡"
    },
    {
      "id": "introduce_sentence_94",
      "content": "你的{0}……都写在这儿呢！"
    },
    {
      "id": "introduce_word_95",
      "content": "珍珠"
    },
    {
      "id": "introduce_sentence_95",
      "content": "连转化成{0}的价值都没有！"
    },
    {
      "id": "introduce_word_96",
      "content": "灯火"
    },
    {
      "id": "introduce_sentence_96",
      "content": "全员，向着{0}闪烁的方位行进。"
    },
    {
      "id": "introduce_word_97",
      "content": "浪潮"
    },
    {
      "id": "introduce_sentence_97",
      "content": "能在这{0}之中行动的，唯有我一人。"
    },
    {
      "id": "introduce_word_98",
      "content": "绳子"
    },
    {
      "id": "introduce_sentence_98",
      "content": "{0}，牢牢绑紧。"
    },
    {
      "id": "introduce_word_99",
      "content": "航海"
    },
    {
      "id": "introduce_sentence_99",
      "content": "……一旦此次{0}结束。"
    },
    {
      "id": "introduce_word_100",
      "content": "执行"
    },
    {
      "id": "introduce_sentence_100",
      "content": "因我将遵从那位所书写的内容，尽数{0}。"
    },
    {
      "id": "introduce_word_101",
      "content": "剑"
    },
    {
      "id": "introduce_sentence_101",
      "content": "凝视……{0}锋……"
    },
    {
      "id": "introduce_word_102",
      "content": "对手"
    },
    {
      "id": "introduce_sentence_102",
      "content": "我的{0}，在哪里！"
    },
    {
      "id": "introduce_word_103",
      "content": "礼物"
    },
    {
      "id": "introduce_sentence_103",
      "content": "哈，能做个好{0}吧！"
    },
    {
      "id": "introduce_word_104",
      "content": "暴怒"
    },
    {
      "id": "introduce_sentence_104",
      "content": "我会带着你无谓的{0}……将礼物倾倒出去。"
    },
    {
      "id": "introduce_word_105",
      "content": "契约"
    },
    {
      "id": "introduce_sentence_105",
      "content": "好。我接受{0}。"
    },
    {
      "id": "introduce_word_106",
      "content": "日记"
    },
    {
      "id": "introduce_sentence_106",
      "content": "今天的{0}就到此为止！"
    },
    {
      "id": "introduce_word_107",
      "content": "钥匙"
    },
    {
      "id": "introduce_sentence_107",
      "content": "需要{0}吗？"
    },
    {
      "id": "introduce_word_108",
      "content": "书"
    },
    {
      "id": "introduce_sentence_108",
      "content": "诚如{0}中所言。"
    },
    {
      "id": "introduce_word_109",
      "content": "鲸"
    },
    {
      "id": "introduce_sentence_109",
      "content": "全部都是{0}的错！"
    },
    {
      "id": "introduce_word_110",
      "content": "石"
    },
    {
      "id": "introduce_sentence_110",
      "content": "来，祈愿吧！祈愿此{0}自愿向汝飞去！"
    },
    {
      "id": "introduce_word_111",
      "content": "多管闲事"
    },
    {
      "id": "introduce_sentence_111",
      "content": "{0}属于大忌。"
    },
    {
      "id": "introduce_word_112",
      "content": "花"
    },
    {
      "id": "introduce_sentence_112",
      "content": "让{0}绽放吧。"
    },
    {
      "id": "introduce_word_113",
      "content": "漫步"
    },
    {
      "id": "introduce_sentence_113",
      "content": "一边外出巡视，一边{0}如何？"
    },
    {
      "id": "introduce_word_114",
      "content": "酒"
    },
    {
      "id": "introduce_sentence_114",
      "content": "快点给我斟满{0}……"
    },
    {
      "id": "introduce_word_115",
      "content": "抵抗"
    },
    {
      "id": "introduce_sentence_115",
      "content": "别做无用的{0}了，接受吧。"
    },
    {
      "id": "introduce_word_116",
      "content": "火"
    },
    {
      "id": "introduce_sentence_116",
      "content": "哼。怎么，你需要{0}么？"
    },
    {
      "id": "introduce_word_117",
      "content": "荆棘"
    },
    {
      "id": "introduce_sentence_117",
      "content": "别想解开这些{0}。"
    },
    {
      "id": "introduce_word_118",
      "content": "碍事的家伙"
    },
    {
      "id": "introduce_sentence_118",
      "content": "少了一个{0}。"
    },
    {
      "id": "introduce_word_119",
      "content": "午饭"
    },
    {
      "id": "introduce_sentence_119",
      "content": "我会在下次{0}之前回来。"
    },
    {
      "id": "introduce_word_120",
      "content": "时间"
    },
    {
      "id": "introduce_sentence_120",
      "content": "我会带走你不再需要的{0}。"
    },
    {
      "id": "introduce_word_121",
      "content": "噩梦"
    },
    {
      "id": "introduce_sentence_121",
      "content": "又是那该死的{0}……"
    },
    {
      "id": "introduce_word_122",
      "content": "狩猎"
    },
    {
      "id": "introduce_sentence_122",
      "content": "遵照主人的命令，正在准备{0}。"
    },
    {
      "id": "introduce_word_123",
      "content": "不速之客"
    },
    {
      "id": "introduce_sentence_123",
      "content": "{0}请马上离开，{0}……！"
    },
    {
      "id": "introduce_word_124",
      "content": "宅邸"
    },
    {
      "id": "introduce_sentence_124",
      "content": "请让我来……为你介绍{0}吧……"
    },
    {
      "id": "introduce_word_125",
      "content": "火花"
    },
    {
      "id": "introduce_sentence_125",
      "content": "汝所见的{0}……是何种颜色！"
    },
    {
      "id": "introduce_word_126",
      "content": "电力"
    },
    {
      "id": "introduce_sentence_126",
      "content": "我只剩下这些{0}了……咕，连这些也要……！"
    },
    {
      "id": "introduce_word_127",
      "content": "权威"
    },
    {
      "id": "introduce_sentence_127",
      "content": "你竟敢……挑战我的{0}？！"
    },
    {
      "id": "introduce_word_128",
      "content": "王座"
    },
    {
      "id": "introduce_sentence_128",
      "content": "我注定被束缚在这{0}之上，独自统治……"
    },
    {
      "id": "introduce_word_129",
      "content": "混蛋主人"
    },
    {
      "id": "introduce_sentence_129",
      "content": "按照{0}的意思，准备好了。"
    },
    {
      "id": "introduce_word_130",
      "content": "管家"
    },
    {
      "id": "introduce_sentence_130",
      "content": "毕竟我是相当能干的{0}。"
    },
    {
      "id": "introduce_word_131",
      "content": "悲伤"
    },
    {
      "id": "introduce_sentence_131",
      "content": "那么……我会选择与这{0}一同奋起。"
    },
    {
      "id": "introduce_word_132",
      "content": "脚踝"
    },
    {
      "id": "introduce_sentence_132",
      "content": "所以只要我砍断你的{0}……！"
    },
    {
      "id": "introduce_word_133",
      "content": "肉"
    },
    {
      "id": "introduce_sentence_133",
      "content": "受了伤的{0}……并不美味。"
    },
    {
      "id": "introduce_word_134",
      "content": "任务"
    },
    {
      "id": "introduce_sentence_134",
      "content": "在完成手头的{0}之前，谁也不许睡觉。"
    },
    {
      "id": "introduce_word_135",
      "content": "灵感"
    },
    {
      "id": "introduce_sentence_135",
      "content": "您能为我带来全新的{0}吗？"
    },
    {
      "id": "introduce_word_136",
      "content": "眼泪"
    },
    {
      "id": "introduce_sentence_136",
      "content": "若我能聚集起所有的悲伤与{0}，并代替他们去哭泣的话……"
    },
    {
      "id": "introduce_word_137",
      "content": "心"
    },
    {
      "id": "introduce_sentence_137",
      "content": "因悲伤而动摇的{0}会像这样……破裂开来。"
    },
    {
      "id": "introduce_word_138",
      "content": "正确答案"
    },
    {
      "id": "introduce_sentence_138",
      "content": "透过这镜片，总能看到{0}的~"
    },
    {
      "id": "introduce_word_139",
      "content": "螺丝"
    },
    {
      "id": "introduce_sentence_139",
      "content": "我看你是脑子里缺个{0}。"
    },
    {
      "id": "introduce_word_140",
      "content": "停下"
    },
    {
      "id": "introduce_sentence_140",
      "content": "就那样。{0}吧。在静止的时间中。永远地。"
    },
    {
      "id": "introduce_word_141",
      "content": "钟表"
    },
    {
      "id": "introduce_sentence_141",
      "content": "此{0}乃是只要进入T公司就会发放的！"
    },
    {
      "id": "introduce_word_142",
      "content": "颜色"
    },
    {
      "id": "introduce_sentence_142",
      "content": "要是我从小到大都不知道{0}就好了。"
    },
    {
      "id": "introduce_word_143",
      "content": "拳头"
    },
    {
      "id": "introduce_sentence_143",
      "content": "以{0}触碰求知的瞬间。"
    },
    {
      "id": "introduce_word_144",
      "content": "丑恶"
    },
    {
      "id": "introduce_sentence_144",
      "content": "万众将为此等{0}瞩目。"
    },
    {
      "id": "introduce_word_145",
      "content": "清扫"
    },
    {
      "id": "introduce_sentence_145",
      "content": "{0}结束得比预想的还要快。"
    },
    {
      "id": "introduce_word_146",
      "content": "记忆"
    },
    {
      "id": "introduce_sentence_146",
      "content": "直到枪声和烟雾……把一切{0}埋葬为止……！"
    },
    {
      "id": "introduce_word_147",
      "content": "计划"
    },
    {
      "id": "introduce_sentence_147",
      "content": "让这个存在诸多缺陷的{0}变得天衣无缝。"
    },
    {
      "id": "introduce_word_148",
      "content": "义体"
    },
    {
      "id": "introduce_sentence_148",
      "content": "大概是因为有{0}的家伙们不会害怕战斗吧。"
    },
    {
      "id": "introduce_word_149",
      "content": "徘徊"
    },
    {
      "id": "introduce_sentence_149",
      "content": "不要移开目光。哪怕错过一瞬，或许就会陷入永远的{0}之中。"
    }
  ]
}