{
  "dataList": [
    {
      "id": "move_to_inventory",
      "content": "跳转至背包"
    },
    {
      "id": "progress_personality_gacksung",
      "content": "进行同步"
    },
    {
      "id": "mainui_reinforce_support_passive",
      "content": "支援被动 [{0}] 强化"
    },
    {
      "id": "mainui_reinforce_battle_passive",
      "content": "被动技能 [{0}] 强化"
    },
    {
      "id": "mainui_battle_passsive_reinforce",
      "content": "被动技能强化"
    },
    {
      "id": "mainui_support_passsive_reinforce",
      "content": "支援被动技能强化"
    },
    {
      "id": "mainui_target_num_label",
      "content": "攻击容量"
    },
    {
      "id": "mainui_awaken_requirement_label",
      "content": "所需物品"
    }
  ]
}