{
  "dataList": [
    {
      "id": "OnWinDuelAsParryingCountMultiplyAndPlusPercent",
      "add": "拼点胜利后根据拼点次数按比例增加\n<size=95%>（增加量的基础值为{0}，首次拼点之后每次拼点增加{1}%）</size>",
      "min": "拼点胜利后根据拼点次数按比例减少\n<size=95%>（减少量的基础值为{0}，首次拼点之后每次拼点增加{1}%）</size>"
    },
    {
      "id": "OnKillEnemyAsLevelRatioMultiply",
      "add": "击杀敌方单位时，若击杀的敌方单位等级不低于自身，则增加{0}",
      "min": "击杀敌方单位时，若击杀的敌方单位等级不低于自身，则减少{0}"
    },
    {
      "id": "OnKillEnemyByOtherAllyAsLevelRatioMultiply",
      "add": "若友方单位击杀的敌方单位等级不低于自身等级，则增加{0}",
      "min": "若友方单位击杀的敌方单位等级不低于自身等级，则减少{0}"
    },
    {
      "id": "OnLoseDuelAsParryingCountMultiplyAndPlusPercent",
      "add": "拼点失败时，根据拼点次数按比例增加\n<size=95%>（增加量：基础值为{0}，从第二次拼点起，每次拼点增加{1}%）</size>",
      "min": "拼点失败时，根据拼点次数按比例减少\n<size=95%>（减少量：基础值为{0}，从第二次拼点起，每次拼点增加{1}%）</size>"
    },
    {
      "id": "OnDieAllyAsLevelRatio",
      "add": "友方单位阵亡时，若该友方单位等级不低于自身等级，\n根据等级差相应增加\n<size=95%>（增加量：基础值为{0}，根据等级差相应增加{0}）</size>",
      "min": "友方单位阵亡时，若该友方单位等级不低于自身等级，\n根据等级差相应减少\n<size=95%>（减少量：基础值为{0}，根据等级差相应增加{0}）</size>"
    },
    {
      "id": "OnRoundStartAfterEvent",
      "add": "回合开始时，增加{0}",
      "min": "回合开始时，减少{0}"
    },
    {
      "id": "OnKillEnemyMp",
      "add": "击杀敌方单位时，不论该敌方单位等级，增加{0}",
      "min": "击杀敌方单位时，不论该敌方单位等级，减少{0}"
    },
    {
      "id": "OnDieAllyMp",
      "add": "友方单位阵亡时，不论该友方单位等级，增加{0}",
      "min": "友方单位阵亡时，不论该友方单位等级，减少{0}"
    },
    {
      "id": "OnKillEnemyByOtherAllyExceptSupportiveAction",
      "add": "若友方单位击杀的敌方单位等级不低于自身等级，则增加{0}",
      "min": "若友方单位击杀的敌方单位等级不低于自身等级，则减少{0}。获得援护攻击效果的友方单位击杀敌方单位时不会减少。"
    },
    {
      "id": "OnDieBladeLineageAlly",
      "add": "属于剑契组成员的友方单位阵亡时，不论该友方单位等级，增加{0}",
      "min": "属于剑契组成员的友方单位阵亡时，不论该友方单位等级，减少{0}"
    },
    {
      "id": "OnWinDuelLessMpTarget",
      "add": "与理智值不高于自身的目标拼点胜利时，增加{0}",
      "min": "与理智值不高于自身的目标拼点胜利时，减少{0}"
    },
    {
      "id": "OnLoseDuelLessMpTarget",
      "add": "与理智值不高于自身的目标拼点失败时，增加{0}",
      "min": "与理智值不高于自身的目标拼点失败时，减少{0}"
    }
  ]
}