{
  "dataList": [
    {
      "id": 992001,
      "content": "敌方单位的技能使目标增加的烧伤 强度额外+1"
    },
    {
      "id": 992002,
      "content": "敌方单位的技能使目标增加的流血 强度额外+1"
    },
    {
      "id": 992003,
      "content": "敌方单位的技能使目标增加的震颤 强度额外+1"
    },
    {
      "id": 992004,
      "content": "敌方单位的技能使目标增加的破裂 强度额外+1"
    },
    {
      "id": 992005,
      "content": "敌方单位的技能使目标增加的沉沦 强度额外+1"
    },
    {
      "id": 992006,
      "content": "敌方单位的斩击伤害+15%"
    },
    {
      "id": 992007,
      "content": "敌方单位的突刺伤害+15%"
    },
    {
      "id": 992008,
      "content": "敌方单位的打击伤害+15%"
    },
    {
      "id": 992009,
      "content": "敌方单位除暴怒属性外的罪孽抗性-0.1"
    },
    {
      "id": 992010,
      "content": "敌方单位除色欲属性外的罪孽抗性-0.1"
    },
    {
      "id": 992011,
      "content": "敌方单位除怠惰属性外的罪孽抗性-0.1"
    },
    {
      "id": 992012,
      "content": "敌方单位除暴食属性外的罪孽抗性-0.1"
    },
    {
      "id": 992013,
      "content": "敌方单位除忧郁属性外的罪孽抗性-0.1"
    },
    {
      "id": 992014,
      "content": "敌方单位除傲慢属性外的罪孽抗性-0.1"
    },
    {
      "id": 992015,
      "content": "敌方单位除嫉妒属性外的罪孽抗性-0.1"
    },
    {
      "id": 992016,
      "content": "敌方单位的体力上限+15%"
    },
    {
      "id": 992017,
      "content": "敌方单位的行动槽容量+1"
    },
    {
      "id": 992018,
      "content": "敌方单位的技能命中时，恢复自身造成的伤害量5%的体力"
    },
    {
      "id": 992019,
      "content": "敌方单位的最大速度值+1"
    },
    {
      "id": 992020,
      "content": "敌方单位的技能命中时，对目标造成2点理智伤害"
    },
    {
      "id": 992021,
      "content": "敌方单位若在上回合造成过伤害，回合开始时使自身获得1层伤害强化 。"
    },
    {
      "id": 992022,
      "content": "敌方单位若在上回合没有受到过体力伤害，回合开始时使自身获得3层攻击等级提升 。"
    },
    {
      "id": 992023,
      "content": "敌方单位单方面攻击时，技能的最终威力+1"
    },
    {
      "id": 992024,
      "content": "敌方单位进行拼点时，技能的最终威力+1"
    },
    {
      "id": 992031,
      "content": "敌方单位的防御等级+4"
    },
    {
      "id": 992032,
      "content": "敌方单位的守备技能基础威力+2"
    },
    {
      "id": 992033,
      "content": "敌方单位的体力上限+10%"
    },
    {
      "id": 992034,
      "content": "敌方单位受到的伤害-10%"
    },
    {
      "id": 992035,
      "content": "敌方单位的攻击等级+3，体力上限+5%"
    },
    {
      "id": 992036,
      "content": "敌方单位的技能最终威力+1，体力上限+5%"
    },
    {
      "id": 992037,
      "content": "敌方单位的技能基础威力+1，体力上限+5%"
    },
    {
      "id": 992038,
      "content": "敌方单位造成的伤害+15%，体力上限+5%"
    },
    {
      "id": 992039,
      "content": "敌方单位的技能最终威力+1，体力上限+15%"
    },
    {
      "id": 992040,
      "content": "敌方单位的技能最终威力+2，防御等级-4，体力上限+15%"
    },
    {
      "id": 992041,
      "content": "敌方单位的技能基础威力+1，体力上限+10%"
    },
    {
      "id": 992042,
      "content": "敌方单位的技能基础威力+2，防御等级-4，体力上限+10%"
    },
    {
      "id": 992043,
      "content": "敌方单位的加算硬币威力+1，减算硬币威力-1"
    },
    {
      "id": 992044,
      "content": "敌方单位的攻击等级+7，防御等级-7"
    },
    {
      "id": 992045,
      "content": "敌方单位的技能最终威力+2，防御等级+6，体力上限+10%"
    },
    {
      "id": 992046,
      "content": "敌方单位的技能最终威力+3，体力上限+10%"
    },
    {
      "id": 992047,
      "content": "敌方单位的加算硬币威力+1，减算硬币威力-1，体力上限+15%"
    },
    {
      "id": 992048,
      "content": "敌方单位的技能基础威力+2，防御等级+3，体力上限+10%"
    },
    {
      "id": 992049,
      "content": "敌方单位的攻击等级+10，防御等级-7"
    },
    {
      "id": 992050,
      "content": "敌方单位的体力上限+25%，防御等级+5"
    },
    {
      "id": 992051,
      "content": "敌方单位造成的伤害+50%，受到的伤害-50%"
    },
    {
      "id": 992101,
      "content": "防御等级+2"
    },
    {
      "id": 992102,
      "content": "守备技能最终威力 +1"
    },
    {
      "id": 992103,
      "content": "攻击等级+1"
    },
    {
      "id": 992104,
      "content": "体力上限 +5%"
    },
    {
      "id": 992105,
      "content": "受到的伤害 -5%"
    },
    {
      "id": 992111,
      "content": "攻击等级 +2"
    },
    {
      "id": 992112,
      "content": "攻击等级 +1，体力上限 +5%"
    },
    {
      "id": 992113,
      "content": "技能的最终威力+1，防御等级-1"
    },
    {
      "id": 992114,
      "content": "技能的基础威力+1，防御等级 -2"
    },
    {
      "id": 992115,
      "content": "拼点威力+1"
    },
    {
      "id": 992116,
      "content": "受到的伤害 -5%，造成的伤害 +5%"
    },
    {
      "id": 992121,
      "content": "攻击等级 +2，防御等级 +2，体力上限 +5%"
    },
    {
      "id": 992122,
      "content": "攻击等级 +2，防御等级 +4"
    },
    {
      "id": 992123,
      "content": "体力上限+20%"
    },
    {
      "id": 992124,
      "content": "技能最终威力+1，体力上限+5%"
    },
    {
      "id": 992125,
      "content": "技能基础威力+1，体力上限+5%"
    },
    {
      "id": 992126,
      "content": "拼点威力 +2，防御等级 -3"
    },
    {
      "id": 992127,
      "content": "技能最终威力+1，守备技能最终威力+1"
    },
    {
      "id": 992131,
      "content": "攻击等级 +3，防御等级 +2，体力上限+10%"
    },
    {
      "id": 992132,
      "content": "攻击等级 +5，体力上限 +7.5%"
    },
    {
      "id": 992133,
      "content": "技能基础威力 +1，防御等级 +3，体力上限 +5%"
    },
    {
      "id": 992134,
      "content": "技能最终威力 +1，防御等级 -2，体力上限+17.5%"
    },
    {
      "id": 992135,
      "content": "防御等级 +3，体力上限 +22.5%"
    },
    {
      "id": 992136,
      "content": "加算硬币威力 +1，减算硬币威力 -1，防御等级 +2"
    },
    {
      "id": 992137,
      "content": "基础威力 +1，加算硬币威力 +1，减算硬币威力 -1"
    },
    {
      "id": 992138,
      "content": "受到的伤害 -25%，造成的伤害 +25%"
    },
    {
      "id": 992151,
      "content": "攻击等级 +1，防御等级 +1"
    },
    {
      "id": 992152,
      "content": "防御等级 +2，守备技能的最终威力+1"
    },
    {
      "id": 992153,
      "content": "防御等级 +1，体力上限 +5%"
    },
    {
      "id": 992154,
      "content": "体力上限 +7.5%"
    },
    {
      "id": 992155,
      "content": "受到的伤害 -7.5%"
    },
    {
      "id": 992161,
      "content": "攻击等级 +2，防御等级 +2，体力上限 +5%"
    },
    {
      "id": 992162,
      "content": "攻击等级 +2，体力上限 +10%"
    },
    {
      "id": 992163,
      "content": "技能最终威力+1，体力上限+5%"
    },
    {
      "id": 992164,
      "content": "技能基础威力+1，防御等级+1"
    },
    {
      "id": 992165,
      "content": "防御等级 +4，体力上限 +10%"
    },
    {
      "id": 992166,
      "content": "受到的伤害 -10%，造成的伤害 +10%"
    },
    {
      "id": 992171,
      "content": "攻击等级 +4，防御等级 +3，体力上限 +7.5%"
    },
    {
      "id": 992172,
      "content": "攻击等级 +4，体力上限 +15%"
    },
    {
      "id": 992173,
      "content": "技能最终威力+1，防御等级+6"
    },
    {
      "id": 992174,
      "content": "技能基础威力+1，防御等级+5"
    },
    {
      "id": 992175,
      "content": "技能最终威力+2，防御等级-2，体力上限+5%"
    },
    {
      "id": 992176,
      "content": "体力上限 +30%"
    },
    {
      "id": 992177,
      "content": "拼点威力 +2，体力上限+7.5%"
    },
    {
      "id": 992181,
      "content": "攻击等级 +6，防御等级 +6，体力上限+15%"
    },
    {
      "id": 992182,
      "content": "攻击等级+4，防御等级+3，体力上限+30%"
    },
    {
      "id": 992183,
      "content": "技能最终威力+2，体力上限+25%"
    },
    {
      "id": 992184,
      "content": "技能基础威力+1，技能最终威力+1，体力上限+20%"
    },
    {
      "id": 992185,
      "content": "防御等级+9，体力上限+30%"
    },
    {
      "id": 992186,
      "content": "加算硬币威力 +2，减算硬币威力 -2"
    },
    {
      "id": 992187,
      "content": "拼点威力 +2，体力上限 +30%"
    },
    {
      "id": 992188,
      "content": "受到的伤害 -50%，造成的伤害 +50%"
    }
  ]
}