{
  "dataList": [
    {
      "id": 9103,
      "content": "暂无获取记录\n\n\n<解锁条件>\n- 于开局增益中对“雷瀑 - 将16件2级E.G.O饰品加入商店、合成结果、战斗奖励中”进行镌星 "
    },
    {
      "id": 9108,
      "content": "暂无获取记录\n\n\n<解锁条件>\n- 于开局增益中对“雷瀑 - 将16件2级E.G.O饰品加入商店、合成结果、战斗奖励中”进行镌星 "
    },
    {
      "id": 9113,
      "content": "暂无获取记录\n\n\n<解锁条件>\n- 于开局增益中对“雷瀑 - 将16件2级E.G.O饰品加入商店、合成结果、战斗奖励中”进行镌星 "
    },
    {
      "id": 9114,
      "content": "暂无获取记录\n\n\n<解锁条件>\n- 于开局增益中对“雷瀑 - 将16件2级E.G.O饰品加入商店、合成结果、战斗奖励中”进行镌星 "
    },
    {
      "id": 9117,
      "content": "暂无获取记录\n\n\n<解锁条件>\n- 于开局增益中对“雷瀑 - 将16件2级E.G.O饰品加入商店、合成结果、战斗奖励中”进行镌星 "
    },
    {
      "id": 9119,
      "content": "暂无获取记录\n\n\n<解锁条件>\n- 于开局增益中对“雷瀑 - 将16件2级E.G.O饰品加入商店、合成结果、战斗奖励中”进行镌星 "
    },
    {
      "id": 9124,
      "content": "暂无获取记录\n\n\n<解锁条件>\n- 于开局增益中对“雷瀑 - 将16件2级E.G.O饰品加入商店、合成结果、战斗奖励中”进行镌星 "
    },
    {
      "id": 9129,
      "content": "暂无获取记录\n\n\n<解锁条件>\n- 于开局增益中对“雷瀑 - 将16件2级E.G.O饰品加入商店、合成结果、战斗奖励中”进行镌星 "
    },
    {
      "id": 9134,
      "content": "暂无获取记录\n\n\n<解锁条件>\n- 于开局增益中对“雷瀑 - 将16件2级E.G.O饰品加入商店、合成结果、战斗奖励中”进行镌星 "
    },
    {
      "id": 9139,
      "content": "暂无获取记录\n\n\n<解锁条件>\n- 于开局增益中对“雷瀑 - 将16件2级E.G.O饰品加入商店、合成结果、战斗奖励中”进行镌星 "
    },
    {
      "id": 9140,
      "content": "暂无获取记录\n\n\n<解锁条件>\n- 于开局增益中对“雷瀑 - 将16件2级E.G.O饰品加入商店、合成结果、战斗奖励中”进行镌星 "
    },
    {
      "id": 9144,
      "content": "暂无获取记录\n\n\n<解锁条件>\n- 于开局增益中对“雷瀑 - 将16件2级E.G.O饰品加入商店、合成结果、战斗奖励中”进行镌星 "
    },
    {
      "id": 9145,
      "content": "暂无获取记录\n\n\n<解锁条件>\n- 于开局增益中对“雷瀑 - 将16件2级E.G.O饰品加入商店、合成结果、战斗奖励中”进行镌星 "
    },
    {
      "id": 9149,
      "content": "暂无获取记录\n\n\n<解锁条件>\n- 于开局增益中对“雷瀑 - 将16件2级E.G.O饰品加入商店、合成结果、战斗奖励中”进行镌星 "
    },
    {
      "id": 9150,
      "content": "暂无获取记录\n\n\n<解锁条件>\n- 于开局增益中对“雷瀑 - 将16件2级E.G.O饰品加入商店、合成结果、战斗奖励中”进行镌星 "
    },
    {
      "id": 9153,
      "content": "暂无获取记录\n\n\n<解锁条件>\n- 于开局增益中对“雷瀑 - 将16件2级E.G.O饰品加入商店、合成结果、战斗奖励中”进行镌星 "
    },
    {
      "id": 9053,
      "content": "暂无获取记录\n\n\n<解锁条件>\n- 于开局增益中对“聚集的风暴 - 将28件3-4级E.G.O饰品加入商店、合成结果、战斗奖励中”进行镌星 "
    },
    {
      "id": 9042,
      "content": "暂无获取记录\n\n\n<解锁条件>\n- 于开局增益中对“聚集的风暴 - 将28件3-4级E.G.O饰品加入商店、合成结果、战斗奖励中”进行镌星 "
    },
    {
      "id": 9091,
      "content": "暂无获取记录\n\n\n<解锁条件>\n- 于开局增益中对“聚集的风暴 - 将28件3-4级E.G.O饰品加入商店、合成结果、战斗奖励中”进行镌星 "
    },
    {
      "id": 9033,
      "content": "暂无获取记录\n\n\n<解锁条件>\n- 于开局增益中对“聚集的风暴 - 将28件3-4级E.G.O饰品加入商店、合成结果、战斗奖励中”进行镌星 "
    },
    {
      "id": 9059,
      "content": "暂无获取记录\n\n\n<解锁条件>\n- 于开局增益中对“聚集的风暴 - 将28件3-4级E.G.O饰品加入商店、合成结果、战斗奖励中”进行镌星 "
    },
    {
      "id": 9056,
      "content": "暂无获取记录\n\n\n<解锁条件>\n- 于开局增益中对“聚集的风暴 - 将28件3-4级E.G.O饰品加入商店、合成结果、战斗奖励中”进行镌星 "
    },
    {
      "id": 9099,
      "content": "暂无获取记录\n\n\n<解锁条件>\n- 于开局增益中对“聚集的风暴 - 将28件3-4级E.G.O饰品加入商店、合成结果、战斗奖励中”进行镌星 "
    },
    {
      "id": 9104,
      "content": "暂无获取记录\n\n\n<解锁条件>\n- 于开局增益中对“聚集的风暴 - 将28件3-4级E.G.O饰品加入商店、合成结果、战斗奖励中”进行镌星 "
    },
    {
      "id": 9109,
      "content": "暂无获取记录\n\n\n<解锁条件>\n- 于开局增益中对“聚集的风暴 - 将28件3-4级E.G.O饰品加入商店、合成结果、战斗奖励中”进行镌星 "
    },
    {
      "id": 9115,
      "content": "暂无获取记录\n\n\n<解锁条件>\n- 于开局增益中对“聚集的风暴 - 将28件3-4级E.G.O饰品加入商店、合成结果、战斗奖励中”进行镌星 "
    },
    {
      "id": 9120,
      "content": "暂无获取记录\n\n\n<解锁条件>\n- 于开局增益中对“聚集的风暴 - 将28件3-4级E.G.O饰品加入商店、合成结果、战斗奖励中”进行镌星 "
    },
    {
      "id": 9125,
      "content": "暂无获取记录\n\n\n<解锁条件>\n- 于开局增益中对“聚集的风暴 - 将28件3-4级E.G.O饰品加入商店、合成结果、战斗奖励中”进行镌星 "
    },
    {
      "id": 9130,
      "content": "暂无获取记录\n\n\n<解锁条件>\n- 于开局增益中对“聚集的风暴 - 将28件3-4级E.G.O饰品加入商店、合成结果、战斗奖励中”进行镌星 "
    },
    {
      "id": 9135,
      "content": "暂无获取记录\n\n\n<解锁条件>\n- 于开局增益中对“聚集的风暴 - 将28件3-4级E.G.O饰品加入商店、合成结果、战斗奖励中”进行镌星 "
    },
    {
      "id": 9141,
      "content": "暂无获取记录\n\n\n<解锁条件>\n- 于开局增益中对“聚集的风暴 - 将28件3-4级E.G.O饰品加入商店、合成结果、战斗奖励中”进行镌星 "
    },
    {
      "id": 9146,
      "content": "暂无获取记录\n\n\n<解锁条件>\n- 于开局增益中对“聚集的风暴 - 将28件3-4级E.G.O饰品加入商店、合成结果、战斗奖励中”进行镌星 "
    },
    {
      "id": 9151,
      "content": "暂无获取记录\n\n\n<解锁条件>\n- 于开局增益中对“聚集的风暴 - 将28件3-4级E.G.O饰品加入商店、合成结果、战斗奖励中”进行镌星 "
    },
    {
      "id": 9154,
      "content": "暂无获取记录\n\n\n<解锁条件>\n- 于开局增益中对“聚集的风暴 - 将28件3-4级E.G.O饰品加入商店、合成结果、战斗奖励中”进行镌星 "
    },
    {
      "id": 9105,
      "content": "暂无获取记录\n\n\n<解锁条件>\n- 于开局增益中对“聚集的风暴 - 将28件3-4级E.G.O饰品加入商店、合成结果、战斗奖励中”进行镌星 "
    },
    {
      "id": 9110,
      "content": "暂无获取记录\n\n\n<解锁条件>\n- 于开局增益中对“聚集的风暴 - 将28件3-4级E.G.O饰品加入商店、合成结果、战斗奖励中”进行镌星 "
    },
    {
      "id": 9116,
      "content": "暂无获取记录\n\n\n<解锁条件>\n- 于开局增益中对“聚集的风暴 - 将28件3-4级E.G.O饰品加入商店、合成结果、战斗奖励中”进行镌星 "
    },
    {
      "id": 9121,
      "content": "暂无获取记录\n\n\n<解锁条件>\n- 于开局增益中对“聚集的风暴 - 将28件3-4级E.G.O饰品加入商店、合成结果、战斗奖励中”进行镌星 "
    },
    {
      "id": 9126,
      "content": "暂无获取记录\n\n\n<解锁条件>\n- 于开局增益中对“聚集的风暴 - 将28件3-4级E.G.O饰品加入商店、合成结果、战斗奖励中”进行镌星 "
    },
    {
      "id": 9131,
      "content": "暂无获取记录\n\n\n<解锁条件>\n- 于开局增益中对“聚集的风暴 - 将28件3-4级E.G.O饰品加入商店、合成结果、战斗奖励中”进行镌星 "
    },
    {
      "id": 9136,
      "content": "暂无获取记录\n\n\n<解锁条件>\n- 于开局增益中对“聚集的风暴 - 将28件3-4级E.G.O饰品加入商店、合成结果、战斗奖励中”进行镌星 "
    },
    {
      "id": 9142,
      "content": "暂无获取记录\n\n\n<解锁条件>\n- 于开局增益中对“聚集的风暴 - 将28件3-4级E.G.O饰品加入商店、合成结果、战斗奖励中”进行镌星 "
    },
    {
      "id": 9147,
      "content": "暂无获取记录\n\n\n<解锁条件>\n- 于开局增益中对“聚集的风暴 - 将28件3-4级E.G.O饰品加入商店、合成结果、战斗奖励中”进行镌星 "
    },
    {
      "id": 9152,
      "content": "暂无获取记录\n\n\n<解锁条件>\n- 于开局增益中对“聚集的风暴 - 将28件3-4级E.G.O饰品加入商店、合成结果、战斗奖励中”进行镌星 "
    },
    {
      "id": 9088,
      "content": "暂无获取记录\n\n\n<获取条件>\n- 休息点“E.G.O饰品合成”"
    },
    {
      "id": 9090,
      "content": "暂无获取记录\n\n\n<获取条件>\n- 休息点“E.G.O饰品合成”"
    },
    {
      "id": 9092,
      "content": "暂无获取记录\n\n\n<获取条件>\n- 休息点“E.G.O饰品合成”"
    },
    {
      "id": 9094,
      "content": "暂无获取记录\n\n\n<获取条件>\n- 休息点“E.G.O饰品合成”"
    },
    {
      "id": 9096,
      "content": "暂无获取记录\n\n\n<获取条件>\n- 休息点“E.G.O饰品合成”"
    },
    {
      "id": 9098,
      "content": "暂无获取记录\n\n\n<获取条件>\n- 休息点“E.G.O饰品合成”"
    },
    {
      "id": 9100,
      "content": "暂无获取记录\n\n\n<获取条件>\n- 休息点“E.G.O饰品合成”"
    },
    {
      "id": 9410,
      "content": "暂无获取记录\n\n\n<获取条件>\n- 休息点“E.G.O饰品合成”"
    },
    {
      "id": 9416,
      "content": "暂无获取记录\n\n\n<获取条件>\n- 休息点“E.G.O饰品合成”"
    },
    {
      "id": 9424,
      "content": "暂无获取记录\n\n\n<获取条件>\n- 休息点“E.G.O饰品合成”"
    },
    {
      "id": 9430,
      "content": "暂无获取记录\n\n\n<获取条件>\n- 休息点“E.G.O饰品合成”"
    },
    {
      "id": 9434,
      "content": "暂无获取记录\n\n\n<获取条件>\n- 休息点“E.G.O饰品合成”"
    },
    {
      "id": 9717,
      "content": "暂无获取记录\n\n\n<获取条件>\n- 休息点“E.G.O饰品合成”"
    },
    {
      "id": 9718,
      "content": "暂无获取记录\n\n\n<获取条件>\n- 休息点“E.G.O饰品合成”"
    },
    {
      "id": 9728,
      "content": "暂无获取记录\n\n\n<获取条件>\n- 休息点“E.G.O饰品合成”"
    },
    {
      "id": 9729,
      "content": "暂无获取记录\n\n\n<获取条件>\n- 休息点“E.G.O饰品合成”"
    },
    {
      "id": 9730,
      "content": "暂无获取记录\n\n\n<获取条件>\n- 休息点“E.G.O饰品合成”"
    },
    {
      "id": 9731,
      "content": "暂无获取记录\n\n\n<获取条件>\n- 休息点“E.G.O饰品合成”"
    },
    {
      "id": 9740,
      "content": "暂无获取记录\n\n\n<获取条件>\n- 休息点“E.G.O饰品合成”"
    },
    {
      "id": 9741,
      "content": "暂无获取记录\n\n\n<获取条件>\n- 休息点“E.G.O饰品合成”"
    },
    {
      "id": 9742,
      "content": "暂无获取记录\n\n\n<获取条件>\n- 休息点“E.G.O饰品合成”"
    },
    {
      "id": 9743,
      "content": "暂无获取记录\n\n\n<获取条件>\n- 休息点“E.G.O饰品合成”"
    }
  ]
}