{
  "dataList": [
    {
      "id": 2010000,
      "title": "无法确定的空间",
      "desc": "空中有着细微的噪音。你无法想象一旦进入这里，会有怎样的事物在等待着你。\n空间内散发着一种气味。\n在某一刻，这气味闻起来是甜的。\n\n但很快，它变得酸涩、带着麝香气，之后又变得清爽而干净。\n当你走向这扇门时，闻到的气味也在不断改变。"
    },
    {
      "id": 2011000,
      "title": "充满敌意的空间",
      "desc": "这反而让你奇怪地松了口气。\n哪怕你感受到了来自这片领域的明显敌意，但你知道某处还存在着远比这里更恐怖、更令人毛骨悚然的空间。\n\n当然，还没到放松的时候。\n你面对的敌人依然可能轻而易举地碾压你的罪人。"
    },
    {
      "id": 2011001,
      "title": "充满敌意的空间",
      "desc": "到了下一层，你发现这里散发着比之前更强的敌意。\n你的罪人们并未保持在最佳状态。\n他们拖着疲惫的身体，继续向下前进。\n如果你不保持警惕，即便是最常见的遭遇也能够导致毁灭。"
    },
    {
      "id": 2011002,
      "title": "充满敌意的空间",
      "desc": "这些地方的空气要比先前更加沉重。\n对罪人们来说，他们踏出的每一步都变得艰巨。\n\n如果你无法阻止疲劳感占据上风，那么任何程度的危险都必然使这支队伍分崩离析。"
    },
    {
      "id": 2012000,
      "title": "不可思议的空间",
      "desc": "前方的空间给人一种毛骨悚然的感觉。\n尽管你还什么也没有看见，但你却有着一种强烈的感受：某种诡异的事物正在前面等待着。\n\n你知道你即将面对的，是一个无法估量的，似乎不属于这个世界的存在。"
    },
    {
      "id": 2012001,
      "title": "不可思议的空间",
      "desc": "自背脊升起的寒意提醒着你这空间中有着怎样的存在。那绝非这个世界上的东西。无论是砍去头颅还是摘除脊髓，都没能结束它们的生命。你不知道你即将面临些什么。\n\n我们唯一能做的……\n只有尽快研究它们。"
    },
    {
      "id": 2013000,
      "title": "无法辨别的尖啸",
      "desc": "更具威胁性的存在似乎正在前方守候。\n未知生物的血腥气味越发浓厚，灯光也诡异地闪烁着，但这些并非你唯一的线索。\n一种无法描述的感受，超越了你的五感……\n它正舔舐着你的全身，发出了明确的警告。\n\n你必须做好充足的准备以通过这片区域。"
    },
    {
      "id": 2013001,
      "title": "无法辨别的尖啸",
      "desc": "更加真实的危机感宛若呼吸般扫过你的脖颈。诡异的噩梦，抓狂的尖叫，与仿佛水果被挤压、榨干汁液般的噪声，这些无一不撕扯着你的意识。\n在某一刻，你甚至连大腿根也开始打颤。整个身体似乎是在全力阻止你接近这个迫在眉睫的危机。\n\n无论如何，你知道只有前进才是唯一的选择。"
    },
    {
      "id": 2014000,
      "title": "高度畸变的映射",
      "desc": "看起来这里是另一个折射点。\n如果你能通过这里的话……\n但是，比起送入更深的空间，你觉得它或许会把你弹出去。无论它将你引向哪个方向，都绝无回头路可走。\n\n恐惧如同坚固的墙壁般将你压倒。"
    },
    {
      "id": 2014001,
      "title": "高度畸变的映射",
      "desc": "你至少经历过一次类似的情形。\n即便如此，不祥的恐惧感依旧如同城墙般高耸。\n你能向下折射至下一层区域吗？\n还是说，你会在镜面的裂缝间落入虚无？\n\n现在已经不可能回头了。\n你必须接受它给予你的任何结果。"
    },
    {
      "id": 2014002,
      "title": "高度畸变的映射",
      "desc": "再一次，你的面前又耸立起了高墙。\n它随时可能翻倒，将你的罪人们压垮。\n你尝试过向两边绕开这堵墙，可最终却发现它是无穷无尽的。现在，你只有两个选择：转身离开……\n或者将其击碎。\n\n直面恐惧。这是你自保的方式。"
    }
  ]
}