{
  "dataList": [
    {
      "id": "dungeon_battle_reward_case_format_cost_acquisition",
      "content": "获得{0} 经费"
    },
    {
      "id": "dungeon_battle_reward_case_format_cost_and_gift_acquisition",
      "content": "获得{0} 经费\n{1}%概率获得一件(入场时所选关键词的)不低于{2}级的随机E.G.O饰品"
    },
    {
      "id": "dungeon_battle_reward_case_format_cost_and_all_tier_gift_acquisition",
      "content": "获得{0} 经费\n{1}%概率获得一件随机E.G.O饰品"
    },
    {
      "id": "dungeon_battle_reward_case_format_random_gift_acquisition",
      "content": "获得一件随机的{0}级E.G.O饰品"
    },
    {
      "id": "dungeon_battle_reward_case_format_chip_acquisition",
      "content": "通过镜像迷宫时，获得额外{0}星芒"
    },
    {
      "id": "dungeon_battle_reward_case_format_random_ego_resource_acquisition",
      "content": "随机{0}种罪孽碎片各+{1}"
    },
    {
      "id": "dungeon_battle_reward_case_format_least_ego_resource_acquisition",
      "content": "最少的{0}种罪孽碎片各+{1}"
    },
    {
      "id": "dungeon_battle_reward_case_format_cost_and_gift_acquisition_from_start_keyword",
      "content": "获得{0} 经费\n{1}%概率获得一件{2}级的{3}E.G.O饰品"
    },
    {
      "id": "dungeon_battle_reward_case_format_cost_and_gift_acquisition_from_start_keyword_none_or_random",
      "content": "获得{0} 经费\n{1}%概率获得一件{2}级的随机E.G.O饰品"
    }
  ]
}