{
  "dataList": [
    {
      "id": 1001,
      "name": "被遗忘者们"
    },
    {
      "id": 1002,
      "name": "无归属者"
    },
    {
      "id": 1003,
      "name": "身无分文的赌徒"
    },
    {
      "id": 1004,
      "name": "自动工厂"
    },
    {
      "id": 1005,
      "name": "无慈悲者"
    },
    {
      "id": 1006,
      "name": "钉与锤"
    },
    {
      "id": 1007,
      "name": "信仰与侵蚀"
    },
    {
      "id": 1008,
      "name": "无作为者"
    },
    {
      "id": 1009,
      "name": "巢，工坊，技术"
    },
    {
      "id": 1010,
      "name": "落花"
    },
    {
      "id": 1011,
      "name": "落泪者们"
    },
    {
      "id": 1012,
      "name": "无改变者"
    },
    {
      "id": 1013,
      "name": "湖的世界"
    },
    {
      "id": 1014,
      "name": "伏行深渊"
    },
    {
      "id": 1015,
      "name": "定义为恶"
    },
    {
      "id": 1016,
      "name": "宅邸的副产物"
    },
    {
      "id": 1017,
      "name": "某个世界"
    },
    {
      "id": 1101,
      "name": "地狱鸡"
    },
    {
      "id": 1102,
      "name": "去・海・边"
    },
    {
      "id": 1103,
      "name": "20区的奇迹"
    },
    {
      "id": 1104,
      "name": "肉斩骨断"
    },
    {
      "id": 1201,
      "name": "斩切者们"
    },
    {
      "id": 1202,
      "name": "当斩之物"
    },
    {
      "id": 1203,
      "name": "穿刺者们"
    },
    {
      "id": 1204,
      "name": "当贯之物"
    },
    {
      "id": 1205,
      "name": "破坏者们"
    },
    {
      "id": 1206,
      "name": "当碎之物"
    },
    {
      "id": 1301,
      "name": "压抑的暴怒"
    },
    {
      "id": 1302,
      "name": "解放的暴怒"
    },
    {
      "id": 1303,
      "name": "受情感压抑者"
    },
    {
      "id": 1304,
      "name": "沉迷的色欲"
    },
    {
      "id": 1305,
      "name": "捆缚的色欲"
    },
    {
      "id": 1306,
      "name": "因情感困惑者"
    },
    {
      "id": 1307,
      "name": "徒劳的怠惰"
    },
    {
      "id": 1308,
      "name": "停滞的怠惰"
    },
    {
      "id": 1309,
      "name": "待情感懒惰者"
    },
    {
      "id": 1310,
      "name": "吞噬的暴食"
    },
    {
      "id": 1311,
      "name": "漫溢的暴食"
    },
    {
      "id": 1312,
      "name": "对情感饥渴者"
    },
    {
      "id": 1313,
      "name": "堕落的忧郁"
    },
    {
      "id": 1314,
      "name": "沉溺的忧郁"
    },
    {
      "id": 1315,
      "name": "于情感沉溺者"
    },
    {
      "id": 1316,
      "name": "虚张声势的傲慢"
    },
    {
      "id": 1317,
      "name": "自以为是的傲慢"
    },
    {
      "id": 1318,
      "name": "向情感屈从者"
    },
    {
      "id": 1319,
      "name": "寒微的嫉妒"
    },
    {
      "id": 1320,
      "name": "可悲的嫉妒"
    },
    {
      "id": 1321,
      "name": "被情感评判者"
    },
    {
      "id": 1401,
      "name": "燃烧的摇曳"
    },
    {
      "id": 1402,
      "name": "盛火时节"
    },
    {
      "id": 1403,
      "name": "渗出的赤血"
    },
    {
      "id": 1404,
      "name": "尸山血海"
    },
    {
      "id": 1405,
      "name": "缭乱的波动"
    },
    {
      "id": 1406,
      "name": "异常地震带"
    },
    {
      "id": 1407,
      "name": "破坏性外力"
    },
    {
      "id": 1408,
      "name": "破竹之势"
    },
    {
      "id": 1409,
      "name": "沉于苦痛"
    },
    {
      "id": 1410,
      "name": "沉沦泛滥"
    },
    {
      "id": 1411,
      "name": "一声叹息"
    },
    {
      "id": 1412,
      "name": "循环呼吸"
    },
    {
      "id": 1413,
      "name": "动力渐盈"
    },
    {
      "id": 1414,
      "name": "电闪雷鸣"
    },
    {
      "id": 1105,
      "name": "时间杀人时间"
    },
    {
      "id": 1106,
      "name": "WARP快车谋杀案"
    }
  ]
}