{
  "dataList": [
    {
      "id": 1001,
      "panicName": "自残",
      "lowMoraleDescription": "回合开始时，使自身获得2层<sprite name=\"Agility\"><color=#f8c200><u><link=\"Agility\">迅捷</color></link></u>并对自身施加2层<sprite name=\"Vulnerable\"><color=#e30000><u><link=\"Vulnerable\">易损</color></link></u>。",
      "panicDescription": "回合开始时，使自身失去10点体力。"
    },
    {
      "id": 1002,
      "panicName": "迁怒",
      "lowMoraleDescription": "回合开始时，使自身获得2层<sprite name=\"Enhancement\"><color=#f8c200><u><link=\"Enhancement\">强壮</color></link></u>并对自身施加2层<sprite name=\"Vulnerable\"><color=#e30000><u><link=\"Vulnerable\">易损</color></link></u>。",
      "panicDescription": "回合开始时，随机友方单位失去20点理智值。"
    },
    {
      "id": 1003,
      "panicName": "无措",
      "lowMoraleDescription": "回合开始时，对自身施加2层<sprite name=\"Reduction\"><color=#e30000><u><link=\"Reduction\">虚弱</color></link></u>。",
      "panicDescription": "一回合内无法行动。"
    },
    {
      "id": 1004,
      "panicName": "畏缩",
      "lowMoraleDescription": "回合开始时，对自身施加2层<sprite name=\"Reduction\"><color=#e30000><u><link=\"Reduction\">虚弱</color></link></u>。",
      "panicDescription": "回合开始时，对自身施加4层<sprite name=\"Reduction\"><color=#e30000><u><link=\"Reduction\">虚弱</color></link></u>。"
    },
    {
      "id": 1005,
      "panicName": "愤怒",
      "lowMoraleDescription": "回合开始时，使自身获得1层<sprite name=\"AttackDmgUp\"><color=#f8c200><u><link=\"AttackDmgUp\">伤害强化</color></link></u>并对自身施加2层<sprite name=\"Vulnerable\"><color=#e30000><u><link=\"Vulnerable\">易损</color></link></u>。",
      "panicDescription": "回合开始时，使自身获得2层<sprite name=\"AttackDmgUp\"><color=#f8c200><u><link=\"AttackDmgUp\">伤害强化</color></link></u>并对自身施加5层<sprite name=\"Vulnerable\"><color=#e30000><u><link=\"Vulnerable\">易损</color></link></u>。"
    },
    {
      "id": 1006,
      "panicName": "溃退",
      "lowMoraleDescription": "无法行动。受到攻击时，在攻击结束后阵亡。",
      "panicDescription": ""
    },
    {
      "id": 1007,
      "panicName": "抑郁",
      "lowMoraleDescription": "每回合开始时，对自身施加2层<sprite name=\"AttackDmgDown\"><color=#e30000><u><link=\"AttackDmgDown\">伤害弱化</color></link></u>。",
      "panicDescription": "每回合开始时，对自身施加5层<sprite name=\"AttackDmgDown\"><color=#e30000><u><link=\"AttackDmgDown\">伤害弱化</color></link></u>与2层<sprite name=\"Vulnerable\"><color=#e30000><u><link=\"Vulnerable\">易损</color></link></u>。"
    },
    {
      "id": 1008,
      "panicName": "疯狂",
      "lowMoraleDescription": "初次进入士气低落状态时，进入无差别攻击状态。",
      "panicDescription": "进入无差别攻击状态，拼点威力+1，获得2层<sprite name=\"AttackDmgUp\"><color=#f8c200><u><link=\"AttackDmgUp\">伤害强化</color></link></u>。"
    },
    {
      "id": 1009,
      "panicName": "自尽",
      "lowMoraleDescription": "初次处于士气低落状态时，无法行动。",
      "panicDescription": "3回合内无法行动，3回合结束后回合开始时阵亡，全体友方单位失去10点理智值。"
    },
    {
      "id": 1010,
      "panicName": "徘徊",
      "lowMoraleDescription": "回合结束时，友方单位失去2点理智值。",
      "panicDescription": "3回合内，每回合结束时友方单位失去5点理智值。\n3回合结束后逃离战斗。"
    },
    {
      "id": 1011,
      "panicName": "失控",
      "lowMoraleDescription": "回合开始时，获得2层<sprite name=\"Enhancement\"><color=#f8c200><u><link=\"Enhancement\">强壮</color></link></u>并施加3层<sprite name=\"Binding\"><color=#e30000><u><link=\"Binding\">束缚</color></link></u>。",
      "panicDescription": "回合开始时，陷入混乱。"
    },
    {
      "id": 1012,
      "panicName": "抑郁",
      "lowMoraleDescription": "对自身施加1层<sprite name=\"Vulnerable\"><color=#e30000><u><link=\"Vulnerable\">易损</color></link></u>；若拼点时硬币掷出过反面，则在本次拼点中拼点威力-1。",
      "panicDescription": "对自身施加3层<sprite name=\"Vulnerable\"><color=#e30000><u><link=\"Vulnerable\">易损</color></link></u>。若拼点时硬币掷出过反面，则在本次拼点中拼点威力-3。"
    },
    {
      "id": 9999,
      "panicName": "恐慌",
      "lowMoraleDescription": "",
      "panicDescription": "一回合内无法行动。"
    },
    {
      "id": 1013,
      "panicName": "不洁",
      "lowMoraleDescription": "对自身施加1层<sprite name=\"Vulnerable\"><color=#e30000><u><link=\"Vulnerable\">易损</color></link></u>。 该单位拼点失败时，使目标失去2点理智值。",
      "panicDescription": "对自身施加2层<sprite name=\"Vulnerable\"><color=#e30000><u><link=\"Vulnerable\">易损</color></link></u>。 该单位拼点失败时，使目标失去5点理智值。"
    },
    {
      "id": 1014,
      "panicName": "报复",
      "lowMoraleDescription": "回合开始时，使自身获得1层<sprite name=\"Enhancement\"><color=#f8c200><u><link=\"Enhancement\">强壮</color></link></u>并对自身施加3层<sprite name=\"DefenseDown\"><color=#e30000><u><link=\"DefenseDown\">防御等级降低</color></link></u>，基于上回合受到的伤害使自身获得<sprite name=\"AttackDmgUp\"><color=#f8c200><u><link=\"AttackDmgUp\">伤害强化</color></link></u>\n（每失去体力上限3%的体力，使自身获得1层<sprite name=\"AttackDmgUp\"><color=#f8c200><u><link=\"AttackDmgUp\">伤害强化</color></link></u>）",
      "panicDescription": "回合开始时，使自身获得2层<sprite name=\"Enhancement\"><color=#f8c200><u><link=\"Enhancement\">强壮</color></link></u>并对自身施加6层<sprite name=\"DefenseDown\"><color=#e30000><u><link=\"DefenseDown\">防御等级降低</color></link></u>，基于上回合受到的伤害使自身获得<sprite name=\"AttackDmgUp\"><color=#f8c200><u><link=\"AttackDmgUp\">伤害强化</color></link></u>\n（每失去体力上限3%的体力，使自身获得1层<sprite name=\"AttackDmgUp\"><color=#f8c200><u><link=\"AttackDmgUp\">伤害强化</color></link></u>）"
    },
    {
      "id": 1015,
      "panicName": "苍白恐慌",
      "lowMoraleDescription": "[MentalSystemResultDecrease_Typo] +2",
      "panicDescription": "回合结束时，下回合对自身施加2层<sprite name=\"Binding\"><color=#f8c200><u><link=\"Binding\">束缚</color></link></u>。\n自身所有硬币的朝向都必定是反面。"
    },
    {
      "id": 1016,
      "panicName": "怨恨",
      "lowMoraleDescription": "回合开始时使自身获得2层[AttackDmgUp]，并对自身施加3层[DefenseDown]",
      "panicDescription": "回合开始时使自身获得1层[Enhancement]，并对自身施加5层[DefenseDown]"
    }
  ]
}