{
  "dataList": [
    {
      "id": 1017,
      "panicName": "整理强迫",
      "lowMoraleDescription": "拼点失败时使自身失去5点理智值。受到攻击时，下回合使自身获得1层[Agility]（最多2层）",
      "panicDescription": "对自身施加2层[Vulnerable]。受到攻击时，下回合使自身获得1层[Agility]（最多3层）"
    },
    {
      "id": 1018,
      "panicName": "山庄的回响",
      "lowMoraleDescription": "使自身的拼点威力-1，正面命中时造成的伤害+10%",
      "panicDescription": "使自身的拼点威力-2，使自身获得1层[AttackDmgUp]"
    },
    {
      "id": 1020,
      "panicName": "分裂",
      "lowMoraleDescription": "每次拼点使自身失去2点体力。回合开始时使自身获得1层[AttackUp]",
      "panicDescription": "每次拼点使自身失去3点体力。回合开始时使自身获得2层[AttackUp]"
    }
  ]
}