{
  "dataList": [
    {
      "id": 1010311,
      "name": "冷静",
      "desc": "拼点胜利时，使自身获得1层呼吸法 。\n每带有5层呼吸法 ，使自身硬币威力+1(最多+3)"
    },
    {
      "id": 1020211,
      "name": "自行充能",
      "desc": "攻击结束后，使自身获得1层充能 。\n攻击结束后，随机使1名友方单位获得1层充能 。"
    },
    {
      "id": 1050311,
      "name": "坚韧不拔",
      "desc": "受到攻击时，使自身获得1层充能 。(最多生效6次)\n拼点失败时，使自身获得1层充能 。(最多生效6次，与受到攻击的情况分开计数)"
    },
    {
      "id": 1070411,
      "name": "妈的…",
      "desc": "若友方单位阵亡，则下回合开始时使自身失去10点理智值并获得1层打击强壮 。\n若包含自身在内队伍中属于N公司狂信徒的友方单位不低于4名，则使自身硬币威力+1"
    },
    {
      "id": 1100211,
      "name": "杀手",
      "desc": "使位于连锁末尾的技能中的最后一枚硬币对目标造成的伤害+20%\n每当除自身以外的友方单位获得呼吸法 层数时，有50%的概率使自身获得1层呼吸法 ",
      "summary": "使位于连锁末尾的技能中的最后一枚硬币对目标造成的伤害+20%。并使自身获得额外呼吸法 层数"
    },
    {
      "id": 1020411,
      "name": "哨声",
      "desc": "战斗开始时，使理智值最低的2名友方单位恢复15点理智值。\n若该友方单位属于N公司狂信徒，则使其获得2层狂信 。"
    },
    {
      "id": 1020431,
      "name": "低语",
      "desc": "战斗开始时，使理智值最低的1名友方单位恢复15点理智值。\n若该友方单位属于N公司狂信徒，则使其获得2层狂信 。"
    },
    {
      "id": 1100511,
      "name": "狂炎",
      "desc": "拼点胜利或击杀敌方单位时，自身所恢复的理智值减少50%。\n若包含自身在内队伍中属于N公司狂信徒的友方单位不低于5名，则使属于N公司狂信徒的友方单位造成的伤害+10%"
    },
    {
      "id": 1070311,
      "name": "准备吃草",
      "desc": "下回合开始时，使自身获得(暴怒共鸣数)层充能 。\n若自身的充能 层数不低于5层，则使自身获得1层迅捷 和1层强壮 。\n常驻效果：关卡开始时，弹药 +3"
    },
    {
      "id": 1050611,
      "name": "rrR-#4装甲增压运作",
      "desc": "回合结束时，每带有5层充能 ，下回合使自身的最大速度值+2(最多+6)\n回合开始时，若带有不低于5层充能 ，则自身最右侧的行动槽的挑衅值 +3。"
    },
    {
      "id": 1080511,
      "name": "充盈的液体",
      "desc": "攻击技能未能对目标体力造成伤害时，下回合获得数值为自身体力上限10%的护盾(最多获得30点)"
    },
    {
      "id": 1080211,
      "name": "脑波集束",
      "desc": "战斗开始时，使自身获得(忧郁共鸣数/3)层强壮 。\n回合结束时，若本回合自身未造成伤害则失去15点理智值。"
    },
    {
      "id": 1040511,
      "name": "次元魔刃",
      "desc": "击杀敌方单位时，使自身获得3层充能 (每回合最多3次)"
    },
    {
      "id": 1040531,
      "name": "次元折射刃 - Type: Blade Mk7",
      "desc": "体力上限最低的友方单位击杀敌方单位时，使其获得3层充能 (每回合最多1次)"
    },
    {
      "id": 1060611,
      "name": "清扫业务娴熟",
      "desc": "战斗开始时，若自身的充能 层数不低于5层，则下回合使自身获得2层迅捷 。若自身的充能 层数不低于10层，则使自身额外获得1层迅捷 。"
    }
  ]
}