{
  "dataList": [
    {
      "id": 2010111,
      "name": "沉默",
      "desc": "受到攻击时，下回合对自身施加3层束缚 \n使用目标抗性为“脆弱”或“致命”的技能攻击目标时造成的伤害+20%\n(每回合最多1次)"
    },
    {
      "id": 2010211,
      "name": "火星",
      "desc": "拼点胜利时，使目标增加(暴怒完全共鸣数/2)级烧伤 强度 。(每个技能1次)"
    },
    {
      "id": 2010311,
      "name": "石头爷爷",
      "desc": "回合开始时，使自身获得3层打击守护 与怠惰守护 。"
    },
    {
      "id": 2020111,
      "name": "倦怠",
      "desc": "若自身攻击过程中有敌方单位陷入混乱，则使理智值最低的1名友方单位在下回合理智值恢复效率 +2。(每回合最多3次)"
    },
    {
      "id": 2020211,
      "name": "液膜",
      "desc": "回合开始时，使现存体力最低的1名友方单位(包括自身)获得2层守护 。"
    },
    {
      "id": 2020311,
      "name": "好痛！",
      "desc": "自身每带有1种负面状态，使自身造成的伤害+10%。(最多+50%)"
    },
    {
      "id": 2030111,
      "name": "热情过盛",
      "desc": "攻击命中时，若目标带有流血 ，则使自身恢复3点体力。"
    },
    {
      "id": 2030211,
      "name": "忧郁浪潮",
      "desc": "仪表盘最右侧的技能攻击后，使目标失去(2x忧郁完全共鸣数)点理智值。\n(若目标没有理智值，则使其受到忧郁伤害)"
    },
    {
      "id": 2040111,
      "name": "艺术",
      "desc": "自身上一回合每击杀1名敌方单位，使自身造成与受到的伤害+5%。"
    },
    {
      "id": 2040211,
      "name": "终末火柴之光",
      "desc": "自身每使用4个技能，使第4个技能的最终威力+4，且每次命中时使目标增加4级烧伤 强度。"
    },
    {
      "id": 2050111,
      "name": "拒绝判断",
      "desc": "战斗开始时，若自身被3个及以上技能指定为目标，则使自身获得3层守护 。"
    },
    {
      "id": 2050211,
      "name": "最终改造",
      "desc": "若自身在体力不高于25%时使用了E.G.O技能“脱线一击”，则使自身每回合获得3层强壮 ，忍耐 和迅捷 ，但自身会在3回合后阵亡。"
    },
    {
      "id": 2050311,
      "name": "天启",
      "desc": "仪表盘最左侧的技能拼点胜利后，下回合随机使1名友方单位获得1层强壮 或1层忍耐 。"
    },
    {
      "id": 2060111,
      "name": "涟漪",
      "desc": "战斗开始时，使理智值最低的友方单位恢复(最大完全共鸣数)点理智值，\n陷入恐慌的友方单位除外。"
    },
    {
      "id": 2060211,
      "name": "缚身丝带",
      "desc": "下回合对仪表盘最左侧技能的目标施加(色欲完全共鸣数/4)层色欲易损 。"
    },
    {
      "id": 2070111,
      "name": "傲气",
      "desc": "除自身以外的友方单位击杀敌方单位时，在下回合使自身获得1层强壮 ，1层迅捷  。(最多3次)"
    },
    {
      "id": 2070211,
      "name": "咆哮",
      "desc": "击杀敌方单位后，使自身获得(嫉妒完全共鸣数/2)层充能 。"
    },
    {
      "id": 2080111,
      "name": "强迫症",
      "desc": "进行自身有利的拼点时，拼点威力+2。\n进行自身不利的拼点时，拼点威力-2。"
    },
    {
      "id": 2080211,
      "name": "粉色丝带",
      "desc": "拼点胜利时，对目标施加1层粉色丝带 。"
    },
    {
      "id": 2080311,
      "name": "火星飞散",
      "desc": "自身的攻击命中时，若目标带有烧伤 ，则随机使3名敌方单位增加1级烧伤 强度。"
    },
    {
      "id": 2090111,
      "name": "断绝",
      "desc": "理智值恢复效率 +1，理智值减少效率 -1。"
    },
    {
      "id": 2090211,
      "name": "火种",
      "desc": "击杀带有烧伤 的敌方单位后，使自身恢复体力上限(暴怒完全共鸣数)%的体力。"
    },
    {
      "id": 2090311,
      "name": "寒气",
      "desc": "自身的攻击命中时，若目标的沉沦 强度不低于5级，则对其施加1层束缚 和1层虚弱 。\n(每个目标最多3次)"
    },
    {
      "id": 2100111,
      "name": "动摇",
      "desc": "攻击命中时，若当前硬币的朝向与前一个硬币不同，则失去5点理智值，并在下回合获得1层伤害强化 。(每回合最多3次)"
    },
    {
      "id": 2100211,
      "name": "活祭仪式",
      "desc": "用攻击或反击技能击杀敌方单位后，获得5个该技能对应属性的罪孽碎片。"
    },
    {
      "id": 2110111,
      "name": "完美战术",
      "desc": "若自身在整个回合内没有受到任何攻击，则在下回合使自身获得1层伤害强化 。(最多累计3层)"
    },
    {
      "id": 2110211,
      "name": "猜疑之枝",
      "desc": "回合开始时，使自身获得1层突刺伤害强化 。\n自身的攻击正面命中时，下回合对目标施加1层束缚 和1层破裂 。"
    },
    {
      "id": 2110311,
      "name": "入定",
      "desc": "回合开始时，使自身获得1层色欲伤害强化 。\n若自身的理智值不高于0点则额外获得1层。"
    },
    {
      "id": 2120111,
      "name": "异形发作",
      "desc": "回合开始时，若现存体力不高于25%，则使自身恢复15点体力并获得2层守护 。\n该效果触发时，随机使除自身以外的1名友方单位与1名敌方单位理智值减少效率 +2"
    },
    {
      "id": 2120211,
      "name": "蛆虫",
      "desc": "自身的攻击命中时，有(暴食完全共鸣数x8)%的概率对目标施加5层蛆虫 。"
    },
    {
      "id": 2120311,
      "name": "吸收养分",
      "desc": "击杀带有破裂 的敌方单位后，使自身恢复体力上限(暴食完全共鸣数)%的体力。"
    },
    {
      "id": 2030311,
      "name": "无序放电",
      "desc": "战斗开始时，随机使1名带有充能 的友方单位获得(嫉妒完全共鸣数/2)层充能 。"
    },
    {
      "id": 2020411,
      "name": "适应型放电",
      "desc": "自身带有充能 时，每层充能 使自身造成的伤害+2%。\n技能的充能 层数消耗量降低2层。"
    },
    {
      "id": 2030411,
      "name": "暴食巨釜",
      "desc": "回合开始时，将2个非色欲属性的罪孽碎片转化为1个色欲罪孽碎片。"
    },
    {
      "id": 2100311,
      "name": "炖菜喷涌",
      "desc": "自身的攻击反面命中时，若目标为敌方单位则使目标增加1级烧伤 强度。"
    },
    {
      "id": 2010411,
      "name": "彷徨之人",
      "desc": "回合开始时，若自身在上回合未受到伤害，则获得4层充能 。\n命中速度值低于自身的目标时，对目标施加1层破裂 。(每回合最多3次)"
    },
    {
      "id": 2060311,
      "name": "纠缠态现状复原",
      "desc": "命中带有负面状态的目标时，使自身获得1层充能 。(每回合最多4次)\n战斗中自身体力首次降至0时，消耗所有充能 层数，并根据所消耗的层数来按比例恢复体力。(每场战斗最多1次，最多恢复体力上限25%的体力)"
    },
    {
      "id": 2050411,
      "name": "无法抑制的兴奋",
      "desc": "战斗开始时，若自身被2个及以上技能指定为目标，则使技能基础威力+1，受到攻击时，使对方增加1级烧伤 强度。(每回合最多生效5次)"
    },
    {
      "id": 2080411,
      "name": "斗杀于喝彩之中",
      "desc": "若目标的体力不高于30%，则使暴怒属性技能的伤害+20%"
    },
    {
      "id": 2110411,
      "name": "狩猎气息",
      "desc": "拼点结束后，使自身增加2级呼吸法 强度\n陷入混乱时获得2层守护 ，解除混乱状态时，使自身增加5级呼吸法 强度"
    },
    {
      "id": 2070311,
      "name": "神经质的放电",
      "desc": "受到攻击时，消耗1层充能 ，使自身恢复体力上限2.5%的体力\n若受到攻击时体力不高于40%，则在发动体力恢复效果前，获得1层充能 (该被动每回合最多可获得10层充能 )"
    },
    {
      "id": 2120411,
      "name": "交流放电",
      "desc": "正面命中时，自身消耗2层充能 并使带有充能 的友方单位中充能 层数最低的单位获得1层充能 "
    },
    {
      "id": 2010511,
      "name": "雨过天晴",
      "desc": "回合开始时，全体友方单位恢复3点理智值"
    },
    {
      "id": 2040311,
      "name": "蛛网",
      "desc": "拼点胜利时，下回合对目标施加1层束缚 (每回合最多3次)"
    },
    {
      "id": 2040411,
      "name": "捕食",
      "desc": "如果该单位在本回合内恢复超过体力上限的10%的体力，则在下回合获得1层强壮 "
    },
    {
      "id": 2040511,
      "name": "开罐的饮料",
      "desc": "攻击命中时，若目标的沉沦 强度不低于5级，则对其施加1层破绽 。(每回合最多5次)"
    },
    {
      "id": 2060411,
      "name": "远海的鸥鸣",
      "desc": "敌方单位阵亡时，使理智值最低的1名友方单位恢复1点理智值。\n每当敌方单位阵亡时，使理智值恢复量增加2点。(最多增加9点)\n波次开始时，使增加的恢复量清零。"
    },
    {
      "id": 2100411,
      "name": "精灵诱饵",
      "desc": "在击杀战斗开始时以自身为主要目标的敌方单位后，使自身恢复体力上限(3+暴食完全共鸣数)%的体力"
    },
    {
      "id": 2070411,
      "name": "禅定",
      "desc": "解除混乱状态时，使自身体力上限提升该人格基础体力上限的15%。\n随后使自身恢复当前体力上限15%的体力。若现存体力不高于当前体力上限的30%，则改为恢复当前体力上限25%的体力。\n(每场战斗最多3次。关卡结束时解除体力上限提升的效果，并按现存体力比例调整自身体力。)"
    },
    {
      "id": 2050511,
      "name": "受缚的愤怒",
      "desc": "自身位于仪表盘最左侧的技能基础威力-1，硬币威力+2\n回合开始时，若自身速度值不高于4，则使自身获得1层打击强壮 。"
    },
    {
      "id": 2020511,
      "name": "火焰之剑",
      "desc": "色欲技能正面命中时，使目标增加1级烧伤 强度(每回合最多6次)"
    },
    {
      "id": 2060511,
      "name": "绿色淤浆",
      "desc": "受到攻击时，若现存体力不高于50%，则使攻击者增加1级破裂 强度(每回合最多触发(最大暴食完全共鸣数)次)"
    },
    {
      "id": 2040611,
      "name": "噬梦",
      "desc": "傲慢技能暴击时，使自身获得1层呼吸法 (每回合最多3次)"
    },
    {
      "id": 2080511,
      "name": "鲁莽航行",
      "desc": "回合结束时，使除自身以外现存体力最低的1名的友方单位增加5级沉沦 强度，下回合使其获得1层迅捷 与3层攻击等级提升 "
    },
    {
      "id": 2090411,
      "name": "黏稠秽物",
      "desc": "突刺技能正面命中时，对目标施加1层束缚 (每回合最多2次)"
    },
    {
      "id": 2100511,
      "name": "毁灭预言",
      "desc": "色欲技能正面命中时，对自身与目标造成4点理智伤害\n(不对没有理智值的目标生效)\n使用色欲技能击杀目标后，获得5个色欲罪孽碎片"
    },
    {
      "id": 2090511,
      "name": "审判",
      "desc": "敌方单位陷入混乱时，使现存体力比例最低的1名友方单位恢复其体力上限4%的体力(每回合最多1次)"
    },
    {
      "id": 2070511,
      "name": "无尽的憎恨",
      "desc": "当自身带有异常状态或负面状态，且主要目标或攻击自身的单位带有正面状态时，通过技能或硬币效果使自身或敌方单位增加的烧伤 、流血 、震颤 、破裂 或沉沦 强度额外+1级，通过技能或硬币效果使自身获得的呼吸法 或充能 层数额外+1层"
    },
    {
      "id": 2110511,
      "name": "平等的礼物",
      "desc": "通过技能或硬币效果使除自身以外的友方单位获得正面状态时，随机使1名敌方单位增加1级某1种随机效果的强度，该效果可能为烧伤 、流血 、震颤 、破裂 或沉沦 (每回合最多触发5次。每名敌方单位最多增加5级，若是异想体，则改为对随机部位。)"
    },
    {
      "id": 2030511,
      "name": "倒塌的石塔",
      "desc": "击杀带有流血 的敌方单位时，使自身增加2级呼吸法 强度并使自身获得2层呼吸法 (每回合最多3次)"
    },
    {
      "id": 2120511,
      "name": "玫瑰王冠",
      "desc": "回合开始时，随机使1名敌方单位增加2级破裂 强度(若是集中遭遇战，则为所有异想体部位)\n若激活完全共鸣，则在战斗开始时使全体敌方单位增加2级破裂 强度"
    },
    {
      "id": 2120611,
      "name": "若能回到过去…",
      "desc": "若自身攻击后击杀目标，则获得持有量最少的1个罪孽碎片。\n目标的(沉沦 强度+层数)每有5点，额外获得1个罪孽碎片(最多3个)\n(若持有量最少的罪孽碎片不低于2种，则随机获得其中的罪孽碎片)"
    },
    {
      "id": 2010611,
      "name": "破碎的昨日",
      "desc": "若目标的沉沦 强度不低于6级，则使自身的拼点威力+1\n若目标的沉沦 层数不低于4层，则使自身的拼点威力+1"
    },
    {
      "id": 2030611,
      "name": "暴风般的哀鸣",
      "desc": "若自身斩击或嫉妒技能结束后击杀目标，则下回合使自身获得1层强壮 (每回合最多1层)"
    },
    {
      "id": 2050611,
      "name": "过载电缆",
      "desc": "战斗开始时，若共鸣数不低于4，则使自身获得2层攻击等级提升 与2层防御等级提升 。\n若该共鸣为嫉妒共鸣，则使仪表盘上位于自身两侧的友方单位获得上述效果"
    },
    {
      "id": 2070611,
      "name": "拘束锁链",
      "desc": "- 战斗开始时，若包括自身技能在内的最大共鸣数不低于4，则使自身与参与该共鸣的全体友方单位获得3层攻击等级提升 与3层防御等级提升 \n- 若该共鸣为完全共鸣，则额外获得2层攻击等级提升 与防御等级提升 "
    },
    {
      "id": 2110611,
      "name": "盛情款待",
      "desc": "自身攻击结束后，若使目标陷入混乱或击杀目标，则获得1个傲慢罪孽碎片与随机1个其他罪孽碎片(每回合最多3次)"
    },
    {
      "id": 2080611,
      "name": "贪食",
      "desc": "使用技能时，若主要目标本回合受到过伤害且体力未满，则命中时：\n- 若自身的体力为最大值，则使自身造成的伤害+5~10%。\n- 若自身的体力未满，则使自身恢复2~5点体力。\n(每回合最多7次)",
      "summary": "若目标体力未满，则命中时造成的伤害增加或使自身恢复体力"
    },
    {
      "id": 2090611,
      "name": "执念",
      "desc": "令自身位于仪表盘最左侧的技能增加的流血 强度变为2倍(每回合最多1次)",
      "summary": "本技能增加的流血 强度变为2倍"
    },
    {
      "id": 2060611,
      "name": "惆怅",
      "desc": "自身通过技能使敌方单位震颤引爆 时，下回合对该敌方单位施加1层攻击等级降低 与2层防御等级降低 。(每回合最多3次，包括E.G.O技能)",
      "summary": "使敌方单位震颤引爆 时，下回合施加1层攻击等级降低 与2层防御等级降低 。"
    },
    {
      "id": 2100611,
      "name": "泪膜",
      "desc": "回合开始时若自身带有护盾，则使自身获得1层守护 \n若自身带有泪珠 ，则使自身额外获得1层守护 ",
      "summary": "若自身带有护盾，则使自身获得1层守护 \n若自身带有泪珠 ，则使自身额外获得1层守护 "
    },
    {
      "id": 2020611,
      "name": "奔腾的时间",
      "desc": "自身通过技能使敌方单位震颤引爆 时，下回合使自身获得1层迅捷 。(每回合最多4层，包括E.G.O技能)",
      "summary": "震颤引爆 时，下回合获得1层迅捷 。(每回合最多4层，包括E.G.O技能)"
    },
    {
      "id": 2040711,
      "name": "视线的痕迹",
      "desc": "自身对敌方单位使用基础攻击技能时，额外随机获得1个持有量最少且属性与该攻击技能不同的罪孽碎片(每回合最多2次)"
    },
    {
      "id": 2070711,
      "name": "粉碎的吊坠",
      "desc": "战斗开始时，若最大共鸣数不低于3，则使自身增加3级呼吸法 强度。"
    },
    {
      "id": 2110711,
      "name": "彷徨之人",
      "desc": "最大充能 层数+5\n(自身的充能 强度-1)每有1点，使消耗充能 层数的技能造成的伤害+2%(最多+10%)",
      "summary": "消耗充能 层数的技能造成的伤害增加"
    }
  ]
}