{
  "dataList": [
    {
      "id": 9009801,
      "name": "被抑制的苍白化",
      "desc": "回合开始时，除自身以外每有1名友方单位存活，使自身的攻击等级和防御等级增加1级",
      "summary": ""
    },
    {
      "id": 9009802,
      "name": "船长的命令",
      "desc": "回合开始时，使友方单位恢复(除自身以外的友方单位数×3)点理智值",
      "summary": ""
    },
    {
      "id": 9009803,
      "name": "被注入的憎恶和怨恨",
      "desc": "回合结束时，若体力不高于50%，下回合使自身获得1层强壮 (每场战斗最多1次)",
      "summary": ""
    },
    {
      "id": 9009804,
      "name": "崩溃的苍白化",
      "desc": "回合结束时，若理智值低于0点，则有50%的概率改变技能模式。",
      "summary": ""
    }
  ]
}