{
  "dataList": [
    {
      "id": 815901,
      "name": "罪孽抗性",
      "desc": "除非自身陷入混乱或部位被破坏，否则攻击技能命中时使自身的混乱阈值后移5"
    },
    {
      "id": 816001,
      "name": "罪孽抗性",
      "desc": "除非自身陷入混乱或部位被破坏，否则自身受到的破裂 伤害-50%"
    },
    {
      "id": 816501,
      "name": "无尽的自卑感",
      "desc": "若现存体力不高于65%，则拼点胜利时使自身获得1层攻击等级提升 与1层体力恢复提升 \n若现存体力不高于40%，则使用时使自身获得1层攻击等级提升 与1层体力恢复提升 \n满足条件后，对应效果将持续生效。",
      "summary": "根据条件获得增益自身的正面状态效果。"
    },
    {
      "id": 816502,
      "name": "被指引的暴怒",
      "desc": "首次解除混乱后，使自身攻击技能拼点胜利后命中时对目标追加伤害量10%的暴怒伤害。"
    },
    {
      "id": 816503,
      "name": "捕食",
      "desc": "击杀敌方单位时，使自身本体与部位恢复200点体力。\n下回合使自身获得1层迅捷 、3层防御等级提升 与2层攻击等级提升 。"
    },
    {
      "id": 816504,
      "name": "标记",
      "desc": "优先指定带有[AaCfPbBe]的目标"
    },
    {
      "id": 816401,
      "name": "自我厌恶",
      "desc": "所有技能指定希斯克利夫。\n希斯克利夫阵亡时赢得战斗。"
    },
    {
      "id": 816402,
      "name": "爆发的情感",
      "desc": "带有爆发的情感类状态时，对应属性的罪孽抗性得到弱化，其他属性的罪孽抗性得到强化，且受到攻击时获得特殊效果。"
    },
    {
      "id": 816403,
      "name": "深切的丧失感",
      "desc": "从获得爆发的情感类状态的回合开始，若在2回合内解除该效果，则下2回合使自身获得[AaCfPbBd]且改变技能模式\n若未在此时间段内解除，则下回合解除该效果并使自身获得6层攻击等级提升 与3层迅捷 "
    },
    {
      "id": 816404,
      "name": "不该出现的文本",
      "desc": "不该出现的文本"
    },
    {
      "id": 816405,
      "name": "意气用事",
      "desc": "技能结束时，若自身未命中希斯克利夫，则使自身失去1层爆发的情感\n回合开始时，若自身陷入混乱，则回合结束时使自身失去3层爆发的情感\n爆发的情感每回合最多失去3层，回合结束时若爆发的情感层数为1层，则解除该效果"
    },
    {
      "id": 816406,
      "name": "复仇心",
      "desc": "回合开始时，若自身的理智值不为-45点，则使自身恢复15点理智值。\n回合结束时，若自身陷入恐慌，则下回合开始时解除恐慌并使自身的理智值恢复为0点。\n回合结束时，若自身解除恐慌，则下回合开始时使自身获得2层强壮 "
    },
    {
      "id": 816505,
      "name": "我的地盘",
      "desc": "1回合内体力不会低于40%。\n改变自身模式"
    }
  ]
}