{
  "dataList": [
    {
      "id": 850101,
      "name": "深入记忆的强化肉体",
      "desc": "回合开始时，若现存体力不高于50%，则恢复体力上限20%的体力。"
    },
    {
      "id": 851001,
      "name": "忧郁之声",
      "desc": "拼点失败时，对自身施加1层易损 。"
    },
    {
      "id": 851002,
      "name": "蓝色黏液",
      "desc": "眼球被破坏时，使理智值最低的1名敌方单位失去35点理智值。"
    },
    {
      "id": 851003,
      "name": "溃烂的弱点",
      "desc": "回合开始时，若处于部位破坏状态，则获得3层易损 。"
    },
    {
      "id": 851901,
      "name": "小镇参观活动开始",
      "desc": "回合开始时，若自身的充能 层数不低于10则改变自身的行为。"
    },
    {
      "id": 852001,
      "name": "检测到破损！",
      "desc": "本单位阵亡后，kqe-1j-23受到100点伤害并在下回合陷入混乱。\n在此之后的战斗中，使其无法使用需要手臂的技能。"
    },
    {
      "id": 852101,
      "name": "过载",
      "desc": "回合开始时，若体力不高于60，则进入强化状态。"
    },
    {
      "id": 852301,
      "name": "过载HP弹",
      "desc": "回合开始时，获得2层伤害强化 并施加2层易损 。"
    },
    {
      "id": 852701,
      "name": "禅那",
      "desc": "回合开始时，若友方单位存活，则获得10层守护 。"
    },
    {
      "id": 852702,
      "name": "不该出现的文本",
      "desc": "不该出现的文本"
    },
    {
      "id": 852703,
      "name": "业报轮回",
      "desc": "全体单位的攻击命中时，都将向目标转移10层业报 。拼点次数越多，转移的业报越多。(1次拼点增加5层)\n友方单位存活时，业报 无法转移给无我入定。"
    },
    {
      "id": 852704,
      "name": "无我",
      "desc": "回合开始时，若佛像被破坏，则对除自身以外的1名友方单位施加30层业报 和3层易损 ，并进入无我 状态。(无我：改变攻击模式。所有攻击将不分敌我。)"
    },
    {
      "id": 852705,
      "name": "变",
      "desc": "佛像每再生一次，其体力上限便增加20%。"
    },
    {
      "id": 852706,
      "name": "不该出现的文本",
      "desc": "不该出现的文本"
    },
    {
      "id": 852707,
      "name": "修复",
      "desc": "回合开始时，体力恢复至满值。"
    },
    {
      "id": 852102,
      "name": "注射HP安瓿针剂",
      "desc": "回合开始时，体力未满，则恢复体力上限25%的体力。(最多3次)"
    }
  ]
}