{
  "dataList": [
    {
      "id": 90001,
      "name": "虫的肉体",
      "desc": "回合结束时，恢复5点体力。"
    },
    {
      "id": 90002,
      "name": "补充养分",
      "desc": "击杀敌方单位时，恢复20点体力，且下回合使自身获得5层忍耐 。"
    },
    {
      "id": 90003,
      "name": "利刃",
      "desc": "攻击命中时，使目标增加1-2级流血 强度。\n回合开始时，优先攻击带有标记 的角色。"
    },
    {
      "id": 90004,
      "name": "士气低落",
      "desc": "每当友方单位阵亡时，自身永久获得1层易损 。"
    },
    {
      "id": 90005,
      "name": "惩戒",
      "desc": "体力不高于50%时，下回合使自身获得5层强壮 。"
    },
    {
      "id": 90006,
      "name": "精神波动",
      "desc": "攻击命中时，使目标失去10点理智值。"
    },
    {
      "id": 9000101,
      "name": "负伤的强化肉体",
      "desc": "回合开始时，若现存体力不高于50%，则恢复1点体力。"
    },
    {
      "id": 9000102,
      "name": "强化肉体",
      "desc": "回合开始时，若现存体力不高于50%，则恢复2点体力。"
    },
    {
      "id": 9000103,
      "name": "被侵蚀的强化肉体",
      "desc": "回合开始时，若现存体力不高于50%，则恢复4点体力。"
    },
    {
      "id": 9100301,
      "name": "老大哥",
      "desc": "本单位阵亡时，使全体友方单位失去45点理智值。"
    },
    {
      "id": 9100302,
      "name": "小崽子们！",
      "desc": "每当友方单位阵亡时，本角色失去15点理智值。"
    },
    {
      "id": 9100401,
      "name": "派对时间",
      "desc": "回合开始时，全体友方单位恢复10点理智值。\n若自身的理智值不低于20点，则获得1层强壮 和1层忍耐 。"
    },
    {
      "id": 9100402,
      "name": "派对结束",
      "desc": "本单位阵亡时，使全体友方单位失去45点理智值。"
    },
    {
      "id": 9002801,
      "name": "HP弹",
      "desc": "回合开始时，恢复15点体力。\n若现存体力不高于50%，则额外恢复15点体力。"
    },
    {
      "id": 9003201,
      "name": "高贵的牺牲在此",
      "desc": "友方单位阵亡时，下回合开始时使自身获得1层强壮 。"
    },
    {
      "id": 9003801,
      "name": "处刑的喜悦",
      "desc": "击杀敌方单位后，下回合开始时使自身获得2层伤害强化 。"
    },
    {
      "id": 9100501,
      "name": "执柄者之锤",
      "desc": "回合开始时，若本单位存活，则使全体友方单位恢复10点理智值。\n当本单位阵亡时，使全体友方单位失去45点理智值。"
    },
    {
      "id": 9100601,
      "name": "执念",
      "desc": "体力不高于50%时，则下回合开始时解除自身的负面状态，并且每回合获得4层狂信 ，1层强壮 和1层忍耐 。"
    },
    {
      "id": 9100502,
      "name": "汝当锤！",
      "desc": "自身带有狂信 时，使自身造成的伤害+50%。"
    },
    {
      "id": 9004601,
      "name": "机械精神",
      "desc": "理智值固定为0。"
    },
    {
      "id": 9004602,
      "name": "坚固外壳",
      "desc": "受到的流血 及烧伤 伤害减半"
    },
    {
      "id": 9004603,
      "name": "注意摇晃",
      "desc": "震颤引爆 对自身造成的混乱阈值前移量 +50%"
    },
    {
      "id": 9004604,
      "name": "注意损伤",
      "desc": "破裂 效果对自身造成的伤害+30%(向下取整)"
    },
    {
      "id": 9004901,
      "name": "破裂功能受损",
      "desc": "陷入混乱后，此后施加的破裂 强度，破裂 层数减少1"
    },
    {
      "id": 9005001,
      "name": "震颤功能受损",
      "desc": "陷入混乱后，此后施加的震颤 强度，震颤 层数减少1"
    },
    {
      "id": 9100701,
      "name": "攻击功能过热",
      "desc": "自身的攻击使目标陷入混乱时，下回合使自身获得3层伤害强化 "
    },
    {
      "id": 9100702,
      "name": "破裂功能完全受损",
      "desc": "陷入混乱后，此后施加的破裂 强度，破裂 层数减少3"
    },
    {
      "id": 9100703,
      "name": "震颤功能完全受损",
      "desc": "陷入混乱后，此后施加的震颤 强度，震颤 层数减少3"
    },
    {
      "id": 9100801,
      "name": "扳手启动",
      "desc": "本回合中，根据正面命中的硬币数，获得相应层数的共振 。(最多10层)"
    },
    {
      "id": 9100802,
      "name": "玫瑰扳手工坊代表",
      "desc": "在本波次中，根据阵亡的友方单位数量使目标额外增加相应震颤 强度"
    },
    {
      "id": 9100803,
      "name": "就剩我了吗",
      "desc": "单独在场时，每回合获得1层共振 和1层震颤同步 。"
    },
    {
      "id": 9100804,
      "name": "那就没办法了",
      "desc": "单独在场时，将最后攻击自身的对象指定为下回合的攻击目标。"
    },
    {
      "id": 9100901,
      "name": "绞缠的咒符",
      "desc": "根据本回合内拼点次数，获得相应层数的纠缠的咒符 "
    },
    {
      "id": 9100902,
      "name": "捆缚的咒符",
      "desc": "当带有10层纠缠的咒符 时，消耗所有层数并使自身混乱阈值前移10"
    },
    {
      "id": 9100903,
      "name": "倍增的咒符",
      "desc": "体力不高于30%时，施加的复贴的咒符 层数额外+1层"
    },
    {
      "id": 9100904,
      "name": "侵蚀的咒符",
      "desc": "体力不高于30%时，攻击结束后若目标的复贴的咒符 层数不低于5层，则下回合对目标施加2层麻痹 "
    },
    {
      "id": 9006201,
      "name": "流淌的忧郁",
      "desc": "反面命中时，使目标增加2级沉沦 强度"
    },
    {
      "id": 9006202,
      "name": "溢出的哀伤",
      "desc": "回合结束时，自身失去5点理智值"
    },
    {
      "id": 9006101,
      "name": "醉意",
      "desc": "当带有5层昂扬 时，使自身获得5层醉意 。"
    },
    {
      "id": 9006102,
      "name": "醒酒",
      "desc": "带有5层醉意 时，使用守备技能。"
    },
    {
      "id": 9006801,
      "name": "注射恢复安瓿",
      "desc": "回合开始时，恢复20点体力"
    },
    {
      "id": 9006802,
      "name": "紧急注射安瓿",
      "desc": "体力不高于25%时，使自身体力恢复至体力上限的40%(最多1次)"
    },
    {
      "id": 9007001,
      "name": "黄金时间",
      "desc": "回合结束时，若现存体力为12%~24%，则立刻使自身恢复体力上限65%的体力。解除混乱状态。(最多1次)"
    },
    {
      "id": 9007002,
      "name": "时间逆向回溯",
      "desc": "触发黄金时间后，回合结束时对自身施加3层易损 "
    },
    {
      "id": 9005401,
      "name": "恐怖装置",
      "desc": "友方单位攻击友方单位时，造成3点理智伤害。"
    },
    {
      "id": 9006901,
      "name": "注射恢复安瓿",
      "desc": "回合开始时，恢复20点体力"
    },
    {
      "id": 9006902,
      "name": "紧急注射安瓿",
      "desc": "体力不高于25%时，使自身体力恢复至体力上限的40%(最多1次)"
    },
    {
      "id": 9006803,
      "name": "紧急安瓿过量",
      "desc": "体力不会低于1。\n回合开始时，若体力不高于60则进入强化状态。"
    }
  ]
}