{
  "dataList": [
    {
      "id": 9011001,
      "name": "锐利一击",
      "desc": "命中时，使目标增加1级流血 强度(每回合最多3次)"
    },
    {
      "id": 9011002,
      "name": "深斩",
      "desc": "拼点胜利时，施加1层流血 。"
    },
    {
      "id": 9011301,
      "name": "剜出",
      "desc": "攻击技能对目标施加流血 时，令其增加的流血 强度额外+1级"
    },
    {
      "id": 9101301,
      "name": "黑云道",
      "desc": "斩击技能的最终威力 +1"
    },
    {
      "id": 9101302,
      "name": "血振纳刀",
      "desc": "友方单位阵亡时，下回合增加1个行动槽。(最多5个行动槽)"
    }
  ]
}