{
  "dataList": [
    {
      "id": 9013601,
      "name": "不…",
      "desc": "回合结束时，若自身陷入混乱，则解除自身的混乱并使自身恢复20点理智值。下回合使自身获得1层攻击等级提升 (最多1次)",
      "summary": ""
    },
    {
      "id": 9013602,
      "name": "除…",
      "desc": "回合结束时，若自身解除恐慌，则下回合使自身获得1层强壮 ",
      "summary": ""
    },
    {
      "id": 9013603,
      "name": "礼…",
      "desc": "若目标的速度值低于自身，则使自身的拼点威力+2",
      "summary": ""
    },
    {
      "id": 9013604,
      "name": "叫我…",
      "desc": "攻击技能命中时，若该技能所有硬币的朝向均为正面，则使自身恢复10点理智值",
      "summary": ""
    },
    {
      "id": 9013606,
      "name": "威…",
      "desc": "进行拼点时，拼点威力-1，自身受到10点体力伤害(该效果不会使自身体力降至0点)",
      "summary": ""
    },
    {
      "id": 9013607,
      "name": "机…了",
      "desc": "拼点失败时，使自身获得3层攻击等级提升 。(每回合最多1次)",
      "summary": ""
    },
    {
      "id": 9013701,
      "name": "肉体…增强",
      "desc": "回合结束时，若自身的理智值不高于-10点，则下回合使自身获得3层攻击等级提升 。",
      "summary": ""
    },
    {
      "id": 9013804,
      "name": "砰…",
      "desc": "攻击技能命中时，若该技能所有硬币的朝向均为正面，则使自身恢复10点理智值",
      "summary": ""
    },
    {
      "id": 9013801,
      "name": "整…",
      "desc": "使用攻击技能时，若目标现存体力不高于70点，则使自身的基础威力+1，造成的伤害+20%",
      "summary": ""
    },
    {
      "id": 9013802,
      "name": "逐…",
      "desc": "使用技能时，若自身的速度值高于目标，则使自身的拼点威力+2，造成的伤害+20%",
      "summary": ""
    },
    {
      "id": 817001,
      "name": "…感",
      "desc": "若现存体力不高于65%，则拼点胜利时使自身获得1层攻击等级提升 与1层体力恢复提升 \n若现存体力不高于40%，则使用时使自身获得1层攻击等级提升 与1层体力恢复提升 \n满足条件后，对应效果将持续生效。",
      "summary": ""
    },
    {
      "id": 817002,
      "name": "被指…",
      "desc": "首次解除混乱后，使自身攻击技能拼点胜利后命中时对目标追加伤害量10%的暴怒伤害。",
      "summary": ""
    },
    {
      "id": 817003,
      "name": "捕…",
      "desc": "击杀敌方单位时，使自身本体与部位恢复200点体力，并在下回合使自身获得1层迅捷 、3层防御等级提升 与2层攻击等级提升 。",
      "summary": ""
    },
    {
      "id": 817004,
      "name": "…记",
      "desc": "优先指定带有[AaCfPbBe]的目标",
      "summary": ""
    }
  ]
}