{
  "dataList": [
    {
      "id": 814702,
      "name": "疑问",
      "desc": "使用攻击技能击杀敌方单位时，对全体敌方单位造成10点理智伤害。"
    },
    {
      "id": 814801,
      "name": "生命",
      "desc": "使用攻击技能使敌方单位陷入混乱或击杀敌方单位时，使自身恢复50点体力(本体与部位均恢复体力)"
    },
    {
      "id": 814901,
      "name": "痛苦",
      "desc": "战斗中友方单位阵亡时，下回合对自身施加1层束缚 并使自身获得1层强壮 与3层伤害强化 。"
    },
    {
      "id": 814902,
      "name": "弱点",
      "desc": "若自身阵亡，则下回合使全体敌方单位获得5层伤害强化 。本效果无法叠加。"
    },
    {
      "id": 815001,
      "name": "不负责任",
      "desc": "若没有除绿色的黎明 - 疑问 - δ以外的友方单位存活，则使“疑问”与“生命”的效果变为2倍"
    },
    {
      "id": 815002,
      "name": "开始",
      "desc": "若自身存活，则在回合结束时不生成敌方单位。"
    }
  ]
}