{
  "dataList": [
    {
      "id": 9007701,
      "name": "自相蟹肉",
      "desc": "若现存体力不高于70%，则指定除自身以外现存体力最少的友方单位\n攻击友方单位时，根据伤害量相应恢复体力\n击杀友方单位时，根据伤害量相应恢复2倍体力"
    },
    {
      "id": 9007801,
      "name": "自相蟹肉",
      "desc": "若现存体力不高于70%，则指定除自身以外现存体力最少的友方单位\n攻击友方单位时，根据伤害量相应恢复体力\n击杀友方单位时，根据伤害量相应恢复2倍体力"
    },
    {
      "id": 9007901,
      "name": "自相蟹肉",
      "desc": "若现存体力不高于70%，则指定除自身以外现存体力最少的友方单位\n攻击友方单位时，根据伤害量相应恢复体力\n击杀友方单位时，根据伤害量相应恢复2倍体力"
    },
    {
      "id": 9008001,
      "name": "自相蟹肉",
      "desc": "若现存体力不高于70%，则指定除自身以外现存体力最少的友方单位\n攻击友方单位时，根据伤害量相应恢复体力\n击杀友方单位时，根据伤害量相应恢复2倍体力"
    },
    {
      "id": 9008101,
      "name": "自相蟹肉",
      "desc": "若现存体力不高于70%，则指定除自身以外现存体力最少的友方单位\n攻击友方单位时，根据伤害量相应恢复体力\n击杀友方单位时，根据伤害量相应恢复2倍体力"
    },
    {
      "id": 9008102,
      "name": "蟹壳废料弹",
      "desc": "关卡开始时，获得1枚蟹壳废料弹 "
    }
  ]
}