{
  "dataList": [
    {
      "id": 9008301,
      "name": "与鲸相连",
      "desc": "该单位阵亡时，对穴掌鲸造成伤害。"
    },
    {
      "id": 9008302,
      "name": "连结的痛楚",
      "desc": "阵亡时对相连的人鱼造成10点伤害并在下回合使其获得2层伤害强化 。\n该效果不会让相连的人鱼的体力低于1。"
    },
    {
      "id": 9008401,
      "name": "轻松喘息",
      "desc": "若自身带有呼吸法 ，则拼点胜利后使自身增加5级呼吸法 强度。"
    },
    {
      "id": 9008402,
      "name": "硬币的两面",
      "desc": "每回合第1枚硬币正面命中时，下回合使自身获得1层伤害强化 。\n第1枚硬币反面命中时，下回合使自身获得1层伤害弱化 。"
    },
    {
      "id": 9008601,
      "name": "那儿不痛吗？",
      "desc": "攻击命中时，若目标带有流血 ，则根据目标带有的流血 强度，使自身恢复相应的理智值"
    },
    {
      "id": 9008701,
      "name": "前往前线！！",
      "desc": "若本单位速度值为1，则使自身额外获得1层守护 。"
    },
    {
      "id": 9008702,
      "name": "那儿不痛吗？",
      "desc": "攻击命中时，若目标带有流血 ，则根据目标带有的流血 强度，使自身恢复相应的理智值"
    },
    {
      "id": 9101201,
      "name": "硬币的两面",
      "desc": "每回合第1枚硬币正面命中时，下回合使自身获得2层伤害强化 与1层强壮 。\n第1枚硬币反面命中时，下回合使自身获得2层伤害弱化 与1层虚弱 。"
    },
    {
      "id": 9101202,
      "name": "停下……别过来！",
      "desc": "拼点失败时，使自身增加4级呼吸法 强度并获得3层呼吸法 。"
    },
    {
      "id": 9101203,
      "name": "好耶！",
      "desc": "暴击时，下回合使自身获得1层加算硬币强化 。\n使自身恢复15点理智值。\n使除自身以外的全体友方单位恢复10点理智值。\n(每回合最多1次)"
    },
    {
      "id": 9101204,
      "name": "你在搞什么？",
      "desc": "战斗中被击退后，使全体友方单位失去30点理智值。"
    },
    {
      "id": 9101205,
      "name": "那儿不痛吗？",
      "desc": "攻击命中时，若目标带有流血 ，则根据目标带有的流血 强度，使自身恢复相应的理智值"
    },
    {
      "id": 9101101,
      "name": "与鲸相连",
      "desc": "该单位阵亡时，对穴掌鲸造成伤害。"
    }
  ]
}