{
  "dataList": [
    {
      "id": 1010101,
      "name": "信息传递",
      "desc": "使仪表盘上位于自身之后的2名友方单位获得1层伤害强化 。"
    },
    {
      "id": 1010201,
      "name": "观察",
      "desc": "进行拼点时，使目标的拼点威力-2。"
    },
    {
      "id": 1010301,
      "name": "冷静",
      "desc": "拼点胜利时，使自身获得1层呼吸法 。"
    },
    {
      "id": 1020101,
      "name": "分析",
      "desc": "攻击带有负面状态的目标时，使自身造成的伤害+10%。"
    },
    {
      "id": 1020201,
      "name": "自行充能",
      "desc": "攻击结束后，使自身获得1层充能 。"
    },
    {
      "id": 1020301,
      "name": "觉悟",
      "desc": "回合开始时，若自身的呼吸法 层数不低于4层，则使自身获得2层迅捷 。"
    },
    {
      "id": 1030101,
      "name": "正义惩戒",
      "desc": "拼点胜利时，使自身对应技能造成的伤害+10%。"
    },
    {
      "id": 1030201,
      "name": "快速充能",
      "desc": "战斗开始时，使自身获得(忧郁共鸣数/3)层充能 。"
    },
    {
      "id": 1030301,
      "name": "心理准备",
      "desc": "下回合开始时，使自身获得(暴怒共鸣数/3)层迅捷 。"
    },
    {
      "id": 1040101,
      "name": "万般皆艺",
      "desc": "使自身造成与受到的伤害都+25%。"
    },
    {
      "id": 1040201,
      "name": "刀·断",
      "desc": "本回合内使自身造成的斩击伤害+10%。"
    },
    {
      "id": 1040301,
      "name": "黑云道",
      "desc": "使自身对带有流血 的敌方单位造成的伤害+10%。"
    },
    {
      "id": 1050101,
      "name": "觉悟",
      "desc": "战斗开始时，若现存体力不高于50%，则使自身获得1层守护 。"
    },
    {
      "id": 1050201,
      "name": "安若泰山",
      "desc": "受到攻击时，随机使1名敌方单位增加1级烧伤 强度。(最多4次)"
    },
    {
      "id": 1050301,
      "name": "坚韧不拔",
      "desc": "受到攻击时，使自身获得1层充能 。(最多6次)"
    },
    {
      "id": 1060101,
      "name": "玩世不恭",
      "desc": "下回合开始时，使自身恢复6点理智值。"
    },
    {
      "id": 1060201,
      "name": "黑云道",
      "desc": "令位于连锁末尾的技能中的最后一枚硬币对目标增加3级流血 强度。"
    },
    {
      "id": 1060301,
      "name": "愉悦",
      "desc": "下回合开始时，使自身恢复(暴食共鸣数x2)点理智值。"
    },
    {
      "id": 1070101,
      "name": "无名怨愤",
      "desc": "使自身对体力上限不低于自身的目标造成的伤害+10%。"
    },
    {
      "id": 1070201,
      "name": "喘息未定",
      "desc": "受到攻击造成的伤害后，本回合内使自身造成的伤害+10%。"
    },
    {
      "id": 1070301,
      "name": "准备吃草",
      "desc": "下回合开始时，使自身获得(暴怒共鸣数)层充能 。\n若自身的充能 层数不低于5层，则使自身获得1层迅捷 和1层强壮 。"
    },
    {
      "id": 1080101,
      "name": "最后一搏",
      "desc": "若现存体力不高于25%，则使自身的拼点威力+1。"
    },
    {
      "id": 1080201,
      "name": "脑波集束",
      "desc": "战斗开始时，使自身失去15点理智值。\n下回合开始时，使自身获得(忧郁共鸣数/3)层强壮 。"
    },
    {
      "id": 1080301,
      "name": "垂死挣扎",
      "desc": "若现存体力低于50%，则令自身通过技能增加的呼吸法 强度额外+1级。"
    },
    {
      "id": 1080401,
      "name": "弱点识破",
      "desc": "拼点胜利后，每次攻击命中使目标增加1级震颤 强度。"
    },
    {
      "id": 1090101,
      "name": "断恶",
      "desc": "攻击命中时，有50%的概率使目标增加1级流血 强度。"
    },
    {
      "id": 1090201,
      "name": "黑云道",
      "desc": "自身的呼吸法 强度不低于5级时，反击时改为使用3技能进行反击。"
    },
    {
      "id": 1090301,
      "name": "突破防线",
      "desc": "对本回合使用守备技能的目标造成的伤害+10%。"
    },
    {
      "id": 1100101,
      "name": "觉悟",
      "desc": "友方单位阵亡时，下回合使自身获得1层强壮 。"
    },
    {
      "id": 1100201,
      "name": "杀手",
      "desc": "使位于连锁末尾的技能中的最后一枚硬币对目标造成的伤害+20%"
    },
    {
      "id": 1100301,
      "name": "您的盾牌",
      "desc": "战斗开始时，使仪表盘上位于自身两侧的友方单位获得2层忍耐 与1层守护 。"
    },
    {
      "id": 1100401,
      "name": "随兴游乐",
      "desc": "闪避成功后，有(忧郁共鸣数x5)%的概率后移闪避技能威力数值的混乱阈值"
    },
    {
      "id": 1110101,
      "name": "处决",
      "desc": "目标的理智值不高于0点时，使自身对其造成的伤害+10%"
    },
    {
      "id": 1110201,
      "name": "冷静",
      "desc": "使自身对体力不高于25%的目标造成的伤害+20%。"
    },
    {
      "id": 1110301,
      "name": "提振士气",
      "desc": "下回合开始时，使自身与本回合仪表盘上位于自身两侧的友方单位获得2层迅捷 。"
    },
    {
      "id": 1120101,
      "name": "求死不得",
      "desc": "战斗开始时，使自身恢复5点体力。"
    },
    {
      "id": 1120201,
      "name": "引燃",
      "desc": "技能中第三枚及其之后的硬币命中时，使目标增加1级烧伤 强度。"
    },
    {
      "id": 1120301,
      "name": "应急食粮",
      "desc": "体力不高于25%时，拼点胜利后恢复体力上限5%的体力。"
    },
    {
      "id": 1010121,
      "name": "信息汇总",
      "desc": "若理智值最低的1名友方单位在本回合失去了理智值，则回合结束时使其恢复10点理智值。"
    },
    {
      "id": 1010221,
      "name": "分析",
      "desc": "使体力上限最高的1名友方单位拼点威力+1。"
    },
    {
      "id": 1010321,
      "name": "指点",
      "desc": "令理智值最高的1名友方单位通过技能获得的呼吸法 层数额外+1层。"
    },
    {
      "id": 1020121,
      "name": "观察",
      "desc": "令体力上限最高的1名友方单位的攻击命中时有25%的概率对目标施加2层攻击等级降低 。"
    },
    {
      "id": 1020221,
      "name": "无线通讯",
      "desc": "令体力上限最低的1名友方单位获得的充能 层数额外+1层。"
    },
    {
      "id": 1020321,
      "name": "援护",
      "desc": "使体力上限最低的1名友方单位守备技能最终威力+2。"
    },
    {
      "id": 1030121,
      "name": "呐喊助威",
      "desc": "使理智值最高的1名友方单位造成的突刺伤害+10%。"
    },
    {
      "id": 1030221,
      "name": "万念俱灰",
      "desc": "使速度值最高的1名友方单位本回合使用的首个技能最终威力+1。"
    },
    {
      "id": 1030321,
      "name": "一分为二",
      "desc": "使速度值最高的1名友方单位造成的斩击伤害+10%。"
    },
    {
      "id": 1040121,
      "name": "推波助澜",
      "desc": "使体力上限最低的1名友方单位造成与受到的伤害都+20%。"
    },
    {
      "id": 1040221,
      "name": "破局者",
      "desc": "令体力上限最低的1名友方单位使目标增加的破裂 强度额外+1级。"
    },
    {
      "id": 1040321,
      "name": "行动队长",
      "desc": "令速度值最高的1名友方单位使目标增加的流血 强度额外+1级。"
    },
    {
      "id": 1050121,
      "name": "掩护",
      "desc": "使体力上限最高的1名友方单位由攻击受到的伤害-10%。"
    },
    {
      "id": 1050221,
      "name": "砺火燃薪",
      "desc": "令速度值最低的1名友方单位使目标增加的烧伤 强度额外+1级。"
    },
    {
      "id": 1050321,
      "name": "默默行事",
      "desc": "令速度值最低的1名友方单位使目标增加的破裂 强度额外+1级。"
    },
    {
      "id": 1060121,
      "name": "无心戏言",
      "desc": "战斗开始时，使理智值最低的1名友方单位恢复6点理智值。"
    },
    {
      "id": 1060221,
      "name": "帮派清算",
      "desc": "令速度值最高的1名友方单位使目标增加的流血 强度额外+1级。"
    },
    {
      "id": 1060321,
      "name": "胜负手",
      "desc": "使理智值最高的1名友方单位硬币正面时造成的伤害+20%。"
    },
    {
      "id": 1070121,
      "name": "意气用事",
      "desc": "使体力上限最低的1名友方单位造成的打击伤害+10%。"
    },
    {
      "id": 1070221,
      "name": "不顾己身",
      "desc": "使现存体力最低的1名友方单位造成与受到的伤害都+20%。"
    },
    {
      "id": 1070321,
      "name": "执念",
      "desc": "使速度值最高的1名友方单位造成的突刺伤害+10%。"
    },
    {
      "id": 1080121,
      "name": "生存决意",
      "desc": "使现存体力最低且不高于50%的1名友方单位的拼点威力+1"
    },
    {
      "id": 1080221,
      "name": "执念",
      "desc": "使理智值最低的1名友方单位造成的打击伤害+10%。"
    },
    {
      "id": 1080321,
      "name": "斗争",
      "desc": "使现存体力最低的1名友方单位的反击技能最终威力+2。"
    },
    {
      "id": 1080421,
      "name": "照章办事",
      "desc": "使速度值最低的1名友方单位的防御技能最终威力+2"
    },
    {
      "id": 1090121,
      "name": "赌徒",
      "desc": "使现存体力最高的1名友方单位硬币正面时造成的伤害+20%"
    },
    {
      "id": 1090221,
      "name": "黑云剑法",
      "desc": "使速度值最低的1名友方单位造成的斩击伤害+10%。"
    },
    {
      "id": 1090321,
      "name": "攻坚战术",
      "desc": "使现存体力最高的1名友方单位对本回合使用守备技能的目标造成的伤害+20%。"
    },
    {
      "id": 1100121,
      "name": "复仇决意",
      "desc": "友方单位阵亡时，使理智值最低的1名友方单位在下回合获得1层强壮 。"
    },
    {
      "id": 1100221,
      "name": "血染双手",
      "desc": "使速度值最低的1名友方单位最末尾的技能最终威力+1。"
    },
    {
      "id": 1100321,
      "name": "固执己见",
      "desc": "使现存体力最低的1名友方单位受到的伤害-10%。"
    },
    {
      "id": 1100421,
      "name": "戏敌为乐",
      "desc": "使理智值最高的1名友方单位对理智值不高于自身的目标造成的伤害+10%。"
    },
    {
      "id": 1110121,
      "name": "军人精神",
      "desc": "使现存体力最高的1名友方单位对理智值不高于0点的目标造成的伤害+30%。"
    },
    {
      "id": 1110221,
      "name": "补刀",
      "desc": "使理智值最高的1名友方单位对体力不高于25%的目标造成的伤害+30%。"
    },
    {
      "id": 1110321,
      "name": "觉悟",
      "desc": "战斗开始时，随机使现存体力最高的1名友方单位获得1层强壮 、1层忍耐 或1层守护 。"
    },
    {
      "id": 1120121,
      "name": "基因编码G-0",
      "desc": "战斗开始时，使现存体力最低的1名友方单位恢复5点体力。"
    },
    {
      "id": 1120221,
      "name": "疾驰之心",
      "desc": "使速度值最低的1名友方单位的技能中第四枚及其之后的硬币造成的伤害+30%。"
    },
    {
      "id": 1120321,
      "name": "基因编码G-3",
      "desc": "使现存体力最低的1名友方单位拼点胜利后恢复5点体力。"
    },
    {
      "id": 1000101,
      "name": "暴怒",
      "desc": "本回合内，自身攻击命中时造成的伤害+1"
    },
    {
      "id": 1000121,
      "name": "暴怒",
      "desc": "本回合内，随机使1名友方单位攻击命中时造成的伤害+1"
    },
    {
      "id": 1000201,
      "name": "色欲",
      "desc": "本回合内受到攻击时，有50%的概率恢复3点体力。"
    },
    {
      "id": 1000221,
      "name": "色欲",
      "desc": "本回合内，随机1名友方单位受到攻击时，有50%的概率使其恢复3点体力。"
    },
    {
      "id": 1000301,
      "name": "怠惰",
      "desc": "本回合内使自身受到的伤害-1。"
    },
    {
      "id": 1000321,
      "name": "怠惰",
      "desc": "本回合内，随机使1名友方单位受到的伤害-1。"
    },
    {
      "id": 1000401,
      "name": "暴食",
      "desc": "战斗开始时，使自身恢复5点体力。"
    },
    {
      "id": 1000421,
      "name": "暴食",
      "desc": "战斗开始时，随机使1名友方单位恢复5点体力。"
    },
    {
      "id": 1000501,
      "name": "忧郁",
      "desc": "战斗开始时，使自身恢复5点理智值。"
    },
    {
      "id": 1000521,
      "name": "忧郁",
      "desc": "战斗开始时，随机使1名友方单位恢复5点理智值。"
    },
    {
      "id": 1000601,
      "name": "傲慢",
      "desc": "拼点胜利后，使自身造成的伤害+2。"
    },
    {
      "id": 1000621,
      "name": "傲慢",
      "desc": "随机使1名友方单位拼点胜利后造成的伤害+2。"
    },
    {
      "id": 1000701,
      "name": "嫉妒",
      "desc": "本回合内受到攻击时，有25%的概率对攻击者造成1点伤害。"
    },
    {
      "id": 1000721,
      "name": "嫉妒",
      "desc": "本回合内，随机1名友方单位受到攻击时，有25%的概率对攻击者造成1点伤害。"
    },
    {
      "id": 1050401,
      "name": "执念之锤",
      "desc": "战斗开始时，若现存体力不高于50%，则解除1种负面状态并获得1层狂信 ，1层强壮 与3层守护 。"
    },
    {
      "id": 1090401,
      "name": "处刑的欢喜",
      "desc": "若有敌方单位阵亡，下回合开始时获得1层迅捷 与1层伤害强化 。自身击杀敌方单位时，同时获得1层狂信 。(每回合最多1次)"
    },
    {
      "id": 1050421,
      "name": "无上荣光",
      "desc": "使现存体力最低且不高于50%的1名友方单位获得1层强壮 与1层守护 。若该友方单位属于N公司狂信徒，则额外使其获得1层狂信 。"
    },
    {
      "id": 1090421,
      "name": "信仰的满足",
      "desc": "若有敌方单位阵亡，使理智值最高的1名友方单位在下回合获得1层迅捷 与1层伤害强化 。(每回合最多1次)"
    },
    {
      "id": 1020401,
      "name": "哨声",
      "desc": "战斗开始时，使理智值最低的2名友方单位恢复15点理智值。\n若该友方单位属于N公司狂信徒，则使其获得1层狂信 。"
    },
    {
      "id": 1020421,
      "name": "低语",
      "desc": "战斗开始时，使理智值最低的1名友方单位恢复15点理智值。\n若该友方单位属于N公司狂信徒，同时使其获得1层狂信 。"
    },
    {
      "id": 1070401,
      "name": "妈的…",
      "desc": "友方单位阵亡时，下回合开始时使自身失去10点理智值并获得1层打击强壮 。"
    },
    {
      "id": 1070421,
      "name": "诵经",
      "desc": "令速度值最高的1名友方单位对目标施加的尖钉 层数额外+1层。"
    },
    {
      "id": 1110401,
      "name": "弱点洞悉",
      "desc": "使用目标抗性为“脆弱”或“致命”的技能攻击目标时，使自身造成的伤害+10%。"
    },
    {
      "id": 1110421,
      "name": "情报共享",
      "desc": "速度值最高的1名友方单位使用目标抗性为“脆弱”或“致命”的技能攻击目标时，使其造成的伤害+10%。"
    },
    {
      "id": 1060401,
      "name": "真火热呢~",
      "desc": "若自身的理智值不低于30点，则令自身通过技能或硬币效果施加的烧伤 层数额外+1层。"
    },
    {
      "id": 1060421,
      "name": "很温暖吧？",
      "desc": "令理智值最高的1名友方单位通过技能或硬币效果施加的烧伤 层数额外+1层。"
    },
    {
      "id": 1040401,
      "name": "即兴烹饪",
      "desc": "自身击杀敌方单位后，使现存体力最低的友方单位恢复15点体力(每回合最多1次)。\n若自身带有饥渴 ，则将该状态全部消耗并根据其层数相应提高体力恢复量。"
    },
    {
      "id": 1040421,
      "name": "艺术风味",
      "desc": "敌方单位阵亡时，使现存体力最低的1名友方单位恢复15点体力(每回合最多1次)。"
    },
    {
      "id": 1120401,
      "name": "打包肉派",
      "desc": "战斗开始时，使自身恢复8点体力。"
    },
    {
      "id": 1120421,
      "name": "协助烹饪",
      "desc": "战斗开始时，使现存体力最低的友方单位恢复5点体力。\n使良・派 厨师长 良秀的被动技能“即兴烹饪”造成的体力恢复量+5。"
    },
    {
      "id": 1100501,
      "name": "狂炎",
      "desc": "拼点胜利或击杀敌方单位时，自身所恢复的理智值减少50%。"
    },
    {
      "id": 1100521,
      "name": "无处可逃",
      "desc": "使理智值最低的1名友方单位造成的打击伤害+10%。\n若该友方单位的理智值不高于0点，则根据其理智值的负面程度进一步提高其造成的打击伤害。(最大再提高10%)"
    },
    {
      "id": 1030401,
      "name": "汝当锤！",
      "desc": "对带有尖钉 的单位施加的震颤 层数额外+1层。\n若自身带有狂信 ，则施加的尖钉 层数额外+1层。"
    },
    {
      "id": 1030421,
      "name": "盲目之锤",
      "desc": "使带有狂信 的友方单位之中理智值最低的1名友方单位造成的伤害+10%。"
    },
    {
      "id": 1090501,
      "name": "祝提前下班~",
      "desc": "震颤引爆 时消耗3层充能 ，使震颤引爆 造成的混乱阈值前移量+40%\n震颤引爆 时，下回合使自身获得1层迅捷 ，1层打击伤害强化 "
    },
    {
      "id": 1090521,
      "name": "共振扳手",
      "desc": "使速度值最低的1名友方单位震颤引爆 造成的混乱阈值前移量+20%"
    },
    {
      "id": 1050501,
      "name": "慢性疲劳",
      "desc": "拼点时，若目标的震颤 强度不低于5级，则使其拼点威力-1\n解除混乱状态时，恢复体力上限5%的体力"
    },
    {
      "id": 1050521,
      "name": "劝告休假",
      "desc": "速度值最高的1名友方单位与带有震颤 的目标拼点时，目标拼点威力-1"
    },
    {
      "id": 1070501,
      "name": "泪雨",
      "desc": "战斗开始时，消耗1层沉沦 ，并根据沉沦 强度失去相应的理智值。\n受到攻击前，根据自身带有的沉沦 强度，获得相应层数的守护 。(每回合最多获得5层)\n受到攻击时，下回合获得1层打击伤害强化 。(每回合最多获得3层)"
    },
    {
      "id": 1070521,
      "name": "破伞",
      "desc": "理智值最低的1名友方单位受到攻击时，使其失去10点理智值，下回合获得1层打击伤害强化 (每回合最多1次)"
    },
    {
      "id": 1120501,
      "name": "启动锯刃",
      "desc": "使带有震颤 的单位增加的破裂 强度额外+1级"
    },
    {
      "id": 1120521,
      "name": "保养锯刃",
      "desc": "令速度值最低的1名友方单位使带有震颤 的单位增加的破裂 强度额外+1级"
    },
    {
      "id": 1010401,
      "name": "盛放",
      "desc": "攻击2名及以上的目标时，伤害+30%"
    },
    {
      "id": 1010421,
      "name": "刺鼻春风",
      "desc": "理智值最低的1名友方单位攻击2名及以上的目标时，伤害+10%"
    },
    {
      "id": 1080501,
      "name": "充盈的液体",
      "desc": "攻击技能未能对目标体力造成伤害时，下回合获得数值为自身体力上限5%的护盾(最多获得30点)"
    },
    {
      "id": 1080521,
      "name": "黏液腐蚀",
      "desc": "速度值最高的1名友方单位使目标震颤引爆 时，使目标增加2级破裂 强度"
    },
    {
      "id": 1060501,
      "name": "激活再生安瓿",
      "desc": "受到攻击时，若现存体力不高于体力上限的20%，使自身恢复体力上限90%的体力并获得1层K公司的安瓿 。\n以上效果触发后，本场战斗期中每回合对自身施加1层易损 (每场战斗最多1次)"
    },
    {
      "id": 1060521,
      "name": "高浓度安瓿",
      "desc": "战斗开始时，使现存体力比例最低的1名友方单位获得2层K公司的安瓿 。 "
    },
    {
      "id": 1100601,
      "name": "符咒剥离",
      "desc": "攻击命中时，若目标带有破裂 ，则使自身获得1层符咒 "
    },
    {
      "id": 1100621,
      "name": "祈愿符",
      "desc": "战斗开始时，使现存体力最高的1名友方单位获得(最大共鸣数×2)层符咒 。"
    },
    {
      "id": 1080601,
      "name": "烈火",
      "desc": "目标每带有3层烧伤 ，对其造成的打击伤害+10%(最多+30%)"
    },
    {
      "id": 1080621,
      "name": "烈火",
      "desc": "速度值最低的1名友方单位攻击命中时，目标每带有3层烧伤 ，对其造成的打击伤害+5%(最多+15%)"
    },
    {
      "id": 1050601,
      "name": "rrR-#4装甲增压运作",
      "desc": "回合结束时，每带有5层充能 ，下回合使自身的最大速度值+2(最多+6)"
    },
    {
      "id": 1050621,
      "name": "机动训练",
      "desc": "回合结束时，充能 层数最高的1名友方单位每带有5层充能 ，下回合使其最大速度值+1(最多+3)"
    },
    {
      "id": 1090601,
      "name": "守势呼吸",
      "desc": "战斗开始时，每带有1层呼吸法 使自身获得2点护盾 (最多获得20点)"
    },
    {
      "id": 1090621,
      "name": "目标保护",
      "desc": "战斗开始时，现存体力比例最低的1名友方单位每带有1层呼吸法 ，使其获得1点护盾 (最多获得10点)"
    },
    {
      "id": 1030501,
      "name": "崇高决斗",
      "desc": "若全体友方单位的速度值均高于全体敌方单位，则使自身造成的伤害根据与速度值最低的敌方单位的速度差而增加(速度值每相差1点则增加6%，最多增加30%)"
    },
    {
      "id": 1030521,
      "name": "决斗委托",
      "desc": "若全体友方单位的速度值均高于全体敌方单位，则使速度值最高的友方单位造成的伤害根据与速度值最低的敌方单位的速度差而增加(速度值每相差1点则增加3%，最多增加15%)"
    },
    {
      "id": 1080701,
      "name": "粉碎螃蟹",
      "desc": "攻击命中带有震颤 的单位时，对其施加1层沉沦 。"
    },
    {
      "id": 1080721,
      "name": "凿蟹机",
      "desc": "体力上限最低的1名友方单位攻击正面命中时，令其通过硬币效果对目标施加震颤 层数时额外施加1层沉沦 。"
    },
    {
      "id": 1100701,
      "name": "不稳定功率",
      "desc": "攻击正面命中时，若自身的震颤 层数不低于10层，则通过硬币效果使敌方单位增加的震颤 强度与对敌方单位施加的震颤 层数额外+1"
    },
    {
      "id": 1100721,
      "name": "功率改造",
      "desc": "令体力上限最高的1名友方单位通过攻击技能的技能或硬币效果使目标增加的震颤 强度额外+1级。"
    },
    {
      "id": 1120601,
      "name": "战斗盾牌",
      "desc": "战斗开始时，若自身被2个及以上技能指定为目标，则使自身获得2层防御等级提升 。\n战斗开始时，若现存体力不高于50%，则使自身获得3层防御等级提升 。"
    },
    {
      "id": 1120621,
      "name": "您的盾牌",
      "desc": "战斗开始时，若体力上限最高的1名友方单位被2个及以上技能指定为目标，则使其获得3层防御等级提升 。"
    },
    {
      "id": 1020501,
      "name": "地区保护",
      "desc": "战斗开始时，使仪表盘上位于自身两侧的友方单位获得2层防御等级提升 "
    },
    {
      "id": 1020511,
      "name": "地区保护",
      "desc": "战斗开始时，使仪表盘上位于自身两侧的友方单位获得2层防御等级提升 \n若该2名友方单位现存体力不高于50%，则使其额外获得2层防御等级提升 "
    },
    {
      "id": 1020521,
      "name": "受理保护委托",
      "desc": "战斗开始时，使现存体力比例最低的1名友方单位获得2层防御等级提升 \n若该友方单位现存体力不高于50%，则使其额外获得2层防御等级提升 "
    },
    {
      "id": 1040501,
      "name": "次元魔刃",
      "desc": "击杀敌方单位时，使自身获得2层充能 (每回合最多3次)"
    },
    {
      "id": 1040521,
      "name": "次元折射刃 - Type: Blade Mk7",
      "desc": "体力上限最低的1名友方单位击杀敌方单位时，使该友方单位获得2层充能 (每回合最多1次)"
    },
    {
      "id": 1060601,
      "name": "清扫业务娴熟",
      "desc": "战斗开始时，若自身的充能 层数不低于5层，则下回合使自身获得2层迅捷 "
    },
    {
      "id": 1060621,
      "name": "传递列车清扫手册",
      "desc": "战斗开始时，若速度值最低的1名友方单位的充能 层数不低于5层，则下回合使其获得2层迅捷 "
    },
    {
      "id": 1070601,
      "name": "直觉洞悉",
      "desc": "使用目标抗性为“致命”(高于×1.5)的技能攻击目标时，通过技能使目标增加的破裂 强度额外+1级",
      "summary": "使用目标抗性为“致命”的技能攻击目标时，使目标增加的破裂 强度额外+1级"
    },
    {
      "id": 1070611,
      "name": "直觉洞悉",
      "desc": "使用目标抗性为“致命”(高于×1.5)的技能攻击目标时，通过技能使目标增加的破裂 强度额外+1级\n战斗开始时，若包含自身在内队伍中属于Seven协会收尾人的友方单位不低于4名，则再使目标增加的破裂 强度额外+1级",
      "summary": "使用目标抗性为“致命”的技能攻击目标时，使目标增加的破裂 强度额外+1级\n包含自身在内队伍中属于Seven协会收尾人的友方单位不低于4名时，再使目标增加的破裂 强度额外+1级"
    },
    {
      "id": 1070621,
      "name": "连点成线",
      "desc": "体力上限最高的1名友方单位使用目标抗性为“致命”(高于×1.5)的技能攻击目标时，令其通过技能使目标增加的破裂 强度额外+1级",
      "summary": "体力上限最高的1名友方单位使用目标抗性为“致命”的技能攻击目标时，令其使目标增加的破裂 强度额外+1级"
    },
    {
      "id": 1070631,
      "name": "连点成线",
      "desc": "体力上限最高的1名友方单位使用目标抗性为“致命”(高于×1.5)的技能攻击目标时，令其通过技能使目标增加的破裂 强度额外+1级\n若该友方单位属于Seven协会收尾人，则再令其使目标增加的破裂 强度额外+1级",
      "summary": "体力上限最高的1名友方单位使用目标抗性为“致命”的技能攻击目标时，令其使目标增加的破裂 强度额外+1级\n若该友方单位属于Seven协会收尾人，则再令其使目标增加的破裂 强度额外+1级"
    },
    {
      "id": 1020601,
      "name": "在茶冷掉之前…",
      "desc": "使用目标抗性为“脆弱”或“致命”(高于×1)的技能攻击目标时，目标每带有1级破裂 强度，使自身在攻击前增加1级呼吸法 强度(每回合最多20次)",
      "summary": "使用目标抗性为“脆弱”或“致命”的技能攻击目标时，目标每带有1级破裂 强度，使自身在攻击前增加1级呼吸法 强度"
    },
    {
      "id": 1020621,
      "name": "Seven协会的下午茶时间",
      "desc": "速度值最高的1名友方单位使用目标抗性为“致命”(高于×1.5)的技能攻击目标时，目标每带有1级破裂 强度，使其造成的伤害+1.5%(最多+15%)",
      "summary": "速度值最高的1名友方单位使用目标抗性为“致命”的技能攻击目标时，根据目标带有的破裂 强度，相应增加造成的伤害"
    },
    {
      "id": 1020631,
      "name": "Seven协会的下午茶时间",
      "desc": "速度值最高的1名友方单位使用目标抗性为“脆弱”或“致命”(高于×1)的技能攻击目标时，目标每带有1级破裂 强度，使其造成的伤害+1.5%(最多+15%)\n若该友方单位属于Seven协会收尾人，则再使其造成的伤害额外+0.5%(最多+5%)",
      "summary": "速度值最高的1名友方单位使用目标抗性为“脆弱”或“致命”的技能攻击目标时，根据目标带有的破裂 强度，相应增加造成的伤害\n若该友方单位属于Seven协会收尾人，则进一步增加造成的伤害"
    },
    {
      "id": 1010501,
      "name": "越战越勇…",
      "desc": "使敌方单位震颤引爆 时，每前移4点混乱阈值，对其施加1层防御等级降低 (每名敌方单位，每回合最多5层)"
    },
    {
      "id": 1010521,
      "name": "收拾残局",
      "desc": "体力上限最低的1名友方单位使敌方单位震颤引爆 时，每前移4点混乱阈值，下回合对其施加1层防御等级降低 (每名敌方单位，每个回合最多3层)"
    },
    {
      "id": 1110501,
      "name": "英勇事迹",
      "desc": "使敌方单位震颤引爆 时，对其造成混乱阈值前移量30%的怠惰伤害(最多20。向下取整)"
    },
    {
      "id": 1110521,
      "name": "恩威并用",
      "desc": "令震颤 层数最高的1名友方单位通过技能效果对自身施加的震颤 层数额外+1层"
    },
    {
      "id": 1090701,
      "name": "开悟之光",
      "desc": "根据本回合自身受到的伤害，下回合使自身获得相应层数的打击伤害强化 。\n(计入护盾受到的伤害。受到自身体力上限25%的伤害时，回合开始时获得最多层数。打击伤害强化 最多获得层数：5)\n回合结束时，若自身带有3层所解真知 ，则解除自身带有的1种负面状态"
    },
    {
      "id": 1090721,
      "name": "传道使命",
      "desc": "体力上限最高的1名友方单位根据本回合受到的伤害，下回合使其获得相应层数的打击伤害强化 。\n(计入护盾受到的伤害。受到自身体力上限15%的伤害时，回合开始时获得最多层数。打击伤害强化 最多获得层数：3)"
    },
    {
      "id": 1060701,
      "name": "锈蚀吊钩",
      "desc": "击杀目标时，下回合使自身获得1层强壮 (每回合最多1次)"
    },
    {
      "id": 1060721,
      "name": "量产型活体装备",
      "desc": "速度值最高的1名友方单位击杀带有流血 的敌方单位时，下回合使该友方单位获得1层强壮 (每回合最多1次)"
    },
    {
      "id": 1020701,
      "name": "被迫的悔恨",
      "desc": "- 进行拼点时，若目标带有的负面状态不少于3种，则使其拼点威力-1\n- 敌方单位被震颤引爆 时，若自身存活，则对该敌方单位施加2层防御等级降低 。(每名敌方单位，每回合最多1次)\n- 精神污染：回合结束时若自身的理智值不高于-25点，则下回合对自身施加2层束缚 并获得1层打击强壮 "
    },
    {
      "id": 1020711,
      "name": "被迫的悔恨",
      "desc": "- 进行拼点时，目标每带有3种负面状态，使其拼点威力-1(最多-2)\n- 敌方单位被震颤引爆 时，若自身存活，则对该敌方单位施加2层防御等级降低 。(每名敌方单位，每回合最多3次)\n- 精神污染：回合结束时若自身的理智值不高于-25点，则下回合对自身施加2层束缚 并获得1层打击强壮 "
    },
    {
      "id": 1020721,
      "name": "压迫工作",
      "desc": "速度值最低的1名友方单位进行拼点时，若目标带有不少于3种负面状态，则使目标的拼点威力-1"
    },
    {
      "id": 1010601,
      "name": "放空思绪",
      "desc": "- 回合结束时，自身每带有5层充能 ，下回合使自身获得1层迅捷 (最多2层)\n- 自身技能消耗充能 层数时，使现存体力比例最低的1名友方单位获得3层充能力场 "
    },
    {
      "id": 1010611,
      "name": "放空思绪",
      "desc": "- 回合结束时，自身每带有5层充能 ，下回合使自身获得1层迅捷 (最多3层)\n- 自身技能消耗充能 层数时，使现存体力比例最低的1名友方单位获得3层充能力场 "
    },
    {
      "id": 1010621,
      "name": "清扫示范培训",
      "desc": "使充能 层数最高的1名友方单位对带有破裂 的目标造成的伤害增加(每级破裂 强度使造成的伤害+1.5%，最多+15%)"
    },
    {
      "id": 1120701,
      "name": "子弹很贵",
      "desc": "- 正面命中带有流血 的目标时，使自身获得1层不义之财 。(最多4层)\n- 若消耗了所有弹药 ，命中时暴击则消耗所有不义之财 并对目标追加本硬币伤害量(5×不义之财 层数)%的伤害。"
    },
    {
      "id": 1120702,
      "name": "子弹很贵",
      "desc": "- 常驻效果：关卡开始时，带有7发弹药 \n- 正面命中带有流血 的目标时，使自身获得1层不义之财 。(最多4层)\n- 若硬币命中目标时消耗了弹药 ，则消耗所有不义之财 并追加本硬币伤害量(25×不义之财 层数)%的伤害。\n- 若消耗了所有弹药 ，命中时暴击则消耗所有不义之财 并对目标追加本硬币伤害量(5×不义之财 层数)%的伤害。"
    },
    {
      "id": 1120721,
      "name": "开个气孔",
      "desc": "呼吸法 强度最高的1名友方单位击杀敌方单位时，下回合使该友方单位获得1层突刺伤害强化 。(每回合最多1次)"
    },
    {
      "id": 1040601,
      "name": "烟·休",
      "desc": "回合结束时，若自身的呼吸法 强度不低于7级，则使自身恢复8点理智值。"
    },
    {
      "id": 1040602,
      "name": "烟·休",
      "desc": "- 常驻效果：关卡开始时，带有7发弹药 \n回合结束时，若自身的呼吸法 强度不低于7级，则使自身恢复8点理智值。"
    },
    {
      "id": 1040611,
      "name": "烟·休",
      "desc": "- 常驻效果：关卡开始时，带有7发弹药 \n- 回合结束时，若自身的呼吸法 强度不低于7级，则使自身恢复8点理智值。\n- 若已达到最大理智值，则下回合使自身增加1级呼吸法 强度"
    },
    {
      "id": 1040621,
      "name": "独头烟",
      "desc": "若弹药 数最低的1名友方单位通过技能消耗了最后的弹药 ，则使该技能在攻击结束后对目标追加伤害量50%的伤害。"
    },
    {
      "id": 1040631,
      "name": "独头烟",
      "desc": "- 若弹药 数最低的1名友方单位通过技能消耗了弹药 ，则使其增加3级呼吸法 强度。(每回合最多1次，不对未带有弹药 的友方单位生效)\n- 若弹药 数最低的1名友方单位通过技能消耗了最后的弹药 ，则使该技能在攻击结束后对目标追加伤害量50%的伤害。"
    },
    {
      "id": 1030601,
      "name": "仇怨纹身",
      "desc": "- 包含自身在内的友方单位每受到3次攻击，下回合使自身获得1层嫉妒伤害强化 (最多5层)\n- 回合结束时，为本回合对友方单位造成最多技能伤害的1名敌方单位施加报复对象 \n- 攻击时，若主要目标带有报复对象 ，则使自身最终威力+1"
    },
    {
      "id": 1030611,
      "name": "仇怨纹身",
      "desc": "- 包含自身在内的友方单位每受到3次攻击，下回合使自身获得1层嫉妒伤害强化 (最多5层)\n- 回合结束时，为本回合对友方单位造成最多技能伤害的1名敌方单位施加报复对象 \n- 攻击时，若主要目标带有报复对象 ，则使自身硬币威力+1"
    },
    {
      "id": 1030621,
      "name": "偏袒",
      "desc": "除体力上限最低的1名友方单位以外的友方单位每受到6次攻击，下回合使体力上限最低的1名友方单位获得1层打击伤害强化 (最多2层)"
    },
    {
      "id": 1050701,
      "name": "忠义",
      "desc": "- 回合结束时，为本回合对友方单位造成最多技能伤害的1名敌方单位施加报复对象 \n- 攻击时，若主要目标带有报复对象 ，则使自身最终威力+1\n- 若有除自身以外属于中指的友方单位存活，每回合结束时使自身恢复6点理智值"
    },
    {
      "id": 1050711,
      "name": "忠义",
      "desc": "- 回合结束时，为本回合对友方单位造成最多技能伤害的1名敌方单位施加报复对象 \n- 攻击时，若主要目标带有报复对象 ，则使自身最终威力+1\n- 若有除自身以外属于中指的友方单位存活，每回合结束时使该单位与自身恢复6点理智值"
    },
    {
      "id": 1050721,
      "name": "一家人",
      "desc": "回合结束时，若有与理智值最低的1名友方单位属于同一阵营的其他友方单位存活，则使理智值最低的1名友方单位恢复10点理智值"
    },
    {
      "id": 1070701,
      "name": "残缺纹身",
      "desc": "每当友方单位(包括自身)受到攻击时，下回合使自身获得1层[AttackUp]与1层[DefenseUp](最多6层)。\n现存体力越低，造成的伤害越高。\n-自身每失去1%体力，使造成的伤害+0.4%。",
      "summary": "受到攻击时，下回合使自身获得1层[AttackUp]与1层[DefenseUp]。现存体力越低，造成的伤害越高。"
    },
    {
      "id": 1070711,
      "name": "残缺纹身",
      "desc": "每当友方单位(包括自身)受到攻击时，下回合使自身获得1层[AttackUp]与1层[DefenseUp]。若受到攻击的友方单位属于裴廓德号，则改为获得2层[AttackUp]与2层[DefenseUp]。(最多9层)\n现存体力越低，造成的伤害越高。\n-自身每失去1%体力，使造成的伤害+1%。",
      "summary": "受到攻击时，下回合使自身获得1层[AttackUp]与1层[DefenseUp]。现存体力越低，造成的伤害越高。"
    },
    {
      "id": 1070721,
      "name": "迫切",
      "desc": "体力上限最高的1名友方单位现存体力越低，其造成的突刺伤害越高\n-自身每失去1%体力，使造成的伤害+0.15%(最多+15%)",
      "summary": "体力上限最高的1名友方单位现存体力越低，其造成的突刺伤害越高"
    },
    {
      "id": 1070731,
      "name": "迫切",
      "desc": "体力上限最高的1名友方单位现存体力越低，其造成的突刺伤害越高\n-自身每失去1%体力，使造成的伤害+0.3%(最多+30%)",
      "summary": "体力上限最高的1名友方单位现存体力越低，其造成的突刺伤害越高"
    },
    {
      "id": 1010701,
      "name": "大副的鱼叉",
      "desc": "技能暴击时使目标增加的流血 强度额外+2级(每回合最多6次)"
    },
    {
      "id": 1010721,
      "name": "大副的本领",
      "desc": "呼吸法 强度最高的1名友方单位暴击时，令其技能使目标增加的流血 强度额外+2级(每回合最多6次)"
    },
    {
      "id": 1110601,
      "name": "卸力",
      "desc": "闪避成功时，下回合使自身获得1层迅捷 (最多3层)"
    },
    {
      "id": 1110611,
      "name": "卸力",
      "desc": "闪避成功时，下回合使自身获得1层迅捷 ；使自身的混乱阈值后移5(最多3次)"
    },
    {
      "id": 1110621,
      "name": "导师的指导",
      "desc": "若速度值最高的1名友方单位的速度值高于全体敌方单位，则使该友方单位的拼点威力+1"
    },
    {
      "id": 1110631,
      "name": "导师的指导",
      "desc": "若速度值最高的1名友方单位的速度值高于全体敌方单位，则使该友方单位的拼点威力+1\n若该友方单位属于Cinq协会收尾人，则使其造成的突刺伤害+10%"
    },
    {
      "id": 1100801,
      "name": "沉睡的杀意",
      "desc": "回合结束时，自身每带有5层呼吸法 ，在下回合使自身最大速度值+2(最多+6)"
    },
    {
      "id": 1100811,
      "name": "沉睡的杀意",
      "desc": "回合结束时，自身每带有5层呼吸法 ，在下回合使自身最大速度值+2(最多+6)\n战斗开始时，若全体友方单位的速度值均高于全体敌方单位，则获得1层突刺伤害强化 "
    },
    {
      "id": 1100821,
      "name": "太慢了",
      "desc": "速度值最高的1名友方单位闪避成功时，下回合使其获得1层迅捷 (最多5层)"
    },
    {
      "id": 1110701,
      "name": "神射手的烟斗",
      "desc": "若主要目标的防御等级被减少至少4级，则在攻击前使自身增加(主要目标的烧伤强度/2)级呼吸法 强度(每回合最多20级)"
    },
    {
      "id": 1110711,
      "name": "神射手的烟斗",
      "desc": "若主要目标的防御等级被减少至少4级，则在攻击前使自身增加(主要目标的烧伤强度)级呼吸法 强度(每回合最多20级)"
    },
    {
      "id": 1110721,
      "name": "委托工作",
      "desc": "使理智值最高的1名友方单位E.G.O技能造成的伤害+10%"
    },
    {
      "id": 1110731,
      "name": "委托工作",
      "desc": "使理智值最高的1名友方单位E.G.O技能造成的伤害+10%\n若该E.G.O技能消耗的罪孽碎片不低于7，则使该技能造成的伤害额外+5%"
    },
    {
      "id": 1030701,
      "name": "嚼嚼嚼",
      "desc": "若自身的行动槽带有挑衅值 ，则使自身拼点威力+1\n命中链接技能时攻击技能指定自身为目标的敌方单位时，使自身恢复4点体力(若是异想体，则每个部位单独判定)"
    },
    {
      "id": 1030711,
      "name": "嚼嚼嚼",
      "desc": "若自身的行动槽带有挑衅值 ，则使自身拼点威力+1\n命中链接技能时攻击技能指定自身为目标的敌方单位时，使自身恢复6点体力(若是异想体，则每个部位单独判定)"
    },
    {
      "id": 1030721,
      "name": "诱捕幻灯",
      "desc": "行动槽挑衅值 最高的1名友方单位命中链接技能时技能指定自身为目标的敌方单位时，使该友方单位恢复2点体力(不对未带有挑衅值 的单位生效)"
    },
    {
      "id": 1030731,
      "name": "诱捕幻灯",
      "desc": "行动槽挑衅值 最高的1名友方单位命中链接技能时技能指定自身为目标的敌方单位时，使该友方单位恢复4点体力(不对未带有挑衅值 的单位生效)"
    },
    {
      "id": 1060801,
      "name": "以钥窥视",
      "desc": "丢弃 技能时，根据被丢弃技能的级别，使自身获得相应层数的伤害强化 (每回合最多3层)"
    },
    {
      "id": 1060811,
      "name": "以钥窥视",
      "desc": "丢弃 技能时，根据被丢弃技能的级别，使自身获得相应层数的伤害强化 (每回合最多3层)\n除自身以外的友方单位丢弃 技能时，若被丢弃技能的级别高于自身的所解真知 层数，则使自身获得1层所解真知 "
    },
    {
      "id": 1060821,
      "name": "醒悟",
      "desc": "理智值最低的1名友方单位攻击后，若使目标陷入混乱或击杀目标，则使该友方单位恢复7点理智值"
    },
    {
      "id": 1010801,
      "name": "沉淀的知识",
      "desc": "受到攻击时，使攻击者增加1级沉沦 强度(最多4次)"
    },
    {
      "id": 1010811,
      "name": "沉淀的知识",
      "desc": "受到攻击时，使攻击者增加1级沉沦 强度。若自身带有护盾时受到攻击，则使攻击者额外增加1级沉沦 强度(最多4次)"
    },
    {
      "id": 1010821,
      "name": "重复的知识",
      "desc": "速度值最高的1名友方单位丢弃 技能时，使其获得体力上限(3×被丢弃技能的级别)%的护盾(每回合最多1次)"
    },
    {
      "id": 1010831,
      "name": "重复的知识",
      "desc": "速度值最高的1名友方单位丢弃 技能时，使其获得体力上限(5×被丢弃技能的级别)%的护盾(每回合最多2次)"
    },
    {
      "id": 1080801,
      "name": "裴廓德号的船长",
      "desc": "- 自身攻击结束后，若目标阵亡，\n- 下回合使自身获得加热的燃气捕鲸叉 。\n- 使除自身以外理智值最低的1名友方单位恢复7点理智值。\n- 若该友方单位属于裴廓德号，则使其额外恢复5点理智值。"
    },
    {
      "id": 1080802,
      "name": "狩猎时间",
      "desc": "若目标为<大湖生物>，则使自身对其造成的伤害+10%。"
    },
    {
      "id": 1080811,
      "name": "裴廓德号的船长",
      "desc": "- 自身攻击结束后，若目标阵亡，\n- 使自身增加4级呼吸法 强度并使自身获得2层呼吸法 ，下回合使自身获得过热的燃气捕鲸叉 。\n- 使除自身以外理智值最低的2名友方单位恢复7点理智值并使其增加4级呼吸法 强度。\n- 若该友方单位属于裴廓德号，则使其额外恢复5点理智值，下回合使其获得1层突刺强壮 (每回合最多1次)。"
    },
    {
      "id": 1080821,
      "name": "船长的命令",
      "desc": "理智值最高的1名友方单位攻击结束时，若目标阵亡则使该友方单位增加2级呼吸法 强度(每回合最多2次)"
    },
    {
      "id": 1080831,
      "name": "船长的命令",
      "desc": "理智值最高的1名友方单位攻击结束时，若目标阵亡则使该友方单位增加2级呼吸法 强度并使其获得2层呼吸法 (每回合最多2次)"
    },
    {
      "id": 1050801,
      "name": "故土剑术",
      "desc": "本场战斗中，受到使自身体力降至0点的伤害时，无视该伤害，本回合自身的体力不会低于1点(每场战斗最多1次)。\n\n通过自身的技能或硬币效果使自身增加呼吸法 强度或获得呼吸法 层数时，使除自身以外未带有呼吸法 或呼吸法 强度最低且属于剑契组的2名友方单位增加1级呼吸法 强度并使其获得1层呼吸法 \n- 若参战的属于剑契组成员的友方单位不低于6名，则改为增加2级呼吸法 强度并获得2层呼吸法 "
    },
    {
      "id": 1050811,
      "name": "故土剑术",
      "desc": "本场战斗中，受到使自身体力降至0点的伤害时，无视该伤害，本回合自身的体力不会低于1点(每场战斗最多1次)。\n\n通过自身的技能或硬币效果使自身增加呼吸法 强度或获得呼吸法 层数时，使除自身以外未带有呼吸法 或呼吸法 强度最低且属于剑契组的2名友方单位增加1级呼吸法 强度并使其获得1层呼吸法 \n- 若参战的属于剑契组成员的友方单位不低于6名，则改为增加2级呼吸法 强度并获得2层呼吸法 \n\n战斗开始时，使除自身以外属于剑契组成员的全体友方单位获得故土剑术 "
    },
    {
      "id": 1050821,
      "name": "故土剑术",
      "desc": "使战斗开始时呼吸法 强度最高的1名友方单位斩击技能暴击时造成的伤害+15%"
    },
    {
      "id": 1020801,
      "name": "血绽如梅",
      "desc": "暴击时，对目标施加1层红梅 。(最多3层)"
    },
    {
      "id": 1020811,
      "name": "血绽如梅",
      "desc": "暴击时，对目标施加1层红梅 。若目标带有10层红梅 ，则改为施加1层防御等级降低 (最多6层)"
    },
    {
      "id": 1020821,
      "name": "缠绵剑锋",
      "desc": "首个编入的友方单位斩击技能暴击时，对目标施加1层防御等级降低 (每回合每名敌方单位最多3层)"
    },
    {
      "id": 1030801,
      "name": "共同呼吸",
      "desc": "通过自身的技能或硬币效果使自身增加呼吸法 强度时，使未带有呼吸法 或呼吸法 强度最低的1名友方单位增加1级呼吸法 强度(最多3级)"
    },
    {
      "id": 1030811,
      "name": "共同呼吸",
      "desc": "通过自身的技能或硬币效果使自身增加呼吸法 强度时，使未带有呼吸法 或呼吸法 强度最低的1名友方单位增加1级呼吸法 强度(最多5级)"
    },
    {
      "id": 1030821,
      "name": "信步夜游",
      "desc": "呼吸法 强度最低的1名友方单位通过其技能或硬币效果增加呼吸法 强度时，令其增加的呼吸法 强度额外+1级(最多2次，不对未带有呼吸法 的友方单位生效)"
    },
    {
      "id": 1030831,
      "name": "信步夜游",
      "desc": "呼吸法 强度最低的1名友方单位通过其技能或硬币效果增加呼吸法 强度时，令其增加的呼吸法 强度额外+2级(最多2次，不对未带有呼吸法 的友方单位生效)"
    },
    {
      "id": 1120801,
      "name": "黑云道",
      "desc": "拼点胜利时，使目标增加1级流血 强度(最多3级)"
    },
    {
      "id": 1120821,
      "name": "黑云剑法",
      "desc": "速度值最低的1名友方单位命中流血 强度不低于10级的敌方单位时，下回合对该敌方单位施加1层攻击等级降低 (每回合最多3级)"
    },
    {
      "id": 1120831,
      "name": "黑云剑法",
      "desc": "速度值最低的1名友方单位命中流血 强度不低于7级的敌方单位时，下回合对该敌方单位施加1层攻击等级降低 (每回合最多3级)"
    },
    {
      "id": 1050802,
      "name": "追悼",
      "desc": "若不低于3名属于剑契组成员的友方单位阵亡\n- 通过自身的技能或硬币效果使自身增加呼吸法 强度或获得呼吸法 层数时，使自身额外增加1级呼吸法 强度并使自身获得1层呼吸法 \n- 若不低于5名属于剑契组成员的友方单位阵亡，则改为额外增加2级呼吸法强度并获得2层呼吸法 \n- 战斗开始时，使自身获得故土剑术 "
    },
    {
      "id": 1090801,
      "name": "炽热激情",
      "desc": "目标每带有6级烧伤 强度，使自身造成的伤害+5%(最多+15%)\n战斗开始时，若全体敌方单位的烧伤 强度均不低于6级，则按编队顺序使(最大暴怒完全共鸣数)名友方单位获得1层暴怒伤害强化 \n- 若是集中遭遇战，则改为所有部位",
      "summary": "目标每带有6级烧伤 强度，使自身造成的伤害+5%(最多+15%)\n特定烧伤 与暴怒完全共鸣条件下使友方单位获得正面状态"
    },
    {
      "id": 1090811,
      "name": "炽热激情",
      "desc": "目标每带有6级烧伤 强度，使自身造成的伤害+10%(最多+30%)\n战斗开始时，若全体敌方单位的烧伤 强度均不低于6级，则按编队顺序使(最大暴怒完全共鸣数)名友方单位获得1层暴怒伤害强化 \n- 若是集中遭遇战，则改为所有部位\n- 若该友方单位属于六协会收尾人，则使其获得1层强壮 ",
      "summary": "目标每带有6级烧伤 强度，使自身造成的伤害+10%(最多+30%)\n特定烧伤 与暴怒完全共鸣条件下使友方单位获得正面状态"
    },
    {
      "id": 1090821,
      "name": "热烈鼓舞",
      "desc": "理智值最低的1名友方单位攻击命中时，目标每带有6级烧伤 强度，使该友方单位造成的突刺伤害+5%(最多+15%)"
    },
    {
      "id": 1040701,
      "name": "火焰传递",
      "desc": "自身击杀带有烧伤 的敌方单位时，随机使未带有烧伤 或烧伤 强度最低的1名敌方单位增加4级烧伤 强度(每回合最多1次)\n- 若是集中遭遇战，则改为1个部位",
      "summary": "自身击杀带有烧伤 的敌方单位时，随机使未带有烧伤 或烧伤 强度最低的1名敌方单位增加4级烧伤 强度"
    },
    {
      "id": 1040711,
      "name": "火焰传递",
      "desc": "自身击杀带有烧伤 的敌方单位时，随机使未带有烧伤 或烧伤 强度最低的2名敌方单位增加4级烧伤 强度(每回合最多2次)\n- 若是集中遭遇战，则改为2个部位",
      "summary": "自身击杀带有烧伤 的敌方单位时，随机使未带有烧伤 或烧伤 强度最低的2名敌方单位增加4级烧伤 强度"
    },
    {
      "id": 1040721,
      "name": "传递火焰",
      "desc": "速度值最低的1名友方单位击杀带有烧伤 的敌方单位时，随机使1名敌方单位增加3级烧伤 强度(每回合最多1次)\n- 若是集中遭遇战，则改为1个部位",
      "summary": "速度值最低的1名友方单位击杀带有烧伤 的敌方单位时，随机使1名敌方单位增加3级烧伤 强度"
    },
    {
      "id": 1040731,
      "name": "传递火焰",
      "desc": "速度值最低的1名友方单位击杀带有烧伤 的敌方单位时，随机使2名敌方单位增加3级烧伤 强度(每回合最多1次)\n- 若是集中遭遇战，则改为2个部位",
      "summary": "速度值最低的1名友方单位击杀带有烧伤 的敌方单位时，随机使2名敌方单位增加3级烧伤 强度"
    },
    {
      "id": 1070801,
      "name": "严肃的监督",
      "desc": "目标每带有6级震颤 强度，造成的伤害+5%(最多+15%)",
      "summary": ""
    },
    {
      "id": 1070811,
      "name": "严肃的监督",
      "desc": "目标每带有6级震颤 强度，造成的伤害+10%(最多+30%)\n通过自身的技能效果使目标转换为震颤-崩坏 时，使目标震颤引爆 ",
      "summary": ""
    },
    {
      "id": 1070821,
      "name": "确认义务履行",
      "desc": "使速度值最高的1名友方单位增加震颤 强度或施加震颤 层数的技能的拼点威力+1",
      "summary": ""
    },
    {
      "id": 1050901,
      "name": "赚取时间",
      "desc": "与带有破裂 的目标进行拼点时，拼点威力+1",
      "summary": "与带有破裂 的目标进行拼点时，拼点威力+1"
    },
    {
      "id": 1050921,
      "name": "我来负责",
      "desc": "速度值最高的1名友方单位攻击破裂 强度不低于6级的目标时，对该目标施加1层攻击等级降低 (每回合每名敌方单位最多3层)",
      "summary": "攻击破裂 强度不低于6级的目标时，对其施加1层攻击等级降低 "
    },
    {
      "id": 1050931,
      "name": "我来负责",
      "desc": "速度值最高的1名友方单位攻击破裂 强度不低于3级的目标时，对该目标施加1层攻击等级降低 (每回合每名敌方单位最多3层)",
      "summary": "攻击破裂 强度不低于3级的目标时，对其施加1层攻击等级降低 "
    },
    {
      "id": 1110801,
      "name": "夫人在叫我…！",
      "desc": "- 与理智值低于-25点的目标拼点时，使自身的拼点威力+1，造成的伤害+10%\n- 对带有[EchoOfMansion]的目标造成的伤害+15%\n- 拼点胜利时，若自身没有硬币被摧毁，则使自身恢复10点理智值。若已达到最大理智值，则下回合使自身获得2层攻击等级提升 (每回合最多2次)",
      "summary": "与低理智值的目标拼点时，拼点威力+1，造成的伤害+10%\n对带有[EchoOfMansion]的目标造成的伤害+15%\n拼点胜利时恢复理智值"
    },
    {
      "id": 1110811,
      "name": "夫人在叫我…！",
      "desc": "- 与理智值低于0点的目标拼点时，使自身的拼点威力+1，造成的伤害+20%\n- 对带有[EchoOfMansion]的目标造成的伤害+30%\n- 拼点胜利时，若自身没有硬币被摧毁，则使自身恢复10点理智值。若已达到最大理智值，则下回合使自身获得3层攻击等级提升 (每回合最多2次)",
      "summary": "与低理智值的目标拼点时，拼点威力+1，造成的伤害+20%\n对带有[EchoOfMansion]的目标造成的伤害+30%\n拼点胜利时恢复理智值"
    },
    {
      "id": 1110821,
      "name": "管家教育",
      "desc": "理智值最高的1名友方单位与理智值低于-25点的目标拼点时，使该友方单位的拼点威力+1",
      "summary": "与理智值低于-25点的目标拼点时，拼点威力+1"
    },
    {
      "id": 1110831,
      "name": "管家教育",
      "desc": "理智值最高的1名友方单位与理智值低于-25点的目标拼点时，使该友方单位的拼点威力+1",
      "summary": "与理智值低于-25点的目标拼点时，拼点威力+1"
    },
    {
      "id": 1050911,
      "name": "赚取时间",
      "desc": "与带有破裂 的目标进行拼点时，拼点威力+1\n若目标的破裂 层数不低于5层，则使自身拼点威力+2",
      "summary": ""
    },
    {
      "id": 1020901,
      "name": "管家式应对",
      "desc": "- 拼点胜利时，使目标增加1级沉沦 强度(每回合最多3次)",
      "summary": "拼点胜利时使目标增加1级沉沦 强度"
    },
    {
      "id": 1020911,
      "name": "管家式应对",
      "desc": "- 拼点胜利时，使目标增加1级沉沦 强度(每回合最多3次)\n- 若目标带有[EchoOfMansion]，则改为增加3级沉沦 强度",
      "summary": "拼点胜利时使目标增加1级沉沦 强度"
    },
    {
      "id": 1020921,
      "name": "以备那日的训练",
      "desc": "理智值最低的1名友方单位攻击命中沉沦 强度不低于5级的目标时，使该友方单位恢复2点理智值(每回合最多4次)",
      "summary": "满足条件时恢复理智值"
    },
    {
      "id": 1020931,
      "name": "以备那日的训练",
      "desc": "理智值最低的1名友方单位攻击命中沉沦 强度不低于5级的目标时，使该友方单位恢复3点理智值(每回合最多4次)",
      "summary": "满足条件时恢复理智值"
    },
    {
      "id": 1120901,
      "name": "无尽噩梦",
      "desc": "- 战斗开始时，自身的理智值与上回合开始时每相差5点，使自身获得1层伤害强化 并对自身施加1层易损 (每回合最多3次)\n- 目标每带有1级沉沦 强度，对其造成的伤害+1%(最多+20%)",
      "summary": ""
    },
    {
      "id": 1120911,
      "name": "无尽噩梦",
      "desc": "- 战斗开始时，自身的理智值与上回合开始时每相差5点，使自身获得1层伤害强化 并对自身施加1层易损 (每回合最多5次)\n- 目标每带有1级沉沦 强度，对其造成的伤害+2%(最多+40%)",
      "summary": ""
    },
    {
      "id": 1120921,
      "name": "饱受折磨",
      "desc": "战斗开始时，使理智值最低的1名友方单位失去7点理智值并获得1层忧郁伤害强化 ",
      "summary": ""
    },
    {
      "id": 1120931,
      "name": "饱受折磨",
      "desc": "战斗开始时，使理智值最低的1名友方单位失去5点理智值并获得1层忧郁伤害强化 ",
      "summary": ""
    },
    {
      "id": 999901,
      "name": "猩红凝视",
      "desc": "回合结束时，对现存体力不低于50%的敌方单位在下回合施加3层束缚 。\n若意图对自身使用技能的敌方单位体力未满，则该敌方单位每剩余体力上限20%的体力，对其施加1层虚弱 。",
      "summary": ""
    },
    {
      "id": 999902,
      "name": "超高温罗马短剑",
      "desc": "罗马短剑技能命中时，对目标施加1层[AaCfPcBi]",
      "summary": ""
    },
    {
      "id": 999903,
      "name": "血泪",
      "desc": "使用技能时，受到体力上限3%的固定伤害(不会因该效果而阵亡)\n攻击结束后，每击杀1名单位，使自身恢复体力上限15%的体力",
      "summary": ""
    },
    {
      "id": 999904,
      "name": "鲜血屏障",
      "desc": "每回合使包含自身在内的全体友方单位获得护盾。\n本场战斗中，包含自身在内的全体友方单位的体力不会低于1点。",
      "summary": ""
    },
    {
      "id": 999905,
      "name": "■■■■的朋友之眼",
      "desc": "可以使用“猩红凝视”",
      "summary": ""
    },
    {
      "id": 999906,
      "name": "心",
      "desc": "根据理智值生成望",
      "summary": ""
    },
    {
      "id": 999907,
      "name": "望",
      "desc": "消耗理智值并生成望。根据望的数量使自身造成的伤害增加",
      "summary": ""
    },
    {
      "id": 1040801,
      "name": "完成家务",
      "desc": "攻击命中带有管·标 的目标时，下回合使自身获得1层迅捷 (每回合最多3次)\n暴击命中带有管·标 的目标时，解除目标的管·标 ；若目标的速度值低于自身，则速度值每相差1点，使暴击时造成的伤害+5% (最多30%)",
      "summary": ""
    },
    {
      "id": 1040811,
      "name": "完成家务",
      "desc": "攻击命中带有管·标 的目标时，使自身获得1层呼吸法 并在下回合获得1层迅捷 (每回合最多3次)\n暴击命中带有管·标 的目标时，解除目标的管·标 ；若目标的速度值低于自身，则速度值每相差1点，使暴击时造成的伤害+10% (最多60%)",
      "summary": ""
    },
    {
      "id": 1040821,
      "name": "指挥清扫",
      "desc": "最后编入的1名友方单位拼点胜利时，使其获得1层呼吸法 (每回合最多3次)",
      "summary": ""
    },
    {
      "id": 1040831,
      "name": "指挥清扫",
      "desc": "最后编入的1名友方单位拼点胜利时，使其获得1层呼吸法 (每回合最多3次)，下回合使其获得1层迅捷 (每回合最多1次)。",
      "summary": ""
    },
    {
      "id": 1080901,
      "name": "掸去积尘",
      "desc": "暴击命中速度值低于自身的目标时，令通过技能使目标增加的负面状态额外增加1级(每回合最多3次)",
      "summary": ""
    },
    {
      "id": 1080921,
      "name": "忠诚的辅助",
      "desc": "速度值最高的1名友方单位攻击带有沉沦 的目标时，目标每带有1级沉沦 强度，使该友方单位造成的伤害+0.5%(最多+10%)",
      "summary": ""
    },
    {
      "id": 1080931,
      "name": "忠诚的辅助",
      "desc": "速度值最高的1名友方单位攻击带有沉沦 的目标时，目标每带有1级沉沦 强度，使该友方单位造成的伤害+1%(最多+20%)",
      "summary": ""
    },
    {
      "id": 1100901,
      "name": "烙印工造/神采奕奕",
      "desc": "令自身通过技能使目标增加的烧伤 强度额外+1级(每回合最多6次)\n若自身处于不稳定E.G.O状态，且理智值高于0点，则使自身的硬币威力+(自身的理智值/20)。若自身的理智值为45点，则改为使自身的硬币威力+3",
      "summary": "通过技能施加的烧伤 强度额外+1级\n根据理智值相应使自身硬币威力增加"
    },
    {
      "id": 1100911,
      "name": "烙印工造/神采奕奕",
      "desc": "令自身通过技能使目标增加的烧伤 强度与对目标施加的烧伤 层数额外+1(每回合最多6次)\n若自身处于不稳定E.G.O状态，且理智值高于0点，则使自身的硬币威力+(自身的理智值/20)。若自身的理智值为45点，则改为使自身的硬币威力+3",
      "summary": "通过技能施加的烧伤 强度与施加的烧伤 层数额外+1\n根据理智值相应使自身硬币威力增加"
    },
    {
      "id": 1100902,
      "name": "不稳定的自我外壳",
      "desc": "回合开始时，若自身的理智值不低于40点，则消耗20点理智值并进入不稳定E.G.O::蜡翼状态。(此后回合开始时不会重复生效)\n若1回合内不低于2名友方单位阵亡，且回合结束时自身的理智值不为-45点，则使自身的理智值变为20点并进入不稳定E.G.O::蜡翼状态。(2个条件同时满足时，适用于理智值较高的结果)\n\n进入不稳定E.G.O状态时，若自身因受到伤害或混乱阈值前移而陷入混乱，则解除自身的混乱。若该混乱状态无法解除，则无法进入不稳定E.G.O状态。\n\n处于不稳定E.G.O状态时，使自身获得[UnstableFeeling]。\n\n回合开始时，若自身的理智值不高于0点，则解除不稳定E.G.O状态。",
      "summary": " "
    },
    {
      "id": 1100921,
      "name": "炽热之刃",
      "desc": "第1顺位的友方单位正面命中时，令其对目标施加1层烧伤 (每回合最多4次)",
      "summary": "正面命中时，对目标施加1层烧伤 "
    },
    {
      "id": 1010901,
      "name": "课题评估",
      "desc": "攻击命中时，若目标的流血 强度不低于6级，则使自身恢复2点理智值。\n目标每带有1种负面状态，使自身额外恢复1点理智值。(最多3点)\n通过上述效果恢复理智值时，若自身的理智值为最大值，则下回合使自身获得1层攻击等级提升 。\n(该被动每回合最多触发4次)",
      "summary": "命中时根据条件使自身恢复理智值。若已达到最大理智值，则下回合使自身获得1层攻击等级提升 "
    },
    {
      "id": 1010911,
      "name": "课题评估",
      "desc": "攻击命中时，若目标的流血 强度不低于4级，则使自身恢复2点理智值。\n目标每带有1种负面状态，使自身额外恢复1点理智值。(最多3点)\n通过上述效果恢复理智值时，若自身的理智值为最大值，则下回合使自身获得2层攻击等级提升 。\n(该被动每回合最多触发4次)",
      "summary": "命中时根据条件使自身恢复理智值。若已达到最大理智值，则下回合使自身获得2层攻击等级提升 "
    },
    {
      "id": 1010921,
      "name": "美学见习",
      "desc": "理智值最低的1名友方单位攻击命中时，目标每带有1种负面状态，使该友方单位恢复2点理智值。(最多6点)\n(该被动每回合最多触发2次)",
      "summary": "命中时，基于目标带有的负面状态数量按比例恢复理智值。"
    },
    {
      "id": 1010931,
      "name": "美学见习",
      "desc": "理智值最低的1名友方单位攻击命中时，目标每带有1种负面状态，使该友方单位恢复2点理智值。(最多6点)\n若目标带有流血 ，使该友方单位额外恢复3点理智值。\n(该被动每回合最多触发2次)",
      "summary": "命中时，基于目标带有的负面状态数量按比例恢复理智值。"
    },
    {
      "id": 1110901,
      "name": "点点",
      "desc": "战斗开始时，使负面状态最少的1名敌方单位增加2级某1种随机效果的强度，该效果可能为烧伤 、流血 、震颤 、破裂 或沉沦 \n(若是集中遭遇战，则改为1个部位)",
      "summary": "战斗开始时，使1名敌方单位增加2级某1种状态效果的强度"
    },
    {
      "id": 1110911,
      "name": "点点",
      "desc": "战斗开始时，使负面状态最少的2名敌方单位增加2级某1种随机效果的强度，该效果可能为烧伤 、流血 、震颤 、破裂 或沉沦 \n(若是集中遭遇战，则改为2个部位)",
      "summary": "战斗开始时，使2名敌方单位增加2级某一种状态效果的强度"
    },
    {
      "id": 1110921,
      "name": "草图",
      "desc": "理智值最低的1名友方单位击杀带有流血 的敌方单位时，使该友方单位恢复4点理智值。\n目标每带有1种负面状态，使该友方单位额外恢复1点理智值。(最多4点，每回合最多1次)",
      "summary": "击杀带有流血 的敌方单位时恢复理智值"
    },
    {
      "id": 1110931,
      "name": "草图",
      "desc": "理智值最低的1名友方单位击杀带有流血 的敌方单位时，使该友方单位恢复4点理智值。\n目标每带有1种负面状态，使该友方单位额外恢复1点理智值。(最多4点，每回合最多3次)",
      "summary": "击杀带有流血 的敌方单位时恢复理智值"
    },
    {
      "id": 1010902,
      "name": "血点彩派",
      "desc": "该人格仅视作施加流血 的人格。对于随机施加烧伤 、流血 、震颤 、破裂 或沉沦 的技能，因该效果而不被视作施加上述关键词的技能。"
    },
    {
      "id": 1110902,
      "name": "血点彩派",
      "desc": "该人格仅视作施加流血 的人格。对于随机施加烧伤 、流血 、震颤 、破裂 或沉沦 的技能，因该效果而不被视作施加上述关键词的技能。"
    },
    {
      "id": 1040901,
      "name": "镇·支",
      "desc": "除自身以外的友方单位使敌方单位陷入混乱时，自身使用1技能对该敌方单位进行攻击。(每回合最多1次)\n若一次有多个敌方单位陷入混乱，则指定现存体力最低的敌方单位。(若是异想体，则先判定本体体力，再判定部位体力)\n通过该效果使用1技能时，令该技能的硬币效果对自身额外施加1层震颤 ，并令最后一枚硬币命中时使目标震颤引爆 。"
    },
    {
      "id": 1040921,
      "name": "助·感",
      "desc": "第1顺位的友方单位通过其技能或硬币效果对自身施加的震颤 层数额外+1层(每回合最多2次)"
    },
    {
      "id": 1060901,
      "name": "震动结合变形战斗拐杖(未许可发明)",
      "desc": "回合结束时，根据自身本回合造成震颤引爆 的次数，下回合使自身获得相应层数的伤害强化 (最多3层)"
    },
    {
      "id": 1060921,
      "name": "如果我是犯人的话…？",
      "desc": "第1顺位的友方单位通过技能或硬币效果造成震颤引爆 时，有25%概率额外震颤引爆 1次(每回合最多1次)"
    },
    {
      "id": 1030901,
      "name": "黄金时间 - 收取",
      "desc": "回合结束时，若现存体力为10%~20%，则立刻使自身恢复体力上限80%的体力。解除混乱状态。(每场战斗最多1次)\n\n自身解除[TimeRentalTwoPersonality]时，下回合使自身1个行动槽的挑衅值 +8"
    },
    {
      "id": 1030921,
      "name": "T公司制物理扭曲场",
      "desc": "使速度值最低的1名友方单位受到来自带有震颤 的敌方单位的伤害-10%"
    },
    {
      "id": 1090901,
      "name": "黄金时间 - 对抗",
      "desc": "回合结束时，若现存体力为16%~20%，则立刻使自身恢复体力上限60%的体力。解除混乱状态。(每场战斗最多1次)\n\n与带有时间延付 的目标拼点时，使自身的拼点威力+2\n受到来自带有时间延付 的敌方单位的伤害-10%"
    },
    {
      "id": 1090921,
      "name": "T公司式格斗术",
      "desc": "速度值最高的1名友方单位与震颤 强度不低于5级的敌方单位拼点时，使该友方单位的拼点威力+1"
    },
    {
      "id": 1051001,
      "name": "自习指示",
      "desc": "除自身以外的友方单位丢弃 技能时，使自身与该友方单位获得1层磨砺学识 (每个技能最多1次，每回合最多3次)\n回合结束时，根据本回合除自身以外丢弃了技能的友方单位数，下回合使自身获得相应层数的突刺伤害强化 与打击伤害强化 (最多3层)"
    },
    {
      "id": 1051021,
      "name": "勤勉学习",
      "desc": "体力上限最高的1名友方单位丢弃 技能时，使其获得体力上限(5×被丢弃技能的级别)%的护盾(每回合最多1次) \n若其带有所解真知 ，则使其获得的护盾变为1.5倍"
    },
    {
      "id": 1111001,
      "name": "过度充能/清扫指示",
      "desc": "本场战斗中，每当自身累计消耗10层充能 时，使自身增加1级充能 强度\n回合结束时，下回合按编队倒序使包括自身在内(自身的充能 强度)名属于W公司职员的友方单位获得1层拼点强壮 (最多5名)"
    },
    {
      "id": 1111021,
      "name": "折射",
      "desc": "使回合开始时充能 层数最高的1名友方单位消耗不低于7层充能 的技能造成的伤害+10%(每回合最多1次)"
    },
    {
      "id": 1021001,
      "name": "电流解体",
      "desc": "本场战斗中，每当自身累计消耗10层充能 时，使自身增加1级充能 强度\n若自身的充能 强度不低于2级，则使自身造成的伤害+(自身的充能 强度×3)%(最多+15%)\n\n击杀敌方单位时，使自身与充能 层数最低的1名友方单位获得层数相当于自身充能 强度的充能 (最多3层，优先适用于拥有消耗或获得充能 的技能的友方单位)",
      "summary": "每当自身累计消耗10层充能 时，使自身增加充能 强度\n充能 强度不低于2级时，造成的伤害增加\n击杀敌方单位时，自身与1名友方单位获得充能 层数"
    },
    {
      "id": 1021011,
      "name": "电流解体",
      "desc": "本场战斗中，每当自身累计消耗10层充能 时，使自身增加1级充能 强度\n若自身的充能 强度不低于2级，则使自身造成的伤害+(自身的充能 强度×3)%(最多+15%)\n- 若目标现存体力不高于50%，则使自身造成的伤害额外+(自身的充能 强度×5)%(最多+25%)\n\n击杀敌方单位时，使自身与充能 层数最低的2名友方单位获得(自身的充能 强度+2)层充能 (最多5层，优先适用于拥有消耗或获得充能 的技能的友方单位)",
      "summary": "每当自身累计消耗10层充能 时，使自身增加充能 强度\n充能 强度不低于2级时，造成的伤害增加\n击杀敌方单位时，自身与2名友方单位获得充能 层数"
    },
    {
      "id": 1021021,
      "name": "解体辅助电流",
      "desc": "充能 层数最低的1名友方单位击杀敌方单位时，使该友方单位获得2层充能 (每回合最多1次，优先适用于拥有消耗或获得充能 的技能的友方单位)"
    },
    {
      "id": 1021031,
      "name": "解体辅助电流",
      "desc": "充能 层数最低的1名友方单位击杀敌方单位时，使该友方单位获得3层充能 (每回合最多1次，优先适用于拥有消耗或获得充能 的技能的友方单位)"
    },
    {
      "id": 1070901,
      "name": "型号L37充能",
      "desc": "本场战斗中，每当自身累计消耗10层充能 时，使自身增加1级充能 强度\n\n回合结束时，若自身的充能 强度不低于2级，则下回合使自身获得1层迅捷 ",
      "summary": "每当自身累计消耗10层充能 时，使自身增加充能 强度"
    },
    {
      "id": 1070911,
      "name": "型号L37充能",
      "desc": "本场战斗中，每当自身累计消耗10层充能 时，使自身增加1级充能 强度\n回合结束时，若自身的充能 强度不低于2级，则下回合使自身获得1层迅捷 \n回合结束时，若自身的充能强度不低于3级，则下回合额外使自身获得1层迅捷 与1层拼点强壮 ",
      "summary": "每当自身累计消耗10层充能 时，使自身增加充能 强度"
    },
    {
      "id": 1070921,
      "name": "充能模块安装",
      "desc": "第1顺位友方单位的最大充能 层数+5\n(满足条件时，本效果会持续到下回合开始)"
    }
  ]
}