{
  "dataList": [
    {
      "id": "10102_getCondition_normal",
      "content": "获得Seven协会 南部6科 李箱"
    },
    {
      "id": "10102_getCondition_gacksung",
      "content": "Seven协会 南部6科 李箱 3阶段同步完成"
    },
    {
      "id": "10103_getCondition_normal",
      "content": "获得剑契组 杀手 李箱"
    },
    {
      "id": "10103_getCondition_gacksung",
      "content": "剑契组 杀手 李箱 3阶段同步完成"
    },
    {
      "id": "10202_getCondition_normal",
      "content": "获得W公司 2级清扫人员 浮士德"
    },
    {
      "id": "10202_getCondition_gacksung",
      "content": "W公司 2级清扫人员 浮士德 3阶段同步完成"
    },
    {
      "id": "10203_getCondition_normal",
      "content": "获得脑叶公司 幸存者 浮士德"
    },
    {
      "id": "10203_getCondition_gacksung",
      "content": "脑叶公司 幸存者 浮士德 3阶段同步完成"
    },
    {
      "id": "10302_getCondition_normal",
      "content": "获得W公司 3级清扫人员 堂吉诃德"
    },
    {
      "id": "10302_getCondition_gacksung",
      "content": "W公司 3级清扫人员 堂吉诃德 3阶段同步完成"
    },
    {
      "id": "10303_getCondition_normal",
      "content": "获得し协会 南部5科科长 堂吉诃德"
    },
    {
      "id": "10303_getCondition_gacksung",
      "content": "し协会 南部5科科长 堂吉诃德 3阶段同步完成"
    },
    {
      "id": "10402_getCondition_normal",
      "content": "获得Seven协会 南部6科 良秀"
    },
    {
      "id": "10402_getCondition_gacksung",
      "content": "Seven协会 南部6科 良秀 3阶段同步完成"
    },
    {
      "id": "10403_getCondition_normal",
      "content": "获得黑云会 若众 良秀"
    },
    {
      "id": "10403_getCondition_gacksung",
      "content": "黑云会 若众 良秀 3阶段同步完成"
    },
    {
      "id": "10502_getCondition_normal",
      "content": "获得六协会 南部6科 默尔索"
    },
    {
      "id": "10502_getCondition_gacksung",
      "content": "六协会 南部6科 默尔索 3阶段同步完成"
    },
    {
      "id": "10503_getCondition_normal",
      "content": "获得W公司 2级清扫人员 默尔索"
    },
    {
      "id": "10503_getCondition_gacksung",
      "content": "W公司 2级清扫人员 默尔索 3阶段同步完成"
    },
    {
      "id": "10602_getCondition_normal",
      "content": "获得黑云会 若众 鸿璐"
    },
    {
      "id": "10602_getCondition_gacksung",
      "content": "黑云会 若众 鸿璐 3阶段同步完成"
    },
    {
      "id": "10603_getCondition_normal",
      "content": "获得豆豆帮 帮主 鸿璐"
    },
    {
      "id": "10603_getCondition_gacksung",
      "content": "豆豆帮 帮主 鸿璐 3阶段同步完成"
    },
    {
      "id": "10702_getCondition_normal",
      "content": "获得し协会 南部5科 希斯克利夫"
    },
    {
      "id": "10702_getCondition_gacksung",
      "content": "し协会 南部5科 希斯克利夫 3阶段同步完成"
    },
    {
      "id": "10703_getCondition_normal",
      "content": "获得R公司 第四集团军 兔子队 希斯克利夫"
    },
    {
      "id": "10703_getCondition_gacksung",
      "content": "R公司 第四集团军 兔子队 希斯克利夫 3阶段同步完成"
    },
    {
      "id": "10802_getCondition_normal",
      "content": "获得R公司 第四集团军 驯鹿队 以实玛利"
    },
    {
      "id": "10802_getCondition_gacksung",
      "content": "R公司 第四集团军 驯鹿队 以实玛利 3阶段同步完成"
    },
    {
      "id": "10803_getCondition_normal",
      "content": "获得し协会 南部5科 以实玛利"
    },
    {
      "id": "10803_getCondition_gacksung",
      "content": "し协会 南部5科 以实玛利 3阶段同步完成"
    },
    {
      "id": "10804_getCondition_normal",
      "content": "获得LCCB 系长 以实玛利"
    },
    {
      "id": "10804_getCondition_gacksung",
      "content": "LCCB 系长 以实玛利 3阶段同步完成"
    },
    {
      "id": "10902_getCondition_normal",
      "content": "获得黑云会 若众 罗佳"
    },
    {
      "id": "10902_getCondition_gacksung",
      "content": "黑云会 若众 罗佳 3阶段同步完成"
    },
    {
      "id": "10903_getCondition_normal",
      "content": "获得LCCB 系长 罗佳"
    },
    {
      "id": "10903_getCondition_gacksung",
      "content": "LCCB 系长 罗佳 3阶段同步完成"
    },
    {
      "id": "11002_getCondition_normal",
      "content": "获得剑契组 杀手 辛克莱"
    },
    {
      "id": "11002_getCondition_gacksung",
      "content": "剑契组 杀手 辛克莱 3阶段同步完成"
    },
    {
      "id": "11003_getCondition_normal",
      "content": "获得Zwei协会 南部6科 辛克莱"
    },
    {
      "id": "11003_getCondition_gacksung",
      "content": "Zwei协会 南部6科 辛克莱 3阶段同步完成"
    },
    {
      "id": "11004_getCondition_normal",
      "content": "获得流浪乐队 头目 辛克莱"
    },
    {
      "id": "11004_getCondition_gacksung",
      "content": "流浪乐队 头目 辛克莱 3阶段同步完成"
    },
    {
      "id": "11102_getCondition_normal",
      "content": "获得剑契组 杀手 奥提斯"
    },
    {
      "id": "11102_getCondition_gacksung",
      "content": "剑契组 杀手 奥提斯 3阶段同步完成"
    },
    {
      "id": "11103_getCondition_normal",
      "content": "获得G公司 部长 奥提斯"
    },
    {
      "id": "11103_getCondition_gacksung",
      "content": "G公司 部长 奥提斯 3阶段同步完成"
    },
    {
      "id": "11202_getCondition_normal",
      "content": "获得六协会 南部6科 格里高尔"
    },
    {
      "id": "11202_getCondition_gacksung",
      "content": "六协会 南部6科 格里高尔 3阶段同步完成"
    },
    {
      "id": "11203_getCondition_normal",
      "content": "获得G公司 科长代理 格里高尔"
    },
    {
      "id": "11203_getCondition_gacksung",
      "content": "G公司 科长代理 格里高尔 3阶段同步完成"
    },
    {
      "id": "10504_getCondition_normal",
      "content": "获得N公司 大锤 默尔索"
    },
    {
      "id": "10504_getCondition_gacksung",
      "content": "N公司 大锤 默尔索 3阶段同步完成"
    },
    {
      "id": "10904_getCondition_normal",
      "content": "获得N公司 中锤 罗佳"
    },
    {
      "id": "10904_getCondition_gacksung",
      "content": "N公司 中锤 罗佳 3阶段同步完成"
    },
    {
      "id": "10204_getCondition_normal",
      "content": "获得执柄者 浮士德"
    },
    {
      "id": "10204_getCondition_gacksung",
      "content": "执柄者 浮士德 3阶段同步完成"
    },
    {
      "id": "10704_getCondition_normal",
      "content": "获得N公司 小锤 希斯克利夫"
    },
    {
      "id": "10704_getCondition_gacksung",
      "content": "N公司 小锤 希斯克利夫 3阶段同步完成"
    },
    {
      "id": "11104_getCondition_normal",
      "content": "获得Seven协会 南部6科科长 奥提斯"
    },
    {
      "id": "11104_getCondition_gacksung",
      "content": "Seven协会 南部6科科长 奥提斯 3阶段同步完成"
    },
    {
      "id": "10604_getCondition_normal",
      "content": "获得六协会 南部5科 鸿璐"
    },
    {
      "id": "10604_getCondition_gacksung",
      "content": "六协会 南部5科 鸿璐 3阶段同步完成"
    },
    {
      "id": "10404_getCondition_normal",
      "content": "获得良・派 厨师长 良秀"
    },
    {
      "id": "10404_getCondition_gacksung",
      "content": "良・派 厨师长 良秀 3阶段同步完成"
    },
    {
      "id": "11204_getCondition_normal",
      "content": "获得良・派 帮厨 格里高尔"
    },
    {
      "id": "11204_getCondition_gacksung",
      "content": "良・派 帮厨 格里高尔 3阶段同步完成"
    },
    {
      "id": "10304_getCondition_normal",
      "content": "获得N公司 中锤 堂吉诃德"
    },
    {
      "id": "10304_getCondition_gacksung",
      "content": "N公司 中锤 堂吉诃德 3阶段同步完成"
    },
    {
      "id": "11005_getCondition_normal",
      "content": "获得准执柄者 辛克莱"
    },
    {
      "id": "11005_getCondition_gacksung",
      "content": "准执柄者 辛克莱 3阶段同步完成"
    },
    {
      "id": "10905_getCondition_normal",
      "content": "获得玫瑰扳手工坊 代表 罗佳"
    },
    {
      "id": "10905_getCondition_gacksung",
      "content": "玫瑰扳手工坊 代表 罗佳 3阶段同步完成"
    },
    {
      "id": "10505_getCondition_normal",
      "content": "获得玫瑰扳手工坊 收尾人 默尔索"
    },
    {
      "id": "10505_getCondition_gacksung",
      "content": "玫瑰扳手工坊 收尾人 默尔索 3阶段同步完成"
    },
    {
      "id": "10705_getCondition_normal",
      "content": "获得脑叶公司E.G.O::狐雨 希斯克利夫"
    },
    {
      "id": "10705_getCondition_gacksung",
      "content": "脑叶公司E.G.O::狐雨 希斯克利夫 3阶段同步完成"
    },
    {
      "id": "11205_getCondition_normal",
      "content": "获得玫瑰扳手工坊 收尾人 格里高尔"
    },
    {
      "id": "11205_getCondition_gacksung",
      "content": "玫瑰扳手工坊 收尾人 格里高尔 3阶段同步完成"
    },
    {
      "id": "10104_getCondition_normal",
      "content": "获得绽放E.G.O::山茶花 李箱 "
    },
    {
      "id": "10104_getCondition_gacksung",
      "content": "绽放E.G.O::山茶花 李箱 3阶段同步完成"
    },
    {
      "id": "10805_getCondition_normal",
      "content": "获得脑叶公司E.G.O::荡漾 以实玛利"
    },
    {
      "id": "10805_getCondition_gacksung",
      "content": "脑叶公司E.G.O::荡漾 以实玛利 3阶段同步完成"
    },
    {
      "id": "10605_getCondition_normal",
      "content": "获得K公司 3级摘除人员 鸿璐"
    },
    {
      "id": "10605_getCondition_gacksung",
      "content": "K公司 3级摘除人员 鸿璐 3阶段同步完成"
    },
    {
      "id": "11006_getCondition_normal",
      "content": "获得脑叶公司E.G.O::朱符 辛克莱"
    },
    {
      "id": "11006_getCondition_gacksung",
      "content": "脑叶公司E.G.O::朱符 辛克莱 3阶段同步完成"
    },
    {
      "id": "10806_getCondition_normal",
      "content": "获得六协会 南部4科 以实玛利"
    },
    {
      "id": "10806_getCondition_gacksung",
      "content": "六协会 南部4科 以实玛利 3阶段同步完成"
    },
    {
      "id": "10506_getCondition_normal",
      "content": "获得R公司 第四集团军 犀牛队 默尔索"
    },
    {
      "id": "10506_getCondition_gacksung",
      "content": "R公司 第四集团军 犀牛队 默尔索 3阶段同步完成"
    },
    {
      "id": "10906_getCondition_normal",
      "content": "获得Zwei协会 南部5科 罗佳"
    },
    {
      "id": "10906_getCondition_gacksung",
      "content": "Zwei协会 南部5科 罗佳 3阶段同步完成"
    },
    {
      "id": "10305_getCondition_normal",
      "content": "获得Cinq协会 南部5科科长 堂吉诃德"
    },
    {
      "id": "10305_getCondition_gacksung",
      "content": "Cinq协会 南部5科科长 堂吉诃德 3阶段同步完成"
    },
    {
      "id": "10807_getCondition_normal",
      "content": "获得臼齿修船厂 收尾人 以实玛利"
    },
    {
      "id": "10807_getCondition_gacksung",
      "content": "臼齿修船厂 收尾人 以实玛利 3阶段同步完成"
    },
    {
      "id": "11007_getCondition_normal",
      "content": "获得臼齿修船厂 收尾人 辛克莱"
    },
    {
      "id": "11007_getCondition_gacksung",
      "content": "臼齿修船厂 收尾人 辛克莱 3阶段同步完成"
    },
    {
      "id": "11206_getCondition_normal",
      "content": "获得Zwei协会 南部4科 格里高尔"
    },
    {
      "id": "11206_getCondition_gacksung",
      "content": "Zwei协会 南部4科 格里高尔 3阶段同步完成"
    },
    {
      "id": "10205_getCondition_normal",
      "content": "获得Zwei协会 南部4科 浮士德"
    },
    {
      "id": "10205_getCondition_gacksung",
      "content": "Zwei协会 南部4科 浮士德 3阶段同步完成"
    },
    {
      "id": "10405_getCondition_normal",
      "content": "获得W公司 3级清扫人员 良秀"
    },
    {
      "id": "10405_getCondition_gacksung",
      "content": "W公司 3级清扫人员 良秀 3阶段同步完成"
    },
    {
      "id": "10606_getCondition_normal",
      "content": "获得W公司 2级清扫人员 鸿璐"
    },
    {
      "id": "10606_getCondition_gacksung",
      "content": "W公司 2级清扫人员 鸿璐 3阶段同步完成"
    },
    {
      "id": "10206_getCondition_normal",
      "content": "获得Seven协会 南部4科 浮士德"
    },
    {
      "id": "10206_getCondition_gacksung",
      "content": "Seven协会 南部4科 浮士德 3阶段同步完成"
    },
    {
      "id": "10706_getCondition_normal",
      "content": "获得Seven协会 南部4科 希斯克利夫"
    },
    {
      "id": "10706_getCondition_gacksung",
      "content": "Seven协会 南部4科 希斯克利夫 3阶段同步完成"
    },
    {
      "id": "10105_getCondition_normal",
      "content": "获得臼齿事务所 收尾人 李箱"
    },
    {
      "id": "10105_getCondition_gacksung",
      "content": "臼齿事务所 收尾人 李箱 3阶段同步完成"
    },
    {
      "id": "11105_getCondition_normal",
      "content": "获得臼齿事务所 收尾人 奥提斯"
    },
    {
      "id": "11105_getCondition_gacksung",
      "content": "臼齿事务所 收尾人 奥提斯 3阶段同步完成"
    },
    {
      "id": "10907_getCondition_normal",
      "content": "获得Dieci协会 南部4科 罗佳"
    },
    {
      "id": "10907_getCondition_gacksung",
      "content": "Dieci协会 南部4科 罗佳 3阶段同步完成"
    },
    {
      "id": "10207_getCondition_normal",
      "content": "获得脑叶公司E.G.O::悔恨：浮士德"
    },
    {
      "id": "10207_getCondition_gacksung",
      "content": "脑叶公司E.G.O::悔恨：浮士德 3阶段同步完成"
    },
    {
      "id": "10607_getCondition_normal",
      "content": "获得吊钩事务所 收尾人 鸿璐"
    },
    {
      "id": "10607_getCondition_gacksung",
      "content": "吊钩事务所 收尾人 鸿璐 3阶段同步完成"
    },
    {
      "id": "10106_getCondition_normal",
      "content": "获得W公司 3级清扫人员 李箱"
    },
    {
      "id": "10106_getCondition_gacksung",
      "content": "W公司 3级清扫人员 李箱 3阶段同步完成"
    },
    {
      "id": "11207_getCondition_normal",
      "content": "获得双钩海盗团 大副 格里高尔"
    },
    {
      "id": "11207_getCondition_gacksung",
      "content": "双钩海盗团 大副 格里高尔 3阶段同步完成"
    },
    {
      "id": "10406_getCondition_normal",
      "content": "获得LCCB 系长 良秀"
    },
    {
      "id": "10406_getCondition_gacksung",
      "content": "LCCB 系长 良秀 3阶段同步完成"
    },
    {
      "id": "10306_getCondition_normal",
      "content": "获得中指 幼妹 堂吉诃德"
    },
    {
      "id": "10306_getCondition_gacksung",
      "content": "中指 幼妹 堂吉诃德 3阶段同步完成"
    },
    {
      "id": "10507_getCondition_normal",
      "content": "获得中指 幼弟 默尔索"
    },
    {
      "id": "10507_getCondition_gacksung",
      "content": "中指 幼弟 默尔索 3阶段同步完成"
    },
    {
      "id": "10707_getCondition_normal",
      "content": "获得裴廓德号 鱼叉手 希斯克利夫"
    },
    {
      "id": "10707_getCondition_gacksung",
      "content": "裴廓德号 鱼叉手 希斯克利夫 3阶段同步完成"
    },
    {
      "id": "10107_getCondition_normal",
      "content": "获得裴廓德号 大副 李箱"
    },
    {
      "id": "10107_getCondition_gacksung",
      "content": "裴廓德号 大副 李箱 3阶段 同步完成"
    },
    {
      "id": "11008_getCondition_normal",
      "content": "获得Cinq协会 南部4科科长 辛克莱"
    },
    {
      "id": "11008_getCondition_gacksung",
      "content": "Cinq协会 南部4科科长 辛克莱 3阶段同步完成"
    },
    {
      "id": "11106_getCondition_normal",
      "content": "获得Cinq协会 南部4科 奥提斯"
    },
    {
      "id": "11106_getCondition_gacksung",
      "content": "Cinq协会 南部4科 奥提斯 3阶段同步完成"
    },
    {
      "id": "11107_getCondition_normal",
      "content": "获得脑叶公司E.G.O::魔弹 奥提斯"
    },
    {
      "id": "11107_getCondition_gacksung",
      "content": "脑叶公司E.G.O::魔弹 奥提斯 3阶段同步完成"
    },
    {
      "id": "10307_getCondition_normal",
      "content": "获得脑叶公司E.G.O::提灯 堂吉诃德"
    },
    {
      "id": "10307_getCondition_gacksung",
      "content": "脑叶公司E.G.O::提灯 堂吉诃德 3阶段同步完成"
    },
    {
      "id": "10608_getCondition_normal",
      "content": "获得Dieci协会 南部4科 鸿璐"
    },
    {
      "id": "10608_getCondition_gacksung",
      "content": "Dieci协会 南部4科 鸿璐 3阶段同步完成"
    },
    {
      "id": "10108_getCondition_normal",
      "content": "获得Dieci协会 南部4科 李箱"
    },
    {
      "id": "10108_getCondition_gacksung",
      "content": "Dieci协会 南部4科 李箱 3阶段同步完成"
    },
    {
      "id": "10808_getCondition_normal",
      "content": "获得裴廓德号 船长 以实玛利"
    },
    {
      "id": "10808_getCondition_gacksung",
      "content": "裴廓德号 船长 以实玛利 3阶段同步完成"
    },
    {
      "id": "10508_getCondition_normal",
      "content": "获得剑契组 头领 默尔索"
    },
    {
      "id": "10508_getCondition_gacksung",
      "content": "剑契组 头领 默尔索 3阶段同步完成"
    },
    {
      "id": "10208_getCondition_normal",
      "content": "获得剑契组 杀手 浮士德"
    },
    {
      "id": "10208_getCondition_gacksung",
      "content": "剑契组 杀手 浮士德 3阶段同步完成"
    },
    {
      "id": "11208_getCondition_normal",
      "content": "获得黑云会 副会长 格里高尔"
    },
    {
      "id": "11208_getCondition_gacksung",
      "content": "黑云会 副会长 格里高尔 3阶段同步完成"
    },
    {
      "id": "10308_getCondition_normal",
      "content": "获得剑契组 杀手 堂吉诃德"
    },
    {
      "id": "10308_getCondition_gacksung",
      "content": "剑契组 杀手 堂吉诃德 3阶段同步完成"
    },
    {
      "id": "10908_getCondition_normal",
      "content": "获得六协会 南部4科科长 罗佳"
    },
    {
      "id": "10908_getCondition_gacksung",
      "content": "六协会 南部4科科长 罗佳 3阶段同步完成"
    },
    {
      "id": "10407_getCondition_normal",
      "content": "获得六协会 南部4科 良秀"
    },
    {
      "id": "10407_getCondition_gacksung",
      "content": "六协会 南部4科 良秀 3阶段同步完成"
    },
    {
      "id": "10708_getCondition_normal",
      "content": "获得Öufi协会 南部3科 希斯克利夫"
    },
    {
      "id": "10708_getCondition_gacksung",
      "content": "Öufi协会 南部3科 希斯克利夫 3阶段同步完成"
    },
    {
      "id": "11108_getCondition_normal",
      "content": "获得呼啸山庄 首席管家 奥提斯"
    },
    {
      "id": "11108_getCondition_gacksung",
      "content": "呼啸山庄 首席管家 奥提斯 3阶段同步完成"
    },
    {
      "id": "10509_getCondition_normal",
      "content": "获得死兔帮 老大 默尔索"
    },
    {
      "id": "10509_getCondition_gacksung",
      "content": "死兔帮 老大 默尔索 3阶段同步完成"
    },
    {
      "id": "11209_getCondition_normal",
      "content": "获得埃德加家族 继承人 格里高尔"
    },
    {
      "id": "11209_getCondition_gacksung",
      "content": "埃德加家族 继承人 格里高尔 3阶段同步完成"
    },
    {
      "id": "10209_getCondition_normal",
      "content": "获得呼啸山庄 管家 浮士德"
    },
    {
      "id": "10209_getCondition_gacksung",
      "content": "呼啸山庄 管家 浮士德 3阶段同步完成"
    },
    {
      "id": "10408_getCondition_normal",
      "content": "获得埃德加家族 首席管家 良秀"
    },
    {
      "id": "10408_getCondition_gacksung",
      "content": "埃德加家族 首席管家 良秀 3阶段同步完成"
    },
    {
      "id": "10809_getCondition_normal",
      "content": "获得埃德加家族 管家 以实玛利"
    },
    {
      "id": "10809_getCondition_gacksung",
      "content": "埃德加家族 管家 以实玛利 3阶段同步完成"
    },
    {
      "id": "11009_getCondition_normal",
      "content": "获得黎明事务所 收尾人 辛克莱"
    },
    {
      "id": "11009_getCondition_gacksung",
      "content": "黎明事务所 收尾人 辛克莱 3阶段同步完成"
    },
    {
      "id": "10109_getCondition_normal",
      "content": "获得环指 点彩派 学徒 李箱"
    },
    {
      "id": "10109_getCondition_gacksung",
      "content": "环指 点彩派 学徒 李箱 3阶段同步完成"
    },
    {
      "id": "11109_getCondition_normal",
      "content": "获得环指 点彩派 学徒 奥提斯"
    },
    {
      "id": "11109_getCondition_gacksung",
      "content": "环指 点彩派 学徒 奥提斯 3阶段同步完成"
    },
    {
      "id": "10609_getCondition_normal",
      "content": "获得20区 圣愚 鸿璐"
    },
    {
      "id": "10609_getCondition_gacksung",
      "content": "20区 圣愚 鸿璐 3阶段同步完成"
    },
    {
      "id": "10409_getCondition_normal",
      "content": "获得20区 圣愚 良秀"
    },
    {
      "id": "10409_getCondition_gacksung",
      "content": "20区 圣愚 良秀 3阶段同步完成"
    },
    {
      "id": "10309_getCondition_normal",
      "content": "获得T公司 3级征收人员 堂吉诃德"
    },
    {
      "id": "10309_getCondition_gacksung",
      "content": "T公司 3级征收人员 堂吉诃德 3阶段同步完成"
    },
    {
      "id": "10909_getCondition_normal",
      "content": "获得T公司 2级征收人员 罗佳"
    },
    {
      "id": "10909_getCondition_gacksung",
      "content": "T公司 2级征收人员 罗佳 3阶段同步完成"
    },
    {
      "id": "10510_getCondition_normal",
      "content": "获得Dieci协会 南部4科科长 默尔索"
    },
    {
      "id": "10510_getCondition_gacksung",
      "content": "Dieci协会 南部4科科长 默尔索 3阶段同步完成"
    },
    {
      "id": "11110_getCondition_normal",
      "content": "获得W公司 3级清扫组长 奥提斯"
    },
    {
      "id": "11110_getCondition_gacksung",
      "content": "W公司 3级清扫组长 奥提斯 3阶段同步完成"
    },
    {
      "id": "10210_getCondition_normal",
      "content": "获得多裂纹事务所 代表 浮士德"
    },
    {
      "id": "10210_getCondition_gacksung",
      "content": "多裂纹事务所 代表 浮士德 3阶段同步完成"
    },
    {
      "id": "10709_getCondition_normal",
      "content": "获得多裂纹事务所 收尾人 希斯克利夫"
    },
    {
      "id": "10709_getCondition_gacksung",
      "content": "多裂纹事务所 收尾人 希斯克利夫 3阶段同步完成"
    }
  ]
}