{
  "dataList": [
    {
      "id": "railway_dungeon_save_formation",
      "content": "保存编队"
    },
    {
      "id": "railway_dungeon_init_saved_stage_data",
      "content": "重置"
    },
    {
      "id": "railway_dungeon_init_saved_stage_data_desc",
      "content": "是否重置当前站点的进度\n并回到入场前？"
    },
    {
      "id": "railway_dungeon_3_reward_condition_special_ticket",
      "content": "※ <color=#003c3e>第3赛季 一路顺风</color>期间内，以总计回合数<color=#cd5e00>{0}</color>以下通关折射轨道3号线的终点站时获得。"
    },
    {
      "id": "railway_dungeon_3_banner_reward_condition_1",
      "content": "折射轨道3号线 通过终点站时获得"
    },
    {
      "id": "railway_dungeon_3_banner_reward_condition_2",
      "content": "第3赛季 一路顺风期间内，以总计回合数{0}以下通关折射轨道3号线的终点站时获得。"
    },
    {
      "id": "railway_dungeon_before_enter_past_node_change_formation",
      "content": "编队保存时，选择的休息站以后的编组记录\n将被完全初始化。\n\n要保存编队吗？"
    },
    {
      "id": "railway_dungeon_3_retry_popup_init",
      "content": "返回"
    },
    {
      "id": "railway_dungeon_3_boss_accumulated_turn",
      "content": "最终累计回合"
    },
    {
      "id": "railway_dungeon_3_unit_recovered",
      "content": "体力与理智值已恢复。"
    },
    {
      "id": "railway_dungeon_3_formation_saved",
      "content": "你的编队已被保存。"
    },
    {
      "id": "railway_dungeon_before_enter_past_node_battle",
      "content": "重新挑战一个已清剿站点时，\n自该站点以来所取得的任何记录\n将被完全重置。\n\n再次挑战所选站点吗？"
    }
  ]
}