{
  "dataList": [
    {
      "id": "clear_turn",
      "content": "清剿回合数"
    },
    {
      "id": "accumulated_turn",
      "content": "累计回合数"
    },
    {
      "id": "final_accumulated_turn",
      "content": "总计回合数"
    },
    {
      "id": "reward_after_clear",
      "content": "清剿奖励"
    },
    {
      "id": "lost_and_found",
      "content": "失物招领处"
    },
    {
      "id": "railway_line",
      "content": "{0}号线"
    },
    {
      "id": "progressing_railway_line",
      "content": "行进线路: {0}"
    },
    {
      "id": "select_railway_line",
      "content": "您想选择哪条线路？"
    },
    {
      "id": "stage_info",
      "content": "站点情报"
    },
    {
      "id": "stage_number",
      "content": "第{0}站"
    },
    {
      "id": "mirror_refraction_railway",
      "content": "折射轨道"
    },
    {
      "id": "mirror_refraction_railway_with_dungeon_name",
      "content": "折射轨道 {0}"
    },
    {
      "id": "accumulated_records",
      "content": "累计记录"
    },
    {
      "id": "rank_with_number",
      "content": "排名 #{0}"
    },
    {
      "id": "open_railway_dungeon_records",
      "content": "记录阅览"
    },
    {
      "id": "no_more_rewards_remains_desc",
      "content": "没有可领取的奖励。"
    },
    {
      "id": "use_enkephalin_module_to_acquire_rewards",
      "content": "是否花费<color=#990000>{0}脑啡肽模块</color>\n以领取奖励？"
    },
    {
      "id": "able_to_acquire_rewards_without_using_enkephalin_module",
      "content": "※解锁后，您可以在活动期间免费获取奖励。"
    },
    {
      "id": "railway_dungeon_ask_for_re_enter",
      "content": "当前位于第<color=#990000>{0}站{1}</color>.\n是否返回站点？"
    },
    {
      "id": "railway_dungeon_current_running",
      "content": "{0}正在前往第{1}站"
    },
    {
      "id": "final_clear_accumulated_turn",
      "content": "总计清剿回合数"
    },
    {
      "id": "railway_dungeon_detailed_info",
      "content": "详细情报"
    },
    {
      "id": "railway_dungeon_1_banner_reward_condition_1",
      "content": "折射轨道 - 清剿第{0}站后"
    },
    {
      "id": "railway_dungeon_1_banner_reward_condition_2",
      "content": "折射轨道- 清剿第{0}站后 ，总计回合数{1}以下"
    },
    {
      "id": "railway_dungeon_1_banner_reward_condition_3",
      "content": "（{0}为止完成上述获取条件）"
    },
    {
      "id": "railway_dungeon_banner_reward_condition_title",
      "content": "横幅获取条件"
    },
    {
      "id": "railway_dungeon_banner_reward_unable_over",
      "content": "（总计回合数超过{0}时不可获取）"
    },
    {
      "id": "no_records_description",
      "content": "暂无记录。"
    },
    {
      "id": "recover_after_resting_battle",
      "content": "于本站\n休息后\n初始化并\n回满体力"
    },
    {
      "id": "railway_dungeon_try_last_node",
      "content": "进入终点站后，则无法回到前置站点。\n\n是否进入终点站？"
    },
    {
      "id": "railway_dungeon_ask_stop_desc",
      "content": "是否终止挑战折射轨道？"
    },
    {
      "id": "railway_dungeon_finished_description",
      "content": "※若两项记录的总计回合数相同，我方阵亡数更多的那项记录将被覆盖。\n若我方阵亡数也相同，则较早的那项记录将被覆盖。"
    },
    {
      "id": "railway_dungeon_open_duration",
      "content": "运行期间"
    },
    {
      "id": "railway_dungeon_current_station",
      "content": "{0}"
    },
    {
      "id": "railway_dungeon_route_map",
      "content": "线路运行图"
    },
    {
      "id": "railway_dungeon_resume_operation",
      "content": "继续行进"
    },
    {
      "id": "railway_dungeon_stop_operation",
      "content": "终止行进"
    },
    {
      "id": "railway_dungeon_station_info",
      "content": "线路情报"
    },
    {
      "id": "railway_dungeon_operation_closed",
      "content": "行程结束"
    },
    {
      "id": "final_clear_accumulated_round",
      "content": "累计清剿巡回数"
    },
    {
      "id": "railway_clear_date",
      "content": "记录日期"
    },
    {
      "id": "railway_clear_turn_count",
      "content": "累计通关回合数"
    },
    {
      "id": "railway_clear_turn_count_by_stage",
      "content": "各站点通关回合数"
    }
  ]
}