{
  "dataList": [
    {
      "id": "4",
      "nameList": [
        {
          "id": "0",
          "content": "进入4号线"
        },
        {
          "id": "1",
          "content": "第1区段：宴会-井底-歪曲",
          "shortName": "第1区段"
        },
        {
          "id": "2",
          "content": "第4站：幕间休息",
          "shortName": "第4站"
        },
        {
          "id": "3",
          "content": "第2区段：锤钉-云雾-骨肉",
          "shortName": "第2区段"
        },
        {
          "id": "4",
          "content": "第8站：幕间休息",
          "shortName": "第8站"
        },
        {
          "id": "5",
          "content": "第3区段：赝作-梦想",
          "shortName": "第3区段"
        },
        {
          "id": "6",
          "content": "第11站：幕间休息",
          "shortName": "第11站"
        },
        {
          "id": "7",
          "content": "第4区段：难关-盛宴",
          "shortName": "第4区段"
        }
      ]
    }
  ]
}