{
  "dataList": [
    {
      "id": "2",
      "nameList": [
        {
          "id": "0",
          "content": "进入2号线"
        },
        {
          "id": "1",
          "content": "起点站 - 诅咒",
          "shortName": "起点站"
        },
        {
          "id": "2",
          "content": "第2站 - 奴役",
          "shortName": "第2站"
        },
        {
          "id": "3",
          "content": "第3站 - 落雨",
          "shortName": "第3站"
        },
        {
          "id": "4",
          "content": "第4站 - 滞纳",
          "shortName": "第4站"
        },
        {
          "id": "5",
          "content": "第5站 - 引诱",
          "shortName": "第5站"
        },
        {
          "id": "6",
          "content": "第6站 - 榨取",
          "shortName": "第6站"
        },
        {
          "id": "7",
          "content": "第7站 - 异味",
          "shortName": "第7站"
        },
        {
          "id": "8",
          "content": "第8站 - 循环",
          "shortName": "第8站"
        },
        {
          "id": "9",
          "content": "终点站 - 庭院",
          "shortName": "终点站"
        }
      ]
    }
  ]
}