{
  "dataList": [
    {
      "id": "201",
      "title": "起点站：诅咒",
      "desc": "<color=#990000><b> [折射率：0%] </b></color>\n\n又一次来到了此处。\n回想起过往的艰苦战斗，\n全身都再次感受到了被折射的奇妙感觉。\n\n我们这次也能适应这感觉吗？"
    },
    {
      "id": "202",
      "title": "第2站：奴役",
      "desc": "<color=#990000><b> [折射率：14%] </b></color>\n\n他还在继续工作。\n从充满内部的炽热蒸汽驱动钢铁之时开始，\n便一直如此。\n为了通过此处，\n我们必须斩断这漫长的循环。"
    },
    {
      "id": "203",
      "title": "第3站：落雨",
      "desc": "<color=#990000><b> [折射率：21%] </b></color>\n\n狐狸会偶尔哭泣。\n那哭泣不知是由于悲伤，还是单纯唤雨的咒语。\n但我们明白插在它身上的那些雨伞\n不是用于挡雨的。\n因为狐狸从来没有为了自己撑开那些伞。"
    },
    {
      "id": "204",
      "title": "第4站：滞纳",
      "desc": "<color=#990000><b> [折射率37%] </b></color>\n我好像听过“时间就是金钱”这么一句话。\n我好像也听过一个吝啬鬼在地下深处的金库里囤积黄金的故事。\n所以说不定把时间像金钱一样存起来或夺走是理所当然的呢。\n\n……我不明白为什么看着它们的钟表会莫名其妙地头痛。"
    },
    {
      "id": "205",
      "title": "第5站：引诱",
      "desc": "<color=#990000><b> [折射率：49%] </b></color>\n\n列车的折射率在急剧增加。\n每个站点的攻克也变得更为吃力。\n那有着粗壮的大树并散发着绿光的森林看起来是不错的休息区……\n而坐落在树枝上的青绿色的光芒摇曳着，仿佛是在叫我们过去一般……"
    },
    {
      "id": "206",
      "title": "第6站：榨取",
      "desc": "<color=#990000><b> [折射率：63%] </b></color>\n\n某些时候，我们为了生存下去，必须变得排他和自私。\n也会因为自己不想痛苦，而将痛苦施加于他人。\n突然间，我在车站的两个按钮面前停下了脚步。\n我这样做……是对的吗？"
    },
    {
      "id": "207",
      "title": "第7站：异味",
      "desc": "<color=#990000><b> [折射率：86%] </b></color>\n\n“喝一杯吧！”\n列车门还没打开，就早早地飘来了令人不快的酒味。\n“快点~噗哈！果然还是精灵酒最好啊！”\n……无论从哪里看，都看不到能喝的东西。\n看到一位罪人开始痉挛呕吐的样子，我明白了并不是只有我一个人这么想。"
    },
    {
      "id": "208",
      "title": "第8站：巡回",
      "desc": "<color=#990000><b> [折射率：96%] </b></color>\n\n列车正在等待抉择。\n是要突破达到极限的折射率，还是……\n要被弹出去并再一次进入这个循环。\n不论是哪边，都需要做出明智的选择。\n毕竟我们不能像站外的那些存在一样……迷失方向。"
    },
    {
      "id": "209",
      "title": "第4站：滞纳",
      "desc": "<color=#990000><b> [折射率37%] </b></color>\n我好像听过“时间就是金钱”这么一句话。\n我好像也听过一个吝啬鬼在地下深处的金库里囤积黄金的故事。\n所以说不定把时间像金钱一样存起来或夺走是理所当然的呢。\n\n……我不明白为什么看着它们的钟表会莫名其妙地头痛。"
    },
    {
      "id": "210",
      "title": "第7站：异味",
      "desc": "<color=#990000><b> [折射率：86%] </b></color>\n\n“来一杯吧！”\n列车的门尚未开启，便已经有令人不悦的酒臭味飘了进来。\n“赶紧~哈！没有比精灵酒更给力的了。”\n……那看起来根本不像是能喝的东西。\n我们的一名罪人开始干呕，看来不止我一个人这么想。"
    },
    {
      "id": "211",
      "title": "终点站：庭院",
      "desc": "<color=#990000><b> [折射率：∞%] </b></color>\n\n这里是真正的终点站。\n\n这是能避免迷失于此，并在这列车上正确下车的合适的场所。\n折射率已经无法测量。\n这是我们乘坐这趟列车以来，第一次……\n见到告示牌。\n它是在说这里便是终点么？\n还是说……我们会在这里迎来终焉。"
    }
  ]
}