{
  "dataList": [
    {
      "id": "401",
      "title": "第1区段：宴会-井底-歪曲"
    },
    {
      "id": "402",
      "title": "第4站：幕间休息"
    },
    {
      "id": "403",
      "title": "第2区段：锤钉-云雾-骨肉"
    },
    {
      "id": "404",
      "title": "第8站：幕间休息"
    },
    {
      "id": "405",
      "title": "第3区段：赝作-梦想"
    },
    {
      "id": "406",
      "title": "第11站：幕间休息"
    },
    {
      "id": "407",
      "title": "第4区段：难关-盛宴"
    }
  ]
}