{
  "dataList": [
    {
      "id": "enter_exp_dungeon",
      "content": "经验采光"
    },
    {
      "id": "enter_mirror_dungeon",
      "content": "镜像迷宫"
    },
    {
      "id": "enter_thread_dungeon",
      "content": "纺锤采光"
    },
    {
      "id": "enter_count",
      "content": "进入次数"
    },
    {
      "id": "remain_time",
      "content": "剩余时间"
    },
    {
      "id": "open_at_day_of_the_week",
      "content": "于{0}开放"
    },
    {
      "id": "recommended_level",
      "content": "难度"
    },
    {
      "id": "equal_or_more",
      "content": "或以上"
    },
    {
      "id": "valid_attack_type",
      "content": "有利属性"
    },
    {
      "id": "exp_dungeon_index",
      "content": "经验采光#{0}"
    },
    {
      "id": "Monday",
      "content": "周一"
    },
    {
      "id": "Tuesday",
      "content": "周二"
    },
    {
      "id": "Wednesday",
      "content": "周三"
    },
    {
      "id": "Thursday",
      "content": "周四"
    },
    {
      "id": "Friday",
      "content": "周五"
    },
    {
      "id": "Saturday",
      "content": "周六"
    },
    {
      "id": "Sunday",
      "content": "周日"
    },
    {
      "id": "select_level",
      "content": "选择关卡"
    },
    {
      "id": "require_clear_story_stage",
      "content": "通过主线剧情{0}-{1}"
    },
    {
      "id": "daily_bonus_count",
      "content": "每日加成"
    },
    {
      "id": "reward_dungeon_exp",
      "content": "经验"
    },
    {
      "id": "reward_dungeon_thread",
      "content": "纺锤"
    },
    {
      "id": "reward_dungeon_mining",
      "content": "采光"
    },
    {
      "id": "thread_dungeon_stage_name_with_attribute",
      "content": "纺锤采光 ({0})"
    }
  ]
}