{
  "dataList": [
    {
      "id": "season_title_1",
      "content": "ORIENTATION"
    },
    {
      "id": "season_title_1_EVENT",
      "content": "ORIENTATION [EVENT]"
    },
    {
      "id": "season_title_2",
      "content": "REMINISCENCE"
    },
    {
      "id": "season_title_2_EVENT",
      "content": "REMINISCENCE [EVENT]"
    },
    {
      "id": "season_9101_walpurgisnacht",
      "content": "瓦尔普吉斯之夜"
    },
    {
      "id": "season_title_3",
      "content": "BON VOYAGE"
    },
    {
      "id": "season_title_3_EVENT",
      "content": "BON VOYAGE [EVENT]"
    },
    {
      "id": "season_filter_3",
      "content": "第3赛季"
    },
    {
      "id": "season_title_4",
      "content": "CLEAR ALL CATHY"
    },
    {
      "id": "season_title_4_EVENT",
      "content": "CLEAR ALL CATHY [EVENT]"
    },
    {
      "id": "season_filter_4",
      "content": "第4赛季"
    }
  ]
}