{
  "dataList": [
    {
      "id": "shotcutKeyManual_confirm_popup",
      "content": "[通用] 弹窗确认"
    },
    {
      "id": "shotcutKeyManual_skip_story",
      "content": "[故事] 跳过对话"
    },
    {
      "id": "shotcutKeyManual_skip_extraction",
      "content": "[提取] 跳过动画"
    },
    {
      "id": "shotcutKeyManual_pause_and_play",
      "content": "[战斗] 暂停与继续"
    },
    {
      "id": "shotcutKeyManual_start_battle",
      "content": "[战斗] 开始战斗"
    },
    {
      "id": "shotcutKeyManual_button_winning",
      "content": "[战斗] 胜率"
    },
    {
      "id": "shotcutKeyManual_button_damage",
      "content": "伤害按键"
    },
    {
      "id": "shotcutKeyManual_close_popup",
      "content": "[通用] 关闭弹窗"
    },
    {
      "id": "shotcutKeyManual_cancel_back",
      "content": "取消或返回原菜单"
    },
    {
      "id": "shotcutKeyManual_quit_game",
      "content": "退出游戏"
    },
    {
      "id": "shotcutKeyManual_move_screen",
      "content": "[战斗] 视角移动"
    },
    {
      "id": "shotcutKeyManual_show_current_situation",
      "content": "[战斗] 显示拼点箭头"
    },
    {
      "id": "shotcutKeyManual_open_manual",
      "content": "[通用] 打开UI操作指南"
    },
    {
      "id": "shotcutKeyManual_zoom_inout_battle",
      "content": "[战斗] 放大与缩小"
    }
  ]
}