{
  "dataList": [
    {
      "id": 1090701,
      "levelList": [
        {
          "level": 1,
          "name": "启明无知",
          "desc": "若本技能被丢弃，则使自身获得(自身的所解真知 层数×体力上限的3%)点护盾",
          "coinlist": [
            {},
            {},
            {
              "coindescs": [
                {
                  "desc": "[OnSucceedAttack] 使自身的混乱阈值后移5"
                }
              ]
            }
          ]
        },
        {
          "level": 2,
          "name": "启明无知",
          "desc": "若本技能被丢弃，则使自身获得(自身的所解真知 层数×体力上限的4%)点护盾\n[WhenUse] 若自身的所解真知 层数不低于2层，则使本技能的硬币威力+(自身的所解真知 层数-1)",
          "coinlist": [
            {},
            {},
            {
              "coindescs": [
                {
                  "desc": "[OnSucceedAttack] 使自身的混乱阈值后移8"
                }
              ]
            }
          ]
        },
        {
          "level": 4,
          "name": "启明无知",
          "desc": "若本技能被丢弃，则使自身获得(自身的所解真知 层数×体力上限的5%)点护盾\n[WhenUse] 若自身的所解真知 层数不低于2层，则使本技能的硬币威力+(自身的所解真知 层数-1)",
          "coinlist": [
            {},
            {},
            {
              "coindescs": [
                {
                  "desc": "[OnSucceedAttack] 使自身的混乱阈值后移10"
                }
              ]
            }
          ]
        }
      ]
    },
    {
      "id": 1090702,
      "levelList": [
        {
          "level": 1,
          "name": "知识的重量",
          "desc": "若本技能被丢弃，则使自身获得(自身的所解真知 层数×体力上限的5%)点护盾\n[WhenUse] 丢弃 自身所有行动槽中级别最低的1个技能\n[WhenUse] 下回合使本技能对应行动槽的挑衅值 +2",
          "coinlist": [
            {},
            {},
            {},
            {
              "coindescs": [
                {
                  "desc": "[OnSucceedAttack] 使目标增加2级沉沦 强度"
                }
              ]
            }
          ]
        },
        {
          "level": 2,
          "name": "知识的重量",
          "desc": "若本技能被丢弃，则使自身获得(自身的所解真知 层数×体力上限的8%)点护盾\n[WhenUse] 丢弃 自身所有行动槽中级别最低的1个技能\n[WhenUse] 下回合使本技能对应行动槽的挑衅值 +3",
          "coinlist": [
            {},
            {},
            {},
            {
              "coindescs": [
                {
                  "desc": "[OnSucceedAttack] 使目标增加3级沉沦 强度"
                }
              ]
            }
          ]
        },
        {
          "level": 4,
          "name": "知识的重量",
          "desc": "若本技能被丢弃，则使自身获得(自身的所解真知 层数×体力上限的10%)点护盾\n[WhenUse] 丢弃 自身所有行动槽中级别最低的1个技能\n[WhenUse] 下回合使本技能对应行动槽的挑衅值 +5\n[WhenUse] 若目标的沉沦 强度不低于5级，则使本技能的拼点威力+2",
          "coinlist": [
            {},
            {},
            {},
            {
              "coindescs": [
                {
                  "desc": "[OnSucceedAttack] 使目标增加5级沉沦 强度"
                }
              ]
            }
          ]
        }
      ]
    },
    {
      "id": 1090703,
      "levelList": [
        {
          "level": 3,
          "name": "苦痛的启蒙",
          "desc": "若本技能被丢弃，则使自身获得(自身的所解真知 层数×体力上限的15%)点护盾\n[WhenUse] 丢弃 自身所有行动槽中级别最低的2个技能\n[WhenUse] 下回合使本技能对应行动槽的挑衅值 +3",
          "coinlist": [
            {
              "coindescs": [
                {
                  "desc": "[OnSucceedAttackHead] 对目标施加4层沉沦 "
                }
              ]
            },
            {},
            {},
            {
              "coindescs": [
                {
                  "desc": "[OnSucceedAttack] 对目标施加2层沉沦 "
                }
              ]
            }
          ]
        },
        {
          "level": 4,
          "name": "苦痛的启蒙",
          "desc": "若本技能被丢弃，则使自身获得(自身的所解真知 层数×体力上限的20%)点护盾\n[WhenUse] 丢弃 自身所有行动槽中级别最低的2个技能\n[WhenUse] 下回合使本技能对应行动槽的挑衅值 +5\n[WhenUse] 若目标的沉沦 强度不低于7级，则使本技能的硬币威力+1",
          "coinlist": [
            {
              "coindescs": [
                {
                  "desc": "[OnSucceedAttack] 对目标施加4层沉沦 "
                }
              ]
            },
            {},
            {},
            {
              "coindescs": [
                {
                  "desc": "[OnSucceedAttack] 对目标施加2层沉沦 "
                }
              ]
            }
          ]
        }
      ]
    },
    {
      "id": 1090704,
      "levelList": [
        {
          "level": 3,
          "name": "求索",
          "desc": "[WhenUse] 丢弃 自身所有行动槽中级别最高的1个技能\n[WhenUse] 下回合使本技能对应行动槽的挑衅值 +2",
          "coinlist": [
            {}
          ]
        },
        {
          "level": 4,
          "name": "求索",
          "desc": "[WhenUse] 丢弃 自身所有行动槽中级别最高的1个技能\n[WhenUse] 下回合使本技能对应行动槽的挑衅值 +5",
          "coinlist": [
            {}
          ]
        }
      ]
    },
    {
      "id": 1090801,
      "levelList": [
        {
          "level": 1,
          "name": "炽焰拳击",
          "desc": "",
          "coinlist": [
            {
              "coindescs": [
                {
                  "desc": "[OnSucceedAttack] 使目标增加1级烧伤 强度"
                }
              ]
            },
            {
              "coindescs": [
                {
                  "desc": "[OnSucceedAttack] 使目标增加1级烧伤 强度"
                }
              ]
            }
          ]
        },
        {
          "level": 2,
          "name": "炽焰拳击",
          "desc": "若目标烧伤 强度不低于3级，则使本技能的硬币威力+1",
          "coinlist": [
            {
              "coindescs": [
                {
                  "desc": "[OnSucceedAttack] 使目标增加1级烧伤 强度"
                }
              ]
            },
            {
              "coindescs": [
                {
                  "desc": "[OnSucceedAttack] 使目标增加1级烧伤 强度"
                }
              ]
            }
          ]
        },
        {
          "level": 4,
          "name": "炽焰拳击",
          "desc": "目标每带有3级烧伤 强度，使本技能的硬币威力+1(最多+2)",
          "coinlist": [
            {
              "coindescs": [
                {
                  "desc": "[OnSucceedAttack] 使目标增加1级烧伤 强度"
                }
              ]
            },
            {
              "coindescs": [
                {
                  "desc": "[OnSucceedAttack] 使目标增加1级烧伤 强度"
                }
              ]
            }
          ]
        }
      ]
    },
    {
      "id": 1090802,
      "levelList": [
        {
          "level": 1,
          "name": "炽焰手刀-燃",
          "desc": "",
          "coinlist": [
            {
              "coindescs": [
                {
                  "desc": "[OnSucceedAttack] 对目标施加1层烧伤 "
                }
              ]
            },
            {
              "coindescs": [
                {
                  "desc": "[OnSucceedAttack] 对目标施加1层烧伤 "
                }
              ]
            },
            {
              "coindescs": [
                {
                  "desc": "若目标的烧伤 层数不低于6层，则使未带有烧伤 或烧伤 层数最低的2名敌方单位增加3级烧伤 强度"
                }
              ]
            }
          ]
        },
        {
          "level": 2,
          "name": "炽焰手刀-燃",
          "desc": "若目标的烧伤 强度不低于6级，则使本技能的硬币威力+1",
          "coinlist": [
            {
              "coindescs": [
                {
                  "desc": "[OnSucceedAttack] 对目标施加1层烧伤 "
                }
              ]
            },
            {
              "coindescs": [
                {
                  "desc": "[OnSucceedAttack] 对目标施加1层烧伤 "
                }
              ]
            },
            {
              "coindescs": [
                {
                  "desc": "[OnSucceedAttackHead] 对目标施加1层烧伤 "
                },
                {
                  "desc": "[OnSucceedAttack] 若目标的烧伤 层数不低于6层，则使未带有烧伤 或烧伤 层数最低的2名敌方单位增加3级烧伤 强度"
                }
              ]
            }
          ]
        },
        {
          "level": 4,
          "name": "炽焰手刀-燃",
          "desc": "目标每带有6级烧伤 强度，使本技能的硬币威力+1(最多+2)",
          "coinlist": [
            {
              "coindescs": [
                {
                  "desc": "[OnSucceedAttack] 对目标施加1层烧伤 "
                }
              ]
            },
            {
              "coindescs": [
                {
                  "desc": "[OnSucceedAttack] 对目标施加1层烧伤 "
                }
              ]
            },
            {
              "coindescs": [
                {
                  "desc": "[OnSucceedAttackHead] 对目标施加1层烧伤 "
                },
                {
                  "desc": "[OnSucceedAttack] 若目标的烧伤 层数不低于6层，则使未带有烧伤 或烧伤 层数最低的2名敌方单位增加3级烧伤 强度"
                }
              ]
            }
          ]
        }
      ]
    },
    {
      "id": 1090803,
      "levelList": [
        {
          "level": 3,
          "name": "一点突破",
          "desc": "若目标的烧伤 强度与烧伤 层数均不低于6，则使本技能造成的伤害+30%",
          "coinlist": [
            {
              "coindescs": [
                {
                  "desc": "[OnSucceedAttack] 使目标增加1级烧伤 强度"
                }
              ]
            },
            {
              "coindescs": [
                {
                  "desc": "[OnSucceedAttack] 使目标增加1级烧伤 强度"
                }
              ]
            },
            {
              "coindescs": [
                {
                  "desc": "[OnSucceedAttack] 使目标增加2级烧伤 强度"
                }
              ]
            },
            {
              "coindescs": [
                {
                  "desc": "[OnSucceedAttack] 对目标造成相当于其烧伤 强度点暴怒伤害(最多20点)，并使目标的烧伤 层数减少2层"
                }
              ]
            }
          ]
        },
        {
          "level": 4,
          "name": "一点突破",
          "desc": "若目标的烧伤 强度不低于6级，则使本技能的硬币威力+1\n若目标的烧伤 强度与烧伤 层数均不低于6，则使本技能造成的伤害+30%",
          "coinlist": [
            {
              "coindescs": [
                {
                  "desc": "[OnSucceedAttack] 使目标增加1级烧伤 强度"
                }
              ]
            },
            {
              "coindescs": [
                {
                  "desc": "[OnSucceedAttack] 使目标增加1级烧伤 强度"
                }
              ]
            },
            {
              "coindescs": [
                {
                  "desc": "[OnSucceedAttack] 使目标增加2级烧伤 强度"
                }
              ]
            },
            {
              "coindescs": [
                {
                  "desc": "[OnSucceedAttack] 对目标造成相当于其烧伤 强度点暴怒伤害(最多30点)，并使目标的烧伤 层数减少2层"
                }
              ]
            }
          ]
        }
      ]
    },
    {
      "id": 1090804,
      "levelList": [
        {
          "level": 1,
          "name": "反击",
          "desc": "",
          "coinlist": [
            {
              "coindescs": [
                {
                  "desc": "[OnSucceedAttack] 使目标增加1级烧伤 强度"
                }
              ]
            }
          ]
        },
        {
          "level": 4,
          "name": "反击",
          "desc": "",
          "coinlist": [
            {
              "coindescs": [
                {
                  "desc": "[OnSucceedAttack] 使目标增加1级烧伤 强度"
                }
              ]
            }
          ]
        }
      ]
    },
    {
      "id": 1090901,
      "levelList": [
        {
          "level": 1,
          "name": "征收准备",
          "desc": "[WhenUse] 对自身施加2层震颤 ",
          "coinlist": [
            {
              "coindescs": [
                {
                  "desc": "[OnSucceedAttack] 使目标增加1级震颤 强度"
                }
              ]
            },
            {
              "coindescs": [
                {
                  "desc": "[OnSucceedAttack] 对自身施加1层震颤 "
                },
                {
                  "desc": "[WinDuelAttack] 对目标施加1层震颤 "
                }
              ]
            }
          ]
        },
        {
          "level": 2,
          "name": "征收准备",
          "desc": "[WhenUse] 对自身施加2层震颤 \n[WhenUse] 若目标的震颤 强度不低于6级，则使本技能的拼点威力+1",
          "coinlist": [
            {
              "coindescs": [
                {
                  "desc": "[OnSucceedAttack] 使目标增加1级震颤 强度"
                }
              ]
            },
            {
              "coindescs": [
                {
                  "desc": "[OnSucceedAttack] 对自身施加1层震颤 "
                },
                {
                  "desc": "[WinDuelAttack] 对目标施加1层震颤 "
                }
              ]
            }
          ]
        },
        {
          "level": 4,
          "name": "征收准备",
          "desc": "[WhenUse] 对自身施加2层震颤 \n[WhenUse] 目标每带有6级震颤 强度，使本技能的拼点威力+1(最多+2)",
          "coinlist": [
            {
              "coindescs": [
                {
                  "desc": "[OnSucceedAttack] 使目标增加2级震颤 强度"
                }
              ]
            },
            {
              "coindescs": [
                {
                  "desc": "[OnSucceedAttack] 对自身施加1层震颤 "
                },
                {
                  "desc": "[WinDuelAttack] 对目标施加1层震颤 "
                }
              ]
            }
          ]
        }
      ]
    },
    {
      "id": 1090902,
      "levelList": [
        {
          "level": 1,
          "name": "T公司式镇压格斗",
          "desc": "[WhenUse] 对自身施加2层震颤 ",
          "coinlist": [
            {
              "coindescs": [
                {
                  "desc": "[OnSucceedAttack] 对自身施加2层震颤 "
                }
              ]
            },
            {}
          ]
        },
        {
          "level": 2,
          "name": "T公司式镇压格斗",
          "desc": "[WhenUse] 对自身施加2层震颤 \n[WhenUse] 若目标的震颤 强度不低于6级，则使本技能的拼点威力+1",
          "coinlist": [
            {
              "coindescs": [
                {
                  "desc": "[OnSucceedAttack] 对自身施加2层震颤 "
                },
                {
                  "desc": "[WinDuelAttack] 对目标施加2层震颤 "
                }
              ]
            },
            {}
          ]
        },
        {
          "level": 4,
          "name": "T公司式镇压格斗",
          "desc": "目标每带有1层束缚 ，使本技能造成的伤害+5%(最多+15%)\n[WhenUse] 对自身施加2层震颤 \n[WhenUse] 目标每带有6级震颤 强度，使本技能的拼点威力+1(最多+2)",
          "coinlist": [
            {
              "coindescs": [
                {
                  "desc": "[OnSucceedAttack] 对自身施加2层震颤 "
                },
                {
                  "desc": "[WinDuelAttack] 对目标施加3层震颤 "
                }
              ]
            },
            {
              "coindescs": [
                {
                  "desc": "[OnSucceedAttack] 下回合对目标施加1层束缚 "
                },
                {
                  "desc": "[OnSucceedAttack] 若目标的震颤 强度不低于6级，则下回合对其施加1层束缚 "
                }
              ]
            }
          ]
        }
      ]
    },
    {
      "id": 1090903,
      "levelList": [
        {
          "level": 3,
          "name": "征收执行",
          "desc": "[WhenUse] 若目标的震颤 强度不低于8级，则使本技能的拼点威力+1\n[WhenUse] 消耗自身的8层震颤 并使本技能的硬币威力+1",
          "coinlist": [
            {
              "coindescs": [
                {
                  "desc": "[OnSucceedAttack] 对目标施加2层震颤 "
                }
              ]
            },
            {
              "coindescs": [
                {
                  "desc": "[OnSucceedAttack] 使目标增加1级震颤 强度"
                }
              ]
            },
            {
              "coindescs": [
                {
                  "desc": "[OnSucceedAttack] 使目标增加2级震颤 强度"
                }
              ]
            },
            {
              "coindescs": [
                {
                  "desc": "[OnSucceedAttack] 下回合对目标施加1层束缚 "
                },
                {
                  "desc": "[OnSucceedAttack] 若自身带有[TimeRentalTwoPersonality]，则对目标施加2层[TimeSuspend]"
                }
              ]
            }
          ]
        },
        {
          "level": 4,
          "name": "征收执行",
          "desc": "目标每带有1层束缚 ，使本技能造成的伤害+5%(最多+20%)\n[WhenUse] 若目标的震颤 强度不低于8级，则使本技能的拼点威力+2\n[WhenUse] 消耗自身的8层震颤 并使本技能的硬币威力+1",
          "coinlist": [
            {
              "coindescs": [
                {
                  "desc": "[OnSucceedAttack] 对目标施加3层震颤 "
                }
              ]
            },
            {
              "coindescs": [
                {
                  "desc": "[OnSucceedAttack] 使目标增加1级震颤 强度"
                }
              ]
            },
            {
              "coindescs": [
                {
                  "desc": "[OnSucceedAttack] 使目标增加2级震颤 强度"
                }
              ]
            },
            {
              "coindescs": [
                {
                  "desc": "[OnSucceedAttack] 下回合对目标施加1层束缚 "
                },
                {
                  "desc": "[OnSucceedAttack] 若自身使用技能时消耗了震颤 层数，则下回合对目标施加2层束缚 "
                },
                {
                  "desc": "[OnSucceedAttack] 若自身带有[TimeRentalTwoPersonality]，则对目标施加2层[TimeSuspend]"
                },
                {
                  "desc": "[OnSucceedAttack] 使目标震颤引爆 ，并使其震颤 层数减少1层"
                }
              ]
            }
          ]
        }
      ]
    },
    {
      "id": 1090904,
      "levelList": [
        {
          "level": 1,
          "name": "时间租赁",
          "desc": "",
          "coinlist": [
            {
              "coindescs": [
                {
                  "desc": "[StartBattle] 若自身未带有[TimeRentalTwoPersonality]，则回合结束时使自身获得3层[TimeRentalTwoPersonality](每回合最多1次)\n[WhenUse] 本回合内受到敌方单位攻击时，使目标增加2级震颤 强度(每回合最多2次)"
                }
              ]
            }
          ]
        },
        {
          "level": 4,
          "name": "时间租赁",
          "desc": "",
          "coinlist": [
            {
              "coindescs": [
                {
                  "desc": "[StartBattle] 若自身未带有[TimeRentalTwoPersonality]，则回合结束时使自身获得3层[TimeRentalTwoPersonality](每回合最多1次)\n[WhenUse] 本回合内受到敌方单位攻击时，使目标增加2级震颤 强度(每回合最多6次)"
                }
              ]
            }
          ]
        }
      ]
    }
  ]
}