{
  "dataList": [
    {
      "id": 1100701,
      "levelList": [
        {
          "level": 1,
          "name": "猛烈攻势",
          "desc": "",
          "coinlist": [
            {},
            {
              "coindescs": [
                {
                  "desc": "[OnSucceedAttack] 对自身施加1层震颤 "
                }
              ]
            },
            {},
            {
              "coindescs": [
                {
                  "desc": "[OnSucceedAttack] 对自身施加1层震颤 "
                }
              ]
            }
          ]
        },
        {
          "level": 2,
          "name": "猛烈攻势",
          "desc": "若自身的震颤 层数不低于10层，则使本技能的硬币威力+1",
          "coinlist": [
            {},
            {
              "coindescs": [
                {
                  "desc": "[OnSucceedAttack] 对自身施加2层震颤 "
                },
                {
                  "desc": "[OnSucceedAttackHead] 对目标施加1层震颤 "
                }
              ]
            },
            {},
            {
              "coindescs": [
                {
                  "desc": "[OnSucceedAttack] 对自身施加2层震颤 "
                },
                {
                  "desc": "[OnSucceedAttackHead] 对目标施加1层震颤 "
                }
              ]
            }
          ]
        },
        {
          "level": 4,
          "name": "猛烈攻势",
          "desc": "若自身的震颤 层数不低于10层，则使本技能的硬币威力+1",
          "coinlist": [
            {},
            {
              "coindescs": [
                {
                  "desc": "[OnSucceedAttack] 对自身施加2层震颤 "
                },
                {
                  "desc": "[OnSucceedAttack] 对目标施加1层震颤 "
                }
              ]
            },
            {},
            {
              "coindescs": [
                {
                  "desc": "[OnSucceedAttack] 对自身施加2层震颤 "
                },
                {
                  "desc": "[OnSucceedAttack] 对目标施加1层震颤 "
                }
              ]
            }
          ]
        }
      ]
    },
    {
      "id": 1100702,
      "levelList": [
        {
          "level": 1,
          "name": "沉着冷静…",
          "desc": "[WhenUse] 对自身施加2层震颤 ",
          "coinlist": [
            {
              "coindescs": [
                {
                  "desc": "[OnSucceedAttack] 使目标增加2级震颤 强度"
                }
              ]
            }
          ]
        },
        {
          "level": 2,
          "name": "沉着冷静…",
          "desc": "[WhenUse] 对自身施加4层震颤 ",
          "coinlist": [
            {
              "coindescs": [
                {
                  "desc": "[OnSucceedAttack] 使目标增加4级震颤 强度"
                }
              ]
            }
          ]
        },
        {
          "level": 4,
          "name": "沉着冷静…",
          "desc": "[WhenUse] 对自身施加6层震颤 ",
          "coinlist": [
            {
              "coindescs": [
                {
                  "desc": "[OnSucceedAttack] 使目标增加6级震颤 强度"
                }
              ]
            }
          ]
        }
      ]
    },
    {
      "id": 1100703,
      "levelList": [
        {
          "level": 3,
          "name": "铤而走险",
          "desc": "",
          "coinlist": [
            {
              "coindescs": [
                {
                  "desc": "[OnSucceedAttack] 若自身的震颤 层数不低于10层，则消耗所有震颤 层数并对目标施加相同层数的震颤 \n[OnSucceedAttack] 若自身的震颤 层数低于10层，则使自身增加6级震颤 强度并使自身震颤引爆 \n对目标造成相当于混乱阈值前移量的打击伤害"
                }
              ]
            }
          ]
        },
        {
          "level": 4,
          "name": "铤而走险",
          "desc": "自身每带有10层震颤 ，使本技能的硬币威力+1(最多+2)",
          "coinlist": [
            {
              "coindescs": [
                {
                  "desc": "[OnSucceedAttack] 若自身的震颤 层数不低于10层，则消耗所有震颤 层数并对目标施加相同层数的震颤 \n[OnSucceedAttack] 若自身的震颤 层数低于10层，则使自身增加10级震颤 强度并使自身震颤引爆 \n对目标造成相当于混乱阈值前移量的打击伤害"
                }
              ]
            }
          ]
        }
      ]
    },
    {
      "id": 1100704,
      "levelList": [
        {
          "level": 1,
          "name": "混账螃蟹壳…！",
          "desc": "[WhenUse] 使自身获得1层破裂守护 (每回合最多生效3次)",
          "coinlist": [
            {
              "coindescs": [
                {
                  "desc": ""
                }
              ]
            }
          ]
        }
      ]
    },
    {
      "id": 1100801,
      "levelList": [
        {
          "level": 1,
          "name": "延续进攻",
          "desc": "[WhenUse] 使自身获得2层呼吸法 ",
          "coinlist": [
            {
              "coindescs": [
                {
                  "desc": "[OnSucceedAttackHead] 下回合使自身获得1层迅捷 "
                }
              ]
            },
            {
              "coindescs": [
                {
                  "desc": "[OnSucceedAttackHead] 下回合使自身获得1层迅捷 "
                }
              ]
            }
          ]
        },
        {
          "level": 2,
          "name": "延续进攻",
          "desc": "[WhenUse] 使自身获得2层呼吸法 ",
          "coinlist": [
            {
              "coindescs": [
                {
                  "desc": "[OnSucceedAttack] 下回合使自身获得1层迅捷 "
                }
              ]
            },
            {
              "coindescs": [
                {
                  "desc": "[OnSucceedAttack] 下回合使自身获得1层迅捷 "
                }
              ]
            }
          ]
        },
        {
          "level": 4,
          "name": "延续进攻",
          "desc": "若自身的速度值高于目标至少2点，则使本技能的硬币威力+1\n[WhenUse] 使自身获得2层呼吸法 ",
          "coinlist": [
            {
              "coindescs": [
                {
                  "desc": "[OnSucceedAttack] 下回合使自身获得1层迅捷 "
                }
              ]
            },
            {
              "coindescs": [
                {
                  "desc": "[OnSucceedAttack] 下回合使自身获得1层迅捷 "
                }
              ]
            }
          ]
        }
      ]
    },
    {
      "id": 1100802,
      "levelList": [
        {
          "level": 1,
          "name": "交战",
          "desc": "[WinDuel] 使自身获得2层呼吸法 ",
          "coinlist": [
            {
              "coindescs": [
                {
                  "desc": "[OnSucceedAttackHead] 使自身获得1层呼吸法 "
                }
              ]
            },
            {
              "coindescs": [
                {
                  "desc": "[OnSucceedAttackHead] 使自身获得1层呼吸法 "
                }
              ]
            },
            {}
          ]
        },
        {
          "level": 2,
          "name": "交战",
          "desc": "若自身的速度值高于目标至少2点，则使本技能的硬币威力+1\n[WinDuel] 使自身获得2层呼吸法 ",
          "coinlist": [
            {
              "coindescs": [
                {
                  "desc": "[OnSucceedAttack] 使自身获得1层呼吸法 "
                }
              ]
            },
            {
              "coindescs": [
                {
                  "desc": "[OnSucceedAttack] 使自身获得1层呼吸法 "
                }
              ]
            },
            {}
          ]
        },
        {
          "level": 4,
          "name": "交战",
          "desc": "若自身的速度值高于目标，则每相差2点，使本技能的硬币威力+1(最多+2)\n[WinDuel] 使自身获得2层呼吸法 ",
          "coinlist": [
            {
              "coindescs": [
                {
                  "desc": "[OnSucceedAttack] 使自身获得1层呼吸法 "
                }
              ]
            },
            {
              "coindescs": [
                {
                  "desc": "[OnSucceedAttack] 使自身获得1层呼吸法 "
                }
              ]
            },
            {}
          ]
        }
      ]
    },
    {
      "id": 1100803,
      "levelList": [
        {
          "level": 3,
          "name": "反攻",
          "desc": "若自身的速度值高于目标至少2点，则使本技能的硬币威力+1\n[WinDuel] 消耗10层呼吸法 ，使自身增加(消耗呼吸法 层数)级呼吸法 强度\n[WinDuel] 若自身在指向目标行动槽中的攻击技能时触发了单挑决斗 ，则使本技能命中时对目标施加1层易损 (每回合最多2层)",
          "coinlist": [
            {
              "coindescs": [
                {
                  "desc": "[OnSucceedAttack] 对目标施加决斗宣告-辛克莱 "
                }
              ]
            },
            {},
            {
              "coindescs": [
                {
                  "desc": "使本硬币暴击时造成的伤害+30%"
                }
              ]
            }
          ]
        },
        {
          "level": 4,
          "name": "反攻",
          "desc": "若自身的速度值高于目标，则每相差2点，使本技能的硬币威力+1(最多+3)\n[WinDuel] 消耗10层呼吸法 ，使自身增加(消耗呼吸法 层数)级呼吸法 强度。若目标带有决斗宣告-辛克莱 ，则改为增加(消耗呼吸法 层数×2)级呼吸法 强度\n[WinDuel] 若自身在指向目标行动槽中的攻击技能时触发了单挑决斗 ，则使本技能命中时对目标施加1层易损 (每回合最多2层)",
          "coinlist": [
            {
              "coindescs": [
                {
                  "desc": "[OnSucceedAttack] 对目标施加决斗宣告-辛克莱 "
                }
              ]
            },
            {},
            {
              "coindescs": [
                {
                  "desc": "使本硬币暴击时造成的伤害+50%"
                }
              ]
            }
          ]
        }
      ]
    },
    {
      "id": 1100804,
      "levelList": [
        {
          "level": 3,
          "name": "防守闪避",
          "desc": "",
          "coinlist": [
            {
              "coindescs": [
                {
                  "desc": ""
                }
              ]
            }
          ]
        },
        {
          "level": 4,
          "name": "防守闪避",
          "desc": "",
          "coinlist": [
            {
              "coindescs": [
                {
                  "desc": ""
                }
              ]
            }
          ]
        }
      ]
    },
    {
      "id": 1100901,
      "levelList": [
        {
          "level": 1,
          "name": "挺身而出",
          "desc": "",
          "coinlist": [
            {
              "coindescs": [
                {
                  "desc": "[OnSucceedAttack] 使目标增加1级烧伤 强度"
                },
                {
                  "desc": "[OnSucceedAttackHead] 若自身处于不稳定E.G.O状态，则重复使用本硬币(每个技能最多1次)",
                  "summary": "[OnSucceedAttackHead] 若自身处于不稳定E.G.O状态，则重复使用本硬币"
                }
              ]
            }
          ]
        },
        {
          "level": 2,
          "name": "挺身而出",
          "desc": "",
          "coinlist": [
            {
              "coindescs": [
                {
                  "desc": "[OnSucceedAttack] 使目标增加2级烧伤 强度"
                },
                {
                  "desc": "[OnSucceedAttackHead] 若自身处于不稳定E.G.O状态，则重复使用本硬币(每个技能最多1次)",
                  "summary": "[OnSucceedAttackHead] 若自身处于不稳定E.G.O状态，则重复使用本硬币"
                }
              ]
            }
          ]
        },
        {
          "level": 4,
          "name": "挺身而出",
          "desc": "",
          "coinlist": [
            {
              "coindescs": [
                {
                  "desc": "[OnSucceedAttack] 使目标增加2级烧伤 强度"
                },
                {
                  "desc": "[OnSucceedAttackHead] 若自身处于不稳定E.G.O状态，则重复使用本硬币(每个技能最多1次)",
                  "summary": "[OnSucceedAttackHead] 若自身处于不稳定E.G.O状态，则重复使用本硬币"
                }
              ]
            }
          ]
        }
      ]
    },
    {
      "id": 1100902,
      "levelList": [
        {
          "level": 1,
          "name": "霞光剑刃",
          "desc": "[WhenUse] 若自身处于不稳定E.G.O状态， 则消耗5点理智值\n[BeforeAttack] 若自身处于不稳定E.G.O状态，则使本技能的攻击容量+1\n[EndSkill] 若自身处于不稳定E.G.O状态，则消耗5点理智值",
          "coinlist": [
            {
              "coindescs": [
                {
                  "desc": "[OnSucceedAttack] 对目标施加1层烧伤 "
                }
              ]
            },
            {
              "coindescs": [
                {
                  "desc": "[OnSucceedAttack] 对目标施加1层烧伤 "
                }
              ]
            },
            {
              "coindescs": [
                {
                  "desc": "[OnSucceedAttack] 对目标施加1层烧伤 "
                }
              ]
            }
          ]
        },
        {
          "level": 2,
          "name": "霞光剑刃",
          "desc": "若目标的烧伤 强度不低于4级，则使本技能的拼点威力+1\n[WhenUse] 若自身处于不稳定E.G.O状态，则消耗5点理智值\n[BeforeAttack] 若自身处于不稳定E.G.O状态，则使本技能的攻击容量+1\n[EndSkill] 若自身处于不稳定E.G.O状态，则消耗5点理智值",
          "coinlist": [
            {
              "coindescs": [
                {
                  "desc": "[OnSucceedAttack] 对目标施加1层烧伤 "
                }
              ]
            },
            {
              "coindescs": [
                {
                  "desc": "[OnSucceedAttack] 对目标施加1层烧伤 "
                }
              ]
            },
            {
              "coindescs": [
                {
                  "desc": "[OnSucceedAttack] 对目标施加1层烧伤 "
                }
              ]
            }
          ]
        },
        {
          "level": 4,
          "name": "霞光剑刃",
          "desc": "若目标的烧伤 强度不低于4级，则使本技能的拼点威力+1\n[WhenUse] 若自身处于不稳定E.G.O状态，则消耗5点理智值\n[BeforeAttack] 若自身处于不稳定E.G.O状态，则使本技能的攻击容量+1\n- 若自身的理智值为45点，则改为使本技能的攻击容量+2\n[EndSkill] 若自身处于不稳定E.G.O状态，则消耗5点理智值",
          "coinlist": [
            {
              "coindescs": [
                {
                  "desc": "[OnSucceedAttack] 对目标施加1层烧伤 "
                }
              ]
            },
            {
              "coindescs": [
                {
                  "desc": "[OnSucceedAttack] 对目标施加1层烧伤 "
                }
              ]
            },
            {
              "coindescs": [
                {
                  "desc": "[OnSucceedAttack] 对目标施加1层烧伤 "
                }
              ]
            }
          ]
        }
      ]
    },
    {
      "id": 1100903,
      "levelList": [
        {
          "level": 3,
          "name": "愤怨烙印",
          "desc": "若目标的烧伤 强度不低于10级，则使本技能的硬币威力+1\n若自身处于不稳定E.G.O状态，则改为使用爆炎一击\n[WinDuel] 使自身恢复10点理智值\n[DefeatDuel] 使自身失去10点理智值",
          "coinlist": [
            {
              "coindescs": [
                {
                  "desc": "[OnSucceedAttack] 使目标增加3级烧伤 强度"
                }
              ]
            },
            {
              "coindescs": [
                {
                  "desc": "[OnSucceedAttack] 使目标增加3级烧伤 强度"
                }
              ]
            }
          ]
        },
        {
          "level": 4,
          "name": "愤怨烙印",
          "desc": "目标每带有7级烧伤 强度，使本技能的硬币威力+1(最多+2)\n若自身处于不稳定E.G.O状态，则改为使用爆炎一击\n[WinDuel] 使自身恢复10点理智值\n[DefeatDuel] 使自身失去10点理智值",
          "coinlist": [
            {
              "coindescs": [
                {
                  "desc": "[OnSucceedAttack] 使目标增加3级烧伤 强度"
                }
              ]
            },
            {
              "coindescs": [
                {
                  "desc": "[OnSucceedAttack] 使目标增加3级烧伤 强度"
                }
              ]
            }
          ]
        }
      ]
    },
    {
      "id": 1100904,
      "levelList": [
        {
          "level": 3,
          "name": "悔恨交加",
          "desc": "若自身处于不稳定E.G.O状态，则目标每带有2级烧伤 强度，使本技能的基础威力+1(最多+10)",
          "coinlist": [
            {
              "coindescs": [
                {
                  "desc": ""
                }
              ]
            }
          ]
        },
        {
          "level": 4,
          "name": "悔恨交加",
          "desc": "若自身处于不稳定E.G.O状态，则目标每带有2级烧伤 强度，使本技能的基础威力+1(最多+20)",
          "coinlist": [
            {
              "coindescs": [
                {
                  "desc": ""
                }
              ]
            }
          ]
        }
      ]
    },
    {
      "id": 1100905,
      "levelList": [
        {
          "level": 3,
          "name": "爆炎一击",
          "desc": "全体敌方单位每带有共计4级烧伤 强度，使本技能的硬币威力+1(最多+8)\n[WinDuel] 使自身恢复10点理智值\n[DefeatDuel] 使自身失去30点理智值\n每有1点暴怒共鸣数，使本技能造成的伤害+5%(最多+30%)\n[EndSkill] 使自身失去15点理智值",
          "coinlist": [
            {
              "coindescs": [
                {
                  "desc": "目标每带有1级烧伤 强度，使本技能造成的伤害+2.5%(最多+100%)",
                  "summary": "根据目标带有的烧伤 强度，相应使本技能造成的伤害增加"
                },
                {
                  "desc": "[OnSucceedAttack] 若目标的烧伤 强度不低于10级，则随机使(最大共鸣数)名敌方单位增加2级烧伤 强度",
                  "summary": "[OnSucceedAttack] 根据共鸣数，相应增加烧伤 强度"
                },
                {
                  "desc": "[OnSucceedAttack] 使目标增加10级烧伤 强度"
                },
                {
                  "desc": "[EnemyKill] 随机使全体敌方单位增加共计相当于击杀目标带有的烧伤 强度的烧伤 强度(最多10级。若是集中遭遇战，则改为使所有部位)",
                  "summary": "[EnemyKill] 随机使敌方单位增加烧伤 强度"
                }
              ]
            }
          ]
        },
        {
          "level": 4,
          "name": "爆炎一击",
          "desc": "全体敌方单位每带有共计4级烧伤 强度，使本技能的硬币威力+2(最多+8)\n[WinDuel] 使自身恢复10点理智值\n[DefeatDuel] 使自身失去30点理智值\n每有1点暴怒共鸣数，使本技能造成的伤害+10%(最多+60%)\n若最大暴怒完全共鸣数不低于4，则改为每有1点暴怒共鸣数，使本技能造成的伤害+20%(最多+120%)\n[EndSkill] 使自身失去15点理智值",
          "coinlist": [
            {
              "coindescs": [
                {
                  "desc": "目标每带有1级烧伤 强度，使本技能造成的伤害+4%(最多+120%)",
                  "summary": "根据目标带有的烧伤 强度，相应使本技能造成的伤害增加"
                },
                {
                  "desc": "[OnSucceedAttack] 若目标的烧伤 强度不低于10级，则随机使(最大共鸣数)名敌方单位增加2级烧伤 强度\n- 若该共鸣为暴怒共鸣，则额外对敌方单位施加1层烧伤 ",
                  "summary": "[OnSucceedAttack] 根据共鸣数，相应增加烧伤 强度"
                },
                {
                  "desc": "[OnSucceedAttack] 使目标增加10级烧伤 强度"
                },
                {
                  "desc": "[EnemyKill] 随机使全体敌方单位增加共计相当于击杀目标带有的烧伤 强度的烧伤 强度(最多10级。若是集中遭遇战，则改为使所有部位)",
                  "summary": "[EnemyKill] 随机使敌方单位增加烧伤 强度"
                }
              ]
            }
          ]
        }
      ]
    }
  ]
}