{
  "dataList": [
    {
      "id": 2040511,
      "levelList": [
        {
          "level": 1,
          "name": "美味苏打",
          "abName": "韦尔奇乐牌汽水",
          "desc": "",
          "coinlist": [
            {
              "coindescs": [
                {
                  "desc": "[OnSucceedAttack] 使目标增加4级沉沦 强度"
                },
                {
                  "desc": "[EnemyKill] 获得3个罪孽碎片，其属性为当前拥有的罪孽碎片中的其中一种"
                }
              ]
            }
          ]
        },
        {
          "level": 3,
          "name": "美味苏打",
          "abName": "韦尔奇乐牌汽水",
          "desc": "",
          "coinlist": [
            {
              "coindescs": [
                {
                  "desc": "[OnSucceedAttack] 使目标增加5级沉沦 强度"
                },
                {
                  "desc": "[EnemyKill] 获得3个罪孽碎片，其属性为当前拥有的罪孽碎片中的其中一种；使全体友方单位恢复3点理智值"
                }
              ]
            }
          ]
        },
        {
          "level": 4,
          "name": "美味苏打",
          "abName": "韦尔奇乐牌汽水",
          "desc": "",
          "coinlist": [
            {
              "coindescs": [
                {
                  "desc": "[OnSucceedAttack] 使目标增加6级沉沦 强度"
                },
                {
                  "desc": "[EnemyKill] 获得3个罪孽碎片，其属性为当前拥有的罪孽碎片中的其中一种；使全体友方单位恢复3点理智值"
                }
              ]
            }
          ]
        }
      ]
    },
    {
      "id": 2040521,
      "levelList": [
        {
          "level": 1,
          "name": "美味苏打",
          "abName": "韦尔奇乐牌汽水",
          "desc": "[CantIdentify]\n随机指定目标",
          "coinlist": [
            {
              "coindescs": [
                {
                  "desc": "[OnSucceedAttack] 使目标增加4级沉沦 强度"
                },
                {
                  "desc": "[EndSkill] 使全体友方单位获得1层罪孽碎片获取量提升 "
                }
              ]
            }
          ]
        },
        {
          "level": 3,
          "name": "美味苏打",
          "abName": "韦尔奇乐牌汽水",
          "desc": "[CantIdentify]\n随机指定目标",
          "coinlist": [
            {
              "coindescs": [
                {
                  "desc": "[OnSucceedAttack] 使目标增加5级沉沦 强度"
                },
                {
                  "desc": "[EndSkill] 使全体友方单位获得1层罪孽碎片获取量提升 "
                }
              ]
            }
          ]
        },
        {
          "level": 4,
          "name": "美味苏打",
          "abName": "韦尔奇乐牌汽水",
          "desc": "[CantIdentify]\n随机指定目标",
          "coinlist": [
            {
              "coindescs": [
                {
                  "desc": "[OnSucceedAttack] 使目标增加6级沉沦 强度"
                },
                {
                  "desc": "[EndSkill] 使全体友方单位获得1层罪孽碎片获取量提升 ，并在下回合获得1层迅捷 "
                }
              ]
            }
          ]
        }
      ]
    },
    {
      "id": 2040611,
      "levelList": [
        {
          "level": 1,
          "name": "盲目",
          "abName": "噬梦的浊流",
          "desc": "[BeforeAttack] 使自身增加4级呼吸法 强度",
          "coinlist": [
            {
              "coindescs": [
                {
                  "desc": "[OnSucceedAttack] 使自身获得2层充能 "
                },
                {
                  "desc": "[CriticalOnSucceedAttack] 使自身获得2层充能 "
                }
              ]
            }
          ]
        },
        {
          "level": 3,
          "name": "盲目",
          "abName": "噬梦的浊流",
          "desc": "[BeforeAttack] 使自身增加4级呼吸法 强度\n[EndSkill] 每击杀1名单位，使自身增加2级呼吸法 强度",
          "coinlist": [
            {
              "coindescs": [
                {
                  "desc": "[OnSucceedAttack] 使自身获得2层充能 "
                },
                {
                  "desc": "[CriticalOnSucceedAttack] 使自身获得2层充能 "
                }
              ]
            }
          ]
        },
        {
          "level": 4,
          "name": "盲目",
          "abName": "噬梦的浊流",
          "desc": "[BeforeAttack] 使自身增加4级呼吸法 强度\n[EndSkill] 每击杀1名单位，使自身增加2级呼吸法 强度",
          "coinlist": [
            {
              "coindescs": [
                {
                  "desc": "[OnSucceedAttack] 使自身获得2层充能 "
                },
                {
                  "desc": "[CriticalOnSucceedAttack] 使自身获得2层充能 "
                }
              ]
            }
          ]
        }
      ]
    },
    {
      "id": 2040621,
      "levelList": [
        {
          "level": 1,
          "name": "盲目",
          "abName": "噬梦的浊流",
          "desc": "[CantIdentify]\n随机指定目标\n[BeforeAttack] 使自身增加4级呼吸法 强度。每消耗2层充能 使自身增加1级呼吸法 强度(最多增加10级)\n[EndSkill] 每击杀1名单位，使自身获得4层充能 ",
          "coinlist": [
            {
              "coindescs": [
                {
                  "desc": "[OnSucceedAttack] 使自身获得1层呼吸法 "
                }
              ]
            }
          ]
        },
        {
          "level": 3,
          "name": "盲目",
          "abName": "噬梦的浊流",
          "desc": "[CantIdentify]\n随机指定目标\n[BeforeAttack] 使自身增加4级呼吸法 强度。每消耗2层充能 使自身增加1级呼吸法 强度(最多增加10级)\n[EndSkill] 每击杀1名单位，使自身获得4层充能 ",
          "coinlist": [
            {
              "coindescs": [
                {
                  "desc": "[OnSucceedAttack] 使自身获得1层呼吸法 "
                }
              ]
            }
          ]
        },
        {
          "level": 4,
          "name": "盲目",
          "abName": "噬梦的浊流",
          "desc": "[CantIdentify]\n随机指定目标\n[BeforeAttack] 使自身增加4级呼吸法 强度。每消耗2层充能 使自身增加1级呼吸法 强度(最多增加10级)\n[EndSkill] 每击杀1名单位，使自身获得4层充能 ",
          "coinlist": [
            {
              "coindescs": [
                {
                  "desc": "[OnSucceedAttack] 使自身获得1层呼吸法 "
                },
                {
                  "desc": "[CriticalOnSucceedAttack] 若自身的呼吸法 强度不低于10级，则使本技能暴击时造成的伤害+30%"
                }
              ]
            }
          ]
        }
      ]
    },
    {
      "id": 2040711,
      "levelList": [
        {
          "level": 1,
          "name": "轻蔑，敬畏",
          "abName": "轻蔑螺旋",
          "desc": "[BeforeAttack] 使本技能的攻击容量+(最大共鸣数)(最多+2)\n[BeforeAttack] 使自身获得(最大共鸣数+1)层[GazePersonality](最多7层)\n[EndSkill] 2回合内，回合结束时使自身失去10点理智值",
          "coinlist": [
            {},
            {
              "coindescs": [
                {
                  "desc": "[EndSkill] 平均使全体目标增加共计10级流血 强度"
                }
              ]
            }
          ]
        },
        {
          "level": 3,
          "name": "轻蔑，敬畏",
          "abName": "轻蔑螺旋",
          "desc": "[BeforeAttack] 使本技能的攻击容量+(最大共鸣数)(最多+4)\n[BeforeAttack] 使自身获得(最大共鸣数+1)层[GazePersonality](最多7层)\n[EndSkill] 2回合内，回合结束时使自身失去10点理智值",
          "coinlist": [
            {},
            {
              "coindescs": [
                {
                  "desc": "[EndSkill] 平均使全体目标增加共计15级流血 强度"
                }
              ]
            }
          ]
        },
        {
          "level": 4,
          "name": "轻蔑，敬畏",
          "abName": "轻蔑螺旋",
          "desc": "[BeforeAttack] 使本技能的攻击容量+(最大共鸣数)(最多+6)\n[BeforeAttack] 本回合与下回合使自身获得(最大共鸣数+1)层[GazePersonality](最多7层)\n[EndSkill] 若本技能参与了色欲共鸣，则获得与自身拥有的各个基础攻击技能相同属性的罪孽碎片各1个\n[EndSkill] 2回合内，回合结束时使自身失去10点理智值",
          "coinlist": [
            {},
            {
              "coindescs": [
                {
                  "desc": "[EndSkill] 平均使全体目标增加共计15级流血 强度"
                }
              ]
            }
          ]
        }
      ]
    },
    {
      "id": 2040721,
      "levelList": [
        {
          "level": 1,
          "name": "轻蔑，敬畏",
          "abName": "轻蔑螺旋",
          "desc": "[CantIdentify]\n随机指定目标\n[BeforeAttack] 使自身获得7层[GazePersonality]",
          "coinlist": [
            {
              "coindescs": [
                {
                  "desc": "[OnSucceedAttack] 若目标带有流血 ，则使本技能造成的伤害+(目标的流血 强度与层数之和)%(最多+20%)"
                },
                {
                  "desc": "[OnSucceedAttack] 使目标增加(1+最大共鸣数×1.5)级流血 强度(最多10级，向下取整)"
                },
                {
                  "desc": "[OnSucceedAttack] 对目标施加2层流血 "
                }
              ]
            }
          ]
        },
        {
          "level": 3,
          "name": "轻蔑，敬畏",
          "abName": "轻蔑螺旋",
          "desc": "[CantIdentify]\n随机指定目标\n[BeforeAttack] 使自身获得7层[GazePersonality]",
          "coinlist": [
            {
              "coindescs": [
                {
                  "desc": "[OnSucceedAttack] 若目标带有流血 ，则使本技能造成的伤害+(目标的流血 强度与层数之和)%(最多+40%)"
                },
                {
                  "desc": "[OnSucceedAttack] 使目标增加(3+最大共鸣数×2)级流血 强度(最多15级，向下取整)"
                },
                {
                  "desc": "[OnSucceedAttack] 对目标施加3层流血 "
                }
              ]
            }
          ]
        },
        {
          "level": 4,
          "name": "轻蔑，敬畏",
          "abName": "轻蔑螺旋",
          "desc": "[CantIdentify]\n随机指定目标\n[BeforeAttack] 使自身获得7层[GazePersonality]\n[EndSkill] 若本技能参与了色欲共鸣，则获得与自身拥有的各个基础攻击技能相同属性的罪孽碎片各1个",
          "coinlist": [
            {
              "coindescs": [
                {
                  "desc": "[OnSucceedAttack] 若目标带有流血 ，则使本技能造成的伤害+(目标的流血 强度与层数之和)%(最多+60%)"
                },
                {
                  "desc": "[OnSucceedAttack] 使目标增加(10+最大共鸣数×2.5)级流血 强度(最多25级，向下取整)"
                },
                {
                  "desc": "[OnSucceedAttack] 对目标施加5层流血 "
                }
              ]
            }
          ]
        }
      ]
    }
  ]
}