{
  "dataList": [
    {
      "id": 1040501,
      "levelList": [
        {
          "level": 1,
          "name": "能·循",
          "desc": "",
          "coinlist": [
            {
              "coindescs": [
                {
                  "desc": "[OnSucceedAttack] 使自身获得2层充能 "
                }
              ]
            },
            {
              "coindescs": [
                {
                  "desc": "[OnSucceedAttack] 使自身获得2层充能 "
                }
              ]
            }
          ]
        },
        {
          "level": 2,
          "name": "能·循",
          "desc": "若自身的充能 层数不低于10层，则使本技能造成的伤害+10%",
          "coinlist": [
            {
              "coindescs": [
                {
                  "desc": "[OnSucceedAttack] 使自身获得2层充能 "
                }
              ]
            },
            {
              "coindescs": [
                {
                  "desc": "[OnSucceedAttack] 使自身获得2层充能 "
                }
              ]
            }
          ]
        },
        {
          "level": 4,
          "name": "能·循",
          "desc": "若自身的充能 层数不低于10层，则使本技能造成的伤害+10%\n若自身的充能 层数不低于15层，则使本技能造成的伤害额外+10%",
          "coinlist": [
            {
              "coindescs": [
                {
                  "desc": "[OnSucceedAttack] 使自身获得2层充能 "
                }
              ]
            },
            {
              "coindescs": [
                {
                  "desc": "[OnSucceedAttack] 使自身获得2层充能 "
                }
              ]
            }
          ]
        }
      ]
    },
    {
      "id": 1040502,
      "levelList": [
        {
          "level": 1,
          "name": "腾跃速攻",
          "desc": "[WhenUse] 使自身获得5层充能 ",
          "coinlist": [
            {
              "coindescs": [
                {
                  "desc": "[OnSucceedAttackHead] 若自身的充能 层数不低于10层，则对目标施加1层斩击易损 "
                }
              ]
            },
            {},
            {
              "coindescs": [
                {
                  "desc": "[OnSucceedAttack] 若目标现存体力不高于30%，则使本硬币造成的伤害+15%"
                }
              ]
            }
          ]
        },
        {
          "level": 2,
          "name": "腾跃速攻",
          "desc": "[WhenUse] 使自身获得6层充能 \n若自身的充能 层数不低于10层，则使本技能的硬币威力+1",
          "coinlist": [
            {
              "coindescs": [
                {
                  "desc": "[OnSucceedAttack] 若自身的充能 层数不低于10层，则对目标施加1层斩击易损 "
                }
              ]
            },
            {},
            {
              "coindescs": [
                {
                  "desc": "[OnSucceedAttack] 若目标现存体力不高于30%，则使本硬币造成的伤害+20%"
                },
                {
                  "desc": "[EnemyKill] 下回合使自身获得1层迅捷 "
                }
              ]
            }
          ]
        },
        {
          "level": 4,
          "name": "腾跃速攻",
          "desc": "[WhenUse] 使自身获得7层充能 \n若自身的充能 层数不低于10层，则使本技能的硬币威力+1\n若自身的充能 层数不低于15层，则使本技能的硬币威力额外+1",
          "coinlist": [
            {
              "coindescs": [
                {
                  "desc": "[OnSucceedAttack] 若自身的充能 层数不低于10层，则对目标施加2层斩击易损 "
                }
              ]
            },
            {},
            {
              "coindescs": [
                {
                  "desc": "[OnSucceedAttack] 若目标现存体力不高于30%，则使本硬币造成的伤害+30%"
                },
                {
                  "desc": "[EnemyKill] 下回合使自身获得3层迅捷 "
                }
              ]
            }
          ]
        }
      ]
    },
    {
      "id": 1040503,
      "levelList": [
        {
          "level": 3,
          "name": "次·魔·空·裂",
          "desc": "[WhenUse] 若自身的充能 层数在7~14层之间，\n则消耗所有充能 层数，\n并消耗体力上限3×(15-消耗的充能 层数)%的体力，使本技能的硬币威力+3\n[WhenUse] 消耗15层充能 ，并使本技能的硬币威力+3",
          "coinlist": [
            {
              "coindescs": [
                {
                  "desc": "[OnSucceedAttackHead] 最后一枚硬币造成的伤害 +5%"
                }
              ]
            },
            {
              "coindescs": [
                {
                  "desc": "[OnSucceedAttackHead] 最后一枚硬币造成的伤害 +5%"
                }
              ]
            },
            {
              "coindescs": [
                {
                  "desc": "[OnSucceedAttackHead] 最后一枚硬币造成的伤害 +5%"
                }
              ]
            },
            {
              "coindescs": [
                {
                  "desc": "[EnemyKill] 若使用本技能时消耗了15层充能 ，则使自身与除自身以外随机1名友方单位获得5层充能力场 "
                }
              ]
            }
          ]
        },
        {
          "level": 4,
          "name": "次·魔·空·裂",
          "desc": "[WhenUse] 若自身的充能 层数在7~14层之间，\n则消耗所有充能 层数，\n并消耗体力上限3×(15-消耗的充能 层数)%的体力，使本技能的硬币威力+5\n[WhenUse] 消耗15层充能 ，并使本技能的硬币威力+5",
          "coinlist": [
            {
              "coindescs": [
                {
                  "desc": "[OnSucceedAttackHead] 最后一枚硬币造成的伤害 +10%"
                }
              ]
            },
            {
              "coindescs": [
                {
                  "desc": "[OnSucceedAttackHead] 最后一枚硬币造成的伤害 +10%"
                }
              ]
            },
            {
              "coindescs": [
                {
                  "desc": "[OnSucceedAttackHead] 最后一枚硬币造成的伤害 +10%"
                }
              ]
            },
            {
              "coindescs": [
                {
                  "desc": "[EnemyKill] 若使用本技能时消耗了15层充能 ，则使自身与除自身以外随机1名友方单位获得7层充能力场 "
                }
              ]
            }
          ]
        }
      ]
    },
    {
      "id": 1040504,
      "levelList": [
        {
          "level": 1,
          "name": "充能闪避",
          "desc": "自身每带有5层充能 ，使本技能的基础威力+1(最多+2)",
          "coinlist": [
            {}
          ]
        },
        {
          "level": 4,
          "name": "充能闪避",
          "desc": "自身每带有5层充能 ，使本技能的基础威力+1(最多+3)",
          "coinlist": [
            {}
          ]
        }
      ]
    },
    {
      "id": 1040601,
      "levelList": [
        {
          "level": 1,
          "name": "强力推击",
          "desc": "[WhenUse] 使自身获得2层呼吸法 ",
          "coinlist": [
            {
              "coindescs": [
                {
                  "desc": "[CriticalOnSucceedAttack] 使目标失去4点理智值"
                }
              ]
            }
          ]
        },
        {
          "level": 2,
          "name": "强力推击",
          "desc": "[WhenUse] 使自身获得2层呼吸法 ",
          "coinlist": [
            {
              "coindescs": [
                {
                  "desc": "[CriticalOnSucceedAttack] 使目标失去6点理智值"
                }
              ]
            }
          ]
        },
        {
          "level": 4,
          "name": "强力推击",
          "desc": "[WhenUse] 使自身获得2层呼吸法 \n若自身的呼吸法 强度不低于7级，则使本技能的硬币威力+1",
          "coinlist": [
            {
              "coindescs": [
                {
                  "desc": "[CriticalOnSucceedAttack] 使目标失去8点理智值"
                }
              ]
            }
          ]
        }
      ]
    },
    {
      "id": 1040602,
      "levelList": [
        {
          "level": 1,
          "name": "目·无",
          "desc": "",
          "coinlist": [
            {
              "coindescs": [
                {
                  "desc": "[OnSucceedAttack] 使自身增加1级呼吸法 强度"
                },
                {
                  "desc": "[CriticalOnSucceedAttack] 对目标施加1层攻击等级降低 "
                }
              ]
            },
            {
              "coindescs": [
                {
                  "desc": "[OnSucceedAttack] 使自身增加1级呼吸法 强度"
                },
                {
                  "desc": "[CriticalOnSucceedAttack] 对目标施加1层攻击等级降低 "
                }
              ]
            }
          ]
        },
        {
          "level": 2,
          "name": "目·无",
          "desc": "",
          "coinlist": [
            {
              "coindescs": [
                {
                  "desc": "[OnSucceedAttack] 使自身增加2级呼吸法 强度"
                },
                {
                  "desc": "[CriticalOnSucceedAttack] 对目标施加1层攻击等级降低 "
                }
              ]
            },
            {
              "coindescs": [
                {
                  "desc": "[OnSucceedAttack] 使自身增加1级呼吸法 强度"
                },
                {
                  "desc": "[CriticalOnSucceedAttack] 对目标施加1层攻击等级降低 "
                }
              ]
            }
          ]
        },
        {
          "level": 4,
          "name": "目·无",
          "desc": "若自身的呼吸法 强度不低于7级，则使本技能的硬币威力+1",
          "coinlist": [
            {
              "coindescs": [
                {
                  "desc": "[OnSucceedAttack] 使自身增加2级呼吸法 强度"
                },
                {
                  "desc": "[CriticalOnSucceedAttack] 对目标施加2层攻击等级降低 "
                }
              ]
            },
            {
              "coindescs": [
                {
                  "desc": "[OnSucceedAttack] 使自身增加1级呼吸法 强度"
                },
                {
                  "desc": "[CriticalOnSucceedAttack] 对目标施加1层攻击等级降低 "
                }
              ]
            }
          ]
        }
      ]
    },
    {
      "id": 1040603,
      "levelList": [
        {
          "level": 3,
          "name": "头·裂",
          "desc": "[WhenUse] 使自身增加4级呼吸法 强度\n若自身的呼吸法 强度不低于10级，则使本技能的硬币威力+1",
          "coinlist": [
            {
              "coindescs": [
                {}
              ]
            },
            {
              "coindescs": [
                {}
              ]
            },
            {
              "coindescs": [
                {
                  "desc": "消耗1发弹药 "
                },
                {
                  "desc": "[CriticalOnSucceedAttack] 使本硬币对目标施加的震颤 与破裂 的强度和层数变为2倍"
                },
                {
                  "desc": "[OnSucceedAttack] 使目标增加3级震颤 强度并对目标施加1层震颤 "
                },
                {
                  "desc": "[OnSucceedAttack] 使目标增加3级破裂 强度并对目标施加1层破裂 "
                },
                {
                  "desc": "[OnSucceedAttackHead] 使目标震颤引爆 "
                }
              ]
            }
          ]
        },
        {
          "level": 4,
          "name": "头·裂",
          "desc": "[WhenUse] 使自身增加4级呼吸法 强度\n自身每带有7级呼吸法 强度，使本技能的硬币威力+1(最多+2)",
          "coinlist": [
            {
              "coindescs": [
                {
                  "desc": "[CriticalOnSucceedAttack] 使自身获得1层呼吸法 "
                }
              ]
            },
            {
              "coindescs": [
                {
                  "desc": "[CriticalOnSucceedAttack] 使自身获得1层呼吸法 "
                }
              ]
            },
            {
              "coindescs": [
                {
                  "desc": "消耗1发弹药 "
                },
                {
                  "desc": "[CriticalOnSucceedAttack] 使本硬币对目标施加的震颤 与破裂 的强度和层数变为2倍"
                },
                {
                  "desc": "[OnSucceedAttack] 使目标增加4级震颤 强度并对目标施加2层震颤 "
                },
                {
                  "desc": "[OnSucceedAttack] 使目标增加4级破裂 强度并对目标施加2层破裂 "
                },
                {
                  "desc": "[OnSucceedAttack] 使目标震颤引爆 "
                }
              ]
            }
          ]
        }
      ]
    },
    {
      "id": 1040604,
      "levelList": [
        {
          "level": 1,
          "name": "防御",
          "desc": "",
          "coinlist": [
            {}
          ]
        },
        {
          "level": 4,
          "name": "防御",
          "desc": "",
          "coinlist": [
            {}
          ]
        }
      ]
    },
    {
      "id": 1040701,
      "levelList": [
        {
          "level": 1,
          "name": "全面战",
          "desc": "",
          "coinlist": [
            {
              "coindescs": [
                {
                  "desc": "[OnSucceedAttackHead] 使目标增加1级烧伤 强度"
                }
              ]
            },
            {
              "coindescs": [
                {
                  "desc": "[OnSucceedAttackHead] 使目标增加1级烧伤 强度"
                }
              ]
            }
          ]
        },
        {
          "level": 2,
          "name": "全面战",
          "desc": "若目标的烧伤 强度不低于6级，则使本技能的拼点威力+1",
          "coinlist": [
            {
              "coindescs": [
                {
                  "desc": "[OnSucceedAttack] 使目标增加1级烧伤 强度"
                }
              ]
            },
            {
              "coindescs": [
                {
                  "desc": "[OnSucceedAttack] 使目标增加1级烧伤 强度"
                }
              ]
            }
          ]
        },
        {
          "level": 4,
          "name": "全面战",
          "desc": "若目标的烧伤 强度不低于6级，则使本技能的拼点威力+1\n若目标的烧伤 强度不低于10级，则使本技能的硬币威力+1",
          "coinlist": [
            {
              "coindescs": [
                {
                  "desc": "[OnSucceedAttack] 使目标增加1级烧伤 强度"
                }
              ]
            },
            {
              "coindescs": [
                {
                  "desc": "[OnSucceedAttackHead] 使目标增加1级烧伤 强度"
                },
                {
                  "desc": "[OnSucceedAttack] 使目标增加1级烧伤 强度"
                }
              ]
            }
          ]
        }
      ]
    },
    {
      "id": 1040702,
      "levelList": [
        {
          "level": 1,
          "name": "炽焰手刀",
          "desc": "",
          "coinlist": [
            {
              "coindescs": [
                {
                  "desc": "[OnSucceedAttack] 使目标增加2级烧伤 强度"
                }
              ]
            },
            {
              "coindescs": [
                {
                  "desc": "[OnSucceedAttack] 若目标的烧伤 强度不低于6级，则使本硬币造成的伤害+20%"
                }
              ]
            }
          ]
        },
        {
          "level": 2,
          "name": "炽焰手刀",
          "desc": "若目标的烧伤 强度不低于6级，则使本技能的拼点威力+1",
          "coinlist": [
            {
              "coindescs": [
                {
                  "desc": "[OnSucceedAttack] 使目标增加2级烧伤 强度"
                }
              ]
            },
            {
              "coindescs": [
                {
                  "desc": "[OnSucceedAttack] 若目标的烧伤 强度不低于6级，则使本硬币造成的伤害+30%"
                }
              ]
            }
          ]
        },
        {
          "level": 4,
          "name": "炽焰手刀",
          "desc": "若目标的烧伤 强度不低于6级，则使本技能的拼点威力+1\n若目标的烧伤 强度不低于6级，则使本技能的硬币威力+1",
          "coinlist": [
            {
              "coindescs": [
                {
                  "desc": "[OnSucceedAttack] 使目标增加2级烧伤 强度"
                }
              ]
            },
            {
              "coindescs": [
                {
                  "desc": "[OnSucceedAttack] 若目标的烧伤 强度不低于6级，则使本硬币造成的伤害+50%"
                }
              ]
            }
          ]
        }
      ]
    },
    {
      "id": 1040703,
      "levelList": [
        {
          "level": 3,
          "name": "炎绝",
          "desc": "若目标的烧伤 强度不低于6级，则使本技能的拼点威力+1",
          "coinlist": [
            {
              "coindescs": [
                {
                  "desc": "[OnSucceedAttack] 使目标增加1级烧伤 强度"
                }
              ]
            },
            {
              "coindescs": [
                {
                  "desc": "[OnSucceedAttack] 使目标增加1级烧伤 强度"
                }
              ]
            },
            {
              "coindescs": [
                {
                  "desc": "[OnSucceedAttack] 使目标增加1级烧伤 强度"
                }
              ]
            },
            {
              "coindescs": [
                {
                  "desc": "[OnSucceedAttack] 若目标的烧伤 强度不低于10级，则使本硬币造成的伤害+20%"
                }
              ]
            }
          ]
        },
        {
          "level": 4,
          "name": "炎绝",
          "desc": "若目标的烧伤 强度不低于6级，则使本技能的拼点威力+1\n若目标的烧伤 强度不低于6级，则使本技能的硬币威力+1",
          "coinlist": [
            {
              "coindescs": [
                {
                  "desc": "[OnSucceedAttack] 使目标增加1级烧伤 强度"
                }
              ]
            },
            {
              "coindescs": [
                {
                  "desc": "[OnSucceedAttack] 使目标增加1级烧伤 强度"
                }
              ]
            },
            {
              "coindescs": [
                {
                  "desc": "[OnSucceedAttack] 使目标增加1级烧伤 强度"
                }
              ]
            },
            {
              "coindescs": [
                {
                  "desc": "[OnSucceedAttack] 若目标的烧伤 强度不低于10级，则使本硬币造成的伤害+40%"
                }
              ]
            }
          ]
        }
      ]
    },
    {
      "id": 1040704,
      "levelList": [
        {
          "level": 1,
          "name": "防御",
          "desc": "",
          "coinlist": [
            {
              "coindescs": [
                {
                  "desc": ""
                }
              ]
            }
          ]
        },
        {
          "level": 4,
          "name": "防御",
          "desc": "",
          "coinlist": [
            {
              "coindescs": [
                {
                  "desc": ""
                }
              ]
            }
          ]
        }
      ]
    },
    {
      "id": 1040801,
      "levelList": [
        {
          "level": 1,
          "name": "迎客之道1式 狩猎",
          "desc": "[WhenUse] 使自身获得2层呼吸法 ",
          "coinlist": [
            {
              "coindescs": [
                {
                  "desc": "[OnSucceedAttack] 使自身获得2层呼吸法 "
                }
              ]
            },
            {
              "coindescs": [
                {
                  "desc": "[OnSucceedAttack] 对目标施加2层[MarkOfButler]"
                }
              ]
            }
          ]
        },
        {
          "level": 2,
          "name": "迎客之道1式 狩猎",
          "desc": "若自身的速度值高于目标至少3点，则使本技能的拼点威力+1\n[WhenUse] 使自身获得2层呼吸法 ",
          "coinlist": [
            {
              "coindescs": [
                {
                  "desc": "[OnSucceedAttack] 使自身获得2层呼吸法 "
                }
              ]
            },
            {
              "coindescs": [
                {
                  "desc": "[OnSucceedAttack] 对目标施加2层[MarkOfButler]"
                }
              ]
            }
          ]
        },
        {
          "level": 4,
          "name": "迎客之道1式 狩猎",
          "desc": "若自身的速度值高于目标，则每相差2点，使本技能的拼点威力+1(最多+3)\n[WhenUse] 使自身获得2层呼吸法 ",
          "coinlist": [
            {
              "coindescs": [
                {
                  "desc": "[OnSucceedAttack] 使自身获得2层呼吸法 "
                }
              ]
            },
            {
              "coindescs": [
                {
                  "desc": "[OnSucceedAttack] 对目标施加2层[MarkOfButler]"
                }
              ]
            }
          ]
        }
      ]
    },
    {
      "id": 1040802,
      "levelList": [
        {
          "level": 1,
          "name": "迎客之道第7式 捕捉",
          "desc": "[StartBattle] 消耗6层呼吸法 并使本技能的攻击容量+2",
          "coinlist": [
            {
              "coindescs": [
                {
                  "desc": "[OnSucceedAttack] 使自身增加2级呼吸法 强度"
                }
              ]
            },
            {
              "coindescs": [
                {
                  "desc": "[OnSucceedAttack] 对目标施加2层[MarkOfButler]"
                }
              ]
            }
          ]
        },
        {
          "level": 2,
          "name": "迎客之道第7式 捕捉",
          "desc": "[StartBattle] 消耗6层呼吸法 并使本技能的攻击容量+2",
          "coinlist": [
            {
              "coindescs": [
                {
                  "desc": "[OnSucceedAttack] 使自身增加3级呼吸法 强度"
                }
              ]
            },
            {
              "coindescs": [
                {
                  "desc": "[OnSucceedAttack] 对目标施加2层[MarkOfButler]"
                }
              ]
            }
          ]
        },
        {
          "level": 4,
          "name": "迎客之道第7式 捕捉",
          "desc": "若自身的速度值高于主要目标，则每相差2点，使本技能的拼点威力+1(最多+3)\n[StartBattle] 消耗6层呼吸法 并使本技能的攻击容量+2",
          "coinlist": [
            {
              "coindescs": [
                {
                  "desc": "[OnSucceedAttack] 使自身增加3级呼吸法 强度"
                },
                {
                  "desc": "[CriticalOnSucceedAttack] 对目标施加1层[MarkOfButler]"
                }
              ]
            },
            {
              "coindescs": [
                {
                  "desc": "[OnSucceedAttack] 对目标施加2层[MarkOfButler]"
                }
              ]
            }
          ]
        }
      ]
    },
    {
      "id": 1040803,
      "levelList": [
        {
          "level": 3,
          "name": "迎客之道第2式 折·脖",
          "desc": "若目标带有[MarkOfButler]，则使本技能的拼点威力+1\n[WhenUse] 使自身获得7层呼吸法 ",
          "coinlist": [
            {
              "coindescs": [
                {
                  "desc": "[OnSucceedAttack] 使自身增加5级呼吸法 强度"
                },
                {
                  "desc": "[OnSucceedAttack] 下回合对目标施加1层束缚 "
                },
                {
                  "desc": "[OnSucceedAttack] 使目标的混乱阈值前移本硬币伤害量的20%"
                }
              ]
            },
            {
              "coindescs": [
                {
                  "desc": "[OnSucceedAttack] 若目标陷入混乱，则使本硬币暴击时造成的伤害+20%"
                },
                {
                  "desc": "[OnSucceedAttack] 对目标施加2层[MarkOfButler]"
                }
              ]
            }
          ]
        },
        {
          "level": 4,
          "name": "迎客之道第2式 折·脖",
          "desc": "若目标带有[MarkOfButler]，则使本技能的拼点威力+1\n若自身的速度值高于目标，则每相差2点，使本技能的硬币威力+1(最多+2)\n[WhenUse] 使自身获得7层呼吸法 ",
          "coinlist": [
            {
              "coindescs": [
                {
                  "desc": "[OnSucceedAttack] 使自身增加5级呼吸法 强度"
                },
                {
                  "desc": "[OnSucceedAttack] 下回合对目标施加1层束缚 "
                },
                {
                  "desc": "[OnSucceedAttack] 使目标的混乱阈值前移本硬币伤害量的30%"
                },
                {
                  "desc": "[CriticalOnSucceedAttack] 对目标施加1层[MarkOfButler]"
                }
              ]
            },
            {
              "coindescs": [
                {
                  "desc": "[OnSucceedAttack] 若目标陷入混乱，则使本硬币暴击时造成的伤害+40%"
                },
                {
                  "desc": "[OnSucceedAttack] 对目标施加2层[MarkOfButler]"
                },
                {
                  "desc": "[EnemyKill] 随机对1名带有[MarkOfButler]的目标重复使用本技能1次\n(重复使用时不生效，没有目标带有[MarkOfButler]时不生效)"
                }
              ]
            }
          ]
        }
      ]
    },
    {
      "id": 1040804,
      "levelList": [
        {
          "level": 1,
          "name": "无能",
          "desc": "[OnSucceedEvade] 使自身恢复3点理智值(每回合最多3次)",
          "coinlist": [
            {
              "coindescs": [
                {
                  "desc": ""
                }
              ]
            }
          ]
        },
        {
          "level": 4,
          "name": "无能",
          "desc": "[OnSucceedEvade] 使自身恢复3点理智值(每回合最多5次)\n[OnSucceedEvade] 使自身获得1层呼吸法 (每回合最多5次)",
          "coinlist": [
            {
              "coindescs": [
                {
                  "desc": ""
                }
              ]
            }
          ]
        }
      ]
    },
    {
      "id": 1040901,
      "levelList": [
        {
          "level": 1,
          "name": "你螺丝松了？",
          "desc": "[WhenUse] 对自身施加2层震颤 ",
          "coinlist": [
            {
              "coindescs": [
                {
                  "desc": "[OnSucceedAttack] 对自身施加((目标的震颤 层数)/2)层震颤 (最多2层)"
                }
              ]
            },
            {
              "coindescs": [
                {
                  "desc": "[OnSucceedAttack] 对目标施加1层震颤 "
                }
              ]
            }
          ]
        },
        {
          "level": 2,
          "name": "你螺丝松了？",
          "desc": "[WhenUse] 对自身施加2层震颤 \n[WhenUse] 若自身的震颤 层数不低于5层，则使本技能的拼点威力+2",
          "coinlist": [
            {
              "coindescs": [
                {
                  "desc": "[OnSucceedAttack] 对自身施加((目标的震颤 层数)/2)层震颤 (最多3层)"
                }
              ]
            },
            {
              "coindescs": [
                {
                  "desc": "[OnSucceedAttack] 对目标施加1层震颤 "
                }
              ]
            }
          ]
        },
        {
          "level": 4,
          "name": "你螺丝松了？",
          "desc": "[WhenUse] 对自身施加2层震颤 \n[WhenUse] 若自身的震颤 层数不低于4层，则使本技能的拼点威力+2",
          "coinlist": [
            {
              "coindescs": [
                {
                  "desc": "[OnSucceedAttack] 对自身施加(目标的震颤 层数)层震颤 (最多4层)"
                }
              ]
            },
            {
              "coindescs": [
                {
                  "desc": "[OnSucceedAttack] 对目标施加2层震颤 "
                }
              ]
            }
          ]
        }
      ]
    },
    {
      "id": 1040902,
      "levelList": [
        {
          "level": 1,
          "name": "压力发条扳手",
          "desc": "[WhenUse] 对自身施加2层震颤 ",
          "coinlist": [
            {},
            {
              "coindescs": [
                {
                  "desc": "[OnSucceedAttackHead] 对目标施加1层震颤 "
                }
              ]
            },
            {
              "coindescs": [
                {
                  "desc": "[OnSucceedAttack] 消耗自身的震颤 层数，并对目标施加层数相当于震颤 消耗量的震颤 (最多5层)"
                }
              ]
            }
          ]
        },
        {
          "level": 2,
          "name": "压力发条扳手",
          "desc": "[WhenUse] 对自身施加2层震颤 \n若自身的震颤 层数不低于5层，则使本技能的硬币威力+1",
          "coinlist": [
            {},
            {
              "coindescs": [
                {
                  "desc": "[OnSucceedAttackHead] 对目标施加1层震颤 "
                }
              ]
            },
            {
              "coindescs": [
                {
                  "desc": "[OnSucceedAttack] 消耗自身的震颤 层数，并对目标施加层数相当于震颤 消耗量的震颤 (最多5层)"
                }
              ]
            }
          ]
        },
        {
          "level": 4,
          "name": "压力发条扳手",
          "desc": "[WhenUse] 对自身施加2层震颤 \n[WhenUse] 若自身的震颤 层数不低于4层，则使本技能的拼点威力+1\n若自身的震颤 层数不低于4层，则使本技能的硬币威力+1",
          "coinlist": [
            {},
            {
              "coindescs": [
                {
                  "desc": "[OnSucceedAttack] 对目标施加1层震颤 "
                }
              ]
            },
            {
              "coindescs": [
                {
                  "desc": "[OnSucceedAttack] 消耗自身的震颤 层数，并对目标施加层数相当于震颤 消耗量的震颤 (最多5层)"
                }
              ]
            }
          ]
        }
      ]
    },
    {
      "id": 1040903,
      "levelList": [
        {
          "level": 3,
          "name": "敲敲就好",
          "desc": "[WhenUse] 对自身施加2层震颤 \n消耗自身的10层震颤 并使本技能的硬币威力+1",
          "coinlist": [
            {
              "coindescs": [
                {
                  "desc": "[OnSucceedAttack] 使目标增加2级震颤 强度"
                }
              ]
            },
            {
              "coindescs": [
                {
                  "desc": "[OnSucceedAttack] 使目标增加2级震颤 强度"
                }
              ]
            },
            {
              "coindescs": [
                {
                  "desc": "[OnSucceedAttack] 使目标震颤引爆 ，并使其震颤 层数减少2层"
                }
              ]
            }
          ]
        },
        {
          "level": 4,
          "name": "敲敲就好",
          "desc": "[WhenUse] 对自身施加2层震颤 \n消耗自身的8层震颤 并使本技能的硬币威力+1\n若目标的震颤 强度不低于6级，则使本技能的硬币威力+1",
          "coinlist": [
            {
              "coindescs": [
                {
                  "desc": "[OnSucceedAttack] 使目标增加2级震颤 强度"
                }
              ]
            },
            {
              "coindescs": [
                {
                  "desc": "[OnSucceedAttack] 使目标增加2级震颤 强度"
                }
              ]
            },
            {
              "coindescs": [
                {
                  "desc": "[OnSucceedAttack] 使目标震颤引爆 ，并使其震颤 层数减少1层"
                }
              ]
            }
          ]
        }
      ]
    },
    {
      "id": 1040904,
      "levelList": [
        {
          "level": 1,
          "name": "防御",
          "desc": "[WhenUse] 获得(2×自身的震颤 层数)点护盾体力(最多5点)",
          "coinlist": [
            {}
          ]
        },
        {
          "level": 4,
          "name": "防御",
          "desc": "[WhenUse] 获得(2×自身的震颤 层数)点护盾体力(最多10点)",
          "coinlist": [
            {}
          ]
        }
      ]
    }
  ]
}