{
  "dataList": [
    {
      "id": 806301,
      "levelList": [
        {
          "level": 1,
          "name": "胡乱刺击",
          "desc": "",
          "coinlist": [
            {
              "coindescs": [
                {
                  "desc": "[OnSucceedAttack] 使目标增加2级破裂 强度"
                }
              ]
            },
            {
              "coindescs": [
                {
                  "desc": "[OnSucceedAttack] 使目标增加2级破裂 强度"
                }
              ]
            },
            {
              "coindescs": [
                {
                  "desc": "[OnSucceedAttack] 使目标增加2级破裂 强度"
                }
              ]
            }
          ]
        }
      ]
    },
    {
      "id": 806302,
      "levelList": [
        {
          "level": 1,
          "name": "强力！刺击",
          "desc": "",
          "coinlist": [
            {
              "coindescs": [
                {
                  "desc": "[OnSucceedAttack] 对目标施加4层破裂 "
                }
              ]
            }
          ]
        }
      ]
    },
    {
      "id": 806303,
      "levelList": [
        {
          "level": 1,
          "name": "吐泡",
          "desc": "[CantIdentify]",
          "coinlist": [
            {
              "coindescs": [
                {
                  "desc": "[OnSucceedAttack] 对目标施加5层破裂 "
                }
              ]
            },
            {
              "coindescs": [
                {
                  "desc": "[OnSucceedAttack] 对目标施加5层破裂 "
                }
              ]
            }
          ]
        }
      ]
    },
    {
      "id": 806304,
      "levelList": [
        {
          "level": 1,
          "name": "蟹铲！！！",
          "desc": "[CantIdentify]\n目标每带有5层破裂 ，使本技能造成的伤害+20%",
          "coinlist": [
            {
              "coindescs": [
                {
                  "desc": "[OnSucceedAttack] 使目标增加5级破裂 强度"
                },
                {
                  "desc": "[OnSucceedAttack] 对目标施加5层破裂 "
                }
              ]
            }
          ]
        }
      ]
    },
    {
      "id": 806305,
      "levelList": [
        {
          "level": 1,
          "name": "激情四蟹",
          "desc": "[CantIdentify]\n目标每带有5层破裂 ，使本技能造成的伤害+20%\n[EndSkill] 回合结束时，若除自身以外的螃蟹少于5只，则召唤3只螃蟹(最多召唤5只)",
          "coinlist": [
            {
              "coindescs": [
                {
                  "desc": "[OnSucceedAttack] 使目标增加5级破裂 强度"
                }
              ]
            }
          ]
        }
      ]
    },
    {
      "id": 806306,
      "levelList": [
        {
          "level": 1,
          "name": "泡沫护身",
          "desc": "[StartBattle] 若自身带有护盾时受到攻击，则反弹7点伤害\n使目标增加1级破裂 强度",
          "coinlist": [
            {}
          ]
        }
      ]
    },
    {
      "id": 806307,
      "levelList": [
        {
          "level": 1,
          "name": "泡沫护身",
          "desc": "[StartBattle] 若自身带有护盾时受到攻击，则反弹7点伤害\n使目标增加1级破裂 强度",
          "coinlist": [
            {}
          ]
        }
      ]
    }
  ]
}