{
  "dataList": [
    {
      "id": "OnSucceedAttack",
      "name": "[命中时]"
    },
    {
      "id": "WhenUse",
      "name": "[使用时]"
    },
    {
      "id": "WinDuel",
      "name": "[拼点胜利]"
    },
    {
      "id": "BeforeAttack",
      "name": "[攻击前]"
    },
    {
      "id": "Wide",
      "name": "[群体技能]"
    },
    {
      "id": "nxPostLine",
      "name": "[队首{n}人]"
    },
    {
      "id": "nxCenterLine",
      "name": "[队中{n}人]"
    },
    {
      "id": "nxBackLine",
      "name": "[队尾{n}人]"
    },
    {
      "id": "CantIdentify",
      "name": "[无差别攻击]"
    },
    {
      "id": "CRIMSON",
      "name": "暴怒"
    },
    {
      "id": "SCARLET",
      "name": "色欲"
    },
    {
      "id": "AMBER",
      "name": "怠惰"
    },
    {
      "id": "SHAMROCK",
      "name": "暴食"
    },
    {
      "id": "AZURE",
      "name": "忧郁"
    },
    {
      "id": "INDIGO",
      "name": "傲慢"
    },
    {
      "id": "VIOLET",
      "name": "嫉妒"
    },
    {
      "id": "WHITE",
      "name": "疯狂"
    },
    {
      "id": "BLACK",
      "name": "恐惧"
    },
    {
      "id": "EndSkill",
      "name": "[攻击后]"
    },
    {
      "id": "StartBattle",
      "name": "[战斗开始]"
    },
    {
      "id": "DefeatDuel",
      "name": "[拼点失败]"
    },
    {
      "id": "OnSucceedAttackHead",
      "name": "[正面命中时]"
    },
    {
      "id": "OnSucceedAttackTail",
      "name": "[反面命中时]"
    },
    {
      "id": "OnSucceedEvade",
      "name": "[闪避成功时]"
    },
    {
      "id": "AlwaysUse",
      "name": "[常驻]"
    },
    {
      "id": "CantDuel",
      "name": "[无法拼点]"
    },
    {
      "id": "EnemyKill",
      "name": "[击杀时]"
    },
    {
      "id": "EnemyKillFail",
      "name": "[未击杀时]"
    },
    {
      "id": "ReUse",
      "name": "[重复使用时]"
    },
    {
      "id": "ReUseOnSucceedAttackHead",
      "name": "[重复使用 - 正面命中时]"
    },
    {
      "id": "CriticalOnSucceedAttack",
      "name": "[暴击命中时]"
    },
    {
      "id": "StartDuel",
      "name": "[拼点开始]"
    },
    {
      "id": "EndBattle",
      "name": "[回合结束时]"
    },
    {
      "id": "OnDefeatEvade",
      "name": "[闪避失败时]"
    },
    {
      "id": "EndSkillHead",
      "name": "[正面攻击结束后]"
    },
    {
      "id": "EndSkillTail",
      "name": "[反面攻击结束后]"
    },
    {
      "id": "WinDuelAttackHead",
      "name": "[拼点胜利 - 正面命中时]"
    },
    {
      "id": "WinDuelAttack",
      "name": "[拼点胜利 - 命中时]"
    },
    {
      "id": "CriticalActivated",
      "name": "[暴击发动时]"
    },
    {
      "id": "CriticalEndSkill",
      "name": "[暴击结束后]"
    },
    {
      "id": "CantChangeTarget",
      "name": "[无法改变拼点目标]"
    },
    {
      "id": "TurnStartBattle",
      "name": "[回合开始时]"
    },
    {
      "id": "EndSkillAll",
      "name": "[技能结束时]"
    },
    {
      "id": "WhenUse_Force",
      "name": "<color=#26cfff>[使用时]</color>"
    },
    {
      "id": "StartBattle_Force",
      "name": "<color=#93f13e>[战斗开始]</color>"
    },
    {
      "id": "TargetKill",
      "name": "[击杀目标时]"
    },
    {
      "id": "CriticalTargetKill",
      "name": "[暴击击杀时]"
    }
  ]
}