{
  "dataList": [
    {
      "id": 9012801,
      "levelList": [
        {
          "level": 1,
          "name": "阻止违规者",
          "desc": "[WhenUse] 若目标带有流血 ，则使自身恢复4点理智值",
          "coinlist": [
            {
              "coindescs": [
                {
                  "desc": "[OnSucceedAttack] 使目标增加3级流血 强度"
                }
              ]
            },
            {
              "coindescs": [
                {
                  "desc": "[OnSucceedAttack] 使目标增加3级流血 强度"
                }
              ]
            }
          ]
        }
      ]
    },
    {
      "id": 9012802,
      "levelList": [
        {
          "level": 1,
          "name": "规则执行",
          "desc": "[WhenUse] 若目标的流血 强度不低于5级，则使本技能的硬币威力+1",
          "coinlist": [
            {
              "coindescs": [
                {
                  "desc": "[OnSucceedAttack] 使目标增加5级流血 强度"
                },
                {
                  "desc": "[OnSucceedAttack] 若目标带有流血 ，则使自身恢复5点理智值"
                }
              ]
            },
            {
              "coindescs": [
                {
                  "desc": "[OnSucceedAttack] 使目标增加5级流血 强度"
                },
                {
                  "desc": "[OnSucceedAttack] 若目标带有流血 ，则使自身恢复5点理智值"
                }
              ]
            }
          ]
        }
      ]
    },
    {
      "id": 9012803,
      "levelList": [
        {
          "level": 1,
          "name": "执行违规者",
          "desc": "[WinDuel] 若目标带有流血 ，则下回合使自身获得1层强壮 ",
          "coinlist": [
            {
              "coindescs": [
                {
                  "desc": "[OnSucceedAttack] 若目标的流血 强度不低于5级，则对其追加本硬币伤害量20%的伤害"
                },
                {
                  "desc": "[OnSucceedAttackHead] 对目标施加1层防御等级降低 "
                }
              ]
            },
            {
              "coindescs": [
                {
                  "desc": "[OnSucceedAttack] 若目标的流血 强度不低于5级，则对其追加本硬币伤害量20%的伤害"
                },
                {
                  "desc": "[OnSucceedAttackHead] 对目标施加1层防御等级降低 "
                }
              ]
            }
          ]
        }
      ]
    },
    {
      "id": 9012804,
      "levelList": [
        {
          "level": 1,
          "name": "防御",
          "desc": "回合结束时若自身带有护盾，则下回合使自身获得2层伤害强化 ",
          "coinlist": [
            {
              "coindescs": [
                {
                  "desc": ""
                }
              ]
            }
          ]
        }
      ]
    },
    {
      "id": 9012901,
      "levelList": [
        {
          "level": 1,
          "name": "处理违规者",
          "desc": "[WhenUse] 若目标带有流血 ，则使自身恢复4点理智值",
          "coinlist": [
            {
              "coindescs": [
                {
                  "desc": "[OnSucceedAttack] 对目标施加2层流血 "
                }
              ]
            },
            {
              "coindescs": [
                {
                  "desc": "[OnSucceedAttack] 对目标施加2层流血 "
                }
              ]
            }
          ]
        }
      ]
    },
    {
      "id": 9012902,
      "levelList": [
        {
          "level": 1,
          "name": "规则履行",
          "desc": "[WhenUse] 若目标的流血 层数不低于4层，则使本技能的硬币威力+1",
          "coinlist": [
            {
              "coindescs": [
                {
                  "desc": "[OnSucceedAttack] 对目标施加2层流血 "
                },
                {
                  "desc": "[OnSucceedAttack] 若目标带有流血 ，则使自身恢复5点理智值"
                }
              ]
            },
            {
              "coindescs": [
                {
                  "desc": "[OnSucceedAttack] 对目标施加2层流血 "
                },
                {
                  "desc": "[OnSucceedAttack] 若目标带有流血 ，则使自身恢复5点理智值"
                }
              ]
            }
          ]
        }
      ]
    },
    {
      "id": 9012903,
      "levelList": [
        {
          "level": 1,
          "name": "惩罚违规者",
          "desc": "[WinDuel] 若目标带有流血 ，则下回合使自身获得1层强壮 ",
          "coinlist": [
            {
              "coindescs": [
                {
                  "desc": "[OnSucceedAttack] 若目标的流血 层数不低于4层，则对其追加本硬币伤害量20%的伤害"
                },
                {
                  "desc": "[OnSucceedAttackHead] 对目标施加1层防御等级降低 "
                }
              ]
            },
            {
              "coindescs": [
                {
                  "desc": "[OnSucceedAttack] 若目标的流血 层数不低于4层，则对其追加本硬币伤害量20%的伤害"
                },
                {
                  "desc": "[OnSucceedAttackHead] 对目标施加1层防御等级降低 "
                }
              ]
            }
          ]
        }
      ]
    },
    {
      "id": 9012904,
      "levelList": [
        {
          "level": 1,
          "name": "防御",
          "desc": "回合结束时若自身带有护盾，则下回合使自身获得2层伤害强化 ",
          "coinlist": [
            {
              "coindescs": [
                {
                  "desc": ""
                }
              ]
            }
          ]
        }
      ]
    },
    {
      "id": 9013001,
      "levelList": [
        {
          "level": 1,
          "name": "处罚执行",
          "desc": "[WinDuel] 若目标的流血 强度不低于5级，则重复使用本技能(最多1次)",
          "coinlist": [
            {
              "coindescs": [
                {
                  "desc": "[OnSucceedAttack] 使目标增加5级流血 强度并对其施加2层流血 "
                }
              ]
            }
          ]
        }
      ]
    },
    {
      "id": 9013002,
      "levelList": [
        {
          "level": 1,
          "name": "处决违规者",
          "desc": "若目标的流血 强度不低于5级，则使本技能造成的伤害+30%",
          "coinlist": [
            {
              "coindescs": [
                {
                  "desc": "[OnSucceedAttack] 若目标带有流血 ，则下回合对其施加2层攻击等级降低 "
                },
                {
                  "desc": "[OnSucceedAttack] 使目标增加5级流血 强度"
                }
              ]
            },
            {
              "coindescs": [
                {
                  "desc": "[OnSucceedAttack] 使目标增加相当于其(流血 强度/2)的破裂 强度"
                },
                {
                  "desc": "[OnSucceedAttack] 若目标带有流血 ，则使自身恢复7点理智值"
                }
              ]
            }
          ]
        }
      ]
    },
    {
      "id": 9013003,
      "levelList": [
        {
          "level": 1,
          "name": "违反事项",
          "desc": "目标每带有3级流血 强度，使本技能的硬币威力+1(最多+3)\n[WinDuel] 若目标的流血 强度不低于6级，则使本技能造成的伤害+40%",
          "coinlist": [
            {
              "coindescs": [
                {
                  "desc": "[OnSucceedAttack] 使目标增加8级流血 强度"
                },
                {
                  "desc": "[OnSucceedAttack] 若目标带有流血 ，则使自身恢复5点理智值"
                }
              ]
            },
            {
              "coindescs": [
                {
                  "desc": "[OnSucceedAttack] 使目标增加相当于其流血 强度的破裂 强度"
                },
                {
                  "desc": "[OnSucceedAttack] 若目标带有流血 ，则使自身恢复10点理智值"
                },
                {
                  "desc": "[OnSucceedAttackHead] 若目标的流血 强度不低于5级，则重复使用本技能(最多1次)"
                }
              ]
            }
          ]
        }
      ]
    },
    {
      "id": 9013004,
      "levelList": [
        {
          "level": 1,
          "name": "闪避",
          "desc": "[OnSucceedEvade] 使自身获得1层强壮 (最多1层)",
          "coinlist": [
            {
              "coindescs": [
                {
                  "desc": ""
                }
              ]
            }
          ]
        }
      ]
    },
    {
      "id": 9013101,
      "levelList": [
        {
          "level": 1,
          "name": "速写",
          "desc": "",
          "coinlist": [
            {
              "coindescs": [
                {
                  "desc": "[OnSucceedAttack] 使目标增加3级流血 强度"
                }
              ]
            },
            {
              "coindescs": [
                {
                  "desc": "[OnSucceedAttack] 使目标增加3级流血 强度"
                }
              ]
            },
            {
              "coindescs": [
                {
                  "desc": "[OnSucceedAttack] 使目标增加3级流血 强度"
                }
              ]
            }
          ]
        }
      ]
    },
    {
      "id": 9013102,
      "levelList": [
        {
          "level": 1,
          "name": "笔触",
          "desc": "若目标的流血 强度不低于5级，则使本技能的基础威力+2",
          "coinlist": [
            {
              "coindescs": [
                {
                  "desc": "[OnSucceedAttack] 使目标增加5级流血 强度"
                },
                {
                  "desc": "[OnSucceedAttack] 若目标带有流血 ，则使自身恢复5点理智值"
                }
              ]
            },
            {
              "coindescs": [
                {
                  "desc": "[OnSucceedAttack] 使目标增加5级流血 强度"
                },
                {
                  "desc": "[OnSucceedAttack] 若目标带有流血 ，则使自身恢复5点理智值"
                }
              ]
            },
            {
              "coindescs": [
                {
                  "desc": "[OnSucceedAttack] 使目标增加相当于其流血 强度的破裂 强度"
                }
              ]
            }
          ]
        }
      ]
    },
    {
      "id": 9013103,
      "levelList": [
        {
          "level": 1,
          "name": "血描画",
          "desc": "[WinDuel] 若目标带有流血 ，则下回合使自身获得1层强壮 ",
          "coinlist": [
            {
              "coindescs": [
                {
                  "desc": "[OnSucceedAttack] 若目标的流血 强度不低于5级，则对其追加本硬币伤害量20%的伤害"
                },
                {
                  "desc": "[OnSucceedAttackHead] 对目标施加1层防御等级降低 "
                }
              ]
            },
            {
              "coindescs": [
                {
                  "desc": "[OnSucceedAttack] 若目标的流血 强度不低于5级，则对其追加本硬币伤害量20%的伤害"
                },
                {
                  "desc": "[OnSucceedAttackHead] 对目标施加1层防御等级降低 "
                }
              ]
            },
            {
              "coindescs": [
                {
                  "desc": "[OnSucceedAttack] 若目标的流血 强度不低于5级，则重复使用本硬币(最多1次)"
                },
                {
                  "desc": "[OnSucceedAttackHead] 对目标施加2层防御等级降低 "
                }
              ]
            }
          ]
        }
      ]
    },
    {
      "id": 9013104,
      "levelList": [
        {
          "level": 1,
          "name": "防御",
          "desc": "回合结束时若自身带有护盾，则下回合使自身获得3层伤害强化 ",
          "coinlist": [
            {
              "coindescs": [
                {
                  "desc": ""
                }
              ]
            }
          ]
        }
      ]
    },
    {
      "id": 9013201,
      "levelList": [
        {
          "level": 1,
          "name": "线稿",
          "desc": "",
          "coinlist": [
            {
              "coindescs": [
                {
                  "desc": "[OnSucceedAttack] 对目标施加2层流血 "
                }
              ]
            },
            {
              "coindescs": [
                {
                  "desc": "[OnSucceedAttack] 对目标施加2层流血 "
                }
              ]
            },
            {
              "coindescs": [
                {
                  "desc": "[OnSucceedAttack] 对目标施加2层流血 "
                }
              ]
            }
          ]
        }
      ]
    },
    {
      "id": 9013202,
      "levelList": [
        {
          "level": 1,
          "name": "划线",
          "desc": "若目标的流血 强度不低于5级，则使本技能的基础威力+2",
          "coinlist": [
            {
              "coindescs": [
                {
                  "desc": "[OnSucceedAttack] 对目标施加2层流血 "
                },
                {
                  "desc": "[OnSucceedAttack] 若目标带有流血 ，则使自身恢复5点理智值"
                }
              ]
            },
            {
              "coindescs": [
                {
                  "desc": "[OnSucceedAttack] 对目标施加2层流血 "
                },
                {
                  "desc": "[OnSucceedAttack] 若目标带有流血 ，则使自身恢复5点理智值"
                }
              ]
            },
            {
              "coindescs": [
                {
                  "desc": "[OnSucceedAttack] 使目标增加相当于其流血 强度的破裂 强度"
                }
              ]
            }
          ]
        }
      ]
    },
    {
      "id": 9013203,
      "levelList": [
        {
          "level": 1,
          "name": "血点画",
          "desc": "[WinDuel] 若目标带有流血，则下回合使自身获得1层强壮 ",
          "coinlist": [
            {
              "coindescs": [
                {
                  "desc": "[OnSucceedAttack] 若目标的流血 层数不低于4层，则对其追加本硬币伤害量20%的伤害"
                },
                {
                  "desc": "[OnSucceedAttackHead] 对目标施加1层防御等级降低 "
                }
              ]
            },
            {
              "coindescs": [
                {
                  "desc": "[OnSucceedAttack] 若目标的流血 层数不低于4层，则对其追加本硬币伤害量20%的伤害"
                },
                {
                  "desc": "[OnSucceedAttackHead] 对目标施加1层防御等级降低 "
                }
              ]
            },
            {
              "coindescs": [
                {
                  "desc": "[OnSucceedAttack] 若目标的流血 层数不低于4层，则重复使用本硬币(最多1次)"
                },
                {
                  "desc": "[OnSucceedAttackHead] 对目标施加2层防御等级降低 "
                }
              ]
            }
          ]
        }
      ]
    },
    {
      "id": 9013204,
      "levelList": [
        {
          "level": 1,
          "name": "防御",
          "desc": "回合结束时若自身带有护盾，则下回合使自身获得3层伤害强化 ",
          "coinlist": [
            {
              "coindescs": [
                {
                  "desc": ""
                }
              ]
            }
          ]
        }
      ]
    },
    {
      "id": 9013301,
      "levelList": [
        {
          "level": 1,
          "name": "上色",
          "desc": "[WinDuel] 若目标的流血 强度不低于5级，则在攻击结束后随机对1名敌方单位重复使用本技能(最多1次)",
          "coinlist": [
            {
              "coindescs": [
                {
                  "desc": "[OnSucceedAttack] 使目标增加3级流血 强度"
                }
              ]
            },
            {
              "coindescs": [
                {
                  "desc": "[OnSucceedAttack] 使目标增加3级流血 强度"
                }
              ]
            },
            {
              "coindescs": [
                {
                  "desc": "[OnSucceedAttack] 对目标施加4层流血 "
                }
              ]
            }
          ]
        }
      ]
    },
    {
      "id": 9013302,
      "levelList": [
        {
          "level": 1,
          "name": "血点描画",
          "desc": "若目标的流血 强度不低于5级，则使本技能造成的伤害+30%",
          "coinlist": [
            {
              "coindescs": [
                {
                  "desc": "[OnSucceedAttack] 若目标带有流血 ，则下回合对其施加2层攻击等级降低 "
                },
                {
                  "desc": "[OnSucceedAttack] 使目标增加5级流血 强度"
                }
              ]
            },
            {
              "coindescs": [
                {
                  "desc": "[OnSucceedAttack] 下回合对目标施加3层攻击等级降低 "
                },
                {
                  "desc": "[OnSucceedAttack] 使目标增加5级流血 强度"
                }
              ]
            },
            {
              "coindescs": [
                {
                  "desc": "[OnSucceedAttack] 使目标增加相当于其流血 强度的破裂 强度"
                }
              ]
            }
          ]
        }
      ]
    },
    {
      "id": 9013303,
      "levelList": [
        {
          "level": 1,
          "name": "描画",
          "desc": "目标每带有3级流血 强度，使本技能的硬币威力+1(最多+4)\n[WinDuel] 若目标的流血 强度不低于6级，则使本技能造成的伤害+40%",
          "coinlist": [
            {
              "coindescs": [
                {
                  "desc": "[OnSucceedAttack] 使目标增加10级流血 强度"
                }
              ]
            },
            {
              "coindescs": [
                {
                  "desc": "[OnSucceedAttack] 对目标施加层数相当于其流血 层数的破裂 "
                }
              ]
            },
            {
              "coindescs": [
                {
                  "desc": "[OnSucceedAttack] 使目标增加相当于其流血 强度的破裂 强度"
                }
              ]
            }
          ]
        }
      ]
    },
    {
      "id": 9013304,
      "levelList": [
        {
          "level": 1,
          "name": "血滴花",
          "desc": "[WinDuel] 若目标带有流血 ，则下回合使自身获得1层强壮 \n[WinDuel] 若目标的流血 强度不低于10级，则下回合使自身获得1层强壮 ",
          "coinlist": [
            {
              "coindescs": [
                {
                  "desc": "[OnSucceedAttack] 对目标施加2层防御等级降低 "
                }
              ]
            },
            {
              "coindescs": [
                {
                  "desc": "[OnSucceedAttack] 对目标施加2层防御等级降低 "
                }
              ]
            },
            {
              "coindescs": [
                {
                  "desc": "[OnSucceedAttack] 若目标的流血 强度不低于5级，则重复使用本硬币(最多3次)"
                },
                {
                  "desc": "[OnSucceedAttack] 使目标的流血 层数减少1层"
                },
                {
                  "desc": "[OnSucceedAttackHead] 对目标施加2层防御等级降低"
                }
              ]
            }
          ]
        }
      ]
    },
    {
      "id": 9013305,
      "levelList": [
        {
          "level": 1,
          "name": "闪避",
          "desc": "[OnSucceedEvade] 使自身获得1层强壮 (最多2层)",
          "coinlist": [
            {
              "coindescs": [
                {
                  "desc": ""
                }
              ]
            }
          ]
        }
      ]
    },
    {
      "id": 9013501,
      "levelList": [
        {
          "level": 1,
          "name": "基本攻击1",
          "desc": "",
          "coinlist": [
            {
              "coindescs": [
                {
                  "desc": "[OnSucceedAttack] 下回合对目标施加1层攻击等级降低 "
                }
              ]
            },
            {
              "coindescs": [
                {
                  "desc": "[OnSucceedAttack] 下回合对目标施加1层攻击等级降低 "
                },
                {
                  "desc": "[OnSucceedAttackHead] 对目标施加2层麻痹 "
                }
              ]
            }
          ]
        }
      ]
    },
    {
      "id": 9013502,
      "levelList": [
        {
          "level": 1,
          "name": "基本攻击2",
          "desc": "[WhenUse] 若目标带有攻击等级降低 ，则使本技能造成的伤害+20%",
          "coinlist": [
            {
              "coindescs": [
                {
                  "desc": "[OnSucceedAttack] 对目标施加1层打击抗性弱化 "
                }
              ]
            },
            {
              "coindescs": [
                {
                  "desc": "[OnSucceedAttack] 对目标施加1层打击抗性弱化 "
                },
                {
                  "desc": "[OnSucceedAttackHead] 下回合对目标施加1层打击抗性弱化 "
                }
              ]
            }
          ]
        }
      ]
    },
    {
      "id": 9013503,
      "levelList": [
        {
          "level": 1,
          "name": "基本攻击3",
          "desc": "[WhenUse] 若目标的攻击等级降低 层数不低于2层，则使本技能的拼点威力+1",
          "coinlist": [
            {
              "coindescs": [
                {
                  "desc": "[OnSucceedAttack] 对目标施加1层易损 "
                },
                {
                  "desc": "[OnSucceedAttack] 下回合对目标施加2层束缚 "
                }
              ]
            },
            {
              "coindescs": [
                {
                  "desc": "[OnSucceedAttack] 使自身恢复4点理智值"
                },
                {
                  "desc": "[OnSucceedAttack] 对目标施加2层防御等级降低 "
                }
              ]
            },
            {
              "coindescs": [
                {
                  "desc": "[OnSucceedAttack] 使自身恢复4点理智值"
                },
                {
                  "desc": "[OnSucceedAttack] 对目标施加2层防御等级降低 "
                }
              ]
            },
            {
              "coindescs": [
                {
                  "desc": "[OnSucceedAttack] 使自身恢复4点理智值"
                },
                {
                  "desc": "[OnSucceedAttack] 对目标施加2层防御等级降低 "
                }
              ]
            }
          ]
        }
      ]
    },
    {
      "id": 9013504,
      "levelList": [
        {
          "level": 1,
          "name": "基本攻击4",
          "desc": "优先指定负面状态最多的目标\n[WhenUse] 目标每带有3层防御等级降低 ，使本技能的拼点威力+1(最多+3)",
          "coinlist": [
            {
              "coindescs": [
                {
                  "desc": "[OnSucceedAttack] 对目标施加1层易损 "
                },
                {
                  "desc": "[OnSucceedAttack] 下回合对目标施加1层易损 "
                },
                {
                  "desc": "[OnSucceedAttack] 下回合对目标施加2层麻痹 "
                }
              ]
            },
            {
              "coindescs": [
                {
                  "desc": "[OnSucceedAttack] 目标每带有2层攻击等级降低 ，使本硬币造成的伤害+20%(最多+100%)"
                },
                {
                  "desc": "[OnSucceedAttackHead] 若目标带有的负面状态不少于3种，则重复使用本硬币(最多1次)"
                }
              ]
            }
          ]
        }
      ]
    },
    {
      "id": 9013505,
      "levelList": [
        {
          "level": 1,
          "name": "反击",
          "desc": "若目标带有易损 ，则使本技能的基础威力+1",
          "coinlist": [
            {
              "coindescs": [
                {
                  "desc": ""
                }
              ]
            }
          ]
        }
      ]
    },
    {
      "id": 9101501,
      "levelList": [
        {
          "level": 1,
          "name": "该死的贱民！",
          "desc": "",
          "coinlist": [
            {
              "coindescs": [
                {
                  "desc": "[OnSucceedAttack] 下回合使自身获得1层攻击等级提升 "
                }
              ]
            },
            {
              "coindescs": [
                {
                  "desc": "[OnSucceedAttack] 下回合使自身获得1层攻击等级提升 "
                }
              ]
            }
          ]
        }
      ]
    },
    {
      "id": 9101502,
      "levelList": [
        {
          "level": 1,
          "name": "我会除掉你",
          "desc": "[WinDuel] 使本技能的基础威力+1",
          "coinlist": [
            {
              "coindescs": [
                {
                  "desc": "[OnSucceedAttack] 若目标带有攻击等级降低 ，则对目标追加本硬币伤害量20%的打击伤害"
                }
              ]
            },
            {
              "coindescs": [
                {
                  "desc": "[OnSucceedAttack] 若目标带有攻击等级降低 ，则对目标追加本硬币伤害量20%的打击伤害"
                }
              ]
            }
          ]
        }
      ]
    },
    {
      "id": 9101503,
      "levelList": [
        {
          "level": 1,
          "name": "重新扣好纽扣",
          "desc": "[WinDuel] 若目标的攻击等级降低 层数不低于2层，则使本技能的基础威力+1\n[WhenUse] 若目标带有攻击等级降低 ，则使本技能造成的伤害+30%",
          "coinlist": [
            {},
            {
              "coindescs": [
                {
                  "desc": "[OnSucceedAttack] 使自身恢复4点理智值"
                }
              ]
            },
            {
              "coindescs": [
                {
                  "desc": "[OnSucceedAttack] 使自身恢复4点理智值"
                }
              ]
            },
            {
              "coindescs": [
                {
                  "desc": "[OnSucceedAttack] 使自身恢复4点理智值"
                }
              ]
            }
          ]
        }
      ]
    },
    {
      "id": 9101504,
      "levelList": [
        {
          "level": 1,
          "name": "碾碎",
          "desc": "优先指定负面状态最多的目标\n[WinDuel] 目标每带有3层攻击等级降低 使本技能的硬币威力+1(最多+3)",
          "coinlist": [
            {
              "coindescs": [
                {
                  "desc": "[OnSucceedAttack] 对目标施加1层易损 "
                },
                {
                  "desc": "[OnSucceedAttack] 下回合对目标施加1层易损 "
                },
                {
                  "desc": "[OnSucceedAttack] 下回合对目标施加2层麻痹 "
                }
              ]
            },
            {
              "coindescs": [
                {
                  "desc": "[OnSucceedAttack] 目标每带有2层攻击等级降低 ，使本硬币造成的伤害+30%(最多+120%)"
                },
                {
                  "desc": "[OnSucceedAttackHead] 若目标带有的负面状态不少于3种，则重复使用本硬币(最多1次)"
                }
              ]
            }
          ]
        }
      ]
    },
    {
      "id": 9101505,
      "levelList": [
        {
          "level": 1,
          "name": "防御",
          "desc": "[StartBattle] 除自身以外每有1名友方单位存活，使自身额外获得20点护盾",
          "coinlist": [
            {
              "coindescs": [
                {
                  "desc": ""
                }
              ]
            }
          ]
        }
      ]
    },
    {
      "id": 9101601,
      "levelList": [
        {
          "level": 1,
          "name": "球棍痛殴",
          "desc": "",
          "coinlist": [
            {
              "coindescs": [
                {
                  "desc": "[OnSucceedAttack] 对目标施加3层破裂 "
                }
              ]
            },
            {
              "coindescs": [
                {
                  "desc": "[OnSucceedAttack] 使目标增加3级破裂 强度"
                }
              ]
            }
          ]
        }
      ]
    },
    {
      "id": 9101602,
      "levelList": [
        {
          "level": 1,
          "name": "击倒出局",
          "desc": "[WinDuel] 下回合使自身获得1层强壮 与1层伤害强化 ",
          "coinlist": [
            {
              "coindescs": [
                {
                  "desc": "[OnSucceedAttack] 对目标施加3层破裂 "
                }
              ]
            },
            {
              "coindescs": [
                {
                  "desc": "[OnSucceedAttack] 使目标增加3级破裂 强度"
                }
              ]
            },
            {
              "coindescs": [
                {
                  "desc": "[OnSucceedAttack] 使目标增加3级流血 强度"
                },
                {
                  "desc": "[OnSucceedAttack] 根据目标带有的破裂 强度，使其增加相应的流血 强度"
                }
              ]
            }
          ]
        }
      ]
    },
    {
      "id": 9101603,
      "levelList": [
        {
          "level": 1,
          "name": "泄愤暴打",
          "desc": "若目标的破裂 强度不低于5级，则使本技能的拼点威力+1\n若目标的流血 强度不低于5级，则使本技能的拼点威力+1\n[WinDuel] 对目标施加3层破裂 ",
          "coinlist": [
            {
              "coindescs": [
                {
                  "desc": "[OnSucceedAttackHead] 使本技能下一枚硬币的威力+1"
                }
              ]
            },
            {
              "coindescs": [
                {
                  "desc": "[OnSucceedAttackHead] 使本技能下一枚硬币的威力+2"
                }
              ]
            },
            {
              "coindescs": [
                {
                  "desc": "[OnSucceedAttack] 下回合对目标施加3层麻痹 "
                },
                {
                  "desc": "[OnSucceedAttack] 对目标额外造成相当于其(流血 强度×流血 层数)点突刺伤害"
                }
              ]
            }
          ]
        }
      ]
    },
    {
      "id": 9101604,
      "levelList": [
        {
          "level": 1,
          "name": "防御",
          "desc": "[WhenUse] 下回合使自身获得1层强壮 ",
          "coinlist": [
            {
              "coindescs": [
                {
                  "desc": ""
                }
              ]
            }
          ]
        }
      ]
    },
    {
      "id": 9101605,
      "levelList": [
        {
          "level": 1,
          "name": "反击",
          "desc": "[WhenUse] 下回合使自身获得1层强壮 ",
          "coinlist": [
            {
              "coindescs": [
                {
                  "desc": ""
                }
              ]
            }
          ]
        }
      ]
    }
  ]
}