{
  "dataList": [
    {
      "id": 2020511,
      "levelList": [
        {
          "level": 1,
          "name": "9章2节",
          "abName": "人皮预言者",
          "desc": "",
          "coinlist": [
            {
              "coindescs": [
                {
                  "desc": "[OnSucceedAttack] 目标每带有2级烧伤 强度，将其转化为1层防御等级降低 (最多转化10层)"
                }
              ]
            }
          ]
        },
        {
          "level": 3,
          "name": "9章2节",
          "abName": "人皮预言者",
          "desc": "[BeforeAttack] 若最大色欲完全共鸣数不低于4，则使本技能的攻击容量+1",
          "coinlist": [
            {
              "coindescs": [
                {
                  "desc": "[OnSucceedAttackHead] 使目标增加3级烧伤 强度"
                },
                {
                  "desc": "[OnSucceedAttack] 目标每带有2级烧伤 强度，将其转化为1层防御等级降低 (最多转化10层)"
                }
              ]
            }
          ]
        },
        {
          "level": 4,
          "name": "9章2节",
          "abName": "人皮预言者",
          "desc": "[BeforeAttack] 若最大色欲完全共鸣数不低于4，则使本技能的攻击容量+1\n若最大色欲完全共鸣数不低于6，则使本技能的攻击容量额外+1",
          "coinlist": [
            {
              "coindescs": [
                {
                  "desc": "[OnSucceedAttack] 使目标增加3级烧伤 强度"
                },
                {
                  "desc": "[OnSucceedAttack] 目标每带有2级烧伤 强度，将其转化为1层防御等级降低 (最多转化10层)"
                }
              ]
            }
          ]
        }
      ]
    },
    {
      "id": 2020521,
      "levelList": [
        {
          "level": 1,
          "name": "9章2节",
          "abName": "人皮预言者",
          "desc": "[CantIdentify]\n随机指定目标",
          "coinlist": [
            {
              "coindescs": [
                {
                  "desc": "[OnSucceedAttackTail] 使目标增加4级烧伤 强度"
                },
                {
                  "desc": "[OnSucceedAttack] 目标每带有2级烧伤 强度，将其转化为1层防御等级降低 (最多转化10层)"
                }
              ]
            }
          ]
        },
        {
          "level": 3,
          "name": "9章2节",
          "abName": "人皮预言者",
          "desc": "[CantIdentify]\n随机指定目标\n[BeforeAttack] 若最大色欲完全共鸣数不低于4，则使本技能的攻击容量+1",
          "coinlist": [
            {
              "coindescs": [
                {
                  "desc": "[OnSucceedAttackTail] 下回合对目标施加2层束缚 "
                },
                {
                  "desc": "[OnSucceedAttack] 使目标增加4级烧伤 强度"
                },
                {
                  "desc": "[OnSucceedAttack] 目标每带有2级烧伤 强度，将其转化为1层防御等级降低 (最多转化10层)"
                }
              ]
            }
          ]
        },
        {
          "level": 4,
          "name": "9章2节",
          "abName": "人皮预言者",
          "desc": "[CantIdentify]\n随机指定目标\n[BeforeAttack] 若最大色欲完全共鸣数不低于4，则使本技能的攻击容量+1\n若最大色欲完全共鸣数不低于6，则使本技能的攻击容量额外+1",
          "coinlist": [
            {
              "coindescs": [
                {
                  "desc": "[OnSucceedAttackTail] 下回合对目标施加2层束缚 "
                },
                {
                  "desc": "[OnSucceedAttack] 使目标增加4级烧伤 强度"
                },
                {
                  "desc": "[OnSucceedAttack] 目标每带有2级烧伤 强度，将其转化为1层防御等级降低 (最多转化10层)"
                }
              ]
            }
          ]
        }
      ]
    },
    {
      "id": 2020611,
      "levelList": [
        {
          "level": 1,
          "name": "永恒",
          "abName": "时间鸭",
          "desc": "若目标的速度值低于自身，则使本技能造成的伤害+(2.5×速度差)%(最多+25%)\n[BeforeAttack] 若最大共鸣数不低于3，则使目标增加(最大共鸣数)级震颤 强度(最多5级)\n[EndSkill] 3回合内，回合结束时使自身失去10点理智值",
          "coinlist": [
            {
              "coindescs": [
                {
                  "desc": "[OnSucceedAttack] 使目标增加5级震颤 强度并对其施加5层震颤 "
                },
                {
                  "desc": "[OnSucceedAttack] 使目标以震颤-永恒 振幅纠缠 "
                }
              ]
            },
            {
              "coindescs": [
                {
                  "desc": "[OnSucceedAttack] 使目标震颤引爆 ，并使其震颤 层数减少1层"
                }
              ]
            },
            {
              "coindescs": [
                {
                  "desc": "[OnSucceedAttack] 使目标震颤引爆 ，并使其震颤 层数减少1层"
                }
              ]
            },
            {
              "coindescs": [
                {
                  "desc": "[OnSucceedAttack] 使目标震颤引爆 ，并使其震颤 层数减少1层"
                },
                {
                  "desc": "[OnSucceedAttack] 下回合使目标的最大速度值减半"
                }
              ]
            }
          ]
        },
        {
          "level": 3,
          "name": "永恒",
          "abName": "时间鸭",
          "desc": "若目标的速度值低于自身，则使本技能造成的伤害+(3.5×速度差)%(最多+35%)\n[BeforeAttack] 若最大共鸣数不低于3，则使目标增加(最大共鸣数×2)级震颤 强度(最多5级)\n- 若该最大共鸣为怠惰完全共鸣，则根据增加的震颤 强度，对目标施加相应层数的震颤 (最多5层)\n[EndSkill] 3回合内，回合结束时使自身失去10点理智值",
          "coinlist": [
            {
              "coindescs": [
                {
                  "desc": "[OnSucceedAttack] 使目标增加5级震颤 强度并对其施加5层震颤 "
                },
                {
                  "desc": "[OnSucceedAttack] 使目标以震颤-永恒 振幅纠缠 "
                }
              ]
            },
            {
              "coindescs": [
                {
                  "desc": "[OnSucceedAttack] 使目标震颤引爆 ，并使其震颤 层数减少1层"
                }
              ]
            },
            {
              "coindescs": [
                {
                  "desc": "[OnSucceedAttack] 使目标震颤引爆 ，并使其震颤 层数减少1层"
                }
              ]
            },
            {
              "coindescs": [
                {
                  "desc": "[OnSucceedAttack] 使目标震颤引爆 ，并使其震颤 层数减少1层"
                },
                {
                  "desc": "[OnSucceedAttack] 下回合使目标的最大速度值减半"
                }
              ]
            }
          ]
        },
        {
          "level": 4,
          "name": "永恒",
          "abName": "时间鸭",
          "desc": "若目标的速度值低于自身，则使本技能造成的伤害+(5×速度差)%(最多+50%)\n[BeforeAttack] 若最大共鸣数不低于3，则使目标增加(最大共鸣数×2)级震颤 强度(最多10级)\n- 若该最大共鸣为怠惰完全共鸣，则根据增加的震颤 强度，对目标施加相应层数的震颤 (最多10层)\n[EndSkill] 3回合内，回合结束时使自身失去10点理智值",
          "coinlist": [
            {
              "coindescs": [
                {
                  "desc": "[OnSucceedAttack] 使目标增加10级震颤 强度并对其施加10层震颤 "
                },
                {
                  "desc": "[OnSucceedAttack] 使目标以震颤-永恒 振幅纠缠 "
                },
                {
                  "desc": "[OnSucceedAttack] 使目标震颤引爆 ，并使其震颤 层数减少1层"
                }
              ]
            },
            {
              "coindescs": [
                {
                  "desc": "[OnSucceedAttack] 使目标震颤引爆 ，并使其震颤 层数减少1层"
                }
              ]
            },
            {
              "coindescs": [
                {
                  "desc": "[OnSucceedAttack] 使目标震颤引爆 ，并使其震颤 层数减少1层"
                }
              ]
            },
            {
              "coindescs": [
                {
                  "desc": "[OnSucceedAttack] 使目标震颤引爆 ，并使其震颤 层数减少1层"
                },
                {
                  "desc": "[OnSucceedAttack] 下回合使目标的最大速度值减半"
                }
              ]
            }
          ]
        }
      ]
    },
    {
      "id": 2020621,
      "levelList": [
        {
          "level": 1,
          "name": "永恒",
          "abName": "时间鸭",
          "desc": "[CantIdentify]\n随机指定目标\n若主要目标的速度值低于自身，则使本技能造成的伤害+(1.5×速度差)%(最多+12%)\n[BeforeAttack] 若最大共鸣数不低于3，则使目标增加3级震颤 强度",
          "coinlist": [
            {
              "coindescs": [
                {
                  "desc": "[OnSucceedAttack] 使目标增加3级震颤 强度并对其施加3层震颤 "
                },
                {
                  "desc": "[OnSucceedAttack] 使目标以震颤-永恒 振幅纠缠 "
                },
                {
                  "desc": "[OnSucceedAttack] 使目标震颤引爆 ，并使其震颤层数减少1层"
                },
                {
                  "desc": "[OnSucceedAttack] 使目标震颤引爆 ，并使其震颤层数减少1层"
                },
                {
                  "desc": "[OnSucceedAttack] 下回合使目标的最大速度值减半"
                }
              ]
            }
          ]
        },
        {
          "level": 3,
          "name": "永恒",
          "abName": "时间鸭",
          "desc": "[CantIdentify]\n随机指定目标\n若主要目标的速度值低于自身，则使本技能造成的伤害+(2×速度差)%(最多+16%)\n[BeforeAttack] 若最大共鸣数不低于3，则使目标增加(最大共鸣数)级震颤 强度(最多4级)\n- [BeforeAttack] 若最大共鸣为怠惰完全共鸣，则对目标施加2层震颤 ",
          "coinlist": [
            {
              "coindescs": [
                {
                  "desc": "[OnSucceedAttack] 使目标增加3级震颤 强度并对其施加3层震颤 "
                },
                {
                  "desc": "[OnSucceedAttack] 使目标以震颤-永恒 振幅纠缠 "
                },
                {
                  "desc": "[OnSucceedAttack] 使目标震颤引爆 ，并使其震颤层数减少1层"
                },
                {
                  "desc": "[OnSucceedAttack] 使目标震颤引爆 ，并使其震颤层数减少1层"
                },
                {
                  "desc": "[OnSucceedAttack] 下回合使目标的最大速度值减半"
                }
              ]
            }
          ]
        },
        {
          "level": 4,
          "name": "永恒",
          "abName": "时间鸭",
          "desc": "[CantIdentify]\n随机指定目标\n若主要目标的速度值低于自身，则使本技能造成的伤害+(2.5×速度差)%(最多+20%)\n[BeforeAttack] 若最大共鸣数不低于3，则使目标增加(最大共鸣数)级震颤 强度(最多5级)\n- [BeforeAttack] 若最大共鸣为怠惰完全共鸣，则根据增加的震颤 强度，对目标施加相应层数的震颤 (最多5层)",
          "coinlist": [
            {
              "coindescs": [
                {
                  "desc": "[OnSucceedAttack] 使目标增加5级震颤 强度并对其施加5层震颤 "
                },
                {
                  "desc": "[OnSucceedAttack] 使目标以震颤-永恒 振幅纠缠 "
                },
                {
                  "desc": "[OnSucceedAttack] 使目标震颤引爆 ，并使其震颤层数减少1层"
                },
                {
                  "desc": "[OnSucceedAttack] 使目标震颤引爆 ，并使其震颤层数减少1层"
                },
                {
                  "desc": "[OnSucceedAttack] 使目标震颤引爆 ，并使其震颤层数减少1层"
                },
                {
                  "desc": "[OnSucceedAttack] 下回合使目标的最大速度值减半"
                }
              ]
            }
          ]
        }
      ]
    }
  ]
}