{
  "dataList": [
    {
      "id": 9011001,
      "levelList": [
        {
          "level": 1,
          "name": "一刀两断",
          "desc": "",
          "coinlist": [
            {
              "coindescs": [
                {
                  "desc": "[OnSucceedAttack] 使目标增加2级流血 强度"
                }
              ]
            },
            {
              "coindescs": [
                {
                  "desc": "[OnSucceedAttack] 使目标增加2级流血 强度"
                }
              ]
            }
          ]
        }
      ]
    },
    {
      "id": 9011002,
      "levelList": [
        {
          "level": 1,
          "name": "敛芒在鞘",
          "desc": "若目标的流血 强度不低于7级，则使本技能的硬币威力+1\n[WinDuel] 下回合使自身获得1层斩击伤害强化 ",
          "coinlist": [
            {
              "coindescs": [
                {
                  "desc": "若目标带有流血 ，则使本硬币造成的伤害+50%"
                },
                {
                  "desc": "[OnSucceedAttack] 对目标施加2层流血 "
                }
              ]
            }
          ]
        }
      ]
    },
    {
      "id": 9011003,
      "levelList": [
        {
          "level": 1,
          "name": "黑云散乱",
          "desc": "若目标的流血 强度不低于5级，则使本技能的硬币威力+1\n[WinDuel] 下回合使自身获得1层斩击强壮 ",
          "coinlist": [
            {
              "coindescs": [
                {
                  "desc": "若目标带有流血 ，则使本硬币造成的伤害+20%"
                }
              ]
            },
            {
              "coindescs": [
                {
                  "desc": "若目标带有流血 ，则使本硬币造成的伤害+10%"
                }
              ]
            },
            {
              "coindescs": [
                {
                  "desc": "若目标带有流血 ，则使本硬币造成的伤害+40%"
                }
              ]
            }
          ]
        }
      ]
    },
    {
      "id": 9011004,
      "levelList": [
        {
          "level": 1,
          "name": "闪避",
          "desc": "[OnSucceedEvade] 下回合使自身获得1层斩击伤害强化 (每回合最多1层)",
          "coinlist": [
            {
              "coindescs": [
                {
                  "desc": ""
                }
              ]
            }
          ]
        }
      ]
    },
    {
      "id": 9011101,
      "levelList": [
        {
          "level": 1,
          "name": "挥砍",
          "desc": "",
          "coinlist": [
            {
              "coindescs": [
                {
                  "desc": "[OnSucceedAttack] 使目标增加3级流血 强度"
                }
              ]
            }
          ]
        }
      ]
    },
    {
      "id": 9011102,
      "levelList": [
        {
          "level": 1,
          "name": "割裂",
          "desc": "",
          "coinlist": [
            {
              "coindescs": [
                {
                  "desc": "若目标带有流血，则使本硬币造成的伤害+30%"
                },
                {
                  "desc": "[OnSucceedAttack] 对目标施加2层流血 "
                }
              ]
            }
          ]
        }
      ]
    },
    {
      "id": 9011103,
      "levelList": [
        {
          "level": 1,
          "name": "锐利之舞",
          "desc": "[WinDuel] 下回合使自身获得1层斩击伤害强化 ",
          "coinlist": [
            {
              "coindescs": [
                {
                  "desc": "若目标带有流血 ，则使本硬币造成的伤害+10%"
                }
              ]
            },
            {
              "coindescs": [
                {
                  "desc": "若目标带有流血 ，则使本硬币造成的伤害+10%"
                }
              ]
            },
            {
              "coindescs": [
                {
                  "desc": "若目标带有流血 ，则使本硬币造成的伤害+20%"
                }
              ]
            }
          ]
        }
      ]
    },
    {
      "id": 9011104,
      "levelList": [
        {
          "level": 1,
          "name": "闪避",
          "desc": "[OnSucceedEvade] 下回合使自身获得1层斩击伤害强化 (每回合最多1层)",
          "coinlist": [
            {
              "coindescs": [
                {
                  "desc": ""
                }
              ]
            }
          ]
        }
      ]
    },
    {
      "id": 9011201,
      "levelList": [
        {
          "level": 1,
          "name": "纵斩",
          "desc": "",
          "coinlist": [
            {
              "coindescs": [
                {
                  "desc": "[OnSucceedAttack] 使目标增加3级流血 强度"
                }
              ]
            },
            {
              "coindescs": [
                {
                  "desc": "[OnSucceedAttack] 使目标增加3级流血 强度"
                }
              ]
            }
          ]
        }
      ]
    },
    {
      "id": 9011202,
      "levelList": [
        {
          "level": 1,
          "name": "回斩",
          "desc": "[WinDuel] 下回合对目标施加1层麻痹 ",
          "coinlist": [
            {
              "coindescs": [
                {
                  "desc": "[OnSucceedAttack] 使目标增加5级流血 强度"
                }
              ]
            }
          ]
        }
      ]
    },
    {
      "id": 9011203,
      "levelList": [
        {
          "level": 1,
          "name": "敛芒在鞘",
          "desc": "[WinDuel] 下回合使自身获得1层守护 ",
          "coinlist": [
            {
              "coindescs": [
                {
                  "desc": "[OnSucceedAttack] 使目标增加4级流血 强度"
                }
              ]
            },
            {
              "coindescs": [
                {
                  "desc": "[OnSucceedAttack] 使目标增加4级流血 强度"
                }
              ]
            }
          ]
        }
      ]
    },
    {
      "id": 9011204,
      "levelList": [
        {
          "level": 1,
          "name": "防御",
          "desc": "[StartBattle] 使自身获得1层守护 ",
          "coinlist": [
            {
              "coindescs": [
                {
                  "desc": ""
                }
              ]
            }
          ]
        }
      ]
    },
    {
      "id": 9011301,
      "levelList": [
        {
          "level": 1,
          "name": "透斩",
          "desc": "",
          "coinlist": [
            {
              "coindescs": [
                {
                  "desc": "[OnSucceedAttack] 使目标增加2级流血 强度"
                }
              ]
            },
            {
              "coindescs": [
                {
                  "desc": "[OnSucceedAttack] 使目标增加2级流血 强度"
                }
              ]
            },
            {
              "coindescs": [
                {
                  "desc": "[OnSucceedAttack] 使目标增加2级流血 强度"
                }
              ]
            }
          ]
        }
      ]
    },
    {
      "id": 9011302,
      "levelList": [
        {
          "level": 1,
          "name": "锐利一击",
          "desc": "若目标的流血 强度不低于7级，则使本技能的硬币威力+1\n[WinDuel] 下回合使自身获得1层守护 ",
          "coinlist": [
            {
              "coindescs": [
                {
                  "desc": "[OnSucceedAttack] 对目标施加3层流血 "
                },
                {
                  "desc": "[OnSucceedAttack] 下回合对目标施加1层麻痹 "
                }
              ]
            }
          ]
        }
      ]
    },
    {
      "id": 9011303,
      "levelList": [
        {
          "level": 1,
          "name": "敛芒在鞘",
          "desc": "若目标的流血 强度不低于5级，则使本技能的硬币威力+1\n[StartBattle] 使自身获得1层守护 \n[WinDuel] 下回合使自身获得1层守护 ",
          "coinlist": [
            {
              "coindescs": [
                {
                  "desc": "[OnSucceedAttack] 对目标施加2层流血 "
                }
              ]
            },
            {
              "coindescs": [
                {
                  "desc": "[OnSucceedAttack] 对目标施加2层流血 "
                }
              ]
            }
          ]
        }
      ]
    },
    {
      "id": 9011304,
      "levelList": [
        {
          "level": 1,
          "name": "防御",
          "desc": "[StartBattle] 使自身获得2层守护 ",
          "coinlist": [
            {
              "coindescs": [
                {
                  "desc": ""
                }
              ]
            }
          ]
        }
      ]
    },
    {
      "id": 9101301,
      "levelList": [
        {
          "level": 1,
          "name": "墨云",
          "desc": "[WhenUse] 若目标的流血 强度不低于5级，则使本技能造成的伤害+10%",
          "coinlist": [
            {
              "coindescs": [
                {
                  "desc": "[OnSucceedAttack] 使目标增加4级流血 强度并对其施加1层流血 "
                }
              ]
            },
            {
              "coindescs": [
                {
                  "desc": "[OnSucceedAttack] 使目标增加4级流血 强度并对其施加1层流血 "
                }
              ]
            }
          ]
        }
      ]
    },
    {
      "id": 9101302,
      "levelList": [
        {
          "level": 1,
          "name": "血振纳刀",
          "desc": "若目标的流血 强度不低于5级，则使本技能的硬币威力+1",
          "coinlist": [
            {
              "coindescs": [
                {
                  "desc": "[OnSucceedAttack] 下回合对目标施加1层斩击易损 "
                },
                {
                  "desc": "[OnSucceedAttackHead] 使目标增加1级流血 强度"
                }
              ]
            },
            {
              "coindescs": [
                {
                  "desc": "[OnSucceedAttack] 下回合对目标施加1层斩击易损 "
                },
                {
                  "desc": "[OnSucceedAttackHead] 使目标增加1级流血 强度"
                }
              ]
            }
          ]
        }
      ]
    },
    {
      "id": 9101303,
      "levelList": [
        {
          "level": 1,
          "name": "云斩",
          "desc": "若目标的流血 强度不低于5级，则使本技能的硬币威力+1",
          "coinlist": [
            {
              "coindescs": [
                {
                  "desc": "[OnSucceedAttack] 下回合对目标施加1层麻痹 "
                }
              ]
            },
            {
              "coindescs": [
                {
                  "desc": "[OnSucceedAttack] 使目标增加8级流血 强度"
                }
              ]
            },
            {
              "coindescs": [
                {
                  "desc": "[OnSucceedAttack] 对目标施加3层流血 "
                }
              ]
            }
          ]
        }
      ]
    },
    {
      "id": 9101304,
      "levelList": [
        {
          "level": 1,
          "name": "锋芒毕现",
          "desc": "[StartBattle] 使包括自身在内的全体友方单位获得2层斩击伤害强化 \n[StartBattle] 使自身获得2层斩击强壮 ",
          "coinlist": [
            {},
            {
              "coindescs": [
                {
                  "desc": "[OnSucceedAttack] 使目标增加2级流血 强度"
                }
              ]
            }
          ]
        }
      ]
    },
    {
      "id": 9101305,
      "levelList": [
        {
          "level": 1,
          "name": "斩破长空",
          "desc": "[StartBattle] 若目标的流血 强度不低于10级，则使本技能的攻击容量+1\n[StartBattle] 若本回合自身使用的攻击技能不低于5个，则使本技能的最终威力+5\n[WinDuel] 使全体友方单位恢复10点理智值\n若目标的流血 强度不低于7级，则使本技能造成的伤害+30%",
          "coinlist": [
            {
              "coindescs": [
                {
                  "desc": "[OnSucceedAttackHead] 使目标增加2级流血 强度"
                }
              ]
            },
            {
              "coindescs": [
                {
                  "desc": "[OnSucceedAttackHead] 使目标增加3级流血 强度"
                }
              ]
            },
            {
              "coindescs": [
                {
                  "desc": "若目标的流血 强度不低于7级，则使本硬币造成的伤害+50%"
                },
                {
                  "desc": "[OnSucceedAttack] 对目标施加10层流血 "
                }
              ]
            }
          ]
        }
      ]
    },
    {
      "id": 9101306,
      "levelList": [
        {
          "level": 1,
          "name": "后巷规矩",
          "desc": "[WhenUse] 除自身以外每有1名友方单位存活，使本技能额外增加1枚硬币(最多3次)",
          "coinlist": [
            {
              "coindescs": [
                {
                  "desc": "[OnSucceedAttack] 对目标施加2层流血 "
                },
                {
                  "desc": "[EnemyKill] 使全体友方单位恢复20点理智值"
                }
              ]
            }
          ]
        }
      ]
    }
  ]
}