{
  "dataList": [
    {
      "id": 1080701,
      "levelList": [
        {
          "level": 1,
          "name": "粉碎准备",
          "desc": "",
          "coinlist": [
            {
              "coindescs": [
                {
                  "desc": "[OnSucceedAttack] 对自身施加3层震颤 "
                }
              ]
            },
            {
              "coindescs": [
                {
                  "desc": "[OnSucceedAttackHead] 对目标施加2层沉沦 "
                }
              ]
            }
          ]
        },
        {
          "level": 2,
          "name": "粉碎准备",
          "desc": "[WhenUse] 对自身施加3层震颤 ",
          "coinlist": [
            {
              "coindescs": [
                {
                  "desc": "[OnSucceedAttack] 对自身施加3层震颤 "
                }
              ]
            },
            {
              "coindescs": [
                {
                  "desc": "[OnSucceedAttackHead] 对目标施加2层沉沦 "
                }
              ]
            }
          ]
        },
        {
          "level": 4,
          "name": "粉碎准备",
          "desc": "[WhenUse] 对自身施加3层震颤 ",
          "coinlist": [
            {
              "coindescs": [
                {
                  "desc": "[OnSucceedAttack] 对自身施加3层震颤 "
                }
              ]
            },
            {
              "coindescs": [
                {
                  "desc": "[OnSucceedAttack] 对目标施加2层沉沦 "
                }
              ]
            }
          ]
        }
      ]
    },
    {
      "id": 1080702,
      "levelList": [
        {
          "level": 1,
          "name": "爆裂打击",
          "desc": "",
          "coinlist": [
            {
              "coindescs": [
                {
                  "desc": "[OnSucceedAttack] 对目标施加2层震颤 "
                }
              ]
            },
            {
              "coindescs": [
                {
                  "desc": "[OnSucceedAttack] 使目标增加6级沉沦 强度"
                },
                {
                  "desc": "[OnSucceedAttackHead] 下回合对目标施加2层防御等级降低 "
                }
              ]
            }
          ]
        },
        {
          "level": 2,
          "name": "爆裂打击",
          "desc": "若自身的震颤 层数不低于5层，则使本技能的硬币威力+1",
          "coinlist": [
            {
              "coindescs": [
                {
                  "desc": "[OnSucceedAttack] 对目标施加3层震颤 "
                },
                {
                  "desc": "[OnSucceedAttack] 对自身施加2层震颤 "
                }
              ]
            },
            {
              "coindescs": [
                {
                  "desc": "[OnSucceedAttack] 使目标增加6级沉沦 强度"
                },
                {
                  "desc": "[OnSucceedAttack] 下回合对目标施加3层防御等级降低 "
                }
              ]
            }
          ]
        },
        {
          "level": 4,
          "name": "爆裂打击",
          "desc": "若自身的震颤 层数不低于5层，则使本技能的硬币威力+1",
          "coinlist": [
            {
              "coindescs": [
                {
                  "desc": "[OnSucceedAttack] 对目标施加3层震颤 "
                },
                {
                  "desc": "[OnSucceedAttack] 对自身施加2层震颤 "
                }
              ]
            },
            {
              "coindescs": [
                {
                  "desc": "[OnSucceedAttack] 使目标增加6级沉沦 强度"
                },
                {
                  "desc": "[OnSucceedAttack] 下回合对目标施加4层防御等级降低 "
                }
              ]
            }
          ]
        }
      ]
    },
    {
      "id": 1080703,
      "levelList": [
        {
          "level": 3,
          "name": "激进判断",
          "desc": "若自身的震颤 层数不低于5层，则使本技能的硬币威力+1\n若目标的沉沦 强度不低于6级，则使本技能造成的伤害+20%",
          "coinlist": [
            {
              "coindescs": [
                {
                  "desc": "[OnSucceedAttack] 对目标施加5层沉沦 "
                }
              ]
            },
            {
              "coindescs": [
                {
                  "desc": "[OnSucceedAttack] 使目标增加3级沉沦 强度"
                },
                {
                  "desc": "[OnSucceedAttack] 消耗5层震颤 并在下回合对目标施加1层易损 "
                }
              ]
            },
            {
              "coindescs": [
                {
                  "desc": "[OnSucceedAttack] 使目标增加3级沉沦 强度"
                },
                {
                  "desc": "[OnSucceedAttack] 消耗5层震颤 并在下回合对目标施加2层易损 "
                }
              ]
            }
          ]
        },
        {
          "level": 4,
          "name": "激进判断",
          "desc": "自身每带有5层震颤 ，使本技能的硬币威力+1(最多+2)\n若目标的沉沦 强度不低于6级，则使本技能造成的伤害+40%",
          "coinlist": [
            {
              "coindescs": [
                {
                  "desc": "[OnSucceedAttack] 对目标施加5层沉沦 "
                }
              ]
            },
            {
              "coindescs": [
                {
                  "desc": "[OnSucceedAttack] 使目标增加3级沉沦 强度"
                },
                {
                  "desc": "[OnSucceedAttack] 消耗5层震颤 并在下回合对目标施加1层易损 "
                }
              ]
            },
            {
              "coindescs": [
                {
                  "desc": "[OnSucceedAttack] 使目标增加3级沉沦 强度"
                },
                {
                  "desc": "[OnSucceedAttack] 消耗5层震颤 并在下回合对目标施加2层易损 "
                }
              ]
            }
          ]
        }
      ]
    },
    {
      "id": 1080704,
      "levelList": [
        {
          "level": 1,
          "name": "雷厉风行",
          "desc": "[WhenUse] 使自身获得2层破裂守护 (每回合最多6层)",
          "coinlist": [
            {
              "coindescs": [
                {
                  "desc": ""
                }
              ]
            }
          ]
        }
      ]
    },
    {
      "id": 1080801,
      "levelList": [
        {
          "level": 1,
          "name": "到我身边！",
          "desc": "[WhenUse] 下回合使除自身以外体力上限最高的1名友方单位最左侧的行动槽的挑衅值 + (最大共鸣数)。(每回合最多1次)",
          "coinlist": [
            {},
            {
              "coindescs": [
                {
                  "desc": "[OnSucceedAttackHead] 使目标增加2级流血 强度"
                }
              ]
            }
          ]
        },
        {
          "level": 2,
          "name": "到我身边！",
          "desc": "[WhenUse] 下回合使除自身以外体力上限最高的1名友方单位最左侧的行动槽的挑衅值 + (最大共鸣数)。(每回合最多1次)\n- 若最大完全共鸣数不低于4，则触发该效果时使该单位下回合获得1层守护 (每回合最多1次)",
          "coinlist": [
            {},
            {
              "coindescs": [
                {
                  "desc": "[OnSucceedAttack] 使目标增加2级流血 强度"
                }
              ]
            }
          ]
        },
        {
          "level": 4,
          "name": "到我身边！",
          "desc": "[StartBattle] 使仪表盘上位于自身两侧的友方单位获得2层防御等级提升 \n[WhenUse] 下回合使除自身以外体力上限最高的1名友方单位最左侧的行动槽的挑衅值 + (最大共鸣数)。(每回合最多1次)\n- 若最大完全共鸣数不低于4，则触发该效果时使该单位下回合获得1层守护 (每回合最多1次)",
          "coinlist": [
            {},
            {
              "coindescs": [
                {
                  "desc": "[OnSucceedAttack] 使目标增加2级流血 强度"
                }
              ]
            }
          ]
        }
      ]
    },
    {
      "id": 1080802,
      "levelList": [
        {
          "level": 1,
          "name": "追踪到底！",
          "desc": "[WhenUse] 以(最大共鸣数 x 10%)的概率，命令仪表盘上位于自身右侧的1名友方单位进行[CoverAttack]",
          "coinlist": [
            {},
            {
              "coindescs": [
                {
                  "desc": "[OnSucceedAttackHead] 使目标增加1级流血 强度"
                }
              ]
            },
            {
              "coindescs": [
                {
                  "desc": "[OnSucceedAttackHead] 使目标增加1级烧伤 强度"
                }
              ]
            }
          ]
        },
        {
          "level": 2,
          "name": "追踪到底！",
          "desc": "[WhenUse] 以(最大共鸣数 x 15%)的概率，命令仪表盘上位于自身右侧的1名友方单位进行[CoverAttack]\n- 若最大共鸣数不低于4，则使该友方单位获得1层伤害强化 \n- 若傲慢完全共鸣数不低于4，则使该友方单位获得1层傲慢强壮 ",
          "coinlist": [
            {},
            {
              "coindescs": [
                {
                  "desc": "[OnSucceedAttack] 使目标增加1级流血 强度"
                }
              ]
            },
            {
              "coindescs": [
                {
                  "desc": "[OnSucceedAttack] 使目标增加1级烧伤 强度"
                }
              ]
            }
          ]
        },
        {
          "level": 4,
          "name": "追踪到底！",
          "desc": "[StartBattle] 使仪表盘自身上位于自身两侧的2名友方单位获得3层攻击等级提升 \n[WhenUse] 以(最大共鸣数 x 20%)的概率，命令仪表盘上位于自身右侧的1名友方单位进行[CoverAttack]\n- 若最大共鸣数不低于4，则使该友方单位获得2层伤害强化 \n- 若傲慢完全共鸣数不低于4，则使该友方单位获得2层傲慢强壮 ",
          "coinlist": [
            {},
            {
              "coindescs": [
                {
                  "desc": "[OnSucceedAttack] 使目标增加2级流血 强度"
                }
              ]
            },
            {
              "coindescs": [
                {
                  "desc": "[OnSucceedAttack] 使目标增加1级烧伤 强度"
                }
              ]
            }
          ]
        }
      ]
    },
    {
      "id": 1080803,
      "levelList": [
        {
          "level": 3,
          "name": "执着鱼叉",
          "desc": "目标每失去1%的体力，使本技能造成的伤害+0.2%(最多20%)\n[EndSkill] 若使目标陷入混乱或击杀目标，则使理智值最低的(1+最大完全共鸣数/2)名友方单位恢复10点理智值，使其增加2级呼吸法 强度并获得4层呼吸法 (最多2次，最多4名友方单位)",
          "coinlist": [
            {},
            {
              "coindescs": [
                {
                  "desc": "[OnSucceedAttack] 对目标施加1层流血 "
                }
              ]
            },
            {
              "coindescs": [
                {
                  "desc": "[OnSucceedAttack] 使目标增加2级流血 强度"
                }
              ]
            },
            {
              "coindescs": [
                {
                  "desc": "[OnSucceedAttack] 对目标施加1层烧伤 "
                }
              ]
            }
          ]
        },
        {
          "level": 4,
          "name": "执着鱼叉",
          "desc": "目标每失去1%的体力，使本技能造成的伤害+0.3%(最多30%)\n目标每带有5级流血 强度，使本技能的硬币威力+1(最多+2)\n[EndSkill] 若使目标陷入混乱或击杀目标，则使理智值最低的(1+最大完全共鸣数/2)名友方单位恢复10点理智值，使其增加2级呼吸法 强度并获得4层呼吸法 (最多4次，最多4名友方单位)",
          "coinlist": [
            {},
            {
              "coindescs": [
                {
                  "desc": "[OnSucceedAttack] 对目标施加1层流血 "
                }
              ]
            },
            {
              "coindescs": [
                {
                  "desc": "[OnSucceedAttack] 使目标增加2级流血 强度"
                }
              ]
            },
            {
              "coindescs": [
                {
                  "desc": "[OnSucceedAttack] 对目标施加1层烧伤 "
                }
              ]
            }
          ]
        }
      ]
    },
    {
      "id": 1080804,
      "levelList": [
        {
          "level": 1,
          "name": "越过恐惧",
          "desc": "[WhenUse] 使仪表盘上位于自身两侧的友方单位恢复3点理智值(最多2次)",
          "coinlist": [
            {
              "coindescs": [
                {
                  "desc": ""
                }
              ]
            }
          ]
        },
        {
          "level": 4,
          "name": "越过恐惧",
          "desc": "[WhenUse] 使仪表盘上位于自身两侧的友方单位恢复5点理智值(最多2次)",
          "coinlist": [
            {}
          ]
        }
      ]
    },
    {
      "id": 1080901,
      "levelList": [
        {
          "level": 1,
          "name": "扫开",
          "desc": "",
          "coinlist": [
            {
              "coindescs": [
                {
                  "desc": "[OnSucceedAttack] 使自身增加2级呼吸法 强度"
                }
              ]
            },
            {
              "coindescs": [
                {
                  "desc": "[OnSucceedAttack] 使目标增加2级沉沦 强度"
                }
              ]
            }
          ]
        },
        {
          "level": 2,
          "name": "扫开",
          "desc": "[WhenUse] 使自身获得2层呼吸法 ",
          "coinlist": [
            {
              "coindescs": [
                {
                  "desc": "[OnSucceedAttack] 使自身增加2级呼吸法 强度"
                }
              ]
            },
            {
              "coindescs": [
                {
                  "desc": "[OnSucceedAttack] 使目标增加2级沉沦 强度"
                }
              ]
            }
          ]
        },
        {
          "level": 4,
          "name": "扫开",
          "desc": "若自身的速度值高于目标，则使本技能的硬币威力+1\n[WhenUse] 使自身获得2层呼吸法 ",
          "coinlist": [
            {
              "coindescs": [
                {
                  "desc": "[OnSucceedAttack] 使自身增加2级呼吸法 强度"
                }
              ]
            },
            {
              "coindescs": [
                {
                  "desc": "[OnSucceedAttack] 使目标增加2级沉沦 强度"
                },
                {
                  "desc": "[CriticalOnSucceedAttack] 下回合使自身获得1层迅捷 "
                }
              ]
            }
          ]
        }
      ]
    },
    {
      "id": 1080902,
      "levelList": [
        {
          "level": 1,
          "name": "整理整顿",
          "desc": "[WhenUse] 使自身获得2层呼吸法 ",
          "coinlist": [
            {
              "coindescs": [
                {
                  "desc": "[OnSucceedAttack] 下回合使自身获得1层迅捷 "
                },
                {
                  "desc": "[OnSucceedAttack] 对目标施加2层防御等级降低 "
                }
              ]
            },
            {
              "coindescs": [
                {
                  "desc": "[OnSucceedAttack] 使目标增加4级沉沦 强度"
                }
              ]
            }
          ]
        },
        {
          "level": 2,
          "name": "整理整顿",
          "desc": "[WhenUse] 使自身获得2层呼吸法 \n[WinDuel] 使自身增加2级呼吸法 强度",
          "coinlist": [
            {
              "coindescs": [
                {
                  "desc": "[OnSucceedAttack] 下回合使自身获得1层迅捷 "
                },
                {
                  "desc": "[OnSucceedAttack] 对目标施加2层防御等级降低 "
                }
              ]
            },
            {
              "coindescs": [
                {
                  "desc": "[OnSucceedAttack] 使目标增加4级沉沦 强度"
                }
              ]
            }
          ]
        },
        {
          "level": 4,
          "name": "整理整顿",
          "desc": "若自身的速度值高于目标，则使本技能的硬币威力+1\n[WhenUse] 使自身获得2层呼吸法 \n[WinDuel] 使自身增加2级呼吸法 强度",
          "coinlist": [
            {
              "coindescs": [
                {
                  "desc": "[OnSucceedAttack] 下回合使自身获得1层迅捷 "
                },
                {
                  "desc": "[CriticalOnSucceedAttack] 下回合对目标施加1层束缚 "
                },
                {
                  "desc": "[OnSucceedAttack] 对目标施加2层防御等级降低 "
                }
              ]
            },
            {
              "coindescs": [
                {
                  "desc": "[OnSucceedAttack] 使目标增加4级沉沦 强度"
                }
              ]
            }
          ]
        }
      ]
    },
    {
      "id": 1080903,
      "levelList": [
        {
          "level": 3,
          "name": "躯体束缚法",
          "desc": "[WhenUse] 使自身增加6级呼吸法 强度",
          "coinlist": [
            {
              "coindescs": [
                {
                  "desc": "[OnSucceedAttack] 对目标施加3层沉沦 "
                }
              ]
            },
            {
              "coindescs": [
                {
                  "desc": "[OnSucceedAttack] 使目标增加2级沉沦 强度"
                }
              ]
            },
            {
              "coindescs": [
                {
                  "desc": "[OnSucceedAttack] 使目标增加2级沉沦 强度"
                },
                {
                  "desc": "[OnSucceedAttack] 下回合对目标施加1层束缚 "
                },
                {
                  "desc": "[OnSucceedAttack] 下回合对目标施加1层斩击易损 "
                }
              ]
            }
          ]
        },
        {
          "level": 4,
          "name": "躯体束缚法",
          "desc": "若自身的速度值高于目标，则使本技能的硬币威力+1\n[WhenUse] 使自身增加6级呼吸法 强度",
          "coinlist": [
            {
              "coindescs": [
                {
                  "desc": "[OnSucceedAttack] 对目标施加3层沉沦 "
                }
              ]
            },
            {
              "coindescs": [
                {
                  "desc": "[OnSucceedAttack] 使目标增加2级沉沦 强度"
                }
              ]
            },
            {
              "coindescs": [
                {
                  "desc": "[OnSucceedAttack] 使目标增加2级沉沦 强度"
                },
                {
                  "desc": "[OnSucceedAttack] 下回合对目标施加2层束缚 "
                },
                {
                  "desc": "[OnSucceedAttack] 下回合对目标施加1层斩击易损 "
                }
              ]
            }
          ]
        }
      ]
    },
    {
      "id": 1080904,
      "levelList": [
        {
          "level": 1,
          "name": "闪避",
          "desc": "",
          "coinlist": [
            {
              "coindescs": [
                {
                  "desc": ""
                }
              ]
            }
          ]
        },
        {
          "level": 4,
          "name": "闪避",
          "desc": "[OnSucceedEvade] 使自身恢复5点理智值(每回合最多1次)",
          "coinlist": [
            {}
          ]
        }
      ]
    }
  ]
}