{
  "dataList": [
    {
      "id": 2030511,
      "levelList": [
        {
          "level": 1,
          "name": "祈愿石",
          "abName": "绕佛塔",
          "desc": "",
          "coinlist": [
            {
              "coindescs": [
                {
                  "desc": "[OnSucceedAttack] 对目标施加3层流血 "
                },
                {
                  "desc": "[OnSucceedAttack] 使目标增加4级震颤 强度"
                }
              ]
            }
          ]
        },
        {
          "level": 3,
          "name": "祈愿石",
          "abName": "绕佛塔",
          "desc": "",
          "coinlist": [
            {
              "coindescs": [
                {
                  "desc": "[OnSucceedAttack] 对目标施加4层流血 "
                },
                {
                  "desc": "[OnSucceedAttack] 使目标增加5级震颤 强度"
                },
                {
                  "desc": "[OnSucceedAttackHead] 对目标施加2层麻痹 "
                }
              ]
            }
          ]
        },
        {
          "level": 4,
          "name": "祈愿石",
          "abName": "绕佛塔",
          "desc": "",
          "coinlist": [
            {
              "coindescs": [
                {
                  "desc": "[OnSucceedAttack] 对目标施加4层流血 "
                },
                {
                  "desc": "[OnSucceedAttack] 使目标增加5级震颤 强度"
                },
                {
                  "desc": "[OnSucceedAttackHead] 对目标施加2层麻痹 "
                }
              ]
            }
          ]
        }
      ]
    },
    {
      "id": 2030521,
      "levelList": [
        {
          "level": 1,
          "name": "祈愿石",
          "abName": "绕佛塔",
          "desc": "[CantIdentify]\n随机指定目标\n",
          "coinlist": [
            {
              "coindescs": [
                {
                  "desc": "[CriticalOnSucceedAttack] 使目标震颤引爆 "
                },
                {
                  "desc": "[CriticalOnSucceedAttack] 使目标增加4级流血 强度"
                },
                {
                  "desc": "[OnSucceedAttackTail] 使目标震颤引爆 "
                },
                {
                  "desc": "[OnSucceedAttack] 使目标震颤引爆 ，并使目标的震颤 层数减少2层"
                }
              ]
            }
          ]
        },
        {
          "level": 3,
          "name": "祈愿石",
          "abName": "绕佛塔",
          "desc": "[CantIdentify]\n随机指定目标",
          "coinlist": [
            {
              "coindescs": [
                {
                  "desc": "[CriticalOnSucceedAttack] 使目标震颤引爆 "
                },
                {
                  "desc": "[CriticalOnSucceedAttack] 使目标增加6级流血 强度"
                },
                {
                  "desc": "[OnSucceedAttackTail] 使目标震颤引爆 "
                },
                {
                  "desc": "[OnSucceedAttack] 使目标震颤引爆 ，并使目标的震颤 层数减少2层"
                }
              ]
            }
          ]
        },
        {
          "level": 4,
          "name": "祈愿石",
          "abName": "绕佛塔",
          "desc": "[CantIdentify]\n随机指定目标",
          "coinlist": [
            {
              "coindescs": [
                {
                  "desc": "[CriticalOnSucceedAttack] 使目标震颤引爆 "
                },
                {
                  "desc": "[CriticalOnSucceedAttack] 使目标增加8级流血 强度"
                },
                {
                  "desc": "[OnSucceedAttackTail] 使目标震颤引爆 "
                },
                {
                  "desc": "[OnSucceedAttack] 使目标震颤引爆 ，并使目标的震颤 层数减少2层"
                }
              ]
            }
          ]
        }
      ]
    },
    {
      "id": 2030611,
      "levelList": [
        {
          "level": 1,
          "name": "电子哀鸣",
          "abName": "梦中的电子羊",
          "desc": "[BeforeAttack] 使本技能的攻击容量+(嫉妒共鸣数-2)(最多+1)\n[BeforeAttack] 若自身的充能 层数不低于20层，则消耗20层充能 并使本技能造成的伤害+30%",
          "coinlist": [
            {
              "coindescs": [
                {
                  "desc": "[EnemyKill] 使自身获得2层充能 "
                }
              ]
            }
          ]
        },
        {
          "level": 3,
          "name": "电子哀鸣",
          "abName": "梦中的电子羊",
          "desc": "[BeforeAttack] 使本技能的攻击容量+(嫉妒共鸣数-2)(最多+2)\n[BeforeAttack] 使本技能造成的伤害+(嫉妒共鸣数-3)×5%(最多+15%)\n[BeforeAttack] 若自身的充能 层数不低于20层，则消耗20层充能 并使本技能造成的伤害+35%",
          "coinlist": [
            {
              "coindescs": [
                {
                  "desc": "[EnemyKill] 使自身获得2层充能 "
                }
              ]
            }
          ]
        },
        {
          "level": 4,
          "name": "电子哀鸣",
          "abName": "梦中的电子羊",
          "desc": "[BeforeAttack] 使本技能的攻击容量+(嫉妒共鸣数-2)(最多+3)\n[BeforeAttack] 使本技能造成的伤害+(嫉妒共鸣数-3)×10%(最多+30%)\n[BeforeAttack] 若自身的充能 层数不低于20层，则消耗20层充能 并使本技能造成的伤害+40%",
          "coinlist": [
            {
              "coindescs": [
                {
                  "desc": "[EnemyKill] 使自身获得2层充能 "
                }
              ]
            }
          ]
        }
      ]
    },
    {
      "id": 2030621,
      "levelList": [
        {
          "level": 1,
          "name": "电子哀鸣",
          "abName": "梦中的电子羊",
          "desc": "[CantIdentify]\n随机指定目标\n[BeforeAttack] 使本技能的攻击容量+(嫉妒共鸣数-2)(最多+1)\n[BeforeAttack] 使本技能造成的伤害+(嫉妒共鸣数-3)×5%(最多+15%)\n[BeforeAttack] 若自身的充能 层数低于20层，则每相差1层充能 ，消耗自身体力上限1.5%的体力以获得至20层充能 \n[BeforeAttack] 消耗至多20层充能 ，每消耗1层充能 ，使本技能造成的伤害+2.5%(最多+50%)",
          "coinlist": [
            {
              "coindescs": [
                {
                  "desc": "[EnemyKill] 使自身获得3层充能 "
                }
              ]
            }
          ]
        },
        {
          "level": 3,
          "name": "电子哀鸣",
          "abName": "梦中的电子羊",
          "desc": "[CantIdentify]\n随机指定目标\n[BeforeAttack] 使本技能的攻击容量+(嫉妒共鸣数-2)(最多+2)\n[BeforeAttack] 使本技能造成的伤害+(嫉妒共鸣数-3)×8%(最多+24%)\n[BeforeAttack] 若自身的充能 层数低于20层，则每相差1层充能 ，消耗自身体力上限1.5%的体力以获得至20层充能 \n[BeforeAttack] 消耗至多20层充能 ，每消耗1层充能 ，使本技能造成的伤害+3.5%(最多+70%)",
          "coinlist": [
            {
              "coindescs": [
                {
                  "desc": "[EnemyKill] 使自身获得3层充能 "
                }
              ]
            }
          ]
        },
        {
          "level": 4,
          "name": "电子哀鸣",
          "abName": "梦中的电子羊",
          "desc": "[CantIdentify]\n随机指定目标\n[BeforeAttack] 使本技能的攻击容量+(嫉妒共鸣数-2)(最多+3)\n[BeforeAttack] 使本技能造成的伤害+(嫉妒共鸣数-3)×12%(最多+36%)\n[BeforeAttack] 若自身的充能 层数低于20层，则每相差1层充能 ，消耗自身体力上限1%的体力以获得至20层充能 \n[BeforeAttack] 消耗至多20层充能 ，每消耗1层充能 ，使本技能造成的伤害+5%(最多+100%)",
          "coinlist": [
            {
              "coindescs": [
                {
                  "desc": "[EnemyKill] 使自身获得3层充能 "
                }
              ]
            }
          ]
        }
      ]
    }
  ]
}