{
  "dataList": [
    {
      "id": 2100411,
      "levelList": [
        {
          "level": 1,
          "name": "提灯",
          "abName": "精灵提灯",
          "desc": "",
          "coinlist": [
            {
              "coindescs": [
                {
                  "desc": "[OnSucceedAttackHead] 使目标增加3级破裂 强度"
                },
                {
                  "desc": "[OnSucceedAttack] 使现存体力比例最低的2名友方单位恢复其体力上限10%的体力"
                }
              ]
            }
          ]
        },
        {
          "level": 3,
          "name": "提灯",
          "abName": "精灵提灯",
          "desc": "[BeforeAttack] 若现存体力不高于50%，则使本技能的攻击容量+1",
          "coinlist": [
            {
              "coindescs": [
                {
                  "desc": "[OnSucceedAttackHead] 使目标增加3级破裂 强度"
                },
                {
                  "desc": "[OnSucceedAttack] 使现存体力比例最低的2名友方单位恢复其体力上限12%的体力"
                }
              ]
            }
          ]
        },
        {
          "level": 4,
          "name": "提灯",
          "abName": "精灵提灯",
          "desc": "[BeforeAttack] 若现存体力不高于50%，则使本技能的攻击容量+2",
          "coinlist": [
            {
              "coindescs": [
                {
                  "desc": "[OnSucceedAttack] 使目标增加3级破裂 强度"
                },
                {
                  "desc": "[OnSucceedAttack] 使现存体力比例最低的2名友方单位恢复其体力上限15%的体力"
                }
              ]
            }
          ]
        }
      ]
    },
    {
      "id": 2100421,
      "levelList": [
        {
          "level": 1,
          "name": "提灯",
          "abName": "精灵提灯",
          "desc": "[CantIdentify] \n指定体力最高的单位",
          "coinlist": [
            {
              "coindescs": [
                {
                  "desc": "[OnSucceedAttackTail] 对目标施加2层破裂 "
                },
                {
                  "desc": "[OnSucceedAttack] 使自身恢复本硬币伤害量30%的体力"
                }
              ]
            }
          ]
        },
        {
          "level": 3,
          "name": "提灯",
          "abName": "精灵提灯",
          "desc": "[CantIdentify]\n指定体力最高的单位\n[BeforeAttack] 若现存体力不高于50%，则使本技能的攻击容量+1",
          "coinlist": [
            {
              "coindescs": [
                {
                  "desc": "[OnSucceedAttackTail] 对目标施加3层破裂 "
                },
                {
                  "desc": "[OnSucceedAttack] 对目标施加3层防御等级降低 "
                },
                {
                  "desc": "[OnSucceedAttack] 使自身恢复本硬币伤害量50%的体力"
                }
              ]
            }
          ]
        },
        {
          "level": 4,
          "name": "提灯",
          "abName": "精灵提灯",
          "desc": "[CantIdentify]\n指定体力最高的单位\n[BeforeAttack] 若现存体力不高于50%，则使本技能的攻击容量+2",
          "coinlist": [
            {
              "coindescs": [
                {
                  "desc": "[OnSucceedAttack] 对目标施加3层破裂 "
                },
                {
                  "desc": "[OnSucceedAttack] 对目标施加5层防御等级降低 "
                },
                {
                  "desc": "[OnSucceedAttack] 使自身恢复本硬币伤害量50%的体力"
                }
              ]
            }
          ]
        }
      ]
    },
    {
      "id": 2100511,
      "levelList": [
        {
          "level": 1,
          "name": "9章2节",
          "abName": "人皮预言者",
          "desc": "",
          "coinlist": [
            {
              "coindescs": [
                {
                  "desc": "[OnSucceedAttack] 若目标未带有烧伤 ，则使其增加4级烧伤 强度"
                },
                {
                  "desc": "[OnSucceedAttack] 使目标增加4级烧伤 强度"
                }
              ]
            }
          ]
        },
        {
          "level": 3,
          "name": "9章2节",
          "abName": "人皮预言者",
          "desc": "[BeforeAttack] 若色欲共鸣数不低于4，则使本技能的攻击容量+1",
          "coinlist": [
            {
              "coindescs": [
                {
                  "desc": "[OnSucceedAttack] 若目标未带有烧伤 ，则使其增加4级烧伤 强度"
                },
                {
                  "desc": "[OnSucceedAttack] 使目标增加4级烧伤 强度"
                }
              ]
            }
          ]
        },
        {
          "level": 4,
          "name": "9章2节",
          "abName": "人皮预言者",
          "desc": "[BeforeAttack] 若色欲共鸣数不低于4，则使本技能的攻击容量+1\n[BeforeAttack] 若最大色欲完全共鸣数不低于4，则使本技能的攻击容量额外+1",
          "coinlist": [
            {
              "coindescs": [
                {
                  "desc": "[OnSucceedAttack] 若目标未带有烧伤 ，则使其增加4级烧伤 强度"
                },
                {
                  "desc": "[OnSucceedAttack] 使目标增加4级烧伤 强度"
                },
                {
                  "desc": "[OnSucceedAttackTail] 若目标的烧伤 强度不低于10级，则下回合对其施加1层虚弱 与1层破绽 "
                }
              ]
            }
          ]
        }
      ]
    },
    {
      "id": 2100521,
      "levelList": [
        {
          "level": 1,
          "name": "9章2节",
          "abName": "人皮预言者",
          "desc": "[CantIdentify]\n随机指定目标",
          "coinlist": [
            {
              "coindescs": [
                {
                  "desc": "[OnSucceedAttack] 若目标未带有烧伤 ，则使其增加6级烧伤 强度"
                },
                {
                  "desc": "[OnSucceedAttack] 使目标增加4级烧伤 强度"
                }
              ]
            }
          ]
        },
        {
          "level": 3,
          "name": "9章2节",
          "abName": "人皮预言者",
          "desc": "[CantIdentify]\n随机指定目标\n[BeforeAttack] 若色欲共鸣数不低于4，则使本技能的攻击容量+1",
          "coinlist": [
            {
              "coindescs": [
                {
                  "desc": "[OnSucceedAttack] 若目标未带有烧伤 ，则使其增加6级烧伤 强度"
                },
                {
                  "desc": "[OnSucceedAttack] 使目标增加4级烧伤 强度"
                },
                {
                  "desc": "[OnSucceedAttackTail] 若目标的烧伤 强度不低于10级，则下回合对其施加1层色欲易损 "
                }
              ]
            }
          ]
        },
        {
          "level": 4,
          "name": "9章2节",
          "abName": "人皮预言者",
          "desc": "[CantIdentify]\n随机指定目标\n[BeforeAttack] 若色欲共鸣数不低于4，则使本技能的攻击容量+1\n[BeforeAttack] 若最大色欲完全共鸣数不低于4，则使本技能的攻击容量额外+1",
          "coinlist": [
            {
              "coindescs": [
                {
                  "desc": "[OnSucceedAttack] 若目标未带有烧伤 ，则使其增加6级烧伤 强度"
                },
                {
                  "desc": "[OnSucceedAttack] 使目标增加4级烧伤 强度"
                },
                {
                  "desc": "[OnSucceedAttackTail] 若目标的烧伤 强度不低于10级，则下回合对其施加2层色欲易损 "
                }
              ]
            }
          ]
        }
      ]
    },
    {
      "id": 2100611,
      "levelList": [
        {
          "level": 1,
          "name": "低泣",
          "abName": "悲泣蟾蜍",
          "desc": "[BeforeAttack] 若最大共鸣数不低于4，则使本技能的攻击容量+1",
          "coinlist": [
            {
              "coindescs": [
                {
                  "desc": "[EndSkill] 使自身与现存体力最低的1名友方单位获得自身体力上限10%的护盾与2层泪珠 "
                },
                {
                  "desc": "- 若最大共鸣数不低于4，则额外使1名友方单位获得上述效果"
                },
                {
                  "desc": "- 若上述友方单位带有泪珠 ，则使其泪珠 层数变为2层"
                },
                {
                  "desc": "- 若最大忧郁完全共鸣数不低于4，则使本技能上述效果改为“获得3层泪珠 ”与“使其泪珠 层数变为3层”"
                }
              ]
            }
          ]
        },
        {
          "level": 3,
          "name": "低泣",
          "abName": "悲泣蟾蜍",
          "desc": "[BeforeAttack] 使本技能的攻击容量+(最大共鸣数-2)(最多+2)",
          "coinlist": [
            {
              "coindescs": [
                {
                  "desc": "[EndSkill] 使自身与现存体力最低的(1+(最大共鸣数-2))名友方单位获得自身体力上限14%的护盾与2层泪珠 (除自身以外最大友方单位获取数：3名)"
                },
                {
                  "desc": "- 若上述友方单位带有泪珠 ，则使其泪珠 层数变为2层"
                },
                {
                  "desc": "- 若最大忧郁完全共鸣数不低于4，则使本技能上述效果改为“获得3层泪珠 ”与“使其泪珠 层数变为3层”"
                }
              ]
            }
          ]
        },
        {
          "level": 4,
          "name": "低泣",
          "abName": "悲泣蟾蜍",
          "desc": "[BeforeAttack] 使本技能的攻击容量+(最大共鸣数-2)(最多+2)",
          "coinlist": [
            {
              "coindescs": [
                {
                  "desc": "[EndSkill] 使自身与现存体力最低的(1+(最大共鸣数-2))名友方单位获得自身体力上限20%的护盾与2层泪珠 (除自身以外最大友方单位获取数：3名)"
                },
                {
                  "desc": "- 若上述友方单位带有泪珠 ，则使其泪珠 层数变为2层"
                },
                {
                  "desc": "- 若最大忧郁完全共鸣数不低于4，则使本技能上述效果改为“获得3层泪珠 ”与“使其泪珠 层数变为3层”"
                }
              ]
            }
          ]
        }
      ]
    },
    {
      "id": 2100621,
      "levelList": [
        {
          "level": 1,
          "name": "低泣",
          "abName": "悲泣蟾蜍",
          "desc": "[CantIdentify]\n随机指定目标\n[BeforeAttack] 若最大共鸣数不低于3，则使本技能的攻击容量+1\n[BeforeAttack] 下回合使本技能对应行动槽的挑衅值 +5",
          "coinlist": [
            {
              "coindescs": [
                {
                  "desc": "[OnSucceedAttack] 使目标增加2级沉沦 强度"
                },
                {
                  "desc": "[EndSkill] 使自身获得自身体力上限(15+2.5×(最大共鸣数))%的护盾与2层泪珠 (最多+25%)"
                },
                {
                  "desc": "- 若自身带有泪珠 ，则使自身的泪珠层数变为2层"
                },
                {
                  "desc": "- 若最大忧郁完全共鸣数不低于4，则使本技能上述效果改为“获得3层泪珠 ”与“使自身的泪珠 层数变为3层”"
                }
              ]
            }
          ]
        },
        {
          "level": 3,
          "name": "低泣",
          "abName": "悲泣蟾蜍",
          "desc": "[CantIdentify]\n随机指定目标\n[BeforeAttack] 使本技能的攻击容量+(最大共鸣数-2)(最多+2)\n[BeforeAttack] 下回合使本技能对应行动槽的挑衅值 +10",
          "coinlist": [
            {
              "coindescs": [
                {
                  "desc": "[OnSucceedAttack] 使目标增加2级沉沦 强度"
                },
                {
                  "desc": "[EndSkill] 使自身获得自身体力上限(18+3×(最大共鸣数))%的护盾与2层泪珠 (最多+30%)"
                },
                {
                  "desc": "- 若自身带有泪珠 ，则使自身的泪珠层数变为2层"
                },
                {
                  "desc": "- 若最大忧郁完全共鸣数不低于4，则使本技能上述效果改为“获得3层泪珠 ”与“使自身的泪珠 层数变为3层”"
                }
              ]
            }
          ]
        },
        {
          "level": 4,
          "name": "低泣",
          "abName": "悲泣蟾蜍",
          "desc": "[CantIdentify]\n随机指定目标\n[BeforeAttack] 使本技能的攻击容量+(最大共鸣数-2)(最多+2)\n[BeforeAttack] 下回合使本技能对应行动槽的挑衅值 +10",
          "coinlist": [
            {
              "coindescs": [
                {
                  "desc": "[OnSucceedAttack] 使目标增加2级沉沦 强度并对其施加3层沉沦 "
                },
                {
                  "desc": "[EndSkill] 使自身获得自身体力上限(20+5×(最大共鸣数))%的护盾与2层泪珠 (最多+40%)"
                },
                {
                  "desc": "- 若自身带有泪珠 ，则使自身的泪珠层数变为2层"
                },
                {
                  "desc": "- 若最大忧郁完全共鸣数不低于4，则使本技能上述效果改为“获得3层泪珠 ”与“使自身的泪珠 层数变为3层”"
                },
                {
                  "desc": "- 若忧郁共鸣数不低于4，则使自身额外获得自身体力上限10%的护盾"
                }
              ]
            }
          ]
        }
      ]
    }
  ]
}