{
  "dataList": [
    {
      "id": 815101,
      "levelList": [
        {
          "level": 1,
          "name": "刺入",
          "desc": "",
          "coinlist": [
            {
              "coindescs": [
                {
                  "desc": "[OnSucceedAttack] 使目标增加5级烧伤 强度并对其施加2层烧伤 "
                }
              ]
            }
          ]
        }
      ]
    },
    {
      "id": 815102,
      "levelList": [
        {
          "level": 1,
          "name": "尾鳍抽打",
          "desc": "[WhenUse] 若目标带有烧伤 ，则使本技能的基础威力+2",
          "coinlist": [
            {
              "coindescs": [
                {
                  "desc": "[OnSucceedAttack] 使目标增加5级烧伤 强度并对其施加2层烧伤 "
                }
              ]
            }
          ]
        }
      ]
    },
    {
      "id": 815103,
      "levelList": [
        {
          "level": 1,
          "name": "吐气",
          "desc": "[WhenUse] 若目标的烧伤 强度不低于5级，则使本技能的硬币威力+1",
          "coinlist": [
            {
              "coindescs": [
                {
                  "desc": "[OnSucceedAttack] 对目标施加2层烧伤 "
                },
                {
                  "desc": "[OnSucceedAttackHead] 下回合对目标施加1层暴怒易损 "
                }
              ]
            },
            {
              "coindescs": [
                {
                  "desc": "[OnSucceedAttack] 使目标增加8级烧伤 强度"
                },
                {
                  "desc": "[OnSucceedAttackHead] 下回合对目标施加1层暴怒易损 "
                }
              ]
            }
          ]
        }
      ]
    },
    {
      "id": 815104,
      "levelList": [
        {
          "level": 1,
          "name": "反击",
          "desc": "[WhenUse] 若目标的烧伤 强度不低于5级，则使本技能的硬币威力+2",
          "coinlist": [
            {
              "coindescs": [
                {
                  "desc": "[OnSucceedAttack] 下回合使自身获得1层痛击 "
                }
              ]
            }
          ]
        }
      ]
    },
    {
      "id": 815201,
      "levelList": [
        {
          "level": 1,
          "name": "跃入",
          "desc": "",
          "coinlist": [
            {
              "coindescs": [
                {
                  "desc": "[OnSucceedAttack] 使目标增加2级沉沦 强度并对其施加2层沉沦 "
                }
              ]
            },
            {
              "coindescs": [
                {
                  "desc": "[OnSucceedAttack] 使目标增加2级沉沦 强度并对其施加2层沉沦 "
                }
              ]
            }
          ]
        }
      ]
    },
    {
      "id": 815202,
      "levelList": [
        {
          "level": 1,
          "name": "迸射",
          "desc": "[WhenUse] 若目标带有沉沦 ，则使本技能的基础威力+2",
          "coinlist": [
            {
              "coindescs": [
                {
                  "desc": "[OnSucceedAttack] 使目标增加3级沉沦 强度并对其施加3层沉沦 "
                }
              ]
            }
          ]
        }
      ]
    },
    {
      "id": 815203,
      "levelList": [
        {
          "level": 1,
          "name": "水炸弹",
          "desc": "[WhenUse] 若目标的沉沦 强度不低于5级，则使本技能的硬币威力+1",
          "coinlist": [
            {
              "coindescs": [
                {
                  "desc": "[OnSucceedAttack] 使目标增加8级沉沦 强度"
                },
                {
                  "desc": "[OnSucceedAttackHead] 下回合对目标施加2层忧郁易损 "
                }
              ]
            }
          ]
        }
      ]
    },
    {
      "id": 815204,
      "levelList": [
        {
          "level": 1,
          "name": "闪避",
          "desc": "[OnSucceedEvade] 使目标增加2级沉沦 强度",
          "coinlist": [
            {
              "coindescs": [
                {
                  "desc": ""
                }
              ]
            }
          ]
        }
      ]
    },
    {
      "id": 815301,
      "levelList": [
        {
          "level": 1,
          "name": "寒芒出鞘",
          "desc": "[WhenUse] 使自身增加2级呼吸法 强度",
          "coinlist": [
            {
              "coindescs": [
                {
                  "desc": "[OnSucceedAttack] 对目标施加3层流血 "
                }
              ]
            },
            {
              "coindescs": [
                {
                  "desc": "[OnSucceedAttack] 对目标施加3层流血 "
                }
              ]
            }
          ]
        }
      ]
    },
    {
      "id": 815302,
      "levelList": [
        {
          "level": 1,
          "name": "止动",
          "desc": "[WhenUse] 使自身增加2级呼吸法 强度",
          "coinlist": [
            {
              "coindescs": [
                {
                  "desc": "[OnSucceedAttack] 对目标施加3层流血 "
                },
                {
                  "desc": "[OnSucceedAttack] 下回合使自身获得1层伤害强化 "
                }
              ]
            },
            {
              "coindescs": [
                {
                  "desc": "[OnSucceedAttack] 使目标增加3级流血 强度"
                },
                {
                  "desc": "[OnSucceedAttack] 下回合对目标施加1层麻痹 "
                }
              ]
            },
            {
              "coindescs": [
                {
                  "desc": "[OnSucceedAttack] 使目标增加3级流血 强度"
                },
                {
                  "desc": "[OnSucceedAttack] 下回合对目标施加1层麻痹 "
                }
              ]
            }
          ]
        }
      ]
    },
    {
      "id": 815303,
      "levelList": [
        {
          "level": 1,
          "name": "就地处斩",
          "desc": "[WinDuel] 使自身获得1层呼吸法 ",
          "coinlist": [
            {
              "coindescs": [
                {
                  "desc": "[OnSucceedAttack] 使自身增加1级呼吸法 强度并获得1层呼吸法 "
                },
                {
                  "desc": "[OnSucceedAttack] 使目标增加3级流血 强度"
                }
              ]
            },
            {
              "coindescs": [
                {
                  "desc": "[OnSucceedAttack] 下回合使自身获得1层斩击伤害强化 "
                },
                {
                  "desc": "[OnSucceedAttack] 下回合对目标施加2层斩击抗性弱化 "
                }
              ]
            }
          ]
        }
      ]
    },
    {
      "id": 815304,
      "levelList": [
        {
          "level": 1,
          "name": "弑主妖剑",
          "desc": "[WinDuel] 使自身获得3层呼吸法 ",
          "coinlist": [
            {
              "coindescs": [
                {
                  "desc": "[OnSucceedAttack] 使自身增加3级呼吸法 强度并获得1层呼吸法 "
                },
                {
                  "desc": "[OnSucceedAttack] 对目标施加1层流血 "
                }
              ]
            },
            {
              "coindescs": [
                {
                  "desc": "[OnSucceedAttack] 下回合使自身获得2层斩击伤害强化 "
                },
                {
                  "desc": "[OnSucceedAttack] 对目标施加2层斩击抗性弱化 "
                }
              ]
            },
            {
              "coindescs": [
                {
                  "desc": "[OnSucceedAttack] 使目标增加5级流血 强度"
                },
                {
                  "desc": "[OnSucceedAttack] 下回合对目标施加2层麻痹 "
                },
                {
                  "desc": "[OnSucceedAttackHead] 对目标施加3层流血 "
                }
              ]
            }
          ]
        }
      ]
    },
    {
      "id": 815305,
      "levelList": [
        {
          "level": 1,
          "name": "断汝筋骨",
          "desc": "[StartBattle] 使自身获得50点护盾\n[WhenUse] 若护盾未被全部消耗，则使本技能的拼点威力+5",
          "coinlist": [
            {
              "coindescs": [
                {
                  "desc": "[OnSucceedAttack] 对目标施加3层斩击抗性弱化 "
                }
              ]
            },
            {
              "coindescs": [
                {
                  "desc": "使本硬币暴击时造成的伤害+100%"
                },
                {
                  "desc": "[OnSucceedAttack] 使目标增加10级流血 强度并对目标施加2层流血 "
                }
              ]
            },
            {
              "coindescs": [
                {
                  "desc": "[OnSucceedAttack] 若护盾未被全部消耗，则对目标造成([Grudge]层数/攻击容量)点固定伤害"
                }
              ]
            }
          ]
        }
      ]
    },
    {
      "id": 815306,
      "levelList": [
        {
          "level": 1,
          "name": "闪避",
          "desc": "[OnSucceedEvade] 使自身增加4级呼吸法 强度",
          "coinlist": [
            {
              "coindescs": [
                {
                  "desc": ""
                }
              ]
            }
          ]
        }
      ]
    },
    {
      "id": 815307,
      "levelList": [
        {
          "level": 1,
          "name": "舍吾皮肉",
          "desc": "下回合使自身获得(激活本反击技能的技能所造成的伤害)层[Grudge]",
          "coinlist": [
            {
              "coindescs": [
                {
                  "desc": ""
                }
              ]
            }
          ]
        }
      ]
    },
    {
      "id": 815405,
      "levelList": [
        {
          "level": 1,
          "name": "断汝筋骨",
          "desc": "[StartBattle] 使自身获得200点护盾\n[WhenUse] 使自身获得3层呼吸法 \n[WhenUse] 若护盾未被全部消耗，则使本技能的拼点威力+10",
          "coinlist": [
            {
              "coindescs": [
                {
                  "desc": "[OnSucceedAttack] 对目标施加3层斩击抗性弱化 "
                }
              ]
            },
            {
              "coindescs": [
                {
                  "desc": "使本硬币暴击时造成的伤害+100%"
                },
                {
                  "desc": "[OnSucceedAttack] 下回合对目标施加5层麻痹 "
                },
                {
                  "desc": "[OnSucceedAttack] 使目标增加10级流血 强度并对目标施加2层流血 "
                }
              ]
            },
            {
              "coindescs": [
                {
                  "desc": "[OnSucceedAttack] 若护盾未被全部消耗，则造成([Grudge]层数/攻击容量)点固定伤害"
                }
              ]
            }
          ]
        }
      ]
    },
    {
      "id": 815408,
      "levelList": [
        {
          "level": 1,
          "name": "剑舞",
          "desc": "[EnemyKill] 下回合使自身获得3层攻击等级提升 和3层防御等级提升 ",
          "coinlist": [
            {
              "coindescs": [
                {
                  "desc": ""
                }
              ]
            }
          ]
        }
      ]
    },
    {
      "id": 815409,
      "levelList": [
        {
          "level": 1,
          "name": "断汝筋骨",
          "desc": "[CantChangeTarget]\n优先指定体力最低的目标\n[EnemyKill] 使自身的[Grudge]层数翻倍\n[EnemyKill] 使自身恢复([Grudge]层数)点体力",
          "coinlist": [
            {},
            {},
            {
              "coindescs": [
                {
                  "desc": "[OnSucceedAttack] 对目标造成([Grudge]层数)点固定伤害"
                }
              ]
            }
          ]
        }
      ]
    }
  ]
}