{
  "dataList": [
    {
      "id": 1070701,
      "levelList": [
        {
          "level": 1,
          "name": "追踪猎物",
          "desc": "[WhenUse] 使自身获得2层呼吸法 \n[WhenUse] 下回合使本技能对应行动槽的挑衅值 +2",
          "coinlist": [
            {},
            {
              "coindescs": [
                {
                  "desc": "[OnSucceedAttackHead] 使目标增加2级流血 强度"
                }
              ]
            }
          ]
        },
        {
          "level": 2,
          "name": "追踪猎物",
          "desc": "[WhenUse] 使自身获得3层呼吸法 \n[WhenUse] 下回合使本技能对应行动槽的挑衅值 +3",
          "coinlist": [
            {},
            {
              "coindescs": [
                {
                  "desc": "[OnSucceedAttack] 使目标增加2级流血 强度"
                }
              ]
            }
          ]
        },
        {
          "level": 4,
          "name": "追踪猎物",
          "desc": "[WhenUse] 使自身获得4层呼吸法 \n[WhenUse] 下回合使本技能对应行动槽的挑衅值 +5",
          "coinlist": [
            {},
            {
              "coindescs": [
                {
                  "desc": "[OnSucceedAttack] 使目标增加2级流血 强度"
                }
              ]
            }
          ]
        }
      ]
    },
    {
      "id": 1070702,
      "levelList": [
        {
          "level": 1,
          "name": "捕鲸叉",
          "desc": "[WhenUse] 下回合使本技能对应行动槽的挑衅值 +2",
          "coinlist": [
            {},
            {
              "coindescs": [
                {
                  "desc": "[CriticalOnSucceedAttack] 对目标施加与其流血 强度1/4相同的流血 层数(最多10层)"
                }
              ]
            },
            {}
          ]
        },
        {
          "level": 2,
          "name": "捕鲸叉",
          "desc": "[WhenUse] 下回合使本技能对应行动槽的挑衅值 +3\n[WhenUse] 目标每带有3级流血 强度，使自身增加1级呼吸法 强度(最多10级)",
          "coinlist": [
            {},
            {
              "coindescs": [
                {
                  "desc": "[CriticalOnSucceedAttack] 对目标施加与其流血 强度1/4相同的流血 层数(最多10层)"
                }
              ]
            },
            {}
          ]
        },
        {
          "level": 4,
          "name": "捕鲸叉",
          "desc": "[WhenUse] 下回合使本技能对应行动槽的挑衅值 +5\n[WhenUse] 目标每带有3级流血 强度，使自身增加1级呼吸法 强度(最多10级)",
          "coinlist": [
            {},
            {
              "coindescs": [
                {
                  "desc": "[CriticalOnSucceedAttack] 对目标施加与其流血 强度1/3相同的流血 层数(最多10层)"
                }
              ]
            },
            {}
          ]
        }
      ]
    },
    {
      "id": 1070703,
      "levelList": [
        {
          "level": 3,
          "name": "切断绳结",
          "desc": "若嫉妒共鸣数不低于3，则使本技能的拼点威力+1\n若嫉妒共鸣数不低于4，则使本技能的硬币威力+1",
          "coinlist": [
            {
              "coindescs": [
                {
                  "desc": "[OnSucceedAttack] 使目标增加1级流血 强度"
                },
                {
                  "desc": "[OnSucceedAttack] 若现存体力不高于50%，则使目标增加1级流血 强度"
                }
              ]
            },
            {
              "coindescs": [
                {
                  "desc": "[OnSucceedAttack] 使目标增加1级流血 强度"
                },
                {
                  "desc": "[OnSucceedAttack] 若现存体力不高于50%，则使目标增加1级流血 强度"
                }
              ]
            },
            {},
            {
              "coindescs": [
                {
                  "desc": "[CriticalOnSucceedAttack] 使本硬币暴击时造成的伤害+30%"
                }
              ]
            }
          ]
        },
        {
          "level": 4,
          "name": "切断绳结",
          "desc": "若嫉妒共鸣数不低于3，则使本技能的拼点威力+1\n若嫉妒共鸣数不低于4，则使本技能的硬币威力+1\n若嫉妒完全共鸣数不低于6，则使本技能的硬币威力+1",
          "coinlist": [
            {
              "coindescs": [
                {
                  "desc": "[OnSucceedAttack] 使目标增加1级流血 强度"
                },
                {
                  "desc": "[OnSucceedAttack] 若现存体力不高于75%，则使目标增加1级流血 强度"
                },
                {
                  "desc": "[OnSucceedAttack] 若现存体力不高于50%，则使目标增加1级流血 强度"
                }
              ]
            },
            {
              "coindescs": [
                {
                  "desc": "[OnSucceedAttack] 使目标增加1级流血 强度"
                },
                {
                  "desc": "[OnSucceedAttack] 若现存体力不高于75%，则使目标增加1级流血 强度"
                },
                {
                  "desc": "[OnSucceedAttack] 若现存体力不高于50%，则使目标增加1级流血 强度"
                }
              ]
            },
            {},
            {
              "coindescs": [
                {
                  "desc": "[CriticalOnSucceedAttack] 使本硬币暴击时造成的伤害+50%"
                }
              ]
            }
          ]
        }
      ]
    },
    {
      "id": 1070704,
      "levelList": [
        {
          "level": 1,
          "name": "偿还",
          "desc": "[WhenUse] 下回合使本技能对应行动槽的挑衅值 +2\n[StartBattle] 自身每带有1级[Breath]强度，使自身获得1层[DefenseUp](最多10层)",
          "coinlist": [
            {
              "coindescs": [
                {
                  "desc": ""
                }
              ]
            }
          ]
        },
        {
          "level": 4,
          "name": "偿还",
          "desc": "[WhenUse] 下回合使本技能对应行动槽的挑衅值 +5\n[StartBattle] 自身每带有1级[Breath]强度，使自身获得1层[DefenseUp](最多10层)",
          "coinlist": [
            {
              "coindescs": [
                {
                  "desc": ""
                }
              ]
            }
          ]
        }
      ]
    },
    {
      "id": 1070801,
      "levelList": [
        {
          "level": 1,
          "name": "规劝履行",
          "desc": "",
          "coinlist": [
            {},
            {
              "coindescs": [
                {
                  "desc": "[OnSucceedAttack] 对目标施加2层震颤 "
                }
              ]
            }
          ]
        },
        {
          "level": 2,
          "name": "规劝履行",
          "desc": "若目标的震颤 强度不低于3级，则使本技能的硬币威力+1",
          "coinlist": [
            {},
            {
              "coindescs": [
                {
                  "desc": "[OnSucceedAttack] 对目标施加2层震颤 "
                }
              ]
            }
          ]
        },
        {
          "level": 4,
          "name": "规劝履行",
          "desc": "目标每带有3级震颤 强度，使本技能的硬币威力+1(最多+2)",
          "coinlist": [
            {},
            {
              "coindescs": [
                {
                  "desc": "[OnSucceedAttack] 对目标施加2层震颤 "
                }
              ]
            }
          ]
        }
      ]
    },
    {
      "id": 1070802,
      "levelList": [
        {
          "level": 1,
          "name": "最后通牒",
          "desc": "",
          "coinlist": [
            {
              "coindescs": [
                {
                  "desc": "[OnSucceedAttack] 使目标增加2级震颤 强度"
                }
              ]
            },
            {
              "coindescs": [
                {
                  "desc": "[OnSucceedAttack] 使目标增加2级震颤 强度"
                }
              ]
            }
          ]
        },
        {
          "level": 2,
          "name": "最后通牒",
          "desc": "若目标的震颤 强度不低于6级，则使本技能的硬币威力+1",
          "coinlist": [
            {
              "coindescs": [
                {
                  "desc": "[OnSucceedAttack] 使目标增加2级震颤 强度"
                }
              ]
            },
            {
              "coindescs": [
                {
                  "desc": "[OnSucceedAttack] 使目标增加2级震颤 强度"
                }
              ]
            }
          ]
        },
        {
          "level": 4,
          "name": "最后通牒",
          "desc": "目标每带有6级震颤 强度，使本技能的硬币威力+1(最多+2)",
          "coinlist": [
            {
              "coindescs": [
                {
                  "desc": "[OnSucceedAttack] 使目标增加2级震颤 强度"
                }
              ]
            },
            {
              "coindescs": [
                {
                  "desc": "[OnSucceedAttack] 使目标增加2级震颤 强度"
                }
              ]
            }
          ]
        }
      ]
    },
    {
      "id": 1070803,
      "levelList": [
        {
          "level": 3,
          "name": "宣告执行",
          "desc": "若目标的震颤 强度不低于6级，则使本技能的硬币威力+1",
          "coinlist": [
            {
              "coindescs": [
                {
                  "desc": "[OnSucceedAttack] 使目标增加1级震颤 强度"
                }
              ]
            },
            {
              "coindescs": [
                {
                  "desc": "[OnSucceedAttack] 使目标增加1级震颤 强度"
                }
              ]
            },
            {
              "coindescs": [
                {
                  "desc": "[OnSucceedAttack] 若目标的震颤 强度与层数之和不低于20，则使目标振幅转换 为震颤-崩坏 "
                }
              ]
            }
          ]
        },
        {
          "level": 4,
          "name": "宣告执行",
          "desc": "目标每带有6级震颤 强度，使本技能的硬币威力+1(最多+2)",
          "coinlist": [
            {
              "coindescs": [
                {
                  "desc": "[OnSucceedAttack] 使目标增加1级震颤 强度"
                }
              ]
            },
            {
              "coindescs": [
                {
                  "desc": "[OnSucceedAttack] 使目标增加1级震颤 强度"
                }
              ]
            },
            {
              "coindescs": [
                {
                  "desc": "[OnSucceedAttack] 若目标的震颤 强度与层数之和不低于20，则使目标振幅转换 为震颤-崩坏 "
                }
              ]
            }
          ]
        }
      ]
    },
    {
      "id": 1070804,
      "levelList": [
        {
          "level": 1,
          "name": "不可妨碍",
          "desc": "若自身带有护盾时受到攻击，则对攻击者施加1层震颤 (多次使用本技能时此效果不会叠加)",
          "coinlist": [
            {
              "coindescs": [
                {
                  "desc": ""
                }
              ]
            }
          ]
        },
        {
          "level": 4,
          "name": "不可妨碍",
          "desc": "若自身带有护盾时受到攻击，则对攻击者施加1层震颤 (多次使用本技能时此效果不会叠加)",
          "coinlist": [
            {
              "coindescs": [
                {
                  "desc": ""
                }
              ]
            }
          ]
        }
      ]
    },
    {
      "id": 1070901,
      "levelList": [
        {
          "level": 1,
          "name": "40S-2启动",
          "desc": "[WhenUse] 消耗5层充能 并使本技能的硬币威力+1",
          "coinlist": [
            {},
            {
              "coindescs": [
                {
                  "desc": "[OnSucceedAttack] 使自身获得2层充能 "
                }
              ]
            }
          ]
        },
        {
          "level": 2,
          "name": "40S-2启动",
          "desc": "[WhenUse] 消耗5层充能 并使本技能的硬币威力+1",
          "coinlist": [
            {
              "coindescs": [
                {
                  "desc": "[OnSucceedAttack] 使自身获得2层充能 "
                }
              ]
            },
            {
              "coindescs": [
                {
                  "desc": "[OnSucceedAttack] 使自身获得2层充能 "
                }
              ]
            }
          ]
        },
        {
          "level": 4,
          "name": "40S-2启动",
          "desc": "[WhenUse] 消耗5层充能 并使本技能的硬币威力+1",
          "coinlist": [
            {
              "coindescs": [
                {
                  "desc": "[OnSucceedAttack] 使自身获得2层充能 "
                }
              ]
            },
            {
              "coindescs": [
                {
                  "desc": "[OnSucceedAttack] 使自身获得2层充能 "
                }
              ]
            }
          ]
        }
      ]
    },
    {
      "id": 1070902,
      "levelList": [
        {
          "level": 1,
          "name": "光电标记",
          "desc": "[WhenUse] 若自身的充能 层数在5~9层之间，则消耗体力上限2×(10-现存充能 层数)%的体力并使自身的充能 层数变为10层\n[WhenUse] 消耗10层充能 并使本技能的硬币威力+1",
          "coinlist": [
            {},
            {},
            {
              "coindescs": [
                {
                  "desc": "[OnSucceedAttack] 对目标施加层数相当于自身充能 强度的光电 (最多2层)"
                }
              ]
            }
          ]
        },
        {
          "level": 2,
          "name": "光电标记",
          "desc": "[WhenUse] 若自身的充能 层数在5~9层之间，则消耗体力上限2×(10-现存充能 层数)%的体力并使自身的充能 层数变为10层\n[WhenUse] 消耗10层充能 并使本技能的硬币威力+1",
          "coinlist": [
            {},
            {
              "coindescs": [
                {
                  "desc": "[OnSucceedAttack] 若自身消耗了充能 层数，则对目标施加2层防御等级降低 "
                }
              ]
            },
            {
              "coindescs": [
                {
                  "desc": "[OnSucceedAttack] 对目标施加1层体力恢复降低 \n[OnSucceedAttack] 对目标施加层数相当于自身充能 强度的光电 (最多3层)"
                }
              ]
            }
          ]
        },
        {
          "level": 4,
          "name": "光电标记",
          "desc": "[WhenUse] 若自身的充能 层数在5~9层之间，则消耗体力上限2×(10-现存充能 层数)%的体力并使自身的充能 层数变为10层\n[WhenUse] 消耗10层充能 并使本技能的硬币威力+2",
          "coinlist": [
            {
              "coindescs": [
                {
                  "desc": "[OnSucceedAttack] 若自身消耗了充能 层数，则对目标施加2层防御等级降低 "
                }
              ]
            },
            {
              "coindescs": [
                {
                  "desc": "[OnSucceedAttack] 若自身消耗了充能 层数，则对目标施加2层防御等级降低 "
                }
              ]
            },
            {
              "coindescs": [
                {
                  "desc": "[OnSucceedAttack] 对目标施加2层体力恢复降低 \n[OnSucceedAttack] 对目标施加层数相当于自身充能 强度的光电 (最多3层)"
                }
              ]
            }
          ]
        }
      ]
    },
    {
      "id": 1070903,
      "levelList": [
        {
          "level": 3,
          "name": "光电鱼叉",
          "desc": "若自身的充能 强度不低于2级，则使本技能的硬币威力+1",
          "coinlist": [
            {},
            {
              "coindescs": [
                {
                  "desc": "[OnSucceedAttack] 使自身获得5层充能 "
                }
              ]
            },
            {
              "coindescs": [
                {
                  "desc": "[OnSucceedAttack] 使自身获得(自身的充能 强度×3)层充能 (最多9层)"
                }
              ]
            },
            {
              "coindescs": [
                {
                  "desc": "[OnSucceedAttack] 对目标施加层数相当于自身充能 强度的光电 (最多3层)"
                }
              ]
            }
          ]
        },
        {
          "level": 4,
          "name": "光电鱼叉",
          "desc": "自身每带有2级充能 强度，使本技能的硬币威力+1(最多+2)",
          "coinlist": [
            {},
            {
              "coindescs": [
                {
                  "desc": "[OnSucceedAttack] 使自身获得7层充能 "
                }
              ]
            },
            {
              "coindescs": [
                {
                  "desc": "[OnSucceedAttack] 使自身获得(自身的充能 强度×3)层充能 (最多9层)"
                }
              ]
            },
            {
              "coindescs": [
                {
                  "desc": "[OnSucceedAttack] 对目标施加层数相当于自身充能 强度的光电 (最多3层)\n[OnSucceedAttack] 自身每带有2级充能 强度，对目标施加1层打击易损 (最多2层)"
                }
              ]
            }
          ]
        }
      ]
    },
    {
      "id": 1070904,
      "levelList": [
        {
          "level": 1,
          "name": "充能",
          "desc": "[WhenUse] 使自身获得3层充能 (每回合最多1次)",
          "coinlist": [
            {}
          ]
        },
        {
          "level": 4,
          "name": "充能",
          "desc": "[WhenUse] 使自身获得3层充能 (每回合最多2次)",
          "coinlist": [
            {}
          ]
        }
      ]
    }
  ]
}