{
  "dataList": [
    {
      "id": 9011401,
      "levelList": [
        {
          "level": 1,
          "name": "喂，喂",
          "desc": "[WhenUse] 若目标带有麻痹 ，则使本技能的硬币威力+1",
          "coinlist": [
            {
              "coindescs": [
                {
                  "desc": "[OnSucceedAttack] 使目标增加5级震颤 强度并对其施加2层震颤 "
                }
              ]
            }
          ]
        }
      ]
    },
    {
      "id": 9011402,
      "levelList": [
        {
          "level": 1,
          "name": "这会很疼！",
          "desc": "[WhenUse] 若目标带有震颤 ，则使本技能的硬币威力+1",
          "coinlist": [
            {
              "coindescs": [
                {
                  "desc": "[OnSucceedAttack] 使目标增加5级震颤 强度并对其施加1层震颤 "
                }
              ]
            },
            {
              "coindescs": [
                {
                  "desc": "[OnSucceedAttack] 下回合对目标施加1层麻痹 "
                }
              ]
            }
          ]
        }
      ]
    },
    {
      "id": 9011403,
      "levelList": [
        {
          "level": 1,
          "name": "发现破绽！",
          "desc": "",
          "coinlist": [
            {
              "coindescs": [
                {
                  "desc": "[OnSucceedAttack] 使目标震颤引爆 "
                },
                {
                  "desc": "若目标因震颤引爆 而陷入混乱，则重复使用本硬币"
                }
              ]
            }
          ]
        }
      ]
    },
    {
      "id": 9011501,
      "levelList": [
        {
          "level": 1,
          "name": "不要停下",
          "desc": "[WhenUse] 若目标带有麻痹 ，则使本技能的硬币威力+1",
          "coinlist": [
            {
              "coindescs": [
                {
                  "desc": "[OnSucceedAttack] 使目标增加2级震颤 强度并对其施加4层震颤 "
                }
              ]
            }
          ]
        }
      ]
    },
    {
      "id": 9011502,
      "levelList": [
        {
          "level": 1,
          "name": "目眩！",
          "desc": "[WhenUse] 若目标带有震颤 ，则使本技能的硬币威力+1",
          "coinlist": [
            {
              "coindescs": [
                {
                  "desc": "[OnSucceedAttack] 使目标增加2级震颤 强度并对其施加3层震颤 "
                }
              ]
            },
            {
              "coindescs": [
                {
                  "desc": "[OnSucceedAttack] 下回合对目标施加2层麻痹 "
                }
              ]
            }
          ]
        }
      ]
    },
    {
      "id": 9011503,
      "levelList": [
        {
          "level": 1,
          "name": "头晕！",
          "desc": "",
          "coinlist": [
            {
              "coindescs": [
                {
                  "desc": "[OnSucceedAttack] 使目标震颤引爆 "
                },
                {
                  "desc": "若目标因震颤引爆 而陷入混乱，则重复使用本硬币"
                }
              ]
            }
          ]
        }
      ]
    },
    {
      "id": 9011601,
      "levelList": [
        {
          "level": 1,
          "name": "伤…伤口",
          "desc": "",
          "coinlist": [
            {
              "coindescs": [
                {
                  "desc": "[OnSucceedAttack] 使目标增加3级破裂 强度"
                }
              ]
            }
          ]
        }
      ]
    },
    {
      "id": 9011602,
      "levelList": [
        {
          "level": 1,
          "name": "…呼…",
          "desc": "[WhenUse] 若目标的破裂 强度不低于3级，则使本技能的基础威力+1",
          "coinlist": [
            {
              "coindescs": [
                {
                  "desc": "[OnSucceedAttack] 对目标施加1层防御等级降低 "
                },
                {
                  "desc": "[OnSucceedAttack] 对目标施加2层破裂 "
                }
              ]
            },
            {
              "coindescs": [
                {
                  "desc": "[OnSucceedAttack] 对目标施加1层防御等级降低 "
                },
                {
                  "desc": "[OnSucceedAttack] 使目标增加3级破裂 强度"
                }
              ]
            }
          ]
        }
      ]
    },
    {
      "id": 9011603,
      "levelList": [
        {
          "level": 1,
          "name": "弱点…",
          "desc": "[WhenUse] 若目标带有破裂 ，则其每带有3级破裂 强度，使本技能的基础威力+1(最多+3)",
          "coinlist": [
            {
              "coindescs": [
                {
                  "desc": "[OnSucceedAttack] 使目标增加6级破裂 强度"
                },
                {
                  "desc": "[OnSucceedAttack] 使目标增加4级流血 强度"
                }
              ]
            },
            {
              "coindescs": [
                {
                  "desc": "[OnSucceedAttack] 对目标施加4层防御等级降低 "
                },
                {
                  "desc": "[OnSucceedAttackHead] 下回合对目标施加2层麻痹 "
                }
              ]
            }
          ]
        }
      ]
    },
    {
      "id": 9011604,
      "levelList": [
        {
          "level": 1,
          "name": "防…",
          "desc": "回合结束时若自身带有护盾，则下回合使自身获得1层攻击等级提升 ",
          "coinlist": [
            {
              "coindescs": [
                {
                  "desc": ""
                }
              ]
            }
          ]
        }
      ]
    },
    {
      "id": 9011701,
      "levelList": [
        {
          "level": 1,
          "name": "延…",
          "desc": "",
          "coinlist": [
            {
              "coindescs": [
                {
                  "desc": "[OnSucceedAttack] 对目标施加3层破裂 "
                }
              ]
            }
          ]
        }
      ]
    },
    {
      "id": 9011702,
      "levelList": [
        {
          "level": 1,
          "name": "破…甲",
          "desc": "[WhenUse] 若目标的破裂 层数不低于3层，则使本技能的基础威力+1",
          "coinlist": [
            {
              "coindescs": [
                {
                  "desc": "[OnSucceedAttack] 对目标施加1层攻击等级降低 "
                },
                {
                  "desc": "[OnSucceedAttack] 对目标施加2层破裂 "
                }
              ]
            },
            {
              "coindescs": [
                {
                  "desc": "[OnSucceedAttack] 对目标施加1层攻击等级降低 "
                },
                {
                  "desc": "[OnSucceedAttack] 使目标增加3级破裂 强度"
                }
              ]
            }
          ]
        }
      ]
    },
    {
      "id": 9011703,
      "levelList": [
        {
          "level": 1,
          "name": "切成…",
          "desc": "[WhenUse] 若目标带有破裂 ，则其每带有2层破裂 ，使本技能的基础威力+1(最多+3)",
          "coinlist": [
            {
              "coindescs": [
                {
                  "desc": "[OnSucceedAttack] 对目标施加4层破裂 "
                },
                {
                  "desc": "[OnSucceedAttack] 使目标增加4级流血 强度"
                }
              ]
            },
            {
              "coindescs": [
                {
                  "desc": "[OnSucceedAttack] 对目标施加4层攻击等级降低 "
                },
                {
                  "desc": "[OnSucceedAttackHead] 下回合对目标施加2层麻痹 "
                }
              ]
            }
          ]
        }
      ]
    },
    {
      "id": 9011704,
      "levelList": [
        {
          "level": 1,
          "name": "…御",
          "desc": "",
          "coinlist": [
            {
              "coindescs": [
                {
                  "desc": "回合结束时若自身带有护盾，则下回合使自身获得1层攻击等级提升 "
                }
              ]
            }
          ]
        }
      ]
    },
    {
      "id": 9011801,
      "levelList": [
        {
          "level": 1,
          "name": "处理…",
          "desc": "",
          "coinlist": [
            {
              "coindescs": [
                {
                  "desc": "[OnSucceedAttack] 使目标增加4级破裂 强度"
                }
              ]
            }
          ]
        }
      ]
    },
    {
      "id": 9011802,
      "levelList": [
        {
          "level": 1,
          "name": "移…除…",
          "desc": "[WhenUse] 若目标的破裂 强度不低于3级，则使本技能的基础威力+1",
          "coinlist": [
            {
              "coindescs": [
                {
                  "desc": "[OnSucceedAttack] 对目标施加2层防御等级降低 "
                },
                {
                  "desc": "[OnSucceedAttack] 对目标施加2层破裂 "
                }
              ]
            },
            {
              "coindescs": [
                {
                  "desc": "[OnSucceedAttack] 对目标施加2层防御等级降低 "
                },
                {
                  "desc": "[OnSucceedAttack] 使目标增加6级破裂 强度"
                }
              ]
            }
          ]
        }
      ]
    },
    {
      "id": 9011803,
      "levelList": [
        {
          "level": 1,
          "name": "阻…止…",
          "desc": "[WhenUse] 对目标造成3点理智伤害\n[WhenUse] 若目标带有破裂 ，则其每带有4级破裂 强度，使本技能的基础威力+1(最多+3)",
          "coinlist": [
            {
              "coindescs": [
                {
                  "desc": "[OnSucceedAttack] 使目标增加6级破裂 强度"
                },
                {
                  "desc": "[OnSucceedAttack] 使目标增加6级流血 强度"
                }
              ]
            },
            {
              "coindescs": [
                {
                  "desc": "[OnSucceedAttack] 对目标施加3层防御等级降低 "
                },
                {
                  "desc": "[OnSucceedAttack] 下回合对目标施加1层麻痹 "
                }
              ]
            }
          ]
        }
      ]
    },
    {
      "id": 9011804,
      "levelList": [
        {
          "level": 1,
          "name": "反…",
          "desc": "若目标带有破裂 ，则使本技能的最终威力+1",
          "coinlist": [
            {
              "coindescs": [
                {
                  "desc": "[OnSucceedAttack] 使目标增加2级流血 强度"
                }
              ]
            }
          ]
        }
      ]
    },
    {
      "id": 9011901,
      "levelList": [
        {
          "level": 1,
          "name": "让…开",
          "desc": "",
          "coinlist": [
            {
              "coindescs": [
                {
                  "desc": "[OnSucceedAttack] 对目标施加3层破裂 "
                }
              ]
            }
          ]
        }
      ]
    },
    {
      "id": 9011902,
      "levelList": [
        {
          "level": 1,
          "name": "别…挡道",
          "desc": "[WhenUse] 若目标的破裂 层数不低于3层，则使本技能的基础威力+1",
          "coinlist": [
            {
              "coindescs": [
                {
                  "desc": "[OnSucceedAttack] 对目标施加2层攻击等级降低 "
                },
                {
                  "desc": "[OnSucceedAttack] 对目标施加3层破裂 "
                }
              ]
            },
            {
              "coindescs": [
                {
                  "desc": "[OnSucceedAttack] 对目标施加2层攻击等级降低 "
                },
                {
                  "desc": "[OnSucceedAttack] 使目标增加6级破裂 强度"
                }
              ]
            }
          ]
        }
      ]
    },
    {
      "id": 9011903,
      "levelList": [
        {
          "level": 1,
          "name": "突…破",
          "desc": "[WhenUse] 对目标造成3点理智伤害\n[WhenUse] 若目标带有破裂 ，则其每带有3层破裂 ，使本技能的基础威力+1(最多+3)",
          "coinlist": [
            {
              "coindescs": [
                {
                  "desc": "[OnSucceedAttack] 对目标施加4层破裂 "
                },
                {
                  "desc": "[OnSucceedAttack] 使目标增加8级流血 强度"
                }
              ]
            },
            {
              "coindescs": [
                {
                  "desc": "[OnSucceedAttack] 对目标施加3层攻击等级降低 "
                },
                {
                  "desc": "[OnSucceedAttack] 下回合对目标施加1层麻痹 "
                }
              ]
            }
          ]
        }
      ]
    },
    {
      "id": 9011904,
      "levelList": [
        {
          "level": 1,
          "name": "…击",
          "desc": "若目标带有破裂 ，则使本技能的最终威力+1",
          "coinlist": [
            {
              "coindescs": [
                {
                  "desc": "[OnSucceedAttack] 使目标增加2级流血 强度"
                }
              ]
            }
          ]
        }
      ]
    },
    {
      "id": 9012001,
      "levelList": [
        {
          "level": 1,
          "name": "防御破坏法",
          "desc": "",
          "coinlist": [
            {
              "coindescs": [
                {
                  "desc": "[OnSucceedAttack] 下回合对目标施加2层防御等级降低 "
                },
                {
                  "desc": "[OnSucceedAttackHead] 下回合对目标施加1层防御等级降低 "
                }
              ]
            }
          ]
        }
      ]
    },
    {
      "id": 9012002,
      "levelList": [
        {
          "level": 1,
          "name": "弱点洞悉",
          "desc": "[WhenUse] 若自身的速度值高于目标，则使自身恢复3点理智值",
          "coinlist": [
            {
              "coindescs": [
                {
                  "desc": "[OnSucceedAttack] 下回合对目标施加2层束缚 "
                },
                {
                  "desc": "[OnSucceedAttackHead] 对目标施加1层易损 "
                }
              ]
            },
            {
              "coindescs": [
                {
                  "desc": "[OnSucceedAttack] 下回合对目标施加2层防御等级降低 "
                },
                {
                  "desc": "[OnSucceedAttackHead] 下回合对目标施加1层易损 "
                }
              ]
            }
          ]
        }
      ]
    },
    {
      "id": 9012003,
      "levelList": [
        {
          "level": 1,
          "name": "粉碎护甲",
          "desc": "[WhenUse] 若自身的速度值高于目标，则对目标施加1层斩击抗性弱化 ",
          "coinlist": [
            {
              "coindescs": [
                {
                  "desc": "[OnSucceedAttack] 对目标施加1层易损 "
                }
              ]
            },
            {
              "coindescs": [
                {
                  "desc": "[OnSucceedAttack] 下回合对目标施加2层防御等级降低 "
                }
              ]
            },
            {
              "coindescs": [
                {
                  "desc": "[OnSucceedAttack] 下回合对目标施加2层防御等级降低 "
                },
                {
                  "desc": "[OnSucceedAttackHead] 下回合对目标施加1层易损 "
                }
              ]
            }
          ]
        }
      ]
    },
    {
      "id": 9012004,
      "levelList": [
        {
          "level": 1,
          "name": "闪避",
          "desc": "[OnSucceedEvade] 使自身恢复3点理智值",
          "coinlist": [
            {
              "coindescs": [
                {
                  "desc": ""
                }
              ]
            }
          ]
        }
      ]
    },
    {
      "id": 9012101,
      "levelList": [
        {
          "level": 1,
          "name": "反制攻击",
          "desc": "",
          "coinlist": [
            {
              "coindescs": [
                {
                  "desc": "[OnSucceedAttack] 下回合对目标施加2层攻击等级降低 "
                },
                {
                  "desc": "[OnSucceedAttackHead] 下回合对目标施加1层攻击等级降低 "
                }
              ]
            }
          ]
        }
      ]
    },
    {
      "id": 9012102,
      "levelList": [
        {
          "level": 1,
          "name": "镇压法",
          "desc": "[WhenUse] 若自身的速度值高于目标，则使自身恢复3点理智值",
          "coinlist": [
            {
              "coindescs": [
                {
                  "desc": "[OnSucceedAttack] 下回合对目标施加2层束缚 "
                },
                {
                  "desc": "[OnSucceedAttackHead] 对目标施加2层麻痹 "
                }
              ]
            },
            {
              "coindescs": [
                {
                  "desc": "[OnSucceedAttack] 下回合对目标施加2层攻击等级降低 "
                },
                {
                  "desc": "[OnSucceedAttackHead] 下回合对目标施加2层麻痹 "
                }
              ]
            }
          ]
        }
      ]
    },
    {
      "id": 9012103,
      "levelList": [
        {
          "level": 1,
          "name": "动作镇压",
          "desc": "[WhenUse] 若自身的速度值高于目标，则对目标施加1层斩击抗性弱化 ",
          "coinlist": [
            {
              "coindescs": [
                {
                  "desc": "[OnSucceedAttack] 对目标施加2层麻痹 "
                }
              ]
            },
            {
              "coindescs": [
                {
                  "desc": "[OnSucceedAttack] 下回合对目标施加2层攻击等级降低 "
                }
              ]
            },
            {
              "coindescs": [
                {
                  "desc": "[OnSucceedAttack] 下回合对目标施加2层攻击等级降低 "
                },
                {
                  "desc": "[OnSucceedAttackHead] 下回合对目标施加2层麻痹 "
                }
              ]
            }
          ]
        }
      ]
    },
    {
      "id": 9012104,
      "levelList": [
        {
          "level": 1,
          "name": "闪避",
          "desc": "[OnSucceedEvade] 使自身恢复3点理智值",
          "coinlist": [
            {
              "coindescs": [
                {
                  "desc": ""
                }
              ]
            }
          ]
        }
      ]
    },
    {
      "id": 9012201,
      "levelList": [
        {
          "level": 1,
          "name": "还击",
          "desc": "",
          "coinlist": [
            {
              "coindescs": [
                {
                  "desc": "[OnSucceedAttack] 下回合对目标施加2层攻击等级降低 "
                },
                {
                  "desc": "[OnSucceedAttackHead] 下回合对目标施加2层防御等级降低 "
                }
              ]
            }
          ]
        }
      ]
    },
    {
      "id": 9012202,
      "levelList": [
        {
          "level": 1,
          "name": "阻止法",
          "desc": "[WhenUse] 若自身的速度值高于目标，则使自身恢复5点理智值",
          "coinlist": [
            {
              "coindescs": [
                {
                  "desc": "[OnSucceedAttack] 下回合使自身获得2层迅捷 "
                },
                {
                  "desc": "[OnSucceedAttack] 对目标施加2层麻痹 "
                }
              ]
            },
            {
              "coindescs": [
                {
                  "desc": "[OnSucceedAttack] 下回合对目标施加2层防御等级降低 "
                },
                {
                  "desc": "[OnSucceedAttack] 下回合对目标施加2层麻痹 "
                }
              ]
            }
          ]
        }
      ]
    },
    {
      "id": 9012203,
      "levelList": [
        {
          "level": 1,
          "name": "躯体束缚法",
          "desc": "[WhenUse] 若自身的速度值高于目标，则对目标施加2层斩击抗性弱化 ",
          "coinlist": [
            {
              "coindescs": [
                {
                  "desc": "[OnSucceedAttack] 对目标施加2层易损 "
                },
                {
                  "desc": "[OnSucceedAttackHead] 对目标施加3层防御等级降低 "
                }
              ]
            },
            {
              "coindescs": [
                {
                  "desc": "[OnSucceedAttack] 下回合对目标施加2层攻击等级降低 "
                },
                {
                  "desc": "[OnSucceedAttack] 下回合对目标施加2层防御等级降低 "
                }
              ]
            },
            {
              "coindescs": [
                {
                  "desc": "[OnSucceedAttack] 下回合使自身获得3层迅捷 "
                },
                {
                  "desc": "[OnSucceedAttack] 下回合对目标施加2层斩击抗性弱化 "
                },
                {
                  "desc": "[OnSucceedAttack] 下回合对目标施加2层麻痹 "
                }
              ]
            }
          ]
        }
      ]
    },
    {
      "id": 9012204,
      "levelList": [
        {
          "level": 1,
          "name": "整理整顿",
          "desc": "[WhenUse] 若自身的速度值高于目标，则使本技能的拼点威力+3",
          "coinlist": [
            {
              "coindescs": [
                {
                  "desc": "[OnSucceedAttack] 使目标增加15级流血 强度并对其施加3层流血 "
                },
                {
                  "desc": "[OnSucceedAttack] 下回合对目标施加2层麻痹 "
                },
                {
                  "desc": "[OnSucceedAttack] 若自身的速度值高于目标至少3点，则重复使用本技能(1次)"
                }
              ]
            }
          ]
        }
      ]
    },
    {
      "id": 9012205,
      "levelList": [
        {
          "level": 1,
          "name": "闪避",
          "desc": "[OnSucceedEvade] 使自身恢复5点理智值",
          "coinlist": [
            {
              "coindescs": [
                {
                  "desc": ""
                }
              ]
            }
          ]
        }
      ]
    },
    {
      "id": 9012301,
      "levelList": [
        {
          "level": 1,
          "name": "捉鼠",
          "desc": "",
          "coinlist": [
            {
              "coindescs": [
                {
                  "desc": "[OnSucceedAttack] 使目标增加3级流血 强度"
                }
              ]
            },
            {
              "coindescs": [
                {
                  "desc": "[OnSucceedAttack] 对目标施加2层流血 "
                },
                {
                  "desc": "[OnSucceedAttackHead] 下回合对目标施加1层束缚 "
                }
              ]
            }
          ]
        }
      ]
    },
    {
      "id": 9012302,
      "levelList": [
        {
          "level": 1,
          "name": "扭动",
          "desc": "[WinDuel] 若目标现存体力为100%，则使本技能造成的伤害+30%\n[DefeatDuel] 对自身施加3层防御等级降低 ",
          "coinlist": [
            {
              "coindescs": [
                {
                  "desc": "[OnSucceedAttack] 使目标增加4级流血 强度"
                },
                {
                  "desc": "[OnSucceedAttackHead] 对目标施加2层流血 "
                }
              ]
            },
            {
              "coindescs": [
                {
                  "desc": "[OnSucceedAttack] 若目标的流血 强度不低于5级，则下回合对其施加1层麻痹 "
                }
              ]
            }
          ]
        }
      ]
    },
    {
      "id": 9012303,
      "levelList": [
        {
          "level": 1,
          "name": "割裂伤口",
          "desc": "[WinDuel] 使自身获得1层斩击强壮 ",
          "coinlist": [
            {
              "coindescs": [
                {
                  "desc": "[OnSucceedAttack] 使目标增加6级流血 强度"
                }
              ]
            },
            {
              "coindescs": [
                {
                  "desc": "[OnSucceedAttack] 对目标施加2层流血 "
                },
                {
                  "desc": "[OnSucceedAttackHead] 下回合对目标施加2层束缚 "
                }
              ]
            },
            {
              "coindescs": [
                {
                  "desc": "[OnSucceedAttack] 若目标的流血 强度不低于7级，则对其追加本硬币伤害量20%的伤害"
                }
              ]
            },
            {
              "coindescs": [
                {
                  "desc": "[OnSucceedAttack] 若目标的流血 强度不低于7级，则对其追加本硬币伤害量20%的伤害"
                }
              ]
            }
          ]
        }
      ]
    },
    {
      "id": 9012304,
      "levelList": [
        {
          "level": 1,
          "name": "闪避",
          "desc": "[OnSucceedEvade] 使自身恢复3点理智值",
          "coinlist": [
            {
              "coindescs": [
                {
                  "desc": ""
                }
              ]
            }
          ]
        }
      ]
    },
    {
      "id": 9012403,
      "levelList": [
        {
          "level": 1,
          "name": "割裂神经",
          "desc": "[WinDuel] 使自身获得1层斩击强壮 ",
          "coinlist": [
            {
              "coindescs": [
                {
                  "desc": "[OnSucceedAttack] 使目标增加6级流血 强度"
                }
              ]
            },
            {
              "coindescs": [
                {
                  "desc": "[OnSucceedAttack] 对目标施加2层流血 "
                },
                {
                  "desc": "[OnSucceedAttackHead] 下回合对目标施加2层麻痹 "
                }
              ]
            },
            {
              "coindescs": [
                {
                  "desc": "[OnSucceedAttack] 若目标的流血 强度不低于7级，则对其追加本硬币伤害量20%的伤害"
                }
              ]
            },
            {
              "coindescs": [
                {
                  "desc": "[OnSucceedAttack] 若目标的流血 强度不低于7级，则对其追加本硬币伤害量20%的伤害"
                }
              ]
            }
          ]
        }
      ]
    },
    {
      "id": 9012501,
      "levelList": [
        {
          "level": 1,
          "name": "猎鼠",
          "desc": "",
          "coinlist": [
            {
              "coindescs": [
                {
                  "desc": "[OnSucceedAttack] 使目标增加5级流血 强度"
                }
              ]
            },
            {
              "coindescs": [
                {
                  "desc": "[OnSucceedAttack] 对目标施加3层流血 "
                },
                {
                  "desc": "[OnSucceedAttack] 下回合对目标施加2层束缚 "
                }
              ]
            }
          ]
        }
      ]
    },
    {
      "id": 9012502,
      "levelList": [
        {
          "level": 1,
          "name": "逐鼠",
          "desc": "[WinDuel] 若目标现存体力不低于80%，则使本技能造成的伤害+50%\n[DefeatDuel] 对自身施加2层防御等级降低 ",
          "coinlist": [
            {
              "coindescs": [
                {
                  "desc": "[OnSucceedAttack] 使目标增加4级流血 强度"
                },
                {
                  "desc": "[OnSucceedAttackHead] 对目标施加2层流血 "
                }
              ]
            },
            {
              "coindescs": [
                {
                  "desc": "[OnSucceedAttack] 若目标的流血 强度不低于5级，则对目标追加本硬币伤害量20%的伤害"
                }
              ]
            }
          ]
        }
      ]
    },
    {
      "id": 9012503,
      "levelList": [
        {
          "level": 1,
          "name": "不速之客处理法",
          "desc": "[WhenUse] 若自身的速度值高于目标至少3点，则重复使用本技能(最多1次)",
          "coinlist": [
            {
              "coindescs": [
                {
                  "desc": "[OnSucceedAttack] 使目标增加10级流血 强度"
                },
                {
                  "desc": "[OnSucceedAttackHead] 对目标施加1层易损 "
                }
              ]
            },
            {
              "coindescs": [
                {
                  "desc": "[OnSucceedAttack] 根据目标带有的流血 强度，相应使其混乱阈值前移"
                },
                {
                  "desc": "[OnSucceedAttackHead] 下回合对目标施加2层麻痹 "
                }
              ]
            },
            {
              "coindescs": [
                {
                  "desc": "[OnSucceedAttack] 若目标的流血 强度不低于12级，则对其施加3层攻击等级降低 "
                }
              ]
            },
            {
              "coindescs": [
                {
                  "desc": "[OnSucceedAttack] 若目标的流血 强度不低于15级，则下回合对其施加2层易损 "
                }
              ]
            }
          ]
        }
      ]
    },
    {
      "id": 9012504,
      "levelList": [
        {
          "level": 1,
          "name": "授予箱子",
          "desc": "[WhenUse] 若自身的速度值高于目标至少3点，则使本技能的拼点威力+2\n[WinDuel] 使自身恢复10点理智值",
          "coinlist": [
            {
              "coindescs": [
                {
                  "desc": "[OnSucceedAttack] 对目标施加3层防御等级降低 "
                }
              ]
            },
            {
              "coindescs": [
                {
                  "desc": "[OnSucceedAttack] 使目标增加10级流血 强度"
                },
                {
                  "desc": "[OnSucceedAttack] 使目标增加10级烧伤 强度"
                }
              ]
            }
          ]
        }
      ]
    },
    {
      "id": 9012505,
      "levelList": [
        {
          "level": 1,
          "name": "闪避",
          "desc": "[OnSucceedEvade] 使自身恢复5点理智值",
          "coinlist": [
            {
              "coindescs": [
                {
                  "desc": ""
                }
              ]
            }
          ]
        }
      ]
    },
    {
      "id": 9012601,
      "levelList": [
        {
          "level": 1,
          "name": "开始打扫",
          "desc": "",
          "coinlist": [
            {
              "coindescs": [
                {
                  "desc": "[OnSucceedAttack] 使目标增加4级沉沦 强度"
                }
              ]
            },
            {
              "coindescs": [
                {
                  "desc": "[OnSucceedAttack] 使目标增加4级沉沦 强度"
                },
                {
                  "desc": "[OnSucceedAttackHead] 下回合对目标施加1层束缚 "
                }
              ]
            }
          ]
        }
      ]
    },
    {
      "id": 9012602,
      "levelList": [
        {
          "level": 1,
          "name": "迎接不速之客",
          "desc": "[WinDuel] 使自身获得1层加算硬币强化 \n[DefeatDuel] 使自身增加3级沉沦 强度",
          "coinlist": [
            {
              "coindescs": [
                {
                  "desc": "[OnSucceedAttack] 使目标增加8级沉沦 强度"
                }
              ]
            },
            {
              "coindescs": [
                {
                  "desc": "[OnSucceedAttack] 对目标施加3层沉沦 "
                }
              ]
            }
          ]
        }
      ]
    },
    {
      "id": 9012603,
      "levelList": [
        {
          "level": 1,
          "name": "待客之道2式 禁锢",
          "desc": "[WhenUse] 目标每带有5级沉沦 强度，则使本技能的基础威力+1(最多+2)",
          "coinlist": [
            {
              "coindescs": [
                {
                  "desc": "[OnSucceedAttack] 下回合对目标施加1层束缚 "
                },
                {
                  "desc": "[OnSucceedAttack] 对目标施加2层防御等级降低 "
                }
              ]
            },
            {
              "coindescs": [
                {
                  "desc": "[OnSucceedAttack] 下回合对目标施加1层束缚 "
                },
                {
                  "desc": "[OnSucceedAttack] 对目标施加2层防御等级降低 "
                }
              ]
            },
            {
              "coindescs": [
                {
                  "desc": "[OnSucceedAttack] 若目标的沉沦 强度不低于8级，则重复使用本硬币(最多1次)"
                },
                {
                  "desc": "[OnSucceedAttackHead] 对目标施加4层防御等级降低 与1层易损 "
                }
              ]
            }
          ]
        }
      ]
    },
    {
      "id": 9012604,
      "levelList": [
        {
          "level": 1,
          "name": "防御",
          "desc": "回合结束时若自身带有护盾，则使自身的混乱阈值后移10\n若消耗了全部护盾，则使最后的攻击者恢复10点理智值",
          "coinlist": [
            {
              "coindescs": [
                {
                  "desc": ""
                }
              ]
            }
          ]
        }
      ]
    },
    {
      "id": 9012701,
      "levelList": [
        {
          "level": 1,
          "name": "开始打扫",
          "desc": "",
          "coinlist": [
            {
              "coindescs": [
                {
                  "desc": "[OnSucceedAttack] 使目标增加4级沉沦 强度"
                }
              ]
            },
            {
              "coindescs": [
                {
                  "desc": "[OnSucceedAttack] 使目标增加4级沉沦 强度"
                },
                {
                  "desc": "[OnSucceedAttackHead] 下回合对目标施加1层麻痹 "
                }
              ]
            }
          ]
        }
      ]
    },
    {
      "id": 9012702,
      "levelList": [
        {
          "level": 1,
          "name": "招待不速之客",
          "desc": "[WinDuel] 使自身获得1层加算硬币强化 \n[DefeatDuel] 使自身增加3级沉沦 强度",
          "coinlist": [
            {
              "coindescs": [
                {
                  "desc": "[OnSucceedAttack] 对目标施加3层沉沦 "
                }
              ]
            },
            {
              "coindescs": [
                {
                  "desc": "[OnSucceedAttack] 对目标施加3层沉沦 "
                }
              ]
            }
          ]
        }
      ]
    },
    {
      "id": 9012703,
      "levelList": [
        {
          "level": 1,
          "name": "待客之道2式 脱力",
          "desc": "目标每带有5级沉沦 强度，则使本技能的基础威力+1(最多+2)",
          "coinlist": [
            {
              "coindescs": [
                {
                  "desc": "[OnSucceedAttack] 下回合对目标施加1层麻痹 "
                },
                {
                  "desc": "[OnSucceedAttack] 对目标施加2层攻击等级降低 "
                }
              ]
            },
            {
              "coindescs": [
                {
                  "desc": "[OnSucceedAttack] 下回合对目标施加1层麻痹 "
                },
                {
                  "desc": "[OnSucceedAttack] 对目标施加2层攻击等级降低 "
                }
              ]
            },
            {
              "coindescs": [
                {
                  "desc": "[OnSucceedAttack] 若目标的沉沦 层数不低于4层，则重复使用本硬币(最多1次)"
                },
                {
                  "desc": "[OnSucceedAttackHead] 下回合对目标施加4层攻击等级降低 与1层麻痹 "
                }
              ]
            }
          ]
        }
      ]
    },
    {
      "id": 9012704,
      "levelList": [
        {
          "level": 1,
          "name": "防御",
          "desc": "回合结束时若自身带有护盾，则使自身的混乱阈值后移10\n若消耗了全部护盾，则使最后的攻击者恢复10点理智值",
          "coinlist": [
            {
              "coindescs": [
                {
                  "desc": ""
                }
              ]
            }
          ]
        }
      ]
    },
    {
      "id": 9101401,
      "levelList": [
        {
          "level": 1,
          "name": "敲击",
          "desc": "[WhenUse] 若目标的沉沦 强度不低于5级，则对其施加1层攻击等级降低 ",
          "coinlist": [
            {
              "coindescs": [
                {
                  "desc": "[OnSucceedAttack] 使目标增加4级沉沦 强度"
                },
                {
                  "desc": "[OnSucceedAttack] 下回合对目标施加1层束缚 "
                }
              ]
            },
            {
              "coindescs": [
                {
                  "desc": "[OnSucceedAttack] 使目标增加4级沉沦 强度"
                },
                {
                  "desc": "[OnSucceedAttack] 下回合对目标施加1层麻痹 "
                }
              ]
            }
          ]
        }
      ]
    },
    {
      "id": 9101402,
      "levelList": [
        {
          "level": 1,
          "name": "打扫时间！",
          "desc": "[WhenUse] 若目标的理智值不高于10点，则对其施加2层攻击等级降低 \n[WinDuel] 对目标施加1层易损 ",
          "coinlist": [
            {
              "coindescs": [
                {
                  "desc": "[OnSucceedAttack] 下回合对目标施加1层加算硬币弱化 "
                }
              ]
            },
            {
              "coindescs": [
                {
                  "desc": "[OnSucceedAttack] 对目标施加3层沉沦 "
                },
                {
                  "desc": "[OnSucceedAttack] 下回合对目标施加2层易损 "
                }
              ]
            }
          ]
        }
      ]
    },
    {
      "id": 9101403,
      "levelList": [
        {
          "level": 1,
          "name": "遵夫人之命…！",
          "desc": "[WhenUse] 目标每带有3级沉沦 强度，使本技能的基础威力+1(最多+3)\n[WinDuel] 使全体友方单位恢复5点理智值",
          "coinlist": [
            {
              "coindescs": [
                {
                  "desc": "[OnSucceedAttack] 使目标增加8级沉沦 强度"
                },
                {
                  "desc": "[OnSucceedAttackHead] 对目标施加2层沉沦 "
                }
              ]
            },
            {
              "coindescs": [
                {
                  "desc": "[OnSucceedAttack] 使目标增加8级沉沦 强度"
                },
                {
                  "desc": "[OnSucceedAttackHead] 对目标施加2层沉沦 "
                }
              ]
            },
            {
              "coindescs": [
                {
                  "desc": "[OnSucceedAttack] 下回合对目标施加2层[EchoOfMansion]"
                },
                {
                  "desc": "[OnSucceedAttack] 使目标增加8级沉沦 强度"
                },
                {
                  "desc": "[OnSucceedAttackHead] 对目标施加2层沉沦 "
                }
              ]
            }
          ]
        }
      ]
    },
    {
      "id": 9101404,
      "levelList": [
        {
          "level": 1,
          "name": "一尘…不染！",
          "desc": "[StartBattle] 使包括自身在内的全体友方单位获得3层攻击等级提升 并恢复15点理智值\n[StartBattle] 对除自身以外的全体友方单位施加1层易损 ",
          "coinlist": [
            {
              "coindescs": [
                {
                  "desc": "[OnSucceedAttack] 对目标额外造成相当于其沉沦 强度的忧郁伤害并使其沉沦 层数减少1层"
                }
              ]
            },
            {
              "coindescs": [
                {
                  "desc": "[OnSucceedAttack] 对目标额外造成相当于其沉沦 强度的忧郁伤害并使其沉沦 层数减少1层"
                }
              ]
            },
            {
              "coindescs": [
                {
                  "desc": "[OnSucceedAttack] 对目标额外造成相当于其沉沦 强度的忧郁伤害并使其沉沦 层数减少1层"
                },
                {
                  "desc": "[OnSucceedAttack] 使目标增加4级沉沦 强度"
                },
                {
                  "desc": "[OnSucceedAttack] 若目标的沉沦 层数不低于3层，则重复使用本硬币(最多2次)"
                }
              ]
            }
          ]
        }
      ]
    },
    {
      "id": 9101405,
      "levelList": [
        {
          "level": 1,
          "name": "一群鼠辈！",
          "desc": "回合结束时若自身带有护盾，则使自身的混乱阈值后移50\n若消耗了全部护盾，则使全体敌方单位恢复10点理智值",
          "coinlist": [
            {
              "coindescs": [
                {
                  "desc": ""
                }
              ]
            }
          ]
        }
      ]
    },
    {
      "id": 9011404,
      "levelList": [
        {
          "level": 1,
          "name": "防御",
          "desc": "",
          "coinlist": [
            {}
          ]
        }
      ]
    }
  ]
}