{
  "dataList": [
    {
      "id": 2070511,
      "levelList": [
        {
          "level": 1,
          "name": "悲惨假日",
          "abName": "圣道夫",
          "desc": "",
          "coinlist": [
            {
              "coindescs": [
                {
                  "desc": "[OnSucceedAttackHead] 下回合使目标增加1级某1种随机效果的强度，该效果可能为烧伤 、流血 、震颤 、破裂 或沉沦 ，本效果重复(2+最大暴食完全共鸣数)次(最多5次)"
                }
              ]
            }
          ]
        },
        {
          "level": 3,
          "name": "悲惨假日",
          "abName": "圣道夫",
          "desc": "",
          "coinlist": [
            {
              "coindescs": [
                {
                  "desc": "[OnSucceedAttackHead] 下回合使目标增加1级某1种随机效果的强度，该效果可能为烧伤 、流血 、震颤 、破裂 或沉沦 ，本效果重复(2+最大暴食完全共鸣数)次(最多5次)"
                },
                {
                  "desc": "[EnemyKill] 下回合随机使2名友方单位获得1层某1种随机效果，该效果可能为呼吸法 、充能 、迅捷 、攻击等级提升 或防御等级提升 "
                }
              ]
            }
          ]
        },
        {
          "level": 4,
          "name": "悲惨假日",
          "abName": "圣道夫",
          "desc": "",
          "coinlist": [
            {
              "coindescs": [
                {
                  "desc": "[OnSucceedAttack] 下回合使目标增加1级某1种随机效果的强度，该效果可能为烧伤 、流血 、震颤 、破裂 或沉沦 ，本效果重复(2+最大暴食完全共鸣数)次(最多7次)"
                },
                {
                  "desc": "[EnemyKill] 下回合随机使2名友方单位获得2层某1种随机效果，该效果可能为呼吸法 、充能 、迅捷 、攻击等级提升 或防御等级提升 "
                }
              ]
            }
          ]
        }
      ]
    },
    {
      "id": 2070521,
      "levelList": [
        {
          "level": 1,
          "name": "悲惨假日",
          "abName": "圣道夫",
          "desc": "[CantIdentify]\n指定理智值最高的单位\n[BeforeAttack] 使目标失去10点理智值",
          "coinlist": [
            {
              "coindescs": [
                {
                  "desc": "[OnSucceedAttack] 下回合使目标增加1级某1种随机效果的强度，该效果可能为烧伤 、流血 、震颤 、破裂 或沉沦 ，本效果重复(2+最大暴食完全共鸣数)次(最多7次)"
                }
              ]
            }
          ]
        },
        {
          "level": 3,
          "name": "悲惨假日",
          "abName": "圣道夫",
          "desc": "[CantIdentify]\n指定理智值最高的单位\n[BeforeAttack] 使目标失去10点理智值",
          "coinlist": [
            {
              "coindescs": [
                {
                  "desc": "[OnSucceedAttack] 下回合使目标增加1级某1种随机效果的强度，该效果可能为烧伤 、流血 、震颤 、破裂 或沉沦 ，本效果重复(2+最大暴食完全共鸣数)次(最多7次)"
                }
              ]
            }
          ]
        },
        {
          "level": 4,
          "name": "悲惨假日",
          "abName": "圣道夫",
          "desc": "[CantIdentify]\n指定理智值最高的单位\n若主要目标的理智值不低于15点，则使本技能的攻击容量+1\n[BeforeAttack] 使目标失去10点理智值",
          "coinlist": [
            {
              "coindescs": [
                {
                  "desc": "[OnSucceedAttack] 下回合使目标增加1级某1种随机效果的强度，该效果可能为烧伤 、流血 、震颤 、破裂 或沉沦 ，本效果重复(2+最大暴食完全共鸣数)次(最多7次)"
                }
              ]
            }
          ]
        }
      ]
    },
    {
      "id": 2070611,
      "levelList": [
        {
          "level": 1,
          "name": "拘束",
          "abName": "受缚之王",
          "desc": "[EndSkill] 3回合内，回合结束时使自身失去10点理智值\n[EndSkill] 下回合对自身施加20层束缚 并使自身获得1层[ForwardToTheKing]与1层强壮 ",
          "coinlist": [
            {
              "coindescs": [
                {
                  "desc": "[OnSucceedAttack] 使目标增加4级沉沦 强度"
                },
                {
                  "desc": "[OnSucceedAttack] 使目标增加4级震颤 强度"
                },
                {
                  "desc": "[OnSucceedAttack] 使目标震颤引爆 "
                }
              ]
            }
          ]
        },
        {
          "level": 3,
          "name": "拘束",
          "abName": "受缚之王",
          "desc": "[EndSkill] 3回合内，回合结束时使自身失去10点理智值\n[EndSkill] 下回合对自身施加20层束缚 并使自身获得1层[ForwardToTheKing]与1层强壮 ",
          "coinlist": [
            {
              "coindescs": [
                {
                  "desc": "[OnSucceedAttack] 下回合对目标施加1层束缚 "
                },
                {
                  "desc": "[OnSucceedAttack] 使目标增加4级沉沦 强度"
                },
                {
                  "desc": "[OnSucceedAttack] 使目标增加4级震颤 强度"
                },
                {
                  "desc": "[OnSucceedAttack] 使目标震颤引爆 "
                }
              ]
            }
          ]
        },
        {
          "level": 4,
          "name": "拘束",
          "abName": "受缚之王",
          "desc": "[EndSkill] 3回合内，回合结束时使自身失去10点理智值\n[EndSkill] 下回合对自身施加20层束缚 并使自身获得1层[ForwardToTheBoundKing]与2层强壮 ",
          "coinlist": [
            {
              "coindescs": [
                {
                  "desc": "[OnSucceedAttack] 下回合对目标施加1层束缚 "
                },
                {
                  "desc": "[OnSucceedAttack] 使目标增加4级沉沦 强度"
                },
                {
                  "desc": "[OnSucceedAttack] 使目标增加4级震颤 强度"
                },
                {
                  "desc": "[OnSucceedAttack] 使目标震颤引爆 "
                }
              ]
            }
          ]
        }
      ]
    },
    {
      "id": 2070621,
      "levelList": [
        {
          "level": 1,
          "name": "拘束",
          "abName": "受缚之王",
          "desc": "[CantIdentify]\n随机指定目标\n[EndSkill] 下回合对自身施加20层束缚 并使自身获得1层[ForwardToTheKing]与2层强壮 \n[EndSkill] 下回合按编队顺序对除自身以外的2名友方单位施加20层束缚 并使其获得3层强壮 \n- 额外使(最大忧郁或傲慢共鸣数-2)名友方单位获得上述效果(最多2名)",
          "coinlist": [
            {
              "coindescs": [
                {
                  "desc": "[OnSucceedAttack] 下回合对目标施加3层束缚 "
                },
                {
                  "desc": "[OnSucceedAttack] 使目标增加4级沉沦 强度"
                },
                {
                  "desc": "[OnSucceedAttack] 使目标增加4级震颤 强度"
                },
                {
                  "desc": "[OnSucceedAttack] 使目标震颤引爆 "
                }
              ]
            }
          ]
        },
        {
          "level": 3,
          "name": "拘束",
          "abName": "受缚之王",
          "desc": "[CantIdentify]\n随机指定目标\n[EndSkill] 下回合对自身施加20层束缚 并使自身获得1层[ForwardToTheKing]与2层强壮 \n[EndSkill] 下回合按编队顺序对除自身以外的2名友方单位施加20层束缚 并使其获得3层强壮 与1层忧郁伤害强化 \n- 额外使(最大忧郁或傲慢共鸣数-2)名友方单位获得上述效果(最多3名)",
          "coinlist": [
            {
              "coindescs": [
                {
                  "desc": "[OnSucceedAttack] 下回合对目标施加3层束缚 "
                },
                {
                  "desc": "[OnSucceedAttack] 使目标增加4级沉沦 强度"
                },
                {
                  "desc": "[OnSucceedAttack] 使目标增加4级震颤 强度"
                },
                {
                  "desc": "[OnSucceedAttack] 使目标震颤引爆 "
                }
              ]
            }
          ]
        },
        {
          "level": 4,
          "name": "拘束",
          "abName": "受缚之王",
          "desc": "[CantIdentify]\n随机指定目标\n[EndSkill] 下回合对自身施加20层束缚 并使自身获得1层[ForwardToTheKing]与3层强壮 \n[EndSkill] 下回合按编队顺序对除自身以外的2名友方单位施加20层束缚 并使其获得3层强壮 与2层忧郁伤害强化 \n- 额外使(最大忧郁或傲慢共鸣数-2)名友方单位获得上述效果(最多4名)",
          "coinlist": [
            {
              "coindescs": [
                {
                  "desc": "[OnSucceedAttack] 下回合对目标施加3层束缚 "
                },
                {
                  "desc": "[OnSucceedAttack] 使目标增加4级沉沦 强度"
                },
                {
                  "desc": "[OnSucceedAttack] 使目标增加4级震颤 强度"
                },
                {
                  "desc": "[OnSucceedAttack] 使目标震颤引爆 "
                }
              ]
            }
          ]
        }
      ]
    },
    {
      "id": 2070711,
      "levelList": [
        {
          "level": 1,
          "name": "凶弹",
          "abName": "凶弹射手",
          "desc": "[BeforeAttack] 使自身获得(最大共鸣数+1)层被撕裂的回忆 (最多7层)\n- 若该共鸣为完全共鸣，则改为获得(最大共鸣数+2)层被撕裂的回忆 \n[BeforeAttack] 自身每带有1层被撕裂的回忆 ，使自身增加1级呼吸法 强度(最多3级)\n[EndSkill] 消耗所有被撕裂的回忆 ",
          "coinlist": [
            {},
            {
              "coindescs": [
                {
                  "desc": "自身每带有1层被撕裂的回忆 ，使本硬币暴击时造成的伤害+5%(最多+35%)"
                },
                {
                  "desc": "[OnSucceedAttack] 使目标增加3级流血 强度"
                },
                {
                  "desc": "[CriticalOnSucceedAttack] 使目标增加3级沉沦 强度"
                },
                {
                  "desc": "[CriticalTargetKill] 若自身带有弹药 ，则使自身获得1发弹药 (每场战斗最多2发)"
                }
              ]
            }
          ]
        },
        {
          "level": 3,
          "name": "凶弹",
          "abName": "凶弹射手",
          "desc": "[BeforeAttack] 使自身获得(最大共鸣数+1)层被撕裂的回忆 (最多7层)\n- 若该共鸣为完全共鸣，则改为获得(最大共鸣数+2)层被撕裂的回忆 \n[BeforeAttack] 自身每带有1层被撕裂的回忆 ，使自身增加1级呼吸法 强度(最多4级)\n[EndSkill] 消耗所有被撕裂的回忆 ",
          "coinlist": [
            {},
            {
              "coindescs": [
                {
                  "desc": "自身每带有1层被撕裂的回忆 ，使本硬币暴击时造成的伤害+10%(最多+70%)"
                },
                {
                  "desc": "[OnSucceedAttack] 使目标增加4级流血 强度"
                },
                {
                  "desc": "[CriticalOnSucceedAttack] 使目标增加3级沉沦 强度"
                },
                {
                  "desc": "[CriticalTargetKill] 若自身带有弹药 ，则使自身获得1发弹药 (每场战斗最多2发)"
                }
              ]
            }
          ]
        },
        {
          "level": 4,
          "name": "凶弹",
          "abName": "凶弹射手",
          "desc": "[BeforeAttack] 使自身获得(最大共鸣数+1)层被撕裂的回忆 (最多7层)\n- 若该共鸣为完全共鸣，则改为获得(最大共鸣数+2)层被撕裂的回忆 \n[BeforeAttack] 自身每带有1层被撕裂的回忆 ，使自身增加1级呼吸法 强度(最多7级)\n[BeforeAttack] 使自身获得1层呼吸法 \n[EndSkill] 消耗所有被撕裂的回忆 ",
          "coinlist": [
            {},
            {
              "coindescs": [
                {
                  "desc": "自身每带有1层被撕裂的回忆 ，使本硬币暴击时造成的伤害+15%(最多+105%)"
                },
                {
                  "desc": "[OnSucceedAttack] 使目标增加5级流血 强度"
                },
                {
                  "desc": "[CriticalOnSucceedAttack] 使目标增加3级沉沦 强度"
                },
                {
                  "desc": "[CriticalTargetKill] 若自身带有弹药 ，则使自身获得1发弹药 (每场战斗最多3发)"
                }
              ]
            }
          ]
        }
      ]
    },
    {
      "id": 2070721,
      "levelList": [
        {
          "level": 1,
          "name": "凶弹",
          "abName": "凶弹射手",
          "desc": "[CantIdentify]\n随机指定目标\n[BeforeAttack] 使自身获得(最大共鸣数+1)层被撕裂的回忆 (最多7层)\n- 若该共鸣为完全共鸣，则改为获得(最大共鸣数+2)层被撕裂的回忆 \n[BeforeAttack] 自身每带有1层被撕裂的回忆 ，使本技能造成的伤害+2%(最多+14%)\n[BeforeAttack] 自身每带有1层被撕裂的回忆 ，使自身增加1级呼吸法 强度(最多3级)\n[BeforeAttack] 自身每带有5级呼吸法 强度，使本技能造成的伤害+3%(最多+15%)\n[BeforeAttack] 消耗自身的5级呼吸法 强度\n[EndSkill] 消耗所有被撕裂的回忆 ",
          "coinlist": [
            {
              "coindescs": [
                {
                  "desc": "[OnSucceedAttack] 使目标增加2级流血 强度与2级沉沦 强度 "
                }
              ]
            }
          ]
        },
        {
          "level": 3,
          "name": "凶弹",
          "abName": "凶弹射手",
          "desc": "[CantIdentify]\n随机指定目标\n[BeforeAttack] 使自身获得(最大共鸣数+1)层被撕裂的回忆 (最多7层)\n- 若该共鸣为完全共鸣，则改为获得(最大共鸣数+2)层被撕裂的回忆 \n[BeforeAttack] 若自身的被撕裂的回忆 不低于3层，则使本技能的攻击容量+1\n[BeforeAttack] 自身每带有1层被撕裂的回忆 ，使本技能造成的伤害+2%(最多+14%)\n[BeforeAttack] 自身每带有1层被撕裂的回忆 ，使自身增加1级呼吸法 强度(最多4级)\n[BeforeAttack] 自身每带有5级呼吸法 强度，使本技能造成的伤害+4%(最多+20%)\n[BeforeAttack] 消耗自身的5级呼吸法 强度\n[EndSkill] 消耗所有被撕裂的回忆 ",
          "coinlist": [
            {
              "coindescs": [
                {
                  "desc": "[OnSucceedAttack] 使目标增加3级流血 强度与3级沉沦 强度"
                }
              ]
            }
          ]
        },
        {
          "level": 4,
          "name": "凶弹",
          "abName": "凶弹射手",
          "desc": "[CantIdentify]\n随机指定目标\n[BeforeAttack] 使自身获得(最大共鸣数+1)层被撕裂的回忆 (最多7层)\n- 若该共鸣为完全共鸣，则改为获得(最大共鸣数+2)层被撕裂的回忆 \n[BeforeAttack] 自身每带有3层被撕裂的回忆 ，使本技能的攻击容量+1(最多+2)\n[BeforeAttack] 自身每带有1层被撕裂的回忆 ，使本技能造成的伤害+3%(最多+21%)\n[BeforeAttack] 自身每带有1层被撕裂的回忆 ，使自身增加1级呼吸法 强度(最多7级)\n[BeforeAttack] 自身每带有5级呼吸法 强度，使本技能造成的伤害+5%(最多+25%)\n[BeforeAttack] 消耗自身的5级呼吸法 强度\n[EndSkill] 消耗所有被撕裂的回忆 ",
          "coinlist": [
            {
              "coindescs": [
                {
                  "desc": "[OnSucceedAttack] 使目标增加3级流血 强度与3级沉沦 强度"
                }
              ]
            }
          ]
        }
      ]
    }
  ]
}