{
  "dataList": [
    {
      "id": 2010611,
      "levelList": [
        {
          "level": 1,
          "name": "往昔",
          "abName": "某日的肖像",
          "desc": "[EndSkill] 随机使目标增加共计6+(忧郁共鸣数)级沉沦 强度",
          "coinlist": [
            {
              "coindescs": [
                {
                  "desc": "[OnSucceedAttack] 若目标的沉沦 强度不低于6级，则下回合对其施加1层束缚 "
                }
              ]
            }
          ]
        },
        {
          "level": 3,
          "name": "往昔",
          "abName": "某日的肖像",
          "desc": "[EndSkill] 随机使目标增加共计6+(忧郁共鸣数)级沉沦 强度",
          "coinlist": [
            {
              "coindescs": [
                {
                  "desc": "[OnSucceedAttack] 若目标的沉沦 强度不低于6级，则下回合对其施加2层束缚 "
                }
              ]
            }
          ]
        },
        {
          "level": 4,
          "name": "往昔",
          "abName": "某日的肖像",
          "desc": "[EndSkill] 随机使目标增加共计6+(忧郁共鸣数×1.5)级沉沦 强度",
          "coinlist": [
            {
              "coindescs": [
                {
                  "desc": "[OnSucceedAttack] 若目标的沉沦 强度不低于6级，则下回合对其施加2层束缚 "
                }
              ]
            }
          ]
        }
      ]
    },
    {
      "id": 2010621,
      "levelList": [
        {
          "level": 1,
          "name": "往昔",
          "abName": "某日的肖像",
          "desc": "[CantIdentify]\n随机指定目标",
          "coinlist": [
            {
              "coindescs": [
                {
                  "desc": "[OnSucceedAttack] 使目标增加2级沉沦 强度。下回合对其施加2层束缚 "
                },
                {
                  "desc": "[OnSucceedAttack] 若目标的沉沦 强度不低于6级，则下回合对其施加1层束缚 "
                }
              ]
            }
          ]
        },
        {
          "level": 3,
          "name": "往昔",
          "abName": "某日的肖像",
          "desc": "[CantIdentify]\n随机指定目标\n[BeforeAttack] 若忧郁共鸣数不低于3，则使本技能的攻击容量+1",
          "coinlist": [
            {
              "coindescs": [
                {
                  "desc": "[OnSucceedAttack] 使目标增加2级沉沦 强度。下回合对其施加2层束缚 "
                },
                {
                  "desc": "[OnSucceedAttack] 若目标的沉沦 强度不低于6级，则下回合对其施加1层束缚 "
                }
              ]
            }
          ]
        },
        {
          "level": 4,
          "name": "往昔",
          "abName": "某日的肖像",
          "desc": "[CantIdentify]\n随机指定目标\n[BeforeAttack] 若忧郁共鸣数不低于3，则使本技能的攻击容量+1\n[BeforeAttack] 若忧郁共鸣数不低于5，则使本技能的攻击容量额外+1",
          "coinlist": [
            {
              "coindescs": [
                {
                  "desc": "[OnSucceedAttack] 使目标增加2级沉沦 强度。下回合对其施加2层束缚 "
                },
                {
                  "desc": "[OnSucceedAttack] 若目标的沉沦 强度不低于6级，则下回合对其施加2层束缚 "
                }
              ]
            }
          ]
        }
      ]
    }
  ]
}