{
  "dataList": [
    {
      "id": 1010501,
      "levelList": [
        {
          "level": 1,
          "name": "沉着冷静",
          "desc": "若本技能被丢弃，则对自身施加3层震颤 ",
          "coinlist": [
            {},
            {
              "coindescs": [
                {
                  "desc": "[OnSucceedAttackHead] 对目标施加2层震颤 "
                }
              ]
            }
          ]
        },
        {
          "level": 2,
          "name": "沉着冷静",
          "desc": "若本技能被丢弃，则对自身施加4层震颤 \n[WhenUse] 对自身施加2层震颤 ",
          "coinlist": [
            {},
            {
              "coindescs": [
                {
                  "desc": "[OnSucceedAttack] 对目标施加2层震颤 "
                }
              ]
            }
          ]
        },
        {
          "level": 4,
          "name": "沉着冷静",
          "desc": "若本技能被丢弃，则对自身施加4层震颤 \n[WhenUse] 对自身施加2层震颤 \n若自身的震颤 层数不低于5层，则使本技能的硬币威力+1",
          "coinlist": [
            {},
            {
              "coindescs": [
                {
                  "desc": "[OnSucceedAttack] 对目标施加2层震颤 "
                }
              ]
            }
          ]
        }
      ]
    },
    {
      "id": 1010502,
      "levelList": [
        {
          "level": 1,
          "name": "铤而走险",
          "desc": "若本技能被丢弃，则对自身施加3层震颤 \n[WhenUse] 丢弃 自身所有行动槽中级别最低的1个技能",
          "coinlist": [
            {
              "coindescs": [
                {
                  "desc": "[OnSucceedAttack] 若自身的震颤 层数不低于5层，则使目标震颤引爆 ，并使目标的震颤 层数减少2层"
                }
              ]
            }
          ]
        },
        {
          "level": 2,
          "name": "铤而走险",
          "desc": "若本技能被丢弃，则对自身施加4层震颤 \n[WhenUse] 丢弃 自身所有行动槽中级别最低的1个技能",
          "coinlist": [
            {
              "coindescs": [
                {
                  "desc": "[OnSucceedAttack] 对目标施加2层震颤 "
                },
                {
                  "desc": "[OnSucceedAttack] 若自身的震颤 层数不低于5层，则使目标震颤引爆 ，并使目标的震颤 层数减少2层"
                }
              ]
            }
          ]
        },
        {
          "level": 4,
          "name": "铤而走险",
          "desc": "若本技能被丢弃，则对自身施加4层震颤 \n[WhenUse] 丢弃 自身所有行动槽中级别最低的1个技能",
          "coinlist": [
            {
              "coindescs": [
                {
                  "desc": "[OnSucceedAttack] 对目标施加3层震颤 "
                },
                {
                  "desc": "[OnSucceedAttack] 若自身的震颤 层数不低于5层，则使目标震颤引爆 ，并使目标的震颤 层数减少2层"
                }
              ]
            }
          ]
        }
      ]
    },
    {
      "id": 1010503,
      "levelList": [
        {
          "level": 3,
          "name": "咬紧臼齿",
          "desc": "[WhenUse] 丢弃 自身所有行动槽中级别最低的1个技能\n[WhenUse] 消耗10层震颤 并使本技能的硬币威力+1",
          "coinlist": [
            {
              "coindescs": [
                {
                  "desc": "[OnSucceedAttack] 使目标增加4级震颤 强度"
                },
                {
                  "desc": "[OnSucceedAttack] 若使用本技能时消耗了震颤 层数，则使目标震颤引爆 "
                }
              ]
            },
            {},
            {
              "coindescs": [
                {
                  "desc": "[OnSucceedAttackHead] 对目标施加2层防御等级降低 "
                },
                {
                  "desc": "[OnSucceedAttack] 若本技能消耗了震颤 层数，则使目标震颤引爆 "
                }
              ]
            }
          ]
        },
        {
          "level": 4,
          "name": "咬紧臼齿",
          "desc": "[WhenUse] 丢弃 自身所有行动槽中级别最低的1个技能\n[WhenUse] 消耗10层震颤 并使本技能的硬币威力+2",
          "coinlist": [
            {
              "coindescs": [
                {
                  "desc": "[OnSucceedAttack] 使目标增加4级震颤 强度"
                },
                {
                  "desc": "[OnSucceedAttack] 若使用本技能时消耗了震颤 层数，则使目标震颤引爆 "
                }
              ]
            },
            {},
            {
              "coindescs": [
                {
                  "desc": "[OnSucceedAttack] 对目标施加2层防御等级降低 "
                },
                {
                  "desc": "[OnSucceedAttack] 若本技能消耗了震颤 层数，则使目标震颤引爆 "
                }
              ]
            }
          ]
        }
      ]
    },
    {
      "id": 1010504,
      "levelList": [
        {
          "level": 1,
          "name": "防御",
          "desc": "[WhenUse] 丢弃 自身所有行动槽中级别最低的1个技能",
          "coinlist": [
            {}
          ]
        },
        {
          "level": 4,
          "name": "防御",
          "desc": "[WhenUse] 丢弃 自身所有行动槽中级别最低的1个技能",
          "coinlist": [
            {}
          ]
        }
      ]
    },
    {
      "id": 1010601,
      "levelList": [
        {
          "level": 1,
          "name": "撕裂次元",
          "desc": "[WhenUse] 使自身获得2层充能 ",
          "coinlist": [
            {
              "coindescs": [
                {
                  "desc": "[OnSucceedAttack] 使自身获得2层充能 "
                }
              ]
            }
          ]
        },
        {
          "level": 2,
          "name": "撕裂次元",
          "desc": "[WhenUse] 使自身获得2层充能 ",
          "coinlist": [
            {
              "coindescs": [
                {
                  "desc": "[OnSucceedAttack] 使自身获得2层充能 "
                },
                {
                  "desc": "[OnSucceedAttackHead] 使目标增加2级破裂 强度"
                }
              ]
            }
          ]
        },
        {
          "level": 4,
          "name": "撕裂次元",
          "desc": "[WhenUse] 使自身获得2层充能 \n若自身的充能 层数不低于10层，则使本技能的硬币威力+2",
          "coinlist": [
            {
              "coindescs": [
                {
                  "desc": "[OnSucceedAttack] 使自身获得2层充能 "
                },
                {
                  "desc": "[OnSucceedAttack] 使目标增加2级破裂 强度"
                }
              ]
            }
          ]
        }
      ]
    },
    {
      "id": 1010602,
      "levelList": [
        {
          "level": 1,
          "name": "能源循环",
          "desc": "[WhenUse] 使自身获得5层充能 ",
          "coinlist": [
            {
              "coindescs": [
                {
                  "desc": "[OnSucceedAttackHead] 下回合对目标施加1层束缚 "
                }
              ]
            },
            {
              "coindescs": [
                {
                  "desc": "[OnSucceedAttack] 使目标增加3级破裂 强度"
                }
              ]
            }
          ]
        },
        {
          "level": 2,
          "name": "能源循环",
          "desc": "[WhenUse] 使自身获得6层充能 \n若自身的充能 层数不低于10层，则使本技能的硬币威力+1",
          "coinlist": [
            {
              "coindescs": [
                {
                  "desc": "[OnSucceedAttack] 下回合对目标施加1层束缚 "
                }
              ]
            },
            {
              "coindescs": [
                {
                  "desc": "[OnSucceedAttack] 使目标增加3级破裂 强度"
                },
                {
                  "desc": "[OnSucceedAttack] 若自身的充能 层数不低于10层，则使目标增加3级破裂 强度"
                }
              ]
            }
          ]
        },
        {
          "level": 4,
          "name": "能源循环",
          "desc": "[WhenUse] 使自身获得7层充能 \n若自身的充能 层数不低于10层，则使本技能的硬币威力+1",
          "coinlist": [
            {
              "coindescs": [
                {
                  "desc": "[OnSucceedAttack] 下回合对目标施加1层束缚 "
                }
              ]
            },
            {
              "coindescs": [
                {
                  "desc": "[OnSucceedAttack] 使目标增加3级破裂 强度"
                },
                {
                  "desc": "[OnSucceedAttack] 若自身的充能 层数不低于10层，则使目标增加3级破裂 强度并对其施加2层破裂 "
                }
              ]
            }
          ]
        }
      ]
    },
    {
      "id": 1010603,
      "levelList": [
        {
          "level": 3,
          "name": "次元裂隙",
          "desc": "[WhenUse] 若自身的充能 层数低于15层，则消耗10层充能 并使本技能的硬币威力+1\n[WhenUse] 消耗15层充能 并使本技能的硬币威力+2",
          "coinlist": [
            {
              "coindescs": [
                {
                  "desc": "[OnSucceedAttackHead] 使目标增加1级破裂 强度"
                }
              ]
            },
            {
              "coindescs": [
                {
                  "desc": "[OnSucceedAttackHead] 使目标增加1级破裂 强度"
                }
              ]
            },
            {
              "coindescs": [
                {
                  "desc": "[OnSucceedAttack] 使用本技能时每消耗了5层充能 ，使目标增加2级破裂 强度(最多6级)"
                },
                {
                  "desc": "[OnSucceedAttack] 若使用本技能时消耗了15层充能 ，则对目标施加2层次元裂痕 "
                },
                {
                  "desc": "[EnemyKill] 使自身获得3层充能力场 "
                }
              ]
            }
          ]
        },
        {
          "level": 4,
          "name": "次元裂隙",
          "desc": "[WhenUse] 若自身的充能 层数低于15层，则消耗10层充能 并使本技能的硬币威力+1\n[WhenUse] 消耗15层充能 并使本技能的硬币威力+2\n[BeforeAttack] 若消耗了15层充能 ，则对目标施加3层破裂 ",
          "coinlist": [
            {
              "coindescs": [
                {
                  "desc": "[OnSucceedAttackHead] 使目标增加1级破裂 强度"
                }
              ]
            },
            {
              "coindescs": [
                {
                  "desc": "[OnSucceedAttackHead] 使目标增加1级破裂 强度"
                }
              ]
            },
            {
              "coindescs": [
                {
                  "desc": "[OnSucceedAttack] 使用本技能时每消耗了5层充能 ，使目标增加3级破裂 强度(最多9级)"
                },
                {
                  "desc": "[OnSucceedAttack] 若使用本技能时消耗了15层充能 ，则对目标施加2层次元裂痕 "
                },
                {
                  "desc": "[EnemyKill] 使自身获得5层充能力场 "
                }
              ]
            }
          ]
        }
      ]
    },
    {
      "id": 1010604,
      "levelList": [
        {
          "level": 1,
          "name": "空洞次元",
          "desc": "自身每带有5层充能 ，使本技能的基础威力+1(最多+2)",
          "coinlist": [
            {}
          ]
        },
        {
          "level": 4,
          "name": "空洞次元",
          "desc": "自身每带有5层充能 ，使本技能的基础威力+1(最多+2)\n[OnSucceedEvade] 下回合首次通过技能使目标增加的破裂 强度额外+1级(每回合最多额外+3级)",
          "coinlist": [
            {}
          ]
        }
      ]
    },
    {
      "id": 1010701,
      "levelList": [
        {
          "level": 1,
          "name": "穿刺",
          "desc": "[WhenUse] 使自身获得2层呼吸法 ",
          "coinlist": [
            {},
            {
              "coindescs": [
                {
                  "desc": "[OnSucceedAttackHead] 使目标增加2级流血 强度"
                }
              ]
            }
          ]
        },
        {
          "level": 2,
          "name": "穿刺",
          "desc": "[WhenUse] 使自身获得2层呼吸法 ",
          "coinlist": [
            {},
            {
              "coindescs": [
                {
                  "desc": "[OnSucceedAttackHead] 下回合对目标施加1层束缚 "
                },
                {
                  "desc": "[OnSucceedAttack] 使目标增加2级流血 强度"
                }
              ]
            }
          ]
        },
        {
          "level": 4,
          "name": "穿刺",
          "desc": "[WhenUse] 使自身获得2层呼吸法 ",
          "coinlist": [
            {},
            {
              "coindescs": [
                {
                  "desc": "[OnSucceedAttack] 下回合对目标施加1层束缚 "
                },
                {
                  "desc": "[OnSucceedAttack] 使目标增加2级流血 强度"
                }
              ]
            }
          ]
        }
      ]
    },
    {
      "id": 1010702,
      "levelList": [
        {
          "level": 1,
          "name": "反复穿刺",
          "desc": "[WhenUse] 使自身获得2层呼吸法 \n若自身的呼吸法 强度不低于5级，则使本技能的拼点威力+2",
          "coinlist": [
            {
              "coindescs": [
                {
                  "desc": "[OnSucceedAttackHead] 使自身增加2级呼吸法 强度"
                }
              ]
            },
            {
              "coindescs": [
                {
                  "desc": "[OnSucceedAttack] 使目标增加1级流血 强度"
                }
              ]
            }
          ]
        },
        {
          "level": 2,
          "name": "反复穿刺",
          "desc": "[WhenUse] 使自身获得2层呼吸法 \n若自身的呼吸法 强度不低于5级，则使本技能的拼点威力+2",
          "coinlist": [
            {
              "coindescs": [
                {
                  "desc": "[OnSucceedAttackHead] 使自身增加2级呼吸法 强度"
                }
              ]
            },
            {
              "coindescs": [
                {
                  "desc": "[OnSucceedAttack] 使目标增加1级流血 强度"
                },
                {
                  "desc": "[CriticalOnSucceedAttack] 重复使用本硬币(最多1次)"
                }
              ]
            }
          ]
        },
        {
          "level": 4,
          "name": "反复穿刺",
          "desc": "[WhenUse] 使自身获得2层呼吸法 \n若自身的呼吸法 强度不低于5级，则使本技能的拼点威力+3",
          "coinlist": [
            {
              "coindescs": [
                {
                  "desc": "[OnSucceedAttack] 使自身增加2级呼吸法 强度"
                }
              ]
            },
            {
              "coindescs": [
                {
                  "desc": "[OnSucceedAttack] 使目标增加1级流血 强度"
                },
                {
                  "desc": "[CriticalOnSucceedAttack] 重复使用本硬币(最多3次)"
                }
              ]
            }
          ]
        }
      ]
    },
    {
      "id": 1010703,
      "levelList": [
        {
          "level": 3,
          "name": "突击",
          "desc": "[WhenUse] 使自身增加5级呼吸法 强度",
          "coinlist": [
            {
              "coindescs": [
                {
                  "desc": "[OnSucceedAttackHead] 使自身获得2层呼吸法 "
                }
              ]
            },
            {
              "coindescs": [
                {
                  "desc": "[OnSucceedAttack] 使目标增加4级流血 强度"
                },
                {
                  "desc": "[CriticalOnSucceedAttack] 对目标施加4层流血 "
                }
              ]
            }
          ]
        },
        {
          "level": 4,
          "name": "突击",
          "desc": "[WhenUse] 使自身增加5级呼吸法 强度\n若自身的呼吸法 强度不低于7级，则使本技能的硬币威力+1",
          "coinlist": [
            {
              "coindescs": [
                {
                  "desc": "[OnSucceedAttack] 使自身获得2层呼吸法 "
                }
              ]
            },
            {
              "coindescs": [
                {
                  "desc": "[OnSucceedAttack] 使目标增加4级流血 强度"
                },
                {
                  "desc": "[CriticalOnSucceedAttack] 对目标施加6层流血 "
                }
              ]
            }
          ]
        }
      ]
    },
    {
      "id": 1010704,
      "levelList": [
        {
          "level": 1,
          "name": "闪避",
          "desc": "",
          "coinlist": [
            {
              "coindescs": [
                {
                  "desc": ""
                }
              ]
            }
          ]
        },
        {
          "level": 4,
          "name": "闪避",
          "desc": "",
          "coinlist": [
            {
              "coindescs": [
                {
                  "desc": ""
                }
              ]
            }
          ]
        }
      ]
    },
    {
      "id": 1010801,
      "levelList": [
        {
          "level": 1,
          "name": "知识消耗",
          "desc": "若本技能被丢弃，则使自身获得(自身的所解真知 层数×体力上限的2%)点护盾\n[WhenUse] 丢弃 自身所有行动槽中级别最高的1个技能",
          "coinlist": [
            {
              "coindescs": [
                {
                  "desc": "[OnSucceedAttackHead] 根据自身带有的所解真知 层数，相应使自身的混乱阈值后移"
                }
              ]
            },
            {
              "coindescs": [
                {
                  "desc": "[OnSucceedAttackHead] 根据自身带有的所解真知 层数，相应使自身的混乱阈值后移"
                }
              ]
            }
          ]
        },
        {
          "level": 2,
          "name": "知识消耗",
          "desc": "若本技能被丢弃，则使自身获得(自身的所解真知 层数×体力上限的3%)点护盾\n[WhenUse] 丢弃 自身所有行动槽中级别最高的1个技能",
          "coinlist": [
            {
              "coindescs": [
                {
                  "desc": "[OnSucceedAttack] 根据自身带有的所解真知 层数，相应使自身的混乱阈值后移"
                }
              ]
            },
            {
              "coindescs": [
                {
                  "desc": "[OnSucceedAttack] 根据自身带有的所解真知 层数，相应使自身的混乱阈值后移"
                }
              ]
            }
          ]
        },
        {
          "level": 4,
          "name": "知识消耗",
          "desc": "若本技能被丢弃，则使自身获得(自身的所解真知 层数×体力上限的3%)点护盾\n[WhenUse] 丢弃 自身所有行动槽中级别最高的1个技能\n[WhenUse] 若目标的沉沦 强度不低于5级，则使本技能的硬币威力+1",
          "coinlist": [
            {
              "coindescs": [
                {
                  "desc": "[OnSucceedAttack] 根据自身带有的所解真知 层数，相应使自身的混乱阈值后移"
                }
              ]
            },
            {
              "coindescs": [
                {
                  "desc": "[OnSucceedAttack] 根据自身带有的所解真知 层数，相应使自身的混乱阈值后移"
                }
              ]
            }
          ]
        }
      ]
    },
    {
      "id": 1010802,
      "levelList": [
        {
          "level": 1,
          "name": "关匣封存",
          "desc": "若本技能被丢弃，则使自身获得(自身的所解真知 层数×体力上限的4%)点护盾\n[WhenUse] 丢弃 自身所有行动槽中级别最高的1个技能",
          "coinlist": [
            {},
            {
              "coindescs": [
                {
                  "desc": "[OnSucceedAttackHead] 根据自身带有的所解真知 层数，使目标增加相应的沉沦 强度"
                }
              ]
            },
            {
              "coindescs": [
                {
                  "desc": "[OnSucceedAttackHead] 根据自身带有的所解真知 层数，使目标增加相应的沉沦 强度"
                }
              ]
            }
          ]
        },
        {
          "level": 2,
          "name": "关匣封存",
          "desc": "若本技能被丢弃，则使自身获得(自身的所解真知 层数×体力上限的5%)点护盾\n[WhenUse] 丢弃 自身所有行动槽中级别最高的1个技能\n[WhenUse] 下回合使本技能对应行动槽的挑衅值 +3",
          "coinlist": [
            {},
            {
              "coindescs": [
                {
                  "desc": "[OnSucceedAttackHead] 根据自身带有的所解真知 层数，使目标增加相应的沉沦 强度"
                }
              ]
            },
            {
              "coindescs": [
                {
                  "desc": "[OnSucceedAttackHead] 根据自身带有的所解真知 层数，使目标增加相应的沉沦 强度"
                }
              ]
            }
          ]
        },
        {
          "level": 4,
          "name": "关匣封存",
          "desc": "若本技能被丢弃，则使自身获得(自身的所解真知 层数×体力上限的6%)点护盾\n[WhenUse] 丢弃 自身所有行动槽中级别最高的1个技能\n[WhenUse] 若目标的沉沦 强度不低于5级，则使本技能的硬币威力+1\n[WhenUse] 下回合使本技能对应行动槽的挑衅值 +3",
          "coinlist": [
            {},
            {
              "coindescs": [
                {
                  "desc": "[OnSucceedAttack] 根据自身带有的所解真知 层数，使目标增加相应的沉沦 强度"
                }
              ]
            },
            {
              "coindescs": [
                {
                  "desc": "[OnSucceedAttack] 根据自身带有的所解真知 层数，使目标增加相应的沉沦 强度"
                }
              ]
            }
          ]
        }
      ]
    },
    {
      "id": 1010803,
      "levelList": [
        {
          "level": 3,
          "name": "知识的加护",
          "desc": "若本技能被丢弃，则使自身获得(自身的所解真知 层数×体力上限的9%)点护盾\n[WhenUse] 下回合使本技能对应行动槽的挑衅值 +8",
          "coinlist": [
            {},
            {},
            {},
            {
              "coindescs": [
                {
                  "desc": "[OnSucceedAttack] 对目标施加2层沉沦 "
                }
              ]
            }
          ]
        },
        {
          "level": 4,
          "name": "知识的加护",
          "desc": "若本技能被丢弃，则使自身获得(自身的所解真知 层数×体力上限的12%)点护盾\n[WhenUse] 下回合使本技能对应行动槽的挑衅值 +10\n[WhenUse] 若现存体力不高于50%，则使本技能的硬币威力+1",
          "coinlist": [
            {},
            {},
            {},
            {
              "coindescs": [
                {
                  "desc": "[OnSucceedAttack] 对目标施加3层沉沦 "
                }
              ]
            }
          ]
        }
      ]
    },
    {
      "id": 1010804,
      "levelList": [
        {
          "level": 1,
          "name": "专注探究",
          "desc": "[WhenUse] 按技能级别由低到高随机丢弃 自身所有行动槽中的2个技能\n[WhenUse] 下回合使本技能对应行动槽的挑衅值 +3",
          "coinlist": [
            {
              "coindescs": [
                {
                  "desc": ""
                }
              ]
            }
          ]
        },
        {
          "level": 4,
          "name": "专注探究",
          "desc": "[WhenUse] 按技能级别由低到高随机丢弃 自身所有行动槽中的2个技能\n[WhenUse] 下回合使本技能对应行动槽的挑衅值 +5",
          "coinlist": [
            {
              "coindescs": [
                {
                  "desc": ""
                }
              ]
            }
          ]
        }
      ]
    },
    {
      "id": 1010901,
      "levelList": [
        {
          "level": 1,
          "name": "覆涂",
          "desc": "",
          "coinlist": [
            {},
            {
              "coindescs": [
                {
                  "desc": "[OnSucceedAttackHead] 对目标施加2层某1种随机效果，该效果可能为烧伤 、流血 、震颤 、破裂 或沉沦 "
                }
              ]
            },
            {
              "coindescs": [
                {
                  "desc": "[OnSucceedAttackHead] 使目标增加2级流血 强度"
                }
              ]
            }
          ]
        },
        {
          "level": 2,
          "name": "覆涂",
          "desc": "",
          "coinlist": [
            {},
            {
              "coindescs": [
                {
                  "desc": "[OnSucceedAttackHead] 对目标施加2层某1种随机效果，该效果可能为烧伤 、流血 、震颤 、破裂 或沉沦 "
                }
              ]
            },
            {
              "coindescs": [
                {
                  "desc": "[OnSucceedAttack] 使目标增加2级流血 强度"
                }
              ]
            }
          ]
        },
        {
          "level": 4,
          "name": "覆涂",
          "desc": "若目标的流血 强度不低于6级，则使本技能的拼点威力+1",
          "coinlist": [
            {},
            {
              "coindescs": [
                {
                  "desc": "[OnSucceedAttackHead] 对目标施加2层某1种随机效果，该效果可能为烧伤 、流血 、震颤 、破裂 或沉沦 "
                }
              ]
            },
            {
              "coindescs": [
                {
                  "desc": "[OnSucceedAttack] 使目标增加2级流血 强度"
                }
              ]
            }
          ]
        }
      ]
    },
    {
      "id": 1010902,
      "levelList": [
        {
          "level": 1,
          "name": "血点描画",
          "desc": "",
          "coinlist": [
            {
              "coindescs": [
                {
                  "desc": "[OnSucceedAttack] 以20%概率重复使用本硬币1次。目标每带有1种负面状态，使本硬币重复使用的概率+20%"
                },
                {
                  "desc": "[OnSucceedAttack] 对目标施加1层流血 "
                },
                {
                  "desc": "[OnSucceedAttack] 对目标施加2层某1种随机效果，该效果可能为烧伤 、流血 、震颤 、破裂 或沉沦 "
                }
              ]
            }
          ]
        },
        {
          "level": 2,
          "name": "血点描画",
          "desc": "若目标的流血 强度不低于6级，则使本技能的拼点威力+1",
          "coinlist": [
            {
              "coindescs": [
                {
                  "desc": "[OnSucceedAttack] 以20%概率重复使用本硬币1次。目标每带有1种负面状态，使本硬币重复使用的概率+20%"
                },
                {
                  "desc": "[OnSucceedAttack] 对目标施加1层流血 "
                },
                {
                  "desc": "[OnSucceedAttack] 对目标施加3层某1种随机效果，该效果可能为烧伤 、流血 、震颤 、破裂 或沉沦 "
                }
              ]
            }
          ]
        },
        {
          "level": 4,
          "name": "血点描画",
          "desc": "目标每带有3级流血 强度，使本技能的拼点威力+1(最多+2)\n目标每带有3层流血 ，使本技能的硬币威力+1(最多+2)",
          "coinlist": [
            {
              "coindescs": [
                {
                  "desc": "[OnSucceedAttack] 以40%概率重复使用本硬币。目标每带有1种负面状态，使本硬币重复使用的概率+20%(每个技能最多2次)"
                },
                {
                  "desc": "[OnSucceedAttack] 对目标施加1层流血 "
                },
                {
                  "desc": "[OnSucceedAttack] 对目标施加3层某1种随机效果，该效果可能为烧伤 、流血 、震颤 、破裂 或沉沦 "
                }
              ]
            }
          ]
        }
      ]
    },
    {
      "id": 1010903,
      "levelList": [
        {
          "level": 3,
          "name": "血滴赋彩",
          "desc": "若目标的流血 强度不低于6级，则使本技能的拼点威力+1",
          "coinlist": [
            {},
            {
              "coindescs": [
                {
                  "desc": "[OnSucceedAttack] 对目标施加1层流血 。若目标带有的负面状态不少于4种，则对其额外施加2层流血 "
                },
                {
                  "desc": "[OnSucceedAttack] 对目标施加3层某1种随机效果，该效果可能为烧伤 、流血 、震颤 、破裂 或沉沦 "
                }
              ]
            },
            {
              "coindescs": [
                {
                  "desc": "[OnSucceedAttack] 使目标增加1级流血 强度。若目标带有的负面状态不少于4种，则使其额外增加2级流血 强度"
                },
                {
                  "desc": "[OnSucceedAttack] 使目标增加2级某1种随机效果的强度，该效果可能为烧伤 、流血 、震颤 、破裂 或沉沦 "
                }
              ]
            },
            {
              "coindescs": [
                {
                  "desc": "目标每带有1种负面状态，使本硬币造成的伤害+15%(最多+75%)"
                },
                {
                  "desc": "[EndSkill] 若使目标陷入混乱或击杀目标，则使负面状态最少的1名敌方单位增加2级某1种随机效果的强度，该效果可能为烧伤 、流血 、震颤 、破裂 或沉沦 "
                }
              ]
            }
          ]
        },
        {
          "level": 4,
          "name": "血滴赋彩",
          "desc": "目标每带有3级流血 强度，使本技能的拼点威力+1(最多+2)\n目标每带有3层流血 ，使本技能的硬币威力+1(最多+2)",
          "coinlist": [
            {},
            {
              "coindescs": [
                {
                  "desc": "[OnSucceedAttack] 对目标施加1层流血 。若目标带有的负面状态不少于3种，则对其额外施加2层流血 "
                },
                {
                  "desc": "[OnSucceedAttack] 对目标施加3层某1种随机效果，该效果可能为烧伤 、流血 、震颤 、破裂 或沉沦 "
                }
              ]
            },
            {
              "coindescs": [
                {
                  "desc": "[OnSucceedAttack] 使目标增加1级流血 强度。若目标带有的负面状态不少于3种，则使其额外增加2级流血 强度"
                },
                {
                  "desc": "[OnSucceedAttack] 使目标增加2级某1种随机效果的强度，该效果可能为烧伤 、流血 、震颤 、破裂 或沉沦 "
                }
              ]
            },
            {
              "coindescs": [
                {
                  "desc": "目标每带有1种负面状态，使本硬币造成的伤害+25%(最多+125%)"
                },
                {
                  "desc": "[EndSkill] 若使目标陷入混乱或击杀目标，则使负面状态最少的2名敌方单位增加2级某1种随机效果的强度，该效果可能为烧伤 、流血 、震颤 、破裂 或沉沦 "
                }
              ]
            }
          ]
        }
      ]
    },
    {
      "id": 1010904,
      "levelList": [
        {
          "level": 1,
          "name": "甩笔",
          "desc": "若目标的流血 强度不低于6级，则使本技能的基础威力+5",
          "coinlist": [
            {
              "coindescs": [
                {
                  "desc": ""
                }
              ]
            }
          ]
        },
        {
          "level": 4,
          "name": "甩笔",
          "desc": "目标每带有1级流血 强度，使本技能的基础威力+1(最多+10)",
          "coinlist": [
            {
              "coindescs": [
                {
                  "desc": ""
                }
              ]
            }
          ]
        }
      ]
    }
  ]
}