{
  "dataList": [
    {
      "id": 2080511,
      "levelList": [
        {
          "level": 1,
          "name": "盲目",
          "abName": "噬梦的浊流",
          "desc": "[EndSkill] 使理智值最低的4名友方单位恢复15点理智值",
          "coinlist": [
            {
              "coindescs": [
                {
                  "desc": "[OnSucceedAttackHead] 使自身获得3层充能 "
                },
                {
                  "desc": "[OnSucceedAttack] 随机使1名友方单位获得1层呼吸法 "
                }
              ]
            }
          ]
        },
        {
          "level": 3,
          "name": "盲目",
          "abName": "噬梦的浊流",
          "desc": "[EndSkill] 使理智值最低的4名友方单位恢复20点理智值",
          "coinlist": [
            {
              "coindescs": [
                {
                  "desc": "[OnSucceedAttackHead] 使自身获得4层充能 "
                },
                {
                  "desc": "[OnSucceedAttack] 随机使1名友方单位获得1层呼吸法 "
                },
                {
                  "desc": "[EndSkillHead] 使理智值最高的4名友方单位获得1层突刺强壮 与1层伤害强化 "
                }
              ]
            }
          ]
        },
        {
          "level": 4,
          "name": "盲目",
          "abName": "噬梦的浊流",
          "desc": "[EndSkill] 使理智值最低的4名友方单位恢复25点理智值",
          "coinlist": [
            {
              "coindescs": [
                {
                  "desc": "[OnSucceedAttack] 使自身获得6层充能 "
                },
                {
                  "desc": "[OnSucceedAttack] 随机使1名友方单位获得2层呼吸法 "
                },
                {
                  "desc": "[EndSkill] 使理智值最高的4名友方单位获得2层突刺强壮 与2层伤害强化 "
                }
              ]
            }
          ]
        }
      ]
    },
    {
      "id": 2080521,
      "levelList": [
        {
          "level": 1,
          "name": "盲目",
          "abName": "噬梦的浊流",
          "desc": "[CantIdentify]\n随机指定目标",
          "coinlist": [
            {
              "coindescs": [
                {
                  "desc": "[OnSucceedAttack] 使自身增加1级呼吸法 强度并获得1层呼吸法 "
                },
                {
                  "desc": "[OnSucceedAttack] 本回合与下回合中，对目标施加2层傲慢易损 "
                }
              ]
            }
          ]
        },
        {
          "level": 3,
          "name": "盲目",
          "abName": "噬梦的浊流",
          "desc": "[CantIdentify]\n随机指定目标",
          "coinlist": [
            {
              "coindescs": [
                {
                  "desc": "[OnSucceedAttackTail] 使自身恢复体力上限3%的体力"
                },
                {
                  "desc": "[OnSucceedAttack] 使自身增加1级呼吸法 强度并获得1层呼吸法 "
                },
                {
                  "desc": "[OnSucceedAttack] 本回合与下回合中，对目标施加2层傲慢易损 "
                },
                {
                  "desc": "[EndSkillTail] 本回合与下回合中，使理智值最低的4名友方单位获得2层伤害强化 "
                }
              ]
            }
          ]
        },
        {
          "level": 4,
          "name": "盲目",
          "abName": "噬梦的浊流",
          "desc": "[CantIdentify]\n随机指定目标",
          "coinlist": [
            {
              "coindescs": [
                {
                  "desc": "[OnSucceedAttack] 使自身恢复体力上限3%的体力"
                },
                {
                  "desc": "[OnSucceedAttack] 使自身增加1级呼吸法 强度并获得1层呼吸法 "
                },
                {
                  "desc": "[OnSucceedAttack] 本回合与下回合中，对目标施加3层傲慢易损 "
                },
                {
                  "desc": "[EndSkill] 本回合与下回合中，使理智值最低的4名友方单位获得2层伤害强化 "
                }
              ]
            }
          ]
        }
      ]
    },
    {
      "id": 2080611,
      "levelList": [
        {
          "level": 1,
          "name": "翅振",
          "abName": "精灵盛宴",
          "desc": "",
          "coinlist": [
            {
              "coindescs": [
                {
                  "desc": "[OnSucceedAttack] 使自身恢复体力上限15%的体力"
                }
              ]
            },
            {
              "coindescs": [
                {
                  "desc": "[OnSucceedAttackHead] 使自身失去1~2点理智值"
                },
                {
                  "desc": "[OnSucceedAttackHead] 重复使用本硬币(每个技能最多5次)"
                },
                {
                  "desc": "[OnSucceedAttack] 使自身恢复本硬币伤害量4~8%的体力"
                },
                {
                  "desc": "[OnSucceedAttack] 对目标施加1层暴食易损 "
                },
                {
                  "desc": "[OnSucceedAttack] 使目标增加1~3级流血 强度"
                }
              ]
            }
          ]
        },
        {
          "level": 3,
          "name": "翅振",
          "abName": "精灵盛宴",
          "desc": "若本技能恢复的体力超过自身体力上限，则使现存体力比例最低的1名友方单位恢复相当于溢出恢复量的体力",
          "coinlist": [
            {
              "coindescs": [
                {
                  "desc": "[OnSucceedAttack] 使自身恢复体力上限18%的体力"
                }
              ]
            },
            {
              "coindescs": [
                {
                  "desc": "[OnSucceedAttackHead] 使自身失去1~2点理智值"
                },
                {
                  "desc": "[OnSucceedAttackHead] 重复使用本硬币(每个技能最多5次)"
                },
                {
                  "desc": "[OnSucceedAttack] 使自身恢复本硬币伤害量6~10%的体力"
                },
                {
                  "desc": "[OnSucceedAttack] 对目标施加1层暴食易损 "
                },
                {
                  "desc": "[OnSucceedAttack] 使目标增加1~3流血 强度"
                }
              ]
            }
          ]
        },
        {
          "level": 4,
          "name": "翅振",
          "abName": "精灵盛宴",
          "desc": "若本技能恢复的体力超过自身体力上限，则使现存体力比例最低的1名友方单位恢复相当于溢出恢复量的体力",
          "coinlist": [
            {
              "coindescs": [
                {
                  "desc": "[OnSucceedAttack] 使自身恢复体力上限20%的体力"
                }
              ]
            },
            {
              "coindescs": [
                {
                  "desc": "[OnSucceedAttackHead] 使自身失去1~2点理智值"
                },
                {
                  "desc": "[OnSucceedAttackHead] 重复使用本硬币(每个技能最多5次)"
                },
                {
                  "desc": "[OnSucceedAttack] 使自身恢复本硬币伤害量8~12%的体力"
                },
                {
                  "desc": "[OnSucceedAttack] 对目标施加1层暴食易损 "
                },
                {
                  "desc": "[OnSucceedAttack] 使目标增加1~4级流血 强度"
                }
              ]
            }
          ]
        }
      ]
    },
    {
      "id": 2080621,
      "levelList": [
        {
          "level": 1,
          "name": "翅振",
          "abName": "精灵盛宴",
          "desc": "[CantIdentify]\n指定本体体力最低的单位\n[BeforeAttack] 随机对除自身以外的至多5名友方单位造成体力上限5%的体力伤害\n- 使自身恢复相当于对友方单位造成伤害量的体力\n- 若自身对友方单位造成了伤害，则本回合使自身获得2层强壮 并在下回合使自身获得2层迅捷 \n(每回合最多1次。造成伤害包括对护盾造成伤害。本效果造成的伤害能够击杀友方单位)",
          "coinlist": [
            {
              "coindescs": [
                {
                  "desc": "[OnSucceedAttackTail] 使自身恢复本硬币伤害量10%的体力"
                },
                {
                  "desc": "[OnSucceedAttackTail] 使目标增加1~4级流血 强度"
                }
              ]
            }
          ]
        },
        {
          "level": 3,
          "name": "翅振",
          "abName": "精灵盛宴",
          "desc": "[CantIdentify]\n指定本体体力最低的单位\n[BeforeAttack] 使本技能的攻击容量+(最大共鸣数-2)(最多+1)\n[BeforeAttack] 随机对除自身以外的至多5名友方单位造成体力上限5%的体力伤害\n- 使自身恢复相当于对友方单位造成伤害量的体力\n- 若自身对友方单位造成了伤害，则本回合使自身获得2层强壮 并在下回合使自身获得2层迅捷 \n(每回合最多1次。造成伤害包括对护盾造成伤害。本效果造成的伤害能够击杀友方单位)\n[EndSkill] 若本技能恢复的体力超过自身体力上限，则下回合使自身获得(溢出恢复量/体力上限)×10层攻击等级提升 (每回合最多3层)",
          "coinlist": [
            {
              "coindescs": [
                {
                  "desc": "[OnSucceedAttackTail] 使自身恢复本硬币伤害量15%的体力"
                },
                {
                  "desc": "[OnSucceedAttackTail] 使目标增加2~5级流血 强度"
                }
              ]
            }
          ]
        },
        {
          "level": 4,
          "name": "翅振",
          "abName": "精灵盛宴",
          "desc": "[CantIdentify]\n指定本体体力最低的单位\n[BeforeAttack] 使本技能的攻击容量+(最大共鸣数-2)(最多+2)\n[BeforeAttack] 随机对除自身以外的至多5名友方单位造成体力上限5%的体力伤害\n- 使自身恢复相当于对友方单位造成伤害量的体力\n- 若自身对友方单位造成了伤害，则本回合使自身获得2层强壮 并在下回合使自身获得2层迅捷 \n(每回合最多1次。造成伤害包括对护盾造成伤害。本效果造成的伤害能够击杀友方单位)\n[EndSkill] 若本技能恢复的体力超过自身体力上限，则下回合使自身获得(溢出恢复量/体力上限)×10层攻击等级提升 (每回合最多6层)",
          "coinlist": [
            {
              "coindescs": [
                {
                  "desc": "[OnSucceedAttackTail] 使自身恢复本硬币伤害量20%的体力"
                },
                {
                  "desc": "[OnSucceedAttackTail] 使目标增加3~6级流血 强度"
                },
                {
                  "desc": "[EnemyKill] 下回合使自身获得1层强壮 (最多3层)"
                }
              ]
            }
          ]
        }
      ]
    }
  ]
}