{
  "dataList": [
    {
      "id": 808202,
      "levelList": [
        {
          "level": 1,
          "name": "尖钉戳刺",
          "coinlist": [
            {},
            {
              "coindescs": [
                {
                  "desc": "[OnSucceedAttack] 下回合使目标增加6级流血 强度"
                }
              ]
            }
          ]
        }
      ]
    },
    {
      "id": 808203,
      "levelList": [
        {
          "level": 1,
          "name": "执握",
          "desc": "[StartBattle] 下回合对目标施加1层执柄者的凝视 ",
          "coinlist": [
            {
              "coindescs": [
                {
                  "desc": ""
                }
              ]
            }
          ]
        }
      ]
    },
    {
      "id": 808204,
      "levelList": [
        {
          "level": 1,
          "name": "狂笑",
          "desc": "[WhenUse] 对目标造成10点理智伤害",
          "coinlist": [
            {
              "coindescs": [
                {
                  "desc": "[OnSucceedAttack] 下回合使自身获得1层强壮 "
                }
              ]
            }
          ]
        }
      ]
    },
    {
      "id": 808205,
      "levelList": [
        {
          "level": 1,
          "name": "断罪钉刑",
          "coinlist": [
            {
              "coindescs": [
                {
                  "desc": "[OnSucceedAttack] 下回合对目标施加1层N公司的尖钉 "
                }
              ]
            },
            {
              "coindescs": [
                {
                  "desc": "[OnSucceedAttack] 下回合对目标施加1层N公司的尖钉 "
                }
              ]
            },
            {
              "coindescs": [
                {
                  "desc": "[OnSucceedAttack] 下回合对目标施加1层N公司的尖钉 "
                }
              ]
            }
          ]
        }
      ]
    },
    {
      "id": 808206,
      "levelList": [
        {
          "level": 1,
          "name": "净化",
          "desc": "[WhenUse] 若目标现存体力不高于30%，则使本技能威力+2",
          "coinlist": [
            {
              "coindescs": [
                {
                  "desc": "[OnSucceedAttack] 对目标施加1层N公司的尖钉 "
                }
              ]
            },
            {
              "coindescs": [
                {
                  "desc": "[OnSucceedAttack] 对目标施加1层N公司的尖钉 "
                }
              ]
            },
            {
              "coindescs": [
                {
                  "desc": "[OnSucceedAttack] 对目标施加1层N公司的尖钉 "
                }
              ]
            },
            {
              "coindescs": [
                {
                  "desc": "[OnSucceedAttack] 若目标的N公司的尖钉 层数不低于5层，则使其陷入混乱并解除目标的N公司的尖钉 "
                }
              ]
            }
          ]
        }
      ]
    },
    {
      "id": 808208,
      "levelList": [
        {
          "level": 1,
          "name": "即刻处决！",
          "desc": "[DefeatDuel] 使自身陷入混乱",
          "coinlist": [
            {
              "coindescs": [
                {
                  "desc": "[OnSucceedAttack] 使目标陷入混乱，并在下回合对其施加10层易损 "
                }
              ]
            }
          ]
        }
      ]
    },
    {
      "id": 808210,
      "levelList": [
        {
          "level": 1,
          "name": "可笑至极",
          "desc": "[OnSucceedEvade] 对目标造成5点理智伤害",
          "coinlist": [
            {}
          ]
        }
      ]
    },
    {
      "id": 808301,
      "levelList": [
        {
          "level": 1,
          "name": "原生之翼",
          "coinlist": [
            {}
          ]
        }
      ]
    },
    {
      "id": 808302,
      "levelList": [
        {
          "level": 1,
          "name": "原生之翼",
          "coinlist": [
            {},
            {}
          ]
        }
      ]
    },
    {
      "id": 808303,
      "levelList": [
        {
          "level": 1,
          "name": "圣洁振翅",
          "coinlist": [
            {
              "coindescs": [
                {
                  "desc": "[OnSucceedAttack] 下回合对目标施加1层束缚 "
                },
                {
                  "desc": "[OnSucceedAttack] 下回合对目标施加1层麻痹 "
                }
              ]
            },
            {
              "coindescs": [
                {
                  "desc": "[OnSucceedAttack] 下回合对目标施加1层束缚 "
                },
                {
                  "desc": "[OnSucceedAttack] 下回合对目标施加1层麻痹 "
                }
              ]
            },
            {
              "coindescs": [
                {
                  "desc": "[OnSucceedAttack] 下回合对目标施加1层束缚 "
                },
                {
                  "desc": "[OnSucceedAttack] 下回合对目标施加1层麻痹 "
                }
              ]
            },
            {
              "coindescs": [
                {
                  "desc": "[OnSucceedAttack] 下回合对目标施加1层束缚 "
                },
                {
                  "desc": "[OnSucceedAttack] 下回合对目标施加1层麻痹 "
                }
              ]
            }
          ]
        }
      ]
    },
    {
      "id": 808304,
      "levelList": [
        {
          "level": 1,
          "name": "破碎之翼",
          "coinlist": [
            {
              "coindescs": [
                {
                  "desc": "[OnSucceedAttack] 下回合对目标施加1层束缚 "
                },
                {
                  "desc": "[OnSucceedAttack] 下回合对目标施加1层麻痹 "
                }
              ]
            },
            {
              "coindescs": [
                {
                  "desc": "[OnSucceedAttack] 下回合对目标施加1层束缚 "
                },
                {
                  "desc": "[OnSucceedAttack] 下回合对目标施加1层麻痹 "
                }
              ]
            }
          ]
        }
      ]
    },
    {
      "id": 808305,
      "levelList": [
        {
          "level": 1,
          "name": "破碎之翼",
          "coinlist": [
            {
              "coindescs": [
                {
                  "desc": "[OnSucceedAttack] 下回合对目标施加1层束缚 "
                },
                {
                  "desc": "[OnSucceedAttack] 下回合对目标施加1层麻痹 "
                }
              ]
            },
            {
              "coindescs": [
                {
                  "desc": "[OnSucceedAttack] 下回合对目标施加1层束缚 "
                },
                {
                  "desc": "[OnSucceedAttack] 下回合对目标施加1层麻痹 "
                }
              ]
            }
          ]
        }
      ]
    },
    {
      "id": 808306,
      "levelList": [
        {
          "level": 1,
          "name": "盛怒振翅",
          "coinlist": [
            {}
          ]
        }
      ]
    },
    {
      "id": 808307,
      "levelList": [
        {
          "level": 1,
          "name": "崇高净化",
          "coinlist": [
            {
              "coindescs": [
                {
                  "desc": "[OnSucceedAttack] 下回合对目标施加1层易损 "
                },
                {
                  "desc": "[OnSucceedAttack] 下回合使目标增加2级流血 强度"
                }
              ]
            },
            {
              "coindescs": [
                {
                  "desc": "[OnSucceedAttack] 下回合对目标施加1层易损 "
                },
                {
                  "desc": "[OnSucceedAttack] 下回合使目标增加2级流血 强度"
                }
              ]
            },
            {
              "coindescs": [
                {
                  "desc": "[OnSucceedAttack] 下回合对目标施加1层易损 "
                },
                {
                  "desc": "[OnSucceedAttack] 下回合使目标增加2级流血 强度"
                }
              ]
            }
          ]
        }
      ]
    },
    {
      "id": 808308,
      "levelList": [
        {
          "level": 1,
          "name": "荣耀执握",
          "desc": "[WhenUse] 若目标现存体力不高于30%，则使本技能造成的伤害+100%",
          "coinlist": [
            {
              "coindescs": [
                {
                  "desc": "[OnSucceedAttackHead] 若目标现存体力不高于30%，则直接击杀目标并使自身恢复30点体力\n下回合使自身获得2层强壮 "
                }
              ]
            }
          ]
        }
      ]
    },
    {
      "id": 808309,
      "levelList": [
        {
          "level": 1,
          "name": "给我忏悔！！",
          "desc": "[WhenUse] 若目标现存体力不高于30%，则使本技能造成的伤害+100%",
          "coinlist": [
            {
              "coindescs": [
                {
                  "desc": "[OnSucceedAttack] 下回合对目标施加5层易损 "
                },
                {
                  "desc": "[OnSucceedAttack] 下回合使目标增加5级流血 强度"
                }
              ]
            }
          ]
        }
      ]
    },
    {
      "id": 808310,
      "levelList": [
        {
          "level": 1,
          "name": "纯粹的血肉",
          "coinlist": [
            {
              "coindescs": [
                {}
              ]
            }
          ]
        }
      ]
    },
    {
      "id": 808401,
      "levelList": [
        {
          "level": 1,
          "name": "拍击",
          "keywords": [
            "Reduction"
          ],
          "coinlist": [
            {
              "coindescs": [
                {
                  "desc": "[OnSucceedAttack] 下回合对目标施加1层虚弱 "
                }
              ]
            }
          ]
        }
      ]
    },
    {
      "id": 808402,
      "levelList": [
        {
          "level": 1,
          "name": "强力拍击",
          "keywords": [
            "Reduction"
          ],
          "coinlist": [
            {
              "coindescs": [
                {
                  "desc": "[OnSucceedAttackHead] 下回合对目标施加3层虚弱 "
                }
              ]
            }
          ]
        }
      ]
    },
    {
      "id": 808403,
      "levelList": [
        {
          "level": 1,
          "name": "尾鳍抽打",
          "keywords": [
            "Vulnerable"
          ],
          "coinlist": [
            {
              "coindescs": [
                {
                  "desc": "[OnSucceedAttack] 下回合对目标施加1层易损 "
                }
              ]
            },
            {
              "coindescs": [
                {
                  "desc": "[OnSucceedAttackHead] 下回合对目标施加3层易损 "
                }
              ]
            }
          ]
        }
      ]
    },
    {
      "id": 808404,
      "levelList": [
        {
          "level": 1,
          "name": "挤压液囊",
          "keywords": [
            "Binding"
          ],
          "coinlist": [
            {
              "coindescs": [
                {
                  "desc": "[OnSucceedAttack] 下回合对目标施加3层束缚 "
                }
              ]
            }
          ]
        }
      ]
    },
    {
      "id": 808405,
      "levelList": [
        {
          "level": 1,
          "name": "血液轰击",
          "keywords": [
            "Bleeding"
          ],
          "coinlist": [
            {
              "coindescs": [
                {
                  "desc": "[OnSucceedAttack] 使目标增加5级流血 强度"
                },
                {
                  "desc": "[OnSucceedAttackHead] 使目标增加20级流血 强度"
                }
              ]
            }
          ]
        }
      ]
    },
    {
      "id": 808406,
      "levelList": [
        {
          "level": 1,
          "name": "血液凝结",
          "keywords": [
            "Bleeding"
          ],
          "desc": "",
          "coinlist": [
            {
              "coindescs": [
                {
                  "desc": "[OnSucceedAttackHead] 使目标增加30级流血 强度"
                }
              ]
            }
          ]
        }
      ]
    },
    {
      "id": 808501,
      "levelList": [
        {
          "level": 1,
          "name": "利爪撕扯",
          "coinlist": [
            {
              "coindescs": [
                {
                  "desc": "[OnSucceedAttack] 下回合使目标增加2级流血 强度"
                }
              ]
            }
          ]
        }
      ]
    },
    {
      "id": 808502,
      "levelList": [
        {
          "level": 1,
          "name": "恒定电压",
          "coinlist": [
            {
              "coindescs": [
                {
                  "desc": "[OnSucceedAttack] 下回合使目标增加1级破裂 强度"
                }
              ]
            }
          ]
        }
      ]
    },
    {
      "id": 808503,
      "levelList": [
        {
          "level": 1,
          "name": "恒压追击",
          "coinlist": [
            {
              "coindescs": [
                {
                  "desc": "[OnSucceedAttack] 下回合使目标增加1级破裂 强度"
                }
              ]
            },
            {
              "coindescs": [
                {
                  "desc": "[OnSucceedAttackHead] 下回合使目标增加4级破裂 强度"
                }
              ]
            }
          ]
        }
      ]
    },
    {
      "id": 808504,
      "levelList": [
        {
          "level": 1,
          "name": "咆哮",
          "coinlist": [
            {
              "coindescs": [
                {
                  "desc": "[OnSucceedAttack] 下回合对目标施加2层束缚 "
                },
                {
                  "desc": "[OnSucceedAttackHead] 对目标施加4层破绽 "
                }
              ]
            }
          ]
        }
      ]
    },
    {
      "id": 808505,
      "levelList": [
        {
          "level": 1,
          "name": "雷霆咆哮",
          "coinlist": [
            {
              "coindescs": [
                {
                  "desc": "[OnSucceedAttackHead] 下回合使目标增加3级破裂 强度"
                }
              ]
            }
          ]
        }
      ]
    },
    {
      "id": 808506,
      "levelList": [
        {
          "level": 1,
          "name": "落雷牵引",
          "coinlist": [
            {
              "coindescs": [
                {
                  "desc": "[OnSucceedAttack] 下回合使目标增加2级破裂 强度"
                },
                {
                  "desc": "[OnSucceedAttackHead] 下回合使目标增加5级破裂 强度"
                }
              ]
            },
            {
              "coindescs": [
                {
                  "desc": ""
                }
              ]
            }
          ]
        }
      ]
    },
    {
      "id": 808507,
      "levelList": [
        {
          "level": 1,
          "name": "赤色闪电",
          "coinlist": [
            {
              "coindescs": [
                {
                  "desc": "[OnSucceedAttack] 下回合使目标增加10级破裂 强度"
                }
              ]
            },
            {
              "coindescs": [
                {
                  "desc": ""
                }
              ]
            }
          ]
        }
      ]
    },
    {
      "id": 808508,
      "levelList": [
        {
          "level": 1,
          "name": "咆哮",
          "coinlist": [
            {
              "coindescs": [
                {
                  "desc": "[OnSucceedAttack] 下回合对目标施加2层束缚 "
                },
                {
                  "desc": "[OnSucceedAttackHead] 对目标施加4层破绽 "
                }
              ]
            }
          ]
        }
      ]
    },
    {
      "id": 808601,
      "levelList": [
        {
          "level": 1,
          "name": "撕咬",
          "desc": "[WhenUse] 使自身获得2层自体发电 \n[DefeatDuel] 消耗1层自体发电 ",
          "coinlist": [
            {
              "coindescs": [
                {
                  "desc": "[OnSucceedAttack] 使目标增加3级流血 强度并对其施加2层流血 "
                }
              ]
            }
          ]
        }
      ]
    },
    {
      "id": 808602,
      "levelList": [
        {
          "level": 1,
          "name": "尾针突刺",
          "desc": "[WhenUse] 使自身获得2层自体发电 \n[DefeatDuel] 消耗1层自体发电 ",
          "coinlist": [
            {
              "coindescs": [
                {
                  "desc": "[OnSucceedAttack] 使目标增加3级流血 强度并对其施加2层流血"
                }
              ]
            },
            {
              "coindescs": [
                {
                  "desc": "[OnSucceedAttack] 下回合对目标施加2层束缚 "
                }
              ]
            }
          ]
        }
      ]
    },
    {
      "id": 808603,
      "levelList": [
        {
          "level": 1,
          "name": "紧紧蜷缩",
          "desc": "[WhenUse] 使自身获得2层自体发电 \n[DefeatDuel] 消耗1层自体发电 ",
          "coinlist": [
            {
              "coindescs": [
                {
                  "desc": "[OnSucceedAttack] 对目标施加2层易损 "
                },
                {
                  "desc": "[OnSucceedAttackHead] 下回合对目标施加2层束缚 "
                }
              ]
            }
          ]
        }
      ]
    },
    {
      "id": 808604,
      "levelList": [
        {
          "level": 1,
          "name": "电流注入",
          "desc": "[WhenUse] 使自身获得1层自体发电 \n若目标带有麻痹 ，则使本技能造成的伤害+10%",
          "coinlist": [
            {},
            {
              "coindescs": [
                {
                  "desc": "[OnSucceedAttack] 对目标施加3层麻痹 "
                }
              ]
            }
          ]
        }
      ]
    },
    {
      "id": 808605,
      "levelList": [
        {
          "level": 1,
          "name": "电气放电",
          "desc": "[WhenUse] 使自身获得1层自体发电 \n若目标带有麻痹 ，则使本技能造成的伤害+10%",
          "coinlist": [
            {},
            {},
            {
              "coindescs": [
                {
                  "desc": "[OnSucceedAttack] 对目标施加3层麻痹 "
                }
              ]
            }
          ]
        }
      ]
    },
    {
      "id": 808606,
      "levelList": [
        {
          "level": 1,
          "name": "放电",
          "desc": "[WhenUse] 使自身获得1层自体发电 \n若目标带有麻痹 ，则使本技能造成的伤害+20%",
          "coinlist": [
            {
              "coindescs": [
                {
                  "desc": "[OnSucceedAttack] 对目标施加2层易损 "
                }
              ]
            },
            {
              "coindescs": [
                {
                  "desc": "[OnSucceedAttack] 对目标施加5层麻痹 "
                }
              ]
            }
          ]
        }
      ]
    },
    {
      "id": 808607,
      "levelList": [
        {
          "level": 1,
          "name": "超高压放电",
          "desc": "若自身的自体发电 层数不低于10层，则每超过1层使本技能造成的伤害+10%\n消耗所有自体发电 ",
          "coinlist": [
            {
              "coindescs": [
                {
                  "desc": "[OnSucceedAttack] 对目标施加2层易损 "
                }
              ]
            },
            {
              "coindescs": [
                {
                  "desc": "[OnSucceedAttack] 若目标处于蓄能 状态，则对其追加最终伤害量40%的固定伤害"
                },
                {
                  "desc": "[OnSucceedAttack] 对目标施加3层麻痹 与1层蓄能 "
                }
              ]
            }
          ]
        }
      ]
    },
    {
      "id": 808608,
      "levelList": [
        {
          "level": 1,
          "name": "盘绕",
          "desc": "行动槽中存在该技能时，获得与头部现存体力相等的护盾",
          "coinlist": [
            {}
          ]
        }
      ]
    },
    {
      "id": 808609,
      "levelList": [
        {
          "level": 1,
          "name": "蠕动的头",
          "desc": "优先指定体力最低的敌方单位\n[WhenUse] 消耗2层自体发电 \n[DefeatDuel] 消耗2层自体发电 ",
          "coinlist": [
            {},
            {
              "coindescs": [
                {
                  "desc": "[OnSucceedAttack] 对目标施加3层麻痹 "
                }
              ]
            }
          ]
        }
      ]
    },
    {
      "id": 808610,
      "levelList": [
        {
          "level": 1,
          "name": "蠕动的尾",
          "desc": "优先指定体力最低的敌方单位\n[WhenUse] 消耗2层自体发电 \n[DefeatDuel] 消耗3层自体发电 ",
          "coinlist": [
            {},
            {},
            {
              "coindescs": [
                {
                  "desc": "[OnSucceedAttack] 对目标施加3层麻痹 "
                }
              ]
            }
          ]
        }
      ]
    },
    {
      "id": 808701,
      "levelList": [
        {
          "level": 1,
          "name": "沉闷的呻吟",
          "desc": "",
          "coinlist": [
            {
              "coindescs": [
                {
                  "desc": "[OnSucceedAttack] 使目标增加3级沉沦 强度"
                }
              ]
            }
          ]
        }
      ]
    },
    {
      "id": 808702,
      "levelList": [
        {
          "level": 1,
          "name": "席卷而来的沉沦",
          "desc": "",
          "coinlist": [
            {
              "coindescs": [
                {
                  "desc": "[OnSucceedAttack] 对目标施加2层沉沦 "
                }
              ]
            },
            {
              "coindescs": [
                {
                  "desc": "[OnSucceedAttack] 使目标增加3级沉沦 强度"
                }
              ]
            }
          ]
        }
      ]
    },
    {
      "id": 808703,
      "levelList": [
        {
          "level": 1,
          "name": "哀伤的反击",
          "desc": "",
          "coinlist": [
            {
              "coindescs": [
                {
                  "desc": "[OnSucceedAttack] 对目标施加3层破裂 "
                }
              ]
            },
            {
              "coindescs": [
                {
                  "desc": "[OnSucceedAttack] 使目标增加2级破裂 强度"
                }
              ]
            }
          ]
        }
      ]
    },
    {
      "id": 808704,
      "levelList": [
        {
          "level": 1,
          "name": "哀伤的洪流",
          "desc": "",
          "coinlist": [
            {
              "coindescs": [
                {
                  "desc": "[OnSucceedAttack] 对目标施加2层破裂 "
                }
              ]
            },
            {
              "coindescs": [
                {
                  "desc": "[OnSucceedAttack] 使目标增加3级破裂 强度"
                },
                {
                  "desc": "[OnSucceedAttackHead] 使目标增加2级破裂 强度"
                }
              ]
            }
          ]
        }
      ]
    },
    {
      "id": 808705,
      "levelList": [
        {
          "level": 1,
          "name": "寻找某物的哭声",
          "desc": "[WhenUse] 下回合召唤旧伞",
          "coinlist": [
            {
              "coindescs": [
                {
                  "desc": "[OnSucceedAttack] 使目标增加5级沉沦 强度"
                },
                {
                  "desc": "[OnSucceedAttackHead] 每把旧伞使本硬币的伤害+15%"
                }
              ]
            }
          ]
        }
      ]
    },
    {
      "id": 808706,
      "levelList": [
        {
          "level": 1,
          "name": "等待",
          "desc": "[StartBattle] 使全体敌方单位失去20点理智值",
          "coinlist": [
            {}
          ]
        }
      ]
    },
    {
      "id": 808801,
      "levelList": [
        {
          "level": 1,
          "name": "散落的悲伤",
          "desc": "[EndSkill] 对全体敌方单位施加2层破裂 与2层沉沦 ",
          "coinlist": [
            {}
          ]
        }
      ]
    },
    {
      "id": 808901,
      "levelList": [
        {
          "level": 1,
          "name": "缠绕符咒",
          "desc": "[WhenUse] 对目标施加2层纠缠的咒符 ",
          "coinlist": [
            {
              "coindescs": [
                {
                  "desc": "[OnSucceedAttack] 下回合使目标增加2级破裂 强度并对其施加2层破裂 "
                }
              ]
            }
          ]
        }
      ]
    },
    {
      "id": 808902,
      "levelList": [
        {
          "level": 1,
          "name": "积累诅咒",
          "desc": "[WhenUse] 对目标施加1层纠缠的咒符 ",
          "coinlist": [
            {
              "coindescs": [
                {
                  "desc": "[OnSucceedAttack] 根据目标带有的纠缠的咒符 层数，施加相应层数的纠缠的咒符 "
                }
              ]
            },
            {
              "coindescs": [
                {
                  "desc": "[OnSucceedAttackHead] 下回合使目标增加5级破裂 强度"
                }
              ]
            },
            {
              "coindescs": [
                {
                  "desc": "[OnSucceedAttackHead] 下回合使目标增加2级破裂 强度并对其施加2层破裂 "
                }
              ]
            }
          ]
        }
      ]
    },
    {
      "id": 808903,
      "levelList": [
        {
          "level": 1,
          "name": "因而无人哭泣",
          "desc": "[EndBattle] 消耗所有复贴的咒符 ",
          "coinlist": [
            {},
            {},
            {},
            {},
            {
              "coindescs": [
                {
                  "desc": "[OnSucceedAttack] 下回合对目标施加5层麻痹 "
                },
                {
                  "desc": "[OnSucceedAttackHead] 下回合对目标施加5层束缚 "
                }
              ]
            }
          ]
        }
      ]
    },
    {
      "id": 808904,
      "levelList": [
        {
          "level": 1,
          "name": "转移符咒",
          "desc": "[WhenUse] 消耗目标所有纠缠的咒符 。根据消耗的层数，使自身获得相应层数的复贴的咒符 ",
          "coinlist": [
            {}
          ]
        }
      ]
    },
    {
      "id": 808905,
      "levelList": [
        {
          "level": 1,
          "name": "复制诅咒",
          "desc": "[WhenUse] 根据目标带有纠缠的咒符 的层数，施加相应层数的纠缠的咒符 ",
          "coinlist": [
            {}
          ]
        }
      ]
    },
    {
      "id": 809001,
      "levelList": [
        {
          "level": 1,
          "name": "想喝醉吗？",
          "desc": "进行拼点时，使目标获得1层昂扬 ",
          "coinlist": [
            {
              "coindescs": [
                {
                  "desc": "[OnSucceedAttack] 使目标增加5级震颤 强度并对其施加2层震颤 "
                }
              ]
            }
          ]
        }
      ]
    },
    {
      "id": 809002,
      "levelList": [
        {
          "level": 1,
          "name": "分着喝吧！",
          "desc": "进行拼点时，使目标获得2层昂扬 \n[WhenUse] 使自身恢复体力上限5%的体力",
          "coinlist": [
            {
              "coindescs": [
                {
                  "desc": "[OnSucceedAttack] 下回合对目标施加2层束缚 "
                }
              ]
            }
          ]
        }
      ]
    },
    {
      "id": 809003,
      "levelList": [
        {
          "level": 1,
          "name": "只剩这些了！",
          "desc": "进行拼点时，使目标获得2层昂扬 \n优先指定带有震颤 的单位",
          "coinlist": [
            {},
            {
              "coindescs": [
                {
                  "desc": "[OnSucceedAttack] 根据目标带有的震颤 层数，相应使其震颤引爆 "
                }
              ]
            }
          ]
        }
      ]
    },
    {
      "id": 809004,
      "levelList": [
        {
          "level": 1,
          "name": "这个我吃了！",
          "desc": "[CantDuel]\n无法改变拼点目标\n优先指定带有昂扬 的目标\n若目标未带有醉意 ，则使本技能的拼点威力+5",
          "coinlist": [
            {
              "coindescs": [
                {
                  "desc": "[OnSucceedAttack] 若目标带有昂扬 ，则每层昂扬 使本硬币造成的伤害+10%"
                },
                {
                  "desc": "[OnSucceedAttack] 若目标带有醉意 则造成0点伤害，并使自身失去50点体力"
                },
                {
                  "desc": "[OnSucceedAttack] 消耗目标所有昂扬 或醉意 "
                }
              ]
            }
          ]
        }
      ]
    },
    {
      "id": 809005,
      "levelList": [
        {
          "level": 1,
          "name": "这个我吃了！",
          "desc": "优先指定带有昂扬 的目标\n若目标未带有醉意 ，则使本技能的拼点威力+5",
          "coinlist": [
            {
              "coindescs": [
                {
                  "desc": "[OnSucceedAttack] 若目标带有昂扬 ，则每层昂扬 使本硬币造成的伤害+100%"
                },
                {
                  "desc": "[OnSucceedAttack] 若目标带有醉意 则造成0点伤害，并使自身失去50点体力"
                },
                {
                  "desc": "[OnSucceedAttack] 消耗目标所有昂扬 或醉意 "
                }
              ]
            }
          ]
        }
      ]
    },
    {
      "id": 809006,
      "levelList": [
        {
          "level": 1,
          "name": "这次不行！",
          "desc": "优先指定精灵酒",
          "coinlist": [
            {
              "coindescs": [
                {
                  "desc": "[OnSucceedAttack] 攻击精灵酒时，下回合使自身恢复体力上限10%的体力并使自身获得2层强壮 ，2层迅捷 与2层守护 "
                }
              ]
            }
          ]
        }
      ]
    },
    {
      "id": 809007,
      "levelList": [
        {
          "level": 1,
          "name": "想要这杯精灵酒吗？",
          "desc": "[WhenUse] 下回合使自身获得1层束缚 ",
          "coinlist": [
            {}
          ]
        }
      ]
    },
    {
      "id": 809101,
      "levelList": [
        {
          "level": 1,
          "name": "精灵酒",
          "desc": "[WhenUse] 将目标的昂扬 转化为相应层数的醉意 ",
          "coinlist": [
            {}
          ]
        }
      ]
    },
    {
      "id": 809201,
      "levelList": [
        {
          "level": 1,
          "name": "舔舐伤口",
          "desc": "[WhenUse] 若目标带有流血 ，则对目标施加1层麻痹 ",
          "coinlist": [
            {
              "coindescs": [
                {
                  "desc": "[OnSucceedAttack] 对目标施加3层流血 "
                },
                {
                  "desc": "[OnSucceedAttack] 若目标的流血 层数高于2层，则使目标增加5级流血 强度"
                }
              ]
            }
          ]
        }
      ]
    },
    {
      "id": 809202,
      "levelList": [
        {
          "level": 1,
          "name": "束缚伤痕",
          "desc": "[WhenUse]  若目标带有流血 ，则下回合对目标施加1层束缚 ",
          "coinlist": [
            {
              "coindescs": [
                {
                  "desc": "[OnSucceedAttack] 使目标增加3级流血 强度"
                }
              ]
            }
          ]
        }
      ]
    },
    {
      "id": 809203,
      "levelList": [
        {
          "level": 1,
          "name": "陷于血肉",
          "desc": "",
          "coinlist": [
            {
              "coindescs": [
                {
                  "desc": "[OnSucceedAttack] 使目标增加3级流血 强度"
                },
                {
                  "desc": "[OnSucceedAttack] 若目标带有流血 ，则使自身恢复20点体力"
                }
              ]
            },
            {
              "coindescs": [
                {
                  "desc": "[OnSucceedAttack] 若目标的流血 层数高于2层，则使目标增加5级流血 强度"
                }
              ]
            }
          ]
        }
      ]
    },
    {
      "id": 809204,
      "levelList": [
        {
          "level": 1,
          "name": "绿荫笼罩",
          "desc": "[WhenUse] 下回合生成巨大的四叶草\n[WhenUse] 目标每有1层流血 使本技能造成的伤害+5%\n[DefeatDuel] 生成体力为原体力上限70%的巨大的四叶草",
          "coinlist": [
            {
              "coindescs": [
                {
                  "desc": "[OnSucceedAttack] 消耗所有流血 层数"
                }
              ]
            }
          ]
        }
      ]
    },
    {
      "id": 809205,
      "levelList": [
        {
          "level": 1,
          "name": "消化",
          "desc": "",
          "coinlist": [
            {
              "coindescs": [
                {
                  "desc": "[OnSucceedAttack] 目标每带有1级流血 强度，则使自身恢复体力上限1%的体力\n消耗所有流血 层数"
                }
              ]
            }
          ]
        }
      ]
    },
    {
      "id": 809401,
      "levelList": [
        {
          "level": 1,
          "name": "发芽",
          "desc": ""
        }
      ]
    },
    {
      "id": 809402,
      "levelList": [
        {
          "level": 1,
          "name": "金灿果实",
          "coinlist": [
            {
              "coindescs": [
                {
                  "desc": "[DefeatDuel] 对自身造成20点伤害"
                },
                {
                  "desc": "[DefeatDuel] 使自身失去1层光辉 "
                }
              ]
            }
          ]
        }
      ]
    },
    {
      "id": 809403,
      "levelList": [
        {
          "level": 1,
          "name": "硬如坚金",
          "coinlist": [
            {}
          ]
        }
      ]
    },
    {
      "id": 809501,
      "levelList": [
        {
          "level": 1,
          "name": "榨取养分",
          "coinlist": [
            {},
            {
              "coindescs": [
                {
                  "desc": "[OnSucceedAttack] 使自身的本体恢复3点体力"
                }
              ]
            },
            {}
          ]
        }
      ]
    },
    {
      "id": 809502,
      "levelList": [
        {
          "level": 1,
          "name": "腐烂果肉",
          "coinlist": [
            {
              "coindescs": [
                {
                  "desc": "[OnSucceedAttack] 下回合对目标施加3层流血 "
                },
                {
                  "desc": "[OnSucceedAttack] 下回合对目标施加2层易损 "
                }
              ]
            }
          ]
        }
      ]
    },
    {
      "id": 809503,
      "levelList": [
        {
          "level": 1,
          "name": "捕杀",
          "coinlist": [
            {},
            {
              "coindescs": [
                {
                  "desc": "[OnSucceedAttack] 使自身的本体恢复10点体力"
                },
                {
                  "desc": "[OnSucceedAttack] 下回合使目标增加5级流血 强度"
                }
              ]
            }
          ]
        }
      ]
    },
    {
      "id": 809601,
      "levelList": [
        {
          "level": 1,
          "name": "突进",
          "desc": "",
          "coinlist": [
            {
              "coindescs": [
                {
                  "desc": "[OnSucceedAttack] 使目标增加3级烧伤 强度"
                }
              ]
            },
            {
              "coindescs": [
                {
                  "desc": "[OnSucceedAttack] 使目标增加3级烧伤 强度"
                }
              ]
            }
          ]
        }
      ]
    },
    {
      "id": 809602,
      "levelList": [
        {
          "level": 1,
          "name": "压倒",
          "desc": "",
          "coinlist": [
            {
              "coindescs": [
                {
                  "desc": "[OnSucceedAttack] 对目标施加3层烧伤 "
                }
              ]
            }
          ]
        }
      ]
    },
    {
      "id": 809603,
      "levelList": [
        {
          "level": 1,
          "name": "猛撞",
          "desc": "",
          "coinlist": [
            {
              "coindescs": [
                {
                  "desc": "[OnSucceedAttack] 使目标增加2级烧伤 强度"
                },
                {
                  "desc": "[OnSucceedAttack] 使目标的混乱阈值前移本硬币伤害量的20%"
                }
              ]
            },
            {
              "coindescs": [
                {
                  "desc": "[OnSucceedAttack] 使目标增加2级烧伤 强度"
                },
                {
                  "desc": "[OnSucceedAttack] 使目标的混乱阈值前移本硬币伤害量的20%"
                }
              ]
            },
            {
              "coindescs": [
                {
                  "desc": "[OnSucceedAttack] 使目标增加2级烧伤 强度"
                },
                {
                  "desc": "[OnSucceedAttack] 使目标的混乱阈值前移本硬币伤害量的20%"
                }
              ]
            }
          ]
        }
      ]
    },
    {
      "id": 809604,
      "levelList": [
        {
          "level": 1,
          "name": "满溢而出的哀伤",
          "desc": "[DefeatDuel] 使自身获得1层尚未释怀的哀伤 ",
          "coinlist": [
            {
              "coindescs": [
                {
                  "desc": "[OnSucceedAttack] 使目标失去15点理智值"
                },
                {
                  "desc": "[OnSucceedAttack] 使目标的混乱阈值前移本硬币伤害量的50%"
                }
              ]
            }
          ]
        }
      ]
    },
    {
      "id": 809605,
      "levelList": [
        {
          "level": 1,
          "name": "炽热啼哭",
          "desc": "[WinDuel] 下回合使自身获得1层迅捷 与1层强壮 ",
          "coinlist": [
            {
              "coindescs": [
                {
                  "desc": "[OnSucceedAttack] 对目标施加1层飘忽不定的情绪 "
                },
                {
                  "desc": "[OnSucceedAttack] 对目标施加3层沉沦 "
                }
              ]
            }
          ]
        }
      ]
    },
    {
      "id": 809606,
      "levelList": [
        {
          "level": 1,
          "name": "炽热悲鸣",
          "desc": "[WinDuel] 下回合使自身获得1层迅捷 与1层强壮 ",
          "coinlist": [
            {
              "coindescs": [
                {
                  "desc": "[OnSucceedAttack] 对目标施加1层飘忽不定的情绪 "
                },
                {
                  "desc": "[OnSucceedAttack] 使目标增加2级沉沦 强度"
                }
              ]
            },
            {
              "coindescs": [
                {
                  "desc": "[OnSucceedAttack] 对目标施加1层飘忽不定的情绪 "
                },
                {
                  "desc": "[OnSucceedAttack] 使目标增加2级沉沦 强度"
                }
              ]
            }
          ]
        }
      ]
    }
  ]
}