{
  "dataList": [
    {
      "id": 2050511,
      "levelList": [
        {
          "level": 1,
          "name": "悔恨",
          "abName": "被遗弃的杀人魔",
          "desc": "[BeforeAttack] 随机解除自身带有的1种可解除的负面状态",
          "coinlist": [
            {
              "coindescs": [
                {
                  "desc": "[OnSucceedAttack] 对目标施加2层震颤 ，对目标额外施加(暴怒完全共鸣数/3)层震颤 "
                },
                {
                  "desc": "[OnSucceedAttack] 使目标震颤引爆 "
                }
              ]
            }
          ]
        },
        {
          "level": 3,
          "name": "悔恨",
          "abName": "被遗弃的杀人魔",
          "desc": "[BeforeAttack] 随机解除自身带有的1种可解除的负面状态",
          "coinlist": [
            {
              "coindescs": [
                {
                  "desc": "[OnSucceedAttack] 对目标施加2层震颤 ，对目标额外施加(暴怒完全共鸣数/3)层震颤 "
                },
                {
                  "desc": "[OnSucceedAttack] 使目标震颤引爆 \n震颤引爆 时，若目标未拥有混乱阈值，\n则对目标造成最终混乱阈值前移量(6 + 2×(暴怒完全共鸣数))% 的暴怒伤害"
                }
              ]
            }
          ]
        },
        {
          "level": 4,
          "name": "悔恨",
          "abName": "被遗弃的杀人魔",
          "desc": "[BeforeAttack] 随机解除自身带有的2种可解除的负面状态",
          "coinlist": [
            {
              "coindescs": [
                {
                  "desc": "[OnSucceedAttack] 对目标施加3层震颤 ，对目标额外施加(暴怒完全共鸣数/3)层震颤 "
                },
                {
                  "desc": "[OnSucceedAttack] 使目标震颤引爆 \n震颤引爆 时，若目标未拥有混乱阈值，\n则对目标造成最终混乱阈值前移量(12 + 3×(暴怒完全共鸣数))% 的暴怒伤害"
                }
              ]
            }
          ]
        }
      ]
    },
    {
      "id": 2050521,
      "levelList": [
        {
          "level": 1,
          "name": "悔恨",
          "abName": "被遗弃的杀人魔",
          "desc": "[CantIdentify]\n随机指定目标\n[BeforeAttack] 若自身带有负面状态，则使本技能的攻击容量+1",
          "coinlist": [
            {
              "coindescs": [
                {
                  "desc": "[OnSucceedAttack] 使目标震颤引爆 \n使震颤引爆 的混乱阈值前移量增加30%\n使目标的震颤 层数减少1层"
                },
                {
                  "desc": "[EndSkill] 下回合对自身施加3层束缚 并获得1层打击强壮 "
                }
              ]
            }
          ]
        },
        {
          "level": 3,
          "name": "悔恨",
          "abName": "被遗弃的杀人魔",
          "desc": "[CantIdentify]\n随机指定目标\n[BeforeAttack] 若自身带有负面状态，则使本技能的攻击容量+1",
          "coinlist": [
            {
              "coindescs": [
                {
                  "desc": "[OnSucceedAttack] 使目标震颤引爆 \n使震颤引爆 的混乱阈值前移量增加40%\n若震颤引爆 时目标未拥有混乱阈值，\n则对目标造成最终混乱阈值前移量(6+2×(暴怒完全共鸣数))%的暴怒伤害\n使目标的震颤 层数减少1层"
                },
                {
                  "desc": "[EndSkill] 下回合对自身施加3层束缚 并获得1层打击强壮 "
                }
              ]
            }
          ]
        },
        {
          "level": 4,
          "name": "悔恨",
          "abName": "被遗弃的杀人魔",
          "desc": "[CantIdentify]\n随机指定目标\n[BeforeAttack] 若自身带有负面状态，则使本技能的攻击容量+2",
          "coinlist": [
            {
              "coindescs": [
                {
                  "desc": "[OnSucceedAttack] 使目标震颤引爆 \n使震颤引爆 的混乱阈值前移量增加50%\n若震颤引爆 时目标未拥有混乱阈值，\n则对目标造成最终混乱阈值前移量(12+3×(暴怒完全共鸣数))%的暴怒伤害\n使目标的震颤 层数减少1层"
                },
                {
                  "desc": "[EndSkill] 下回合对自身施加3层束缚 并获得1层打击强壮 "
                }
              ]
            }
          ]
        }
      ]
    },
    {
      "id": 2050611,
      "levelList": [
        {
          "level": 1,
          "name": "电子哀鸣",
          "abName": "梦中的电子羊",
          "desc": "[BeforeAttack] 使自身获得8层充能 \n[EndSkill] 使除自身以外充能 层数最低的1名友方单位获得8层充能 \n- 额外使(最大嫉妒共鸣数-2)名友方单位获得上述效果(最多3名)",
          "coinlist": [
            {
              "coindescs": [
                {
                  "desc": "[OnSucceedAttack] 使目标增加3级破裂 强度"
                }
              ]
            }
          ]
        },
        {
          "level": 3,
          "name": "电子哀鸣",
          "abName": "梦中的电子羊",
          "desc": "[BeforeAttack] 使自身获得8层充能 \n[EndSkill] 使除自身以外充能 层数最低的1名友方单位获得8层充能 \n- 额外使(最大嫉妒共鸣数-2)名友方单位获得上述效果(最多4名)\n- 若最大嫉妒共鸣数不低于4，则使自身与该友方单位获得1层嫉妒伤害强化 ",
          "coinlist": [
            {
              "coindescs": [
                {
                  "desc": "[OnSucceedAttack] 使目标增加3级破裂 强度"
                }
              ]
            }
          ]
        },
        {
          "level": 4,
          "name": "电子哀鸣",
          "abName": "梦中的电子羊",
          "desc": "[BeforeAttack] 使自身获得12层充能 \n[EndSkill] 使除自身以外充能 层数最低的1名友方单位获得8层充能 \n- 额外使(最大嫉妒共鸣数-2)名友方单位获得上述效果(最多5名)\n- 若最大嫉妒共鸣数不低于4，则使自身与该友方单位获得1层嫉妒伤害强化 \n- 若最大嫉妒共鸣数不低于6，则使自身与该友方单位获得1层嫉妒伤害强化 ",
          "coinlist": [
            {
              "coindescs": [
                {
                  "desc": "[OnSucceedAttack] 使目标增加3级破裂 强度"
                }
              ]
            }
          ]
        }
      ]
    },
    {
      "id": 2050621,
      "levelList": [
        {
          "level": 1,
          "name": "电子哀鸣",
          "abName": "梦中的电子羊",
          "desc": "[CantIdentify]\n随机指定目标\n[BeforeAttack] 使本技能的攻击容量+(最大嫉妒共鸣数-2)(最多+2)\n[BeforeAttack] 若自身的充能 层数不低于10层，则消耗至多20层充能 ，每消耗1层充能，使本技能造成的伤害+2%(最多+40%)",
          "coinlist": [
            {
              "coindescs": [
                {
                  "desc": "[OnSucceedAttack] 对目标施加1层麻痹 "
                },
                {
                  "desc": "[OnSucceedAttack] 使目标增加3级破裂 强度"
                }
              ]
            }
          ]
        },
        {
          "level": 3,
          "name": "电子哀鸣",
          "abName": "梦中的电子羊",
          "desc": "[CantIdentify]\n随机指定目标\n[BeforeAttack] 使本技能的攻击容量+(最大嫉妒共鸣数-2)(最多+3)\n[BeforeAttack] 若自身的充能 层数不低于10层，则消耗至多20层充能 ，每消耗1层充能，使本技能造成的伤害+2.5%(最多+50%)",
          "coinlist": [
            {
              "coindescs": [
                {
                  "desc": "[OnSucceedAttack] 对目标施加1层麻痹 "
                },
                {
                  "desc": "[OnSucceedAttack] 使目标增加3级破裂 强度"
                }
              ]
            }
          ]
        },
        {
          "level": 4,
          "name": "电子哀鸣",
          "abName": "梦中的电子羊",
          "desc": "[CantIdentify]\n随机指定目标\n[BeforeAttack] 使本技能的攻击容量+(最大嫉妒共鸣数-2)(最多+3)\n[BeforeAttack] 若自身的充能 层数不低于10层，则使本技能命中时施加的状态施加2次\n[BeforeAttack] 若自身的充能 层数不低于10层，则消耗至多20层充能 ，每消耗1层充能，使本技能造成的伤害+3%(最多+60%)",
          "coinlist": [
            {
              "coindescs": [
                {
                  "desc": "[OnSucceedAttack] 对目标施加1层麻痹 "
                },
                {
                  "desc": "[OnSucceedAttack] 使目标增加3级破裂 强度"
                }
              ]
            }
          ]
        }
      ]
    }
  ]
}