{
  "dataList": [
    {
      "id": 9008301,
      "levelList": [
        {
          "level": 1,
          "name": "呕出水沫",
          "desc": "",
          "coinlist": [
            {
              "coindescs": [
                {
                  "desc": "[OnSucceedAttackHead] 使目标增加2级沉沦 强度"
                }
              ]
            },
            {
              "coindescs": [
                {
                  "desc": "[OnSucceedAttackHead] 使目标增加2级沉沦 强度"
                }
              ]
            }
          ]
        }
      ]
    },
    {
      "id": 9008302,
      "levelList": [
        {
          "level": 1,
          "name": "利爪",
          "desc": "若目标的沉沦 强度不低于5级，则使本技能造成的伤害+20%",
          "coinlist": [
            {
              "coindescs": [
                {
                  "desc": "[OnSucceedAttack] 使自身恢复本硬币伤害量30%的体力"
                }
              ]
            },
            {
              "coindescs": [
                {
                  "desc": "[OnSucceedAttack] 使自身恢复本硬币伤害量30%的体力"
                }
              ]
            }
          ]
        }
      ]
    },
    {
      "id": 9008303,
      "levelList": [
        {
          "level": 1,
          "name": "洒水",
          "desc": "",
          "coinlist": [
            {
              "coindescs": [
                {
                  "desc": "[OnSucceedAttack] 对目标施加5层沉沦 "
                }
              ]
            }
          ]
        }
      ]
    },
    {
      "id": 9008304,
      "levelList": [
        {
          "level": 1,
          "name": "光滑的表皮",
          "desc": "若自身带有护盾时受到攻击，则使攻击者增加1级沉沦 强度",
          "coinlist": [
            {}
          ]
        }
      ]
    },
    {
      "id": 9008401,
      "levelList": [
        {
          "level": 1,
          "name": "爪钩切割",
          "desc": "",
          "coinlist": [
            {
              "coindescs": [
                {
                  "desc": "[OnSucceedAttackHead] 使目标增加3级流血 强度"
                }
              ]
            }
          ]
        }
      ]
    },
    {
      "id": 9008402,
      "levelList": [
        {
          "level": 1,
          "name": "爪钩连割",
          "desc": "",
          "coinlist": [
            {
              "coindescs": [
                {
                  "desc": "[OnSucceedAttack] 对目标施加2层流血 "
                }
              ]
            },
            {
              "coindescs": [
                {
                  "desc": "[OnSucceedAttack] 使目标增加5级流血 强度"
                }
              ]
            }
          ]
        }
      ]
    },
    {
      "id": 9008403,
      "levelList": [
        {
          "level": 1,
          "name": "战吼",
          "desc": "[WhenUse] 下回合使自身增加2级呼吸法 强度。\n回合结束时，根据自身带有的护盾，使自身恢复相应的体力。",
          "coinlist": [
            {}
          ]
        }
      ]
    },
    {
      "id": 9008404,
      "levelList": [
        {
          "level": 1,
          "name": "撕开裂口",
          "desc": "若自身带有呼吸法 ，则发动本技能的硬币效果。",
          "coinlist": [
            {
              "coindescs": [
                {
                  "desc": "[OnSucceedAttackTail] 使本硬币造成的伤害+30%"
                }
              ]
            },
            {
              "coindescs": [
                {
                  "desc": "[OnSucceedAttackTail] 使本硬币造成的伤害+30%"
                }
              ]
            }
          ]
        }
      ]
    },
    {
      "id": 9008501,
      "levelList": [
        {
          "level": 1,
          "name": "爪钩勾抓",
          "desc": "",
          "coinlist": [
            {
              "coindescs": [
                {
                  "desc": "[OnSucceedAttackHead] 对目标施加2层流血 "
                }
              ]
            }
          ]
        }
      ]
    },
    {
      "id": 9008502,
      "levelList": [
        {
          "level": 1,
          "name": "爪钩直击",
          "desc": "",
          "coinlist": [
            {
              "coindescs": [
                {
                  "desc": "[OnSucceedAttack] 使目标增加2级流血 强度"
                }
              ]
            },
            {
              "coindescs": [
                {
                  "desc": "[OnSucceedAttack] 对目标施加3层流血 "
                }
              ]
            }
          ]
        }
      ]
    },
    {
      "id": 9008503,
      "levelList": [
        {
          "level": 1,
          "name": "战吼",
          "desc": "[WhenUse] 下回合使自身增加2级呼吸法 强度。\n回合结束时，根据自身带有的护盾，使自身恢复相应的体力。",
          "coinlist": [
            {}
          ]
        }
      ]
    },
    {
      "id": 9008504,
      "levelList": [
        {
          "level": 1,
          "name": "撕开裂口",
          "desc": "若自身带有呼吸法 ，则发动本技能的硬币效果。",
          "coinlist": [
            {
              "coindescs": [
                {
                  "desc": "[OnSucceedAttackTail] 使本硬币造成的伤害+30%"
                }
              ]
            },
            {
              "coindescs": [
                {
                  "desc": "[OnSucceedAttackTail] 使本硬币造成的伤害+30%"
                }
              ]
            }
          ]
        }
      ]
    },
    {
      "id": 9008601,
      "levelList": [
        {
          "level": 1,
          "name": "撕裂皮肉",
          "desc": "",
          "coinlist": [
            {
              "coindescs": [
                {
                  "desc": "[OnSucceedAttack] 对目标施加2层流血 "
                },
                {
                  "desc": "[OnSucceedAttackHead] 使目标增加3级流血 强度"
                }
              ]
            }
          ]
        }
      ]
    },
    {
      "id": 9008602,
      "levelList": [
        {
          "level": 1,
          "name": "渗透",
          "desc": "",
          "coinlist": [
            {},
            {
              "coindescs": [
                {
                  "desc": "[OnSucceedAttack] 使目标增加4级流血 强度并对目标施加3层流血 "
                }
              ]
            }
          ]
        }
      ]
    },
    {
      "id": 9008603,
      "levelList": [
        {
          "level": 1,
          "name": "更快",
          "desc": "[EndSkill] 下回合使自身获得1层伤害强化 ",
          "coinlist": [
            {
              "coindescs": [
                {
                  "desc": "[OnSucceedAttack] 下回合使自身增加4级呼吸法 强度"
                }
              ]
            },
            {
              "coindescs": [
                {
                  "desc": "[OnSucceedAttack] 下回合对目标施加2层易损 "
                }
              ]
            }
          ]
        }
      ]
    },
    {
      "id": 9008604,
      "levelList": [
        {
          "level": 1,
          "name": "战吼",
          "desc": "[WhenUse] 下回合使自身增加2级呼吸法 强度。\n回合结束时，根据自身带有的护盾，使自身恢复相应的体力。",
          "coinlist": [
            {}
          ]
        }
      ]
    },
    {
      "id": 9008605,
      "levelList": [
        {
          "level": 1,
          "name": "劫掠",
          "desc": "[WinDuel] 复制并使用目标级别为1~3的1个技能的硬币威力与硬币数",
          "coinlist": [
            {
              "coindescs": [
                {
                  "desc": ""
                }
              ]
            }
          ]
        }
      ]
    },
    {
      "id": 9008701,
      "levelList": [
        {
          "level": 1,
          "name": "使劲打啊",
          "desc": "[WhenUse] 若目标带有流血 ，则使自身获得1层守护 ",
          "coinlist": [
            {
              "coindescs": [
                {
                  "desc": "[OnSucceedAttack] 下回合对目标施加2层束缚 "
                },
                {
                  "desc": "[OnSucceedAttack] 使目标增加2级流血 强度"
                }
              ]
            }
          ]
        }
      ]
    },
    {
      "id": 9008702,
      "levelList": [
        {
          "level": 1,
          "name": "往这打啊",
          "desc": "[WhenUse] 若目标带有流血 ，则使自身获得1层守护 ",
          "coinlist": [
            {
              "coindescs": [
                {
                  "desc": "[OnSucceedAttack] 下回合对目标施加1层麻痹 "
                },
                {
                  "desc": "[OnSucceedAttack] 使目标增加2级流血 强度"
                }
              ]
            },
            {
              "coindescs": [
                {
                  "desc": "[OnSucceedAttack] 下回合对目标施加2层伤害弱化 "
                },
                {
                  "desc": "[OnSucceedAttack] 使目标增加2级流血 强度"
                }
              ]
            }
          ]
        }
      ]
    },
    {
      "id": 9008703,
      "levelList": [
        {
          "level": 1,
          "name": "再使劲啊",
          "desc": "[EndSkill] 下回合使自身获得1层伤害强化 ",
          "coinlist": [
            {
              "coindescs": [
                {
                  "desc": "[OnSucceedAttack] 使自身获得2层守护 "
                }
              ]
            },
            {
              "coindescs": [
                {
                  "desc": "[OnSucceedAttack] 下回合使自身获得2层守护 "
                },
                {
                  "desc": "[OnSucceedAttack] 下回合使自身增加4级呼吸法 强度"
                }
              ]
            }
          ]
        }
      ]
    },
    {
      "id": 9008704,
      "levelList": [
        {
          "level": 1,
          "name": "防御",
          "desc": "[WhenUse] 下回合使自身增加2级呼吸法 强度。\n回合结束时，根据自身带有的护盾，使自身恢复相应的体力。",
          "coinlist": [
            {}
          ]
        }
      ]
    },
    {
      "id": 9008705,
      "levelList": [
        {
          "level": 1,
          "name": "劫掠",
          "desc": "[WinDuel] 复制并使用目标级别为1~3的1个技能的硬币威力与硬币数",
          "coinlist": [
            {}
          ]
        }
      ]
    },
    {
      "id": 9101101,
      "levelList": [
        {
          "level": 1,
          "name": "洒水",
          "desc": "",
          "coinlist": [
            {
              "coindescs": [
                {
                  "desc": "[OnSucceedAttack] 使目标增加3级沉沦 强度"
                }
              ]
            },
            {
              "coindescs": [
                {
                  "desc": "[OnSucceedAttack] 使目标增加3级沉沦 强度"
                }
              ]
            }
          ]
        }
      ]
    },
    {
      "id": 9101102,
      "levelList": [
        {
          "level": 1,
          "name": "潮湿一击",
          "desc": "",
          "coinlist": [
            {
              "coindescs": [
                {
                  "desc": "[OnSucceedAttack] 对目标施加2层沉沦易损 "
                },
                {
                  "desc": "[OnSucceedAttack] 对目标施加3层流血 "
                },
                {
                  "desc": "[OnSucceedAttack] 使自身恢复本硬币伤害量50%的体力"
                }
              ]
            }
          ]
        }
      ]
    },
    {
      "id": 9101103,
      "levelList": [
        {
          "level": 1,
          "name": "浪潮之掌",
          "desc": "",
          "coinlist": [
            {
              "coindescs": [
                {
                  "desc": "[OnSucceedAttack] 对目标施加2层沉沦 "
                },
                {
                  "desc": "[OnSucceedAttackHead] 使目标增加2级流血 强度"
                }
              ]
            },
            {
              "coindescs": [
                {
                  "desc": "[OnSucceedAttack] 对目标施加2层沉沦 "
                },
                {
                  "desc": "[OnSucceedAttackHead] 使目标增加2级流血 强度"
                }
              ]
            }
          ]
        }
      ]
    },
    {
      "id": 9101104,
      "levelList": [
        {
          "level": 1,
          "name": "哀嚎波浪",
          "desc": "目标每带有5级沉沦 强度，使本技能造成的伤害+20%\n若目标的理智值不高于0点，则使本技能造成的伤害+10%",
          "coinlist": [
            {
              "coindescs": [
                {
                  "desc": "[OnSucceedAttack] 使目标沉沦泛滥 "
                }
              ]
            }
          ]
        }
      ]
    },
    {
      "id": 9101105,
      "levelList": [
        {
          "level": 1,
          "name": "光滑的表皮",
          "desc": "若自身带有护盾时受到攻击，则使攻击者增加1级沉沦 强度",
          "coinlist": [
            {}
          ]
        }
      ]
    },
    {
      "id": 9101201,
      "levelList": [
        {
          "level": 1,
          "name": "往那看",
          "desc": "",
          "coinlist": [
            {
              "coindescs": [
                {
                  "desc": "[OnSucceedAttack] 使目标增加3级流血 强度"
                }
              ]
            }
          ]
        }
      ]
    },
    {
      "id": 9101202,
      "levelList": [
        {
          "level": 1,
          "name": "小的们，来活了",
          "desc": "",
          "coinlist": [
            {
              "coindescs": [
                {
                  "desc": "[OnSucceedAttack] 对目标施加2层流血 "
                },
                {
                  "desc": "[OnSucceedAttackHead] 使目标增加2级流血 强度"
                }
              ]
            },
            {
              "coindescs": [
                {
                  "desc": "[OnSucceedAttack] 对目标施加1层流血 "
                },
                {
                  "desc": "[OnSucceedAttackHead] 使目标增加4级流血 强度"
                }
              ]
            }
          ]
        }
      ]
    },
    {
      "id": 9101203,
      "levelList": [
        {
          "level": 1,
          "name": "战斗指挥",
          "desc": "[WhenUse] 使自身增加5级呼吸法 强度",
          "coinlist": [
            {},
            {
              "coindescs": [
                {
                  "desc": "[OnSucceedAttack] 下回合使除自身以外的全体友方单位获得2层守护 与1层强壮 "
                }
              ]
            }
          ]
        }
      ]
    },
    {
      "id": 9101204,
      "levelList": [
        {
          "level": 1,
          "name": "发现漏洞！开火！",
          "desc": "若目标的流血 强度不低于5级，则使本技能的拼点威力+2",
          "coinlist": [
            {
              "coindescs": [
                {
                  "desc": "[OnSucceedAttack] 使目标增加4级流血 强度"
                },
                {
                  "desc": "[OnSucceedAttackHead] 使目标增加4级流血 强度"
                }
              ]
            },
            {
              "coindescs": [
                {
                  "desc": "[OnSucceedAttack] 对目标施加3层流血 \n根据目标带有的流血 强度，对其额外造成相应的伤害"
                },
                {
                  "desc": "消耗1发弹药 "
                }
              ]
            }
          ]
        }
      ]
    },
    {
      "id": 9101205,
      "levelList": [
        {
          "level": 1,
          "name": "闪避",
          "desc": "[OnSucceedEvade] 下回合使自身增加5级呼吸法 强度。\n[OnSucceedEvade] 下回合使全体友方单位增加2级呼吸法 强度。",
          "coinlist": [
            {
              "coindescs": [
                {
                  "desc": ""
                }
              ]
            }
          ]
        }
      ]
    },
    {
      "id": 9101206,
      "levelList": [
        {
          "level": 1,
          "name": "劫掠",
          "desc": "[WinDuel] 复制并使用目标3技能的硬币威力与硬币数",
          "coinlist": [
            {
              "coindescs": [
                {
                  "desc": ""
                }
              ]
            }
          ]
        }
      ]
    }
  ]
}