{
  "dataList": [
    {
      "id": 2110511,
      "levelList": [
        {
          "level": 1,
          "name": "悲惨假日",
          "abName": "圣道夫",
          "desc": "",
          "coinlist": [
            {
              "coindescs": [
                {
                  "desc": "[OnSucceedAttack] 使目标震颤引爆 "
                },
                {
                  "desc": "[EndSkill] 使理智值最低的2名友方单位获得1层最大共鸣数罪孽属性的伤害强化 "
                },
                {
                  "desc": "[EndSkill] 使理智值最低的2名友方单位恢复20点理智值"
                }
              ]
            }
          ]
        },
        {
          "level": 3,
          "name": "悲惨假日",
          "abName": "圣道夫",
          "desc": "",
          "coinlist": [
            {
              "coindescs": [
                {
                  "desc": "[OnSucceedAttack] 使目标震颤引爆 "
                },
                {
                  "desc": "[EndSkill] 使理智值最低的3名友方单位获得1层最大共鸣数罪孽属性的伤害强化 "
                },
                {
                  "desc": "[EndSkill] 使理智值最低的3名友方单位恢复20点理智值"
                }
              ]
            }
          ]
        },
        {
          "level": 4,
          "name": "悲惨假日",
          "abName": "圣道夫",
          "desc": "",
          "coinlist": [
            {
              "coindescs": [
                {
                  "desc": "[OnSucceedAttack] 使目标震颤引爆 "
                },
                {
                  "desc": "[EndSkill] 使理智值最低的4名友方单位获得1层最大共鸣数罪孽属性的伤害强化 "
                },
                {
                  "desc": "[EndSkill] 使理智值最低的4名友方单位恢复20点理智值"
                }
              ]
            }
          ]
        }
      ]
    },
    {
      "id": 2110521,
      "levelList": [
        {
          "level": 1,
          "name": "悲惨假日",
          "abName": "圣道夫",
          "desc": "[CantIdentify]\n随机指定目标\n[BeforeAttack] 使自身失去体力上限10%的体力",
          "coinlist": [
            {
              "coindescs": [
                {
                  "desc": "[OnSucceedAttack] 使目标失去10点理智值"
                },
                {
                  "desc": "[OnSucceedAttack] 使目标震颤引爆 "
                },
                {
                  "desc": "[OnSucceedAttackTail] 对目标施加1层最大共鸣数罪孽属性的易损 "
                }
              ]
            }
          ]
        },
        {
          "level": 3,
          "name": "悲惨假日",
          "abName": "圣道夫",
          "desc": "[CantIdentify]\n随机指定目标\n[BeforeAttack] 使自身失去体力上限10%的体力",
          "coinlist": [
            {
              "coindescs": [
                {
                  "desc": "[OnSucceedAttack] 使目标失去10点理智值"
                },
                {
                  "desc": "[OnSucceedAttack] 使目标震颤引爆 "
                },
                {
                  "desc": "[OnSucceedAttackTail] 对目标施加2层最大共鸣数罪孽属性的易损 "
                },
                {
                  "desc": "[EndSkillTail] 使自身获得1层最大共鸣数罪孽属性的伤害强化 "
                }
              ]
            }
          ]
        },
        {
          "level": 4,
          "name": "悲惨假日",
          "abName": "圣道夫",
          "desc": "[CantIdentify]\n随机指定目标\n[BeforeAttack] 使自身失去体力上限10%的体力",
          "coinlist": [
            {
              "coindescs": [
                {
                  "desc": "[OnSucceedAttack] 使目标失去10点理智值"
                },
                {
                  "desc": "[OnSucceedAttack] 使目标震颤引爆 "
                },
                {
                  "desc": "[OnSucceedAttack] 对目标施加2层最大共鸣数罪孽属性的易损 "
                },
                {
                  "desc": "[EndSkillTail] 使自身获得1层最大共鸣数罪孽属性的伤害强化 "
                }
              ]
            }
          ]
        }
      ]
    },
    {
      "id": 2110611,
      "levelList": [
        {
          "level": 1,
          "name": "拘束",
          "abName": "受缚之王",
          "desc": "[BeforeAttack] 使本技能的攻击容量+(最大傲慢或怠惰共鸣数-2)(最多+2)\n[EndSkill] 3回合内，回合结束时使自身失去10点理智值",
          "coinlist": [
            {
              "coindescs": [
                {
                  "desc": "[OnSucceedAttack] 使目标增加4级震颤 强度"
                },
                {
                  "desc": "[OnSucceedAttack] 使目标振幅转换 为[VibrationCrack]"
                },
                {
                  "desc": "[OnSucceedAttack] 使目标震颤引爆 "
                }
              ]
            }
          ]
        },
        {
          "level": 3,
          "name": "拘束",
          "abName": "受缚之王",
          "desc": "[BeforeAttack] 使本技能的攻击容量+(最大傲慢或怠惰共鸣数-2)(最多+2)\n使目标被震颤引爆 时的混乱阈值前移量增加50%\n[EndSkill] 3回合内，回合结束时使自身失去9点理智值",
          "coinlist": [
            {
              "coindescs": [
                {
                  "desc": "[OnSucceedAttack] 使目标增加5级震颤 强度"
                },
                {
                  "desc": "[OnSucceedAttack] 使目标振幅转换 为[VibrationCrack]"
                },
                {
                  "desc": "[OnSucceedAttack] 使目标震颤引爆 "
                }
              ]
            }
          ]
        },
        {
          "level": 4,
          "name": "拘束",
          "abName": "受缚之王",
          "desc": "[BeforeAttack] 使本技能的攻击容量+(最大傲慢或怠惰共鸣数-2)(最多+2)\n使目标被震颤引爆 时的混乱阈值前移量增加100%\n[EndSkill] 3回合内，回合结束时使自身失去8点理智值",
          "coinlist": [
            {
              "coindescs": [
                {
                  "desc": "[OnSucceedAttack] 使目标增加6级震颤 强度"
                },
                {
                  "desc": "[OnSucceedAttack] 使目标振幅转换 为[VibrationCrack]"
                },
                {
                  "desc": "[OnSucceedAttack] 使目标震颤引爆 "
                }
              ]
            }
          ]
        }
      ]
    },
    {
      "id": 2110621,
      "levelList": [
        {
          "level": 1,
          "name": "拘束",
          "abName": "受缚之王",
          "desc": "[CantIdentify]\n随机指定目标\n[BeforeAttack] 使本技能的攻击容量+(最大傲慢或怠惰共鸣数-2)(最多+2)",
          "coinlist": [
            {
              "coindescs": [
                {
                  "desc": "[OnSucceedAttack] 使目标增加4级震颤 强度"
                },
                {
                  "desc": "[OnSucceedAttack] 对目标施加2层震颤 "
                },
                {
                  "desc": "[OnSucceedAttack] 使目标振幅转换 为[VibrationCrack]"
                },
                {
                  "desc": "[OnSucceedAttack] 使目标震颤引爆 "
                }
              ]
            }
          ]
        },
        {
          "level": 3,
          "name": "拘束",
          "abName": "受缚之王",
          "desc": "[CantIdentify]\n随机指定目标\n[BeforeAttack] 使本技能的攻击容量+(最大傲慢或怠惰共鸣数-2)(最多+2)\n使目标被震颤引爆 时的混乱阈值前移量增加50%",
          "coinlist": [
            {
              "coindescs": [
                {
                  "desc": "[OnSucceedAttack] 使目标增加5级震颤 强度"
                },
                {
                  "desc": "[OnSucceedAttack] 对目标施加2层震颤 "
                },
                {
                  "desc": "[OnSucceedAttack] 使目标振幅转换 为[VibrationCrack]"
                },
                {
                  "desc": "[OnSucceedAttackTail] 使目标震颤引爆 "
                },
                {
                  "desc": "[OnSucceedAttack] 使目标震颤引爆 "
                }
              ]
            }
          ]
        },
        {
          "level": 4,
          "name": "拘束",
          "abName": "受缚之王",
          "desc": "[CantIdentify]\n随机指定目标\n[BeforeAttack] 使本技能的攻击容量+(最大傲慢或怠惰共鸣数-2)(最多+2)\n使目标被震颤引爆 时的混乱阈值前移量增加50%",
          "coinlist": [
            {
              "coindescs": [
                {
                  "desc": "[OnSucceedAttack] 使目标增加6级震颤 强度"
                },
                {
                  "desc": "[OnSucceedAttack] 对目标施加3层震颤 "
                },
                {
                  "desc": "[OnSucceedAttack] 使目标振幅转换 为[VibrationCrack]"
                },
                {
                  "desc": "[OnSucceedAttackTail] 使目标震颤引爆 "
                },
                {
                  "desc": "[OnSucceedAttackTail] 使目标震颤引爆 "
                },
                {
                  "desc": "[OnSucceedAttack] 使目标震颤引爆 "
                }
              ]
            }
          ]
        }
      ]
    },
    {
      "id": 2110711,
      "levelList": [
        {
          "level": 1,
          "name": "次元撕裂者",
          "abName": "迷失的乘客",
          "desc": "[BeforeAttack] 若最大共鸣数不低于4，则使本技能的攻击容量+1\n[BeforeAttack] 若自身的充能 层数低于10层，则消耗体力上限15%的体力并获得10层充能 (该伤害不会使自身体力降至0点，向下取整)\n[BeforeAttack] 消耗至多40层充能 ，每消耗1层充能 ，使本技能造成的伤害+1%(最多+10%)",
          "coinlist": [
            {
              "coindescs": [
                {
                  "desc": "[OnSucceedAttack] 对目标施加(自身的充能 强度-1)层次元裂痕 (最多1层)"
                },
                {
                  "desc": "[OnSucceedAttack] 自身每带有1级充能 强度，下回合使自身获得1层迅捷 与1层负荷 (每个技能最多1层)"
                },
                {
                  "desc": "[EnemyKill] 使自身获得2层充能 "
                }
              ]
            }
          ]
        },
        {
          "level": 3,
          "name": "次元撕裂者",
          "abName": "迷失的乘客",
          "desc": "[BeforeAttack] 若最大共鸣数不低于3，则使本技能的攻击容量+1\n[BeforeAttack] 若自身的充能 层数低于10层，则消耗体力上限15%的体力并获得10层充能 (该伤害不会使自身体力降至0点，向下取整)\n[BeforeAttack] 消耗至多40层充能 ，每消耗1层充能 ，使本技能造成的伤害+1%(最多+20%)",
          "coinlist": [
            {
              "coindescs": [
                {
                  "desc": "[OnSucceedAttack] 对目标施加(自身的充能 强度-1)层次元裂痕 (最多2层)"
                },
                {
                  "desc": "[OnSucceedAttack] 自身每带有1级充能 强度，下回合使自身获得1层迅捷 与1层负荷 (每个技能最多2层)"
                },
                {
                  "desc": "[EnemyKill] 使自身获得2层充能 "
                }
              ]
            }
          ]
        },
        {
          "level": 4,
          "name": "次元撕裂者",
          "abName": "迷失的乘客",
          "desc": "[BeforeAttack] 使本技能的攻击容量+(最大共鸣数-2)(最多+2)\n[BeforeAttack] 若自身的充能 层数低于10层，则消耗体力上限10%的体力并获得10层充能 (该伤害不会使自身体力降至0点，向下取整)\n[BeforeAttack] 消耗至多40层充能 ，每消耗1层充能 ，使本技能造成的伤害+1%(最多+30%)",
          "coinlist": [
            {
              "coindescs": [
                {
                  "desc": "[OnSucceedAttack] 对目标施加(自身的充能 强度-1)层次元裂痕 (最多2层)"
                },
                {
                  "desc": "[OnSucceedAttack] 自身每带有1级充能 强度，下回合使自身获得1层迅捷 与1层负荷 (每个技能最多3层)"
                },
                {
                  "desc": "[EnemyKill] 使自身获得2层充能 "
                }
              ]
            }
          ]
        }
      ]
    },
    {
      "id": 2110721,
      "levelList": [
        {
          "level": 1,
          "name": "次元撕裂者",
          "abName": "迷失的乘客",
          "desc": "[CantIdentify]\n随机指定目标\n[BeforeAttack] 若最大共鸣数不低于4，则使本技能的攻击容量+1\n[BeforeAttack] 若自身的充能 层数低于最大充能 层数，则消耗体力上限(相差的充能 层数×1.5)%的体力并使自身获得至最大充能 层数(本效果最大充能 层数获取量：30。该伤害不会使自身体力降至0点，向下取整)\n[BeforeAttack] 消耗至多40层充能 ，每消耗1层充能 ，使本技能造成的伤害+2%(最多+20%)",
          "coinlist": [
            {
              "coindescs": [
                {
                  "desc": "[OnSucceedAttack] 对目标施加(自身的充能 强度-1)层次元裂痕 (最多2层)"
                },
                {
                  "desc": "[OnSucceedAttack] 自身每带有1级充能 强度，下回合使自身获得1层迅捷 与1层负荷 (每个技能最多2层)"
                },
                {
                  "desc": "[EnemyKill] 使自身获得2层充能 "
                }
              ]
            }
          ]
        },
        {
          "level": 3,
          "name": "次元撕裂者",
          "abName": "迷失的乘客",
          "desc": "[CantIdentify]\n随机指定目标\n[BeforeAttack] 若最大共鸣数不低于4，则使本技能的攻击容量+1\n[BeforeAttack] 若自身的充能 层数低于最大充能 层数，则消耗体力上限(相差的充能 层数×1.2)%的体力并使自身获得至最大充能 层数(本效果最大充能 层数获取量：30。该伤害不会使自身体力降至0点，向下取整)\n[BeforeAttack] 消耗至多40层充能 ，每消耗1层充能 ，使本技能造成的伤害+2%(最多+40%)",
          "coinlist": [
            {
              "coindescs": [
                {
                  "desc": "[OnSucceedAttack] 对目标施加(自身的充能 强度-1)层次元裂痕 (最多2层)"
                },
                {
                  "desc": "[OnSucceedAttack] 自身每带有1级充能 强度，下回合使自身获得1层迅捷 与1层负荷 (每个技能最多2层)"
                },
                {
                  "desc": "[EnemyKill] 使自身获得2层充能 "
                }
              ]
            }
          ]
        },
        {
          "level": 4,
          "name": "次元撕裂者",
          "abName": "迷失的乘客",
          "desc": "[CantIdentify]\n随机指定目标\n[BeforeAttack] 使本技能的攻击容量+(最大共鸣数-2)(最多+2)\n[BeforeAttack] 若自身的充能 层数低于最大充能 层数，则消耗体力上限(相差的充能 层数)%的体力并使自身获得至最大充能 层数(本效果最大充能 层数获取量：30。该伤害不会使自身体力降至0点，向下取整)\n[BeforeAttack] 消耗至多40层充能 ，每消耗1层充能 ，使本技能造成的伤害+2%(最多+60%)",
          "coinlist": [
            {
              "coindescs": [
                {
                  "desc": "[OnSucceedAttack] 对目标施加(自身的充能 强度-1)层次元裂痕 (最多4层)"
                },
                {
                  "desc": "[OnSucceedAttack] 自身每带有1级充能 强度，下回合使自身获得1层迅捷 与1层负荷 (每个技能最多3层)"
                },
                {
                  "desc": "[EnemyKill] 使自身获得2层充能 "
                }
              ]
            }
          ]
        }
      ]
    }
  ]
}