{
  "dataList": [
    {
      "id": 9014001,
      "levelList": [
        {
          "level": 1,
          "name": "别来烦我",
          "desc": "[WhenUse] 对自身施加2层震颤 ",
          "coinlist": [
            {
              "coindescs": [
                {
                  "desc": "[OnSucceedAttack] 根据目标的震颤 层数，对自身施加相应层数的震颤 "
                },
                {
                  "desc": "[OnSucceedAttack] 对目标施加2层震颤 "
                },
                {
                  "desc": "[OnSucceedAttackHead] 对自身施加2层震颤 "
                }
              ]
            }
          ]
        }
      ]
    },
    {
      "id": 9014002,
      "levelList": [
        {
          "level": 1,
          "name": "秘密武器",
          "desc": "[WhenUse] 对自身施加2层震颤 ",
          "coinlist": [
            {
              "coindescs": [
                {
                  "desc": "[OnSucceedAttack] 对目标施加1层震颤 "
                }
              ]
            },
            {
              "coindescs": [
                {
                  "desc": "[OnSucceedAttack] 对目标施加1层震颤 "
                }
              ]
            },
            {
              "coindescs": [
                {
                  "desc": "[OnSucceedAttack] 对目标施加1层震颤 "
                }
              ]
            },
            {
              "coindescs": [
                {
                  "desc": "[OnSucceedAttack] 对目标施加1层震颤 "
                }
              ]
            }
          ]
        }
      ]
    },
    {
      "id": 9014003,
      "levelList": [
        {
          "level": 1,
          "name": "肮脏的表链子！",
          "desc": "自身每带有5层震颤 ，使本技能的拼点威力+1(最多+2)\n[WhenUse] 使自身的震颤 振幅转换 为震颤-分配 ",
          "coinlist": [
            {
              "coindescs": [
                {
                  "desc": "[OnSucceedAttack] 根据自身的震颤 层数，对目标施加相应层数的震颤 "
                }
              ]
            },
            {
              "coindescs": [
                {
                  "desc": "[OnSucceedAttack] 使目标震颤引爆 ，并使其震颤 层数减少1层"
                }
              ]
            }
          ]
        }
      ]
    },
    {
      "id": 9014004,
      "levelList": [
        {
          "level": 1,
          "name": "防御",
          "desc": "[StartBattle] 使自身获得2×(自身的震颤 层数)点护盾体力(最多20点)",
          "coinlist": [
            {
              "coindescs": [
                {
                  "desc": ""
                }
              ]
            }
          ]
        }
      ]
    },
    {
      "id": 9014101,
      "levelList": [
        {
          "level": 1,
          "name": "让开让开",
          "desc": "[WhenUse] 对自身施加2层震颤 ",
          "coinlist": [
            {
              "coindescs": [
                {
                  "desc": "[OnSucceedAttack] 根据目标的震颤 强度，使自身增加相应的震颤 强度"
                },
                {
                  "desc": "[OnSucceedAttack] 使目标增加6级震颤 强度"
                },
                {
                  "desc": "[OnSucceedAttackHead] 对自身施加2层震颤 "
                }
              ]
            }
          ]
        }
      ]
    },
    {
      "id": 9014102,
      "levelList": [
        {
          "level": 1,
          "name": "可别小瞧我",
          "desc": "[WhenUse] 对自身施加2层震颤 ",
          "coinlist": [
            {
              "coindescs": [
                {
                  "desc": "[OnSucceedAttack] 使目标增加3级震颤 强度"
                }
              ]
            },
            {
              "coindescs": [
                {
                  "desc": "[OnSucceedAttack] 使目标增加3级震颤 强度"
                }
              ]
            },
            {
              "coindescs": [
                {
                  "desc": "[OnSucceedAttack] 使目标增加3级震颤 强度"
                }
              ]
            },
            {
              "coindescs": [
                {
                  "desc": "[OnSucceedAttack] 使目标增加3级震颤 强度"
                }
              ]
            }
          ]
        }
      ]
    },
    {
      "id": 9014103,
      "levelList": [
        {
          "level": 1,
          "name": "下贱的表链子！",
          "desc": "自身每带有5层震颤 ，使本技能的拼点威力+1(最多+2)\n[WhenUse] 使自身的震颤 振幅转换 为震颤-分配 ",
          "coinlist": [
            {
              "coindescs": [
                {
                  "desc": "[OnSucceedAttack] 根据自身的震颤 强度，使目标增加相应的震颤 强度"
                }
              ]
            },
            {
              "coindescs": [
                {
                  "desc": "[OnSucceedAttack] 使目标震颤引爆 ，并使其震颤 层数减少1层"
                }
              ]
            }
          ]
        }
      ]
    },
    {
      "id": 9014104,
      "levelList": [
        {
          "level": 1,
          "name": "防御",
          "desc": "[StartBattle] 使自身获得2×(自身的震颤 层数)点护盾体力(最多20点)",
          "coinlist": [
            {
              "coindescs": [
                {
                  "desc": ""
                }
              ]
            }
          ]
        }
      ]
    },
    {
      "id": 9101701,
      "levelList": [
        {
          "level": 1,
          "name": "你有良心吗？",
          "desc": "[WhenUse] 对自身施加1层震颤 ",
          "coinlist": [
            {
              "coindescs": [
                {
                  "desc": "[OnSucceedAttack] 使目标增加2级震颤 强度"
                }
              ]
            },
            {
              "coindescs": [
                {
                  "desc": "[OnSucceedAttack] 使目标增加2级震颤 强度"
                }
              ]
            }
          ]
        }
      ]
    },
    {
      "id": 9101702,
      "levelList": [
        {
          "level": 1,
          "name": "你没良心啊",
          "desc": "[WhenUse] 对自身施加1层震颤 ",
          "coinlist": [
            {
              "coindescs": [
                {
                  "desc": "[OnSucceedAttack] 使目标增加3级震颤 强度"
                }
              ]
            },
            {
              "coindescs": [
                {
                  "desc": "[OnSucceedAttack] 使目标增加3级震颤 强度"
                }
              ]
            }
          ]
        }
      ]
    },
    {
      "id": 9101703,
      "levelList": [
        {
          "level": 1,
          "name": "保护得了他们吗？",
          "desc": "[WhenUse] 对自身施加1层震颤 ",
          "coinlist": [
            {
              "coindescs": [
                {
                  "desc": "[OnSucceedAttack] 使目标增加5级震颤 强度"
                }
              ]
            },
            {
              "coindescs": [
                {
                  "desc": "[OnSucceedAttack] 若自身的震颤 层数不低于10层，则使目标震颤引爆 并使其震颤 层数减少1层"
                },
                {
                  "desc": "[OnSucceedAttack] 若目标的震颤 强度不低于15级，则使其震颤引爆 并使其震颤 层数减少1层"
                }
              ]
            }
          ]
        }
      ]
    },
    {
      "id": 9101704,
      "levelList": [
        {
          "level": 1,
          "name": "你那武器报废了吧？",
          "desc": "[WhenUse] 对自身施加2层震颤 ",
          "coinlist": [
            {
              "coindescs": [
                {
                  "desc": "[OnSucceedAttack] 使目标增加5级震颤 强度"
                }
              ]
            },
            {
              "coindescs": [
                {
                  "desc": "[OnSucceedAttack] 使目标增加5级震颤 强度"
                }
              ]
            },
            {
              "coindescs": [
                {
                  "desc": "[OnSucceedAttack] 使目标振幅转换 为震颤-崩坏 "
                }
              ]
            }
          ]
        }
      ]
    },
    {
      "id": 9101705,
      "levelList": [
        {
          "level": 1,
          "name": "准备好了？",
          "desc": "优先指定带有震颤-崩坏 的目标\n[WhenUse] 根据自身带有的震颤 层数，对除自身以外的全体友方单位施加相应层数的震颤 \n[WhenUse] 使包括自身在内的全体友方单位的震颤 振幅转换 为震颤-分配 ",
          "coinlist": [
            {},
            {},
            {
              "coindescs": [
                {
                  "desc": "[OnSucceedAttack] 使目标增加10级震颤 强度"
                }
              ]
            },
            {
              "coindescs": [
                {
                  "desc": "[OnSucceedAttack] 使目标以震颤-回响 振幅纠缠 "
                }
              ]
            }
          ]
        }
      ]
    },
    {
      "id": 9101706,
      "levelList": [
        {
          "level": 1,
          "name": "防御",
          "desc": "[StartBattle] 使自身获得3×(自身的震颤 层数)点护盾体力(最多30点)",
          "coinlist": [
            {
              "coindescs": [
                {
                  "desc": ""
                }
              ]
            }
          ]
        }
      ]
    },
    {
      "id": 9101707,
      "levelList": [
        {
          "level": 1,
          "name": "为了我们的事业",
          "desc": "[CantDuel]\n[StartBattle] 对自身施加层数相当于除自身以外全体友方单位震颤 层数之和的震颤 ，解除全体友方单位的震颤 \n[StartBattle] 自身每带有3层震颤 ，使自身获得1层攻击等级提升 \n[WhenUse] 对自身施加9层震颤 ",
          "coinlist": [
            {
              "coindescs": [
                {
                  "desc": "[OnSucceedAttack] 使目标增加10级震颤 强度"
                },
                {
                  "desc": "[OnSucceedAttack] 对目标追加自身带有的震颤 层数10%的怠惰伤害"
                }
              ]
            },
            {
              "coindescs": [
                {
                  "desc": "[OnSucceedAttack] 对目标施加4层震颤 "
                },
                {
                  "desc": "[OnSucceedAttack] 对目标追加自身带有的震颤 层数10%的怠惰伤害"
                }
              ]
            },
            {
              "coindescs": [
                {
                  "desc": "[OnSucceedAttack] 消耗自身的3层震颤 使目标震颤引爆 ，并使其震颤 层数减少1层"
                },
                {
                  "desc": "[OnSucceedAttack] 消耗自身的3层震颤 使目标震颤引爆 ，并使其震颤 层数减少1层"
                },
                {
                  "desc": "[OnSucceedAttack] 消耗自身的3层震颤 使目标震颤引爆 ，并使其震颤 层数减少1层"
                }
              ]
            }
          ]
        }
      ]
    },
    {
      "id": 9014201,
      "levelList": [
        {
          "level": 1,
          "name": "征收检查",
          "desc": "[WhenUse] 对自身施加1层震颤 ",
          "coinlist": [
            {
              "coindescs": [
                {
                  "desc": "[OnSucceedAttack] 若目标的震颤 层数不低于4层，则对其施加1层[InterlockingTime]"
                }
              ]
            },
            {
              "coindescs": [
                {
                  "desc": "[OnSucceedAttack] 若目标的震颤 层数不低于4层，则对其施加1层[InterlockingTime]"
                },
                {
                  "desc": "[OnSucceedAttack] 对自身施加1层震颤 "
                }
              ]
            }
          ]
        }
      ]
    },
    {
      "id": 9014202,
      "levelList": [
        {
          "level": 1,
          "name": "请您止步。",
          "desc": "[WhenUse] 对自身施加2层震颤 \n[WhenUse] 若自身的震颤 层数不低于4层，则使本技能的拼点威力+1",
          "coinlist": [
            {
              "coindescs": [
                {
                  "desc": "[OnSucceedAttack] 下回合对目标施加2层麻痹 "
                },
                {
                  "desc": "[OnSucceedAttack] 若自身的震颤 层数不低于4层，则使目标增加8级震颤 强度"
                }
              ]
            },
            {
              "coindescs": [
                {
                  "desc": "[OnSucceedAttack] 对自身施加2层震颤 "
                },
                {
                  "desc": "[OnSucceedAttack] 下回合对目标施加2层麻痹 "
                },
                {
                  "desc": "[OnSucceedAttack] 若自身的震颤 层数不低于4层，则对目标施加8层震颤 "
                }
              ]
            }
          ]
        }
      ]
    },
    {
      "id": 9014203,
      "levelList": [
        {
          "level": 1,
          "name": "强制征收执行。",
          "desc": "[WhenUse] 自身每带有5层震颤 ，则使本技能的拼点威力+1(最多+2)\n[WhenUse] 若自身的震颤 层数不低于5层，则自身每带有1层震颤 ，使本技能造成的伤害+10%(最多+100%)\n[EndSkill] 消耗自身所有震颤 层数",
          "coinlist": [
            {
              "coindescs": [
                {
                  "desc": "[OnSucceedAttack] 下回合对自身施加2层震颤 "
                },
                {
                  "desc": "[OnSucceedAttack] 若目标的震颤 强度不低于8级，则对其施加1层[InterlockingTime]"
                },
                {
                  "desc": "[OnSucceedAttack] 若自身的震颤 层数不低于4层，则使目标增加8级震颤 强度"
                }
              ]
            },
            {
              "coindescs": [
                {
                  "desc": "[OnSucceedAttack] 下回合对自身施加2层震颤 "
                },
                {
                  "desc": "[OnSucceedAttack] 若目标的震颤 层数不低于4层，则对其施加1层[InterlockingTime]"
                },
                {
                  "desc": "[OnSucceedAttack] 若自身的震颤 层数不低于4层，则对目标施加5层震颤 "
                }
              ]
            },
            {
              "coindescs": [
                {
                  "desc": "[OnSucceedAttack] 若自身的震颤 层数不低于7层，则对目标施加1层[InterlockingTime]"
                },
                {
                  "desc": "[OnSucceedAttack] 使目标震颤引爆 "
                },
                {
                  "desc": "[OnSucceedAttack] 若自身的震颤 层数不低于4层，则使目标振幅转换 为震颤-锁链 "
                }
              ]
            }
          ]
        }
      ]
    },
    {
      "id": 9014204,
      "levelList": [
        {
          "level": 1,
          "name": "时间租赁",
          "desc": "[StartBattle] 消耗5层震颤 并使自身获得3层[TimeRentalTwo]",
          "coinlist": [
            {
              "coindescs": [
                {
                  "desc": ""
                }
              ]
            }
          ]
        }
      ]
    },
    {
      "id": 9014301,
      "levelList": [
        {
          "level": 1,
          "name": "征收准备",
          "desc": "[WhenUse] 对自身施加2层震颤 ",
          "coinlist": [
            {
              "coindescs": [
                {
                  "desc": "[OnSucceedAttack] 若自身的震颤 层数不低于3层，则使目标增加3级震颤 强度"
                },
                {
                  "desc": "[OnSucceedAttackHead] 对自身施加1层震颤 "
                }
              ]
            }
          ]
        }
      ]
    },
    {
      "id": 9014302,
      "levelList": [
        {
          "level": 1,
          "name": "T公司产加速切断器",
          "desc": "[WhenUse] 对自身施加2层震颤 ",
          "coinlist": [
            {
              "coindescs": [
                {
                  "desc": "[OnSucceedAttack] 下回合对目标施加1层易损 "
                },
                {
                  "desc": "使目标增加2级震颤 强度"
                },
                {
                  "desc": "[OnSucceedAttack] 对自身施加2层震颤 "
                }
              ]
            },
            {
              "coindescs": [
                {
                  "desc": "[OnSucceedAttack] 下回合对目标施加1层易损 "
                },
                {
                  "desc": "[OnSucceedAttack] 使目标增加2级震颤 强度"
                }
              ]
            }
          ]
        }
      ]
    },
    {
      "id": 9014303,
      "levelList": [
        {
          "level": 1,
          "name": "请出示钟表。",
          "desc": "[WhenUse] 若自身的震颤 层数不低于5层，则使本技能的拼点威力+1\n[WhenUse] 对自身施加2层震颤 \n[WinDuel] 消耗自身的3层震颤 并使自身获得1层[TimeRentalTwo]",
          "coinlist": [
            {
              "coindescs": [
                {
                  "desc": "[OnSucceedAttack] 下回合对目标施加2层易损 "
                }
              ]
            },
            {
              "coindescs": [
                {
                  "desc": "[OnSucceedAttack] 下回合对目标施加1层虚弱 "
                },
                {
                  "desc": "[OnSucceedAttack] 若自身的震颤 层数不低于5层，则使目标振幅转换 为震颤-锁链 "
                }
              ]
            }
          ]
        }
      ]
    },
    {
      "id": 9014304,
      "levelList": [
        {
          "level": 1,
          "name": "强制征收执行。",
          "desc": "[WhenUse] 对自身施加3层震颤 \n[WhenUse] 自身每带有4层震颤 ，使本技能的基础威力+1(最多+3)\n[WinDuel] 消耗自身的5层震颤 并使自身获得3层[TimeRentalTwo]",
          "coinlist": [
            {
              "coindescs": [
                {
                  "desc": "[OnSucceedAttack] 消耗自身的1层震颤 并对目标施加1层易损 "
                }
              ]
            },
            {
              "coindescs": [
                {
                  "desc": "[OnSucceedAttack] 消耗自身的1层震颤 并对目标施加3层震颤 "
                }
              ]
            },
            {
              "coindescs": [
                {
                  "desc": "[OnSucceedAttack] 消耗自身的1层震颤 并使目标增加8级震颤 强度"
                }
              ]
            },
            {
              "coindescs": [
                {
                  "desc": "[OnSucceedAttack] 消耗自身的2层震颤 ，使目标震颤引爆 并重复使用本硬币(最多1次)"
                },
                {
                  "desc": "[OnSucceedAttack] 消耗自身的5层震颤 并对目标施加2层[TimeAccumulation]"
                }
              ]
            }
          ]
        }
      ]
    },
    {
      "id": 9014305,
      "levelList": [
        {
          "level": 1,
          "name": "时间租赁",
          "desc": "[StartBattle] 消耗4层震颤 并使自身获得3层[TimeRentalTwo]\n[StartBattle] 对自身施加2层[Vibration]",
          "coinlist": [
            {
              "coindescs": [
                {
                  "desc": ""
                }
              ]
            }
          ]
        }
      ]
    },
    {
      "id": 9014401,
      "levelList": [
        {
          "level": 1,
          "name": "征收准备",
          "desc": "[WhenUse] 对自身施加2层震颤 ",
          "coinlist": [
            {
              "coindescs": [
                {
                  "desc": "[OnSucceedAttack] 若自身的震颤 层数不低于3层，则使目标增加3级震颤 强度"
                },
                {
                  "desc": "[OnSucceedAttackHead] 对自身施加1层震颤 "
                }
              ]
            }
          ]
        }
      ]
    },
    {
      "id": 9014402,
      "levelList": [
        {
          "level": 1,
          "name": "T公司产时间捕捉器",
          "desc": "[WhenUse] 对自身施加2层震颤 ",
          "coinlist": [
            {
              "coindescs": [
                {
                  "desc": "[OnSucceedAttack] 消耗自身的1层震颤 ，使目标增加2级震颤 强度并在下回合对其施加2层麻痹 "
                },
                {
                  "desc": "[OnSucceedAttack] 对自身施加2层震颤 "
                }
              ]
            },
            {
              "coindescs": [
                {
                  "desc": "[OnSucceedAttack] 消耗自身的1层震颤 ，使目标增加2级震颤 强度并在下回合对其施加2层麻痹 "
                }
              ]
            }
          ]
        }
      ]
    },
    {
      "id": 9014403,
      "levelList": [
        {
          "level": 1,
          "name": "请您留步。",
          "desc": "[WhenUse] 若自身的震颤 层数不低于5层，则使本技能的拼点威力+1\n[WhenUse] 对自身施加2层震颤 \n[WinDuel] 消耗自身的3层震颤 并使自身获得1层[TimeRentalTwo]",
          "coinlist": [
            {
              "coindescs": [
                {
                  "desc": "[OnSucceedAttack] 消耗自身的2层震颤 并在下回合对目标施加2层束缚 "
                }
              ]
            },
            {
              "coindescs": [
                {
                  "desc": "[OnSucceedAttack] 消耗自身的2层震颤 并在下回合对目标施加2层拼点虚弱 "
                }
              ]
            }
          ]
        }
      ]
    },
    {
      "id": 9014404,
      "levelList": [
        {
          "level": 1,
          "name": "强制征收执行。",
          "desc": "[WhenUse] 对自身施加3层震颤 \n[WhenUse] 自身每带有4层震颤 ，使本技能的基础威力+1(最多+3)\n[WinDuel] 消耗自身的5层震颤 并使自身获得3层[TimeRentalTwo]",
          "coinlist": [
            {
              "coindescs": [
                {
                  "desc": "[OnSucceedAttack] 消耗自身的1层震颤 并对目标施加1层易损 "
                }
              ]
            },
            {
              "coindescs": [
                {
                  "desc": "[OnSucceedAttack] 消耗自身的1层震颤 并对目标施加3层震颤 "
                }
              ]
            },
            {
              "coindescs": [
                {
                  "desc": "[OnSucceedAttack] 消耗自身的1层震颤 并使目标增加8级震颤 强度"
                }
              ]
            },
            {
              "coindescs": [
                {
                  "desc": "[OnSucceedAttack] 消耗自身的2层震颤 ，使目标震颤引爆 并重复使用本硬币(最多1次)"
                },
                {
                  "desc": "[OnSucceedAttack] 消耗自身的5层震颤 并对目标施加2层[TimeAccumulation]"
                }
              ]
            }
          ]
        }
      ]
    },
    {
      "id": 9014405,
      "levelList": [
        {
          "level": 1,
          "name": "时间租赁",
          "desc": "[StartBattle] 消耗4层震颤 并使自身获得3层[TimeRentalTwo]\n[StartBattle] 对自身施加2层[Vibration]",
          "coinlist": [
            {
              "coindescs": [
                {
                  "desc": ""
                }
              ]
            }
          ]
        }
      ]
    }
  ]
}