{
  "dataList": [
    {
      "id": 2060411,
      "levelList": [
        {
          "level": 1,
          "name": "美味苏打",
          "abName": "韦尔奇乐牌汽水",
          "desc": "",
          "coinlist": [
            {
              "coindescs": [
                {
                  "desc": "[EndSkillHead] 使现存体力比例最低的2名友方单位恢复10点体力"
                },
                {
                  "desc": "[EndSkillTail] 使理智值最低的2名友方单位恢复10点理智值"
                }
              ]
            }
          ]
        },
        {
          "level": 3,
          "name": "美味苏打",
          "abName": "韦尔奇乐牌汽水",
          "desc": "",
          "coinlist": [
            {
              "coindescs": [
                {
                  "desc": "[EndSkillHead] 使现存体力比例最低的2名友方单位恢复12点体力"
                },
                {
                  "desc": "[EndSkillTail] 使理智值最低的2名友方单位恢复12点理智值"
                },
                {
                  "desc": "[CriticalEndSkill] 使现存体力比例最低的1名友方单位恢复6点体力；使理智值最低的1名友方单位恢复6点理智值"
                }
              ]
            }
          ]
        },
        {
          "level": 4,
          "name": "美味苏打",
          "abName": "韦尔奇乐牌汽水",
          "desc": "",
          "coinlist": [
            {
              "coindescs": [
                {
                  "desc": "[EndSkillHead] 使现存体力比例最低的2名友方单位恢复15点体力"
                },
                {
                  "desc": "[EndSkillTail] 使理智值最低的2名友方单位恢复15点理智值"
                },
                {
                  "desc": "[CriticalEndSkill] 使现存体力比例最低的1名友方单位恢复8点体力；使理智值最低的1名友方单位恢复8点理智值"
                }
              ]
            }
          ]
        }
      ]
    },
    {
      "id": 2060421,
      "levelList": [
        {
          "level": 1,
          "name": "美味苏打",
          "abName": "韦尔奇乐牌汽水",
          "desc": "[CantIdentify]\n指定体力最低的单位",
          "coinlist": [
            {
              "coindescs": [
                {
                  "desc": "[OnSucceedAttackHead] 下回合对目标施加1层束缚 "
                },
                {
                  "desc": "[OnSucceedAttack] 使目标增加3级震颤 强度"
                }
              ]
            }
          ]
        },
        {
          "level": 3,
          "name": "美味苏打",
          "abName": "韦尔奇乐牌汽水",
          "desc": "[CantIdentify]\n指定体力最低的单位",
          "coinlist": [
            {
              "coindescs": [
                {
                  "desc": "[OnSucceedAttackHead] 下回合对目标施加1层束缚 "
                },
                {
                  "desc": "[OnSucceedAttack] 使目标增加4级震颤 强度"
                }
              ]
            }
          ]
        },
        {
          "level": 4,
          "name": "美味苏打",
          "abName": "韦尔奇乐牌汽水",
          "desc": "[CantIdentify]\n指定体力最低的单位",
          "coinlist": [
            {
              "coindescs": [
                {
                  "desc": "[OnSucceedAttack] 下回合对目标施加1层束缚 "
                },
                {
                  "desc": "[OnSucceedAttack] 使目标增加5级震颤 强度"
                }
              ]
            }
          ]
        }
      ]
    },
    {
      "id": 2060511,
      "levelList": [
        {
          "level": 1,
          "name": "沸腾腐蚀",
          "abName": "陆行珍珠",
          "desc": "",
          "coinlist": [
            {
              "coindescs": [
                {
                  "desc": "[OnSucceedAttack] 使目标增加(暴食共鸣数/2)级破裂 强度"
                },
                {
                  "desc": "[OnSucceedAttack] 下回合对目标施加2层束缚 "
                }
              ]
            }
          ]
        },
        {
          "level": 3,
          "name": "沸腾腐蚀",
          "abName": "陆行珍珠",
          "desc": "[BeforeAttack] 若现存体力不高于50%，则使本技能的攻击容量+1",
          "coinlist": [
            {
              "coindescs": [
                {
                  "desc": "[OnSucceedAttack] 使目标增加(暴食共鸣数/2)级破裂 强度"
                },
                {
                  "desc": "[OnSucceedAttackHead] 下回合对目标施加2层暴食易损 "
                },
                {
                  "desc": "[OnSucceedAttack] 下回合对目标施加2层束缚 "
                }
              ]
            }
          ]
        },
        {
          "level": 4,
          "name": "沸腾腐蚀",
          "abName": "陆行珍珠",
          "desc": "[BeforeAttack] 若现存体力不高于50%，则使本技能的攻击容量+1\n若现存体力不高于25%，则使本技能的攻击容量额外+1",
          "coinlist": [
            {
              "coindescs": [
                {
                  "desc": "[OnSucceedAttack] 使目标增加(暴食共鸣数/2)级破裂 强度"
                },
                {
                  "desc": "[OnSucceedAttack] 下回合对目标施加2层暴食易损 "
                },
                {
                  "desc": "[OnSucceedAttack] 下回合对目标施加2层束缚 "
                }
              ]
            }
          ]
        }
      ]
    },
    {
      "id": 2060521,
      "levelList": [
        {
          "level": 1,
          "name": "沸腾腐蚀",
          "abName": "陆行珍珠",
          "desc": "[CantIdentify]\n指定体力最低的单位",
          "coinlist": [
            {
              "coindescs": [
                {
                  "desc": "[OnSucceedAttack] 对目标施加(暴食共鸣数/3)层破裂 "
                },
                {
                  "desc": "[OnSucceedAttack] 使自身恢复本硬币伤害量20%的体力"
                },
                {
                  "desc": "[OnSucceedAttack] 下回合对目标施加2层束缚 "
                }
              ]
            }
          ]
        },
        {
          "level": 3,
          "name": "沸腾腐蚀",
          "abName": "陆行珍珠",
          "desc": "[CantIdentify]\n指定体力最低的单位\n[BeforeAttack] 若现存体力不高于50%，则使本技能的攻击容量+1",
          "coinlist": [
            {
              "coindescs": [
                {
                  "desc": "[OnSucceedAttack] 对目标施加(暴食共鸣数/3)层破裂 "
                },
                {
                  "desc": "[OnSucceedAttack] 使自身恢复本硬币伤害量30%的体力"
                },
                {
                  "desc": "[OnSucceedAttack] 下回合对目标施加2层束缚 "
                }
              ]
            }
          ]
        },
        {
          "level": 4,
          "name": "沸腾腐蚀",
          "abName": "陆行珍珠",
          "desc": "[CantIdentify]\n指定体力最低的单位\n[BeforeAttack] 若现存体力不高于50%，则使本技能的攻击容量+1\n若现存体力不高于25%，则使本技能的攻击容量额外+1",
          "coinlist": [
            {
              "coindescs": [
                {
                  "desc": "[OnSucceedAttack] 对目标施加(暴食共鸣数/3)层破裂 "
                },
                {
                  "desc": "[OnSucceedAttack] 使自身恢复本硬币伤害量50%的体力"
                },
                {
                  "desc": "[OnSucceedAttack] 下回合对目标施加2层束缚 "
                }
              ]
            }
          ]
        }
      ]
    },
    {
      "id": 2060611,
      "levelList": [
        {
          "level": 1,
          "name": "低泣",
          "abName": "悲泣蟾蜍",
          "desc": "若目标带有震颤 ，则使本技能造成的伤害+((目标的震颤 强度与层数之和)/2)%(最多+20%)",
          "coinlist": [
            {
              "coindescs": [
                {
                  "desc": "[OnSucceedAttack] 使目标增加3级震颤 强度"
                },
                {
                  "desc": "[OnSucceedAttack] 使目标震颤引爆 ，并使其震颤 层数减少1层"
                }
              ]
            }
          ]
        },
        {
          "level": 3,
          "name": "低泣",
          "abName": "悲泣蟾蜍",
          "desc": "若目标带有震颤 ，则使本技能造成的伤害+((目标的震颤 强度与层数之和)/2)%(最多+25%)\n- 若最大共鸣数不低于4，则改为造成的伤害+(5+(目标的震颤 强度与层数之和)/2)%(最多+35%)",
          "coinlist": [
            {
              "coindescs": [
                {
                  "desc": "[OnSucceedAttack] 使目标增加3级震颤 强度并对其施加2层震颤 "
                },
                {
                  "desc": "[OnSucceedAttack] 使目标振幅转换 为震颤-回响 "
                },
                {
                  "desc": "[OnSucceedAttack] 使目标震颤引爆 ，并使其震颤 层数减少1层"
                }
              ]
            }
          ]
        },
        {
          "level": 4,
          "name": "低泣",
          "abName": "悲泣蟾蜍",
          "desc": "若目标带有震颤 ，则使本技能造成的伤害+(5+(目标的震颤 强度与层数之和)/2)%(最多+30%)\n- 若最大共鸣数不低于4，则改为造成的伤害+(7.5+(目标的震颤 强度与层数之和)/1.5)%(最多+40%)",
          "coinlist": [
            {
              "coindescs": [
                {
                  "desc": "[OnSucceedAttack] 使目标增加3级震颤 强度并对其施加3层震颤 "
                },
                {
                  "desc": "[OnSucceedAttack] 使目标振幅转换 为震颤-回响 "
                },
                {
                  "desc": "[OnSucceedAttack] 使目标震颤引爆 ，并使其震颤 层数减少1层"
                }
              ]
            }
          ]
        }
      ]
    },
    {
      "id": 2060621,
      "levelList": [
        {
          "level": 1,
          "name": "低泣",
          "abName": "悲泣蟾蜍",
          "desc": "[CantIdentify]\n随机指定目标\n若目标带有震颤 ，则使本技能造成的伤害+((目标的震颤 强度与层数之和)/2)%(最多+25%)\n- 若最大共鸣数不低于4，则改为造成的伤害最多+35%",
          "coinlist": [
            {
              "coindescs": [
                {
                  "desc": "[OnSucceedAttack] 使目标增加3级震颤 强度并对其施加3层震颤 "
                },
                {
                  "desc": "[OnSucceedAttack] 使目标震颤引爆 ，并使其震颤 层数减少1层"
                }
              ]
            }
          ]
        },
        {
          "level": 3,
          "name": "低泣",
          "abName": "悲泣蟾蜍",
          "desc": "[CantIdentify]\n随机指定目标\n若目标带有震颤 ，则使本技能造成的伤害+((目标的震颤 强度与层数之和)/2)%(最多+30%)\n- 若最大共鸣数不低于4，则改为造成的伤害+(5+(目标的震颤 强度与层数之和)/2)%(最多+40%)",
          "coinlist": [
            {
              "coindescs": [
                {
                  "desc": "[OnSucceedAttack] 使目标增加3级震颤 强度并对其施加3层震颤 "
                },
                {
                  "desc": "[OnSucceedAttack] 使目标振幅转换 为震颤-回响 "
                },
                {
                  "desc": "[OnSucceedAttack] 使目标震颤引爆 ，并使其震颤 层数减少1层"
                },
                {
                  "desc": "[OnSucceedAttack] 使目标震颤引爆 ，并使其震颤 层数减少1层"
                }
              ]
            }
          ]
        },
        {
          "level": 4,
          "name": "低泣",
          "abName": "悲泣蟾蜍",
          "desc": "[CantIdentify]\n随机指定目标\n若目标带有震颤 ，则使本技能造成的伤害+(5+(目标的震颤 强度与层数之和)/2)%(最多+40%)\n- 若最大共鸣数不低于4，则改为造成的伤害+(7.5+(目标的震颤 强度与层数之和)/1.5)%(最多+50%)",
          "coinlist": [
            {
              "coindescs": [
                {
                  "desc": "[OnSucceedAttack] 使目标增加6级震颤 强度并对其施加6层震颤 "
                },
                {
                  "desc": "[OnSucceedAttack] 使目标振幅转换 为震颤-回响 "
                },
                {
                  "desc": "[OnSucceedAttack] 使目标震颤引爆 ，并使其震颤 层数减少1层"
                },
                {
                  "desc": "[OnSucceedAttack] 使目标震颤引爆 ，并使其震颤 层数减少1层"
                }
              ]
            }
          ]
        }
      ]
    }
  ]
}