{
  "dataList": [
    {
      "id": 816101,
      "levelList": [
        {
          "level": 1,
          "name": "刺击",
          "desc": "",
          "coinlist": [
            {
              "coindescs": [
                {
                  "desc": "[OnSucceedAttack] 使目标增加6级烧伤 强度并对其施加2层烧伤 "
                }
              ]
            }
          ]
        }
      ]
    },
    {
      "id": 816102,
      "levelList": [
        {
          "level": 1,
          "name": "砍断",
          "desc": "[WhenUse] 若目标带有烧伤 ，则使本技能的基础威力+2",
          "coinlist": [
            {
              "coindescs": [
                {
                  "desc": "[OnSucceedAttack] 使目标增加8级烧伤 强度"
                }
              ]
            },
            {
              "coindescs": [
                {
                  "desc": "[OnSucceedAttack] 对目标施加4层烧伤 "
                }
              ]
            },
            {
              "coindescs": [
                {
                  "desc": "[OnSucceedAttack] 下回合对目标施加1层突刺易损 "
                }
              ]
            }
          ]
        }
      ]
    },
    {
      "id": 816103,
      "levelList": [
        {
          "level": 1,
          "name": "喷薄的暴怒",
          "desc": "[WhenUse] 目标每带有5级烧伤 强度，使本技能的硬币威力+1(最多+3)\n[WinDuel] 若目标的烧伤 强度不低于9级，则使本技能的攻击容量+1",
          "coinlist": [
            {
              "coindescs": [
                {
                  "desc": "[OnSucceedAttack] 对目标施加3层烧伤 "
                },
                {
                  "desc": "[OnSucceedAttackHead] 下回合对目标施加1层暴怒易损 "
                }
              ]
            }
          ]
        }
      ]
    },
    {
      "id": 816104,
      "levelList": [
        {
          "level": 1,
          "name": "反击",
          "desc": "[WhenUse] 若目标的烧伤 强度不低于5级，则使本技能的硬币威力+2\n[WhenUse] 若目标的烧伤 强度不低于6级，则重复使用本技能(最多2次)",
          "coinlist": [
            {
              "coindescs": [
                {
                  "desc": "[OnSucceedAttack] 下回合使自身获得10层痛击 "
                }
              ]
            }
          ]
        }
      ]
    },
    {
      "id": 816601,
      "levelList": [
        {
          "level": 1,
          "name": "舔舐伤口",
          "desc": "",
          "coinlist": [
            {
              "coindescs": [
                {
                  "desc": "[OnSucceedAttack] 使目标增加4级流血 强度"
                },
                {
                  "desc": "[OnSucceedAttackHead] 对目标施加1层流血 "
                }
              ]
            },
            {
              "coindescs": [
                {
                  "desc": "[OnSucceedAttack] 使目标增加4级流血 强度"
                },
                {
                  "desc": "[OnSucceedAttackHead] 对目标施加2层流血 "
                }
              ]
            }
          ]
        }
      ]
    },
    {
      "id": 816602,
      "levelList": [
        {
          "level": 1,
          "name": "被撕碎的心",
          "desc": "[WinDuel] 下回合使自身获得3层防御等级提升 ",
          "coinlist": [
            {
              "coindescs": [
                {
                  "desc": "[OnSucceedAttack] 下回合对目标施加2层防御等级降低 "
                },
                {
                  "desc": "[OnSucceedAttackHead] 使目标增加4级流血 强度"
                }
              ]
            },
            {
              "coindescs": [
                {
                  "desc": "[OnSucceedAttack] 下回合对目标施加2层防御等级降低 "
                },
                {
                  "desc": "[OnSucceedAttackHead] 对目标施加3层流血 "
                }
              ]
            }
          ]
        }
      ]
    },
    {
      "id": 816603,
      "levelList": [
        {
          "level": 1,
          "name": "崩溃，哀嚎与悲叹",
          "desc": "[CantDuel]",
          "coinlist": [
            {
              "coindescs": [
                {
                  "desc": "[OnSucceedAttack] 对目标施加1层易损 "
                }
              ]
            },
            {
              "coindescs": [
                {
                  "desc": "[OnSucceedAttack] 下回合使自身获得1层强壮 "
                },
                {
                  "desc": "[EnemyKill] 下回合使自身获得2层强壮 "
                }
              ]
            }
          ]
        }
      ]
    },
    {
      "id": 816604,
      "levelList": [
        {
          "level": 1,
          "name": "勿言人语",
          "desc": "[WhenUse] 若目标的流血 强度不低于8级，则使本技能的拼点威力+1",
          "coinlist": [
            {
              "coindescs": [
                {
                  "desc": "[OnSucceedAttackHead] 若目标的流血 强度不低于4级，则使本技能下一枚硬币造成的伤害+20%"
                }
              ]
            },
            {
              "coindescs": [
                {
                  "desc": "[OnSucceedAttack] 若目标带有的负面状态不少于3种，则重复使用本硬币(最多1次)"
                }
              ]
            }
          ]
        }
      ]
    },
    {
      "id": 816605,
      "levelList": [
        {
          "level": 1,
          "name": "裹尸袋",
          "desc": "[WhenUse] 目标每带有5级流血 强度，使本技能的基础威力+1(最多+3)\n[WhenUse] 目标每带有1种负面状态，使本技能的拼点威力+1(最多+2)\n[DefeatDuel] 对自身施加20层防御等级降低 \n[DefeatDuel] 对自身施加1层未能释怀的怅惘 ",
          "coinlist": [
            {
              "coindescs": [
                {
                  "desc": "[OnSucceedAttack] 对目标施加1层防御等级降低 "
                },
                {
                  "desc": "[OnSucceedAttackHead] 若目标的流血 强度不低于8级，则使本技能最后一枚硬币造成的伤害+30%"
                }
              ]
            },
            {
              "coindescs": [
                {
                  "desc": "[OnSucceedAttack] 对目标施加1层防御等级降低 "
                },
                {
                  "desc": "[OnSucceedAttackHead] 若目标的流血 强度不低于8级，则使本技能最后一枚硬币造成的伤害+30%"
                }
              ]
            },
            {
              "coindescs": [
                {
                  "desc": "[OnSucceedAttack] 对目标施加1层防御等级降低 "
                },
                {
                  "desc": "[OnSucceedAttackHead] 若目标的流血 强度不低于8级，则使本技能最后一枚硬币造成的伤害+30%"
                }
              ]
            },
            {
              "coindescs": [
                {
                  "desc": "[OnSucceedAttack] 若本技能所有硬币朝向均为正面，则下回合对目标施加2层易损 "
                }
              ]
            }
          ]
        }
      ]
    },
    {
      "id": 816606,
      "levelList": [
        {
          "level": 1,
          "name": "狂乱之狼的狂气",
          "desc": "[WhenUse] 目标每带有5级流血 强度，使本技能的基础威力+1(最多+4)\n[WhenUse] 目标每带有1种负面状态，使本技能的拼点威力+1(最多+2)\n[DefeatDuel] 若目标带有[AaCfPcBg]，则下回合使自身的混乱阈值前移100。若自身未拥有混乱阈值，则在0点处生成1条混乱阈值",
          "coinlist": [
            {
              "coindescs": [
                {
                  "desc": "[OnSucceedAttack] 对目标施加1层防御等级降低 "
                }
              ]
            },
            {
              "coindescs": [
                {
                  "desc": "[OnSucceedAttack] 对目标施加1层防御等级降低 "
                }
              ]
            },
            {
              "coindescs": [
                {
                  "desc": "[OnSucceedAttack] 对目标施加1层防御等级降低 "
                }
              ]
            },
            {
              "coindescs": [
                {
                  "desc": "[OnSucceedAttack] 若本技能的所有硬币全部命中，则重复使用本硬币(最多1次)"
                }
              ]
            }
          ]
        }
      ]
    },
    {
      "id": 816607,
      "levelList": [
        {
          "level": 1,
          "name": "反射的复仇",
          "desc": "",
          "coinlist": [
            {
              "coindescs": [
                {
                  "desc": "[OnSucceedAttack] 使目标增加2级流血 强度"
                }
              ]
            },
            {
              "coindescs": [
                {
                  "desc": "[OnSucceedAttack] 使目标增加2级流血 强度"
                }
              ]
            }
          ]
        }
      ]
    },
    {
      "id": 817101,
      "levelList": [
        {
          "level": 1,
          "name": "标记不速之客",
          "desc": "[WhenUse] 对目标施加1层管家的标记 ",
          "coinlist": [
            {
              "coindescs": [
                {
                  "desc": "[OnSucceedAttack] 下回合对目标施加1层束缚 "
                }
              ]
            },
            {
              "coindescs": [
                {
                  "desc": "[OnSucceedAttack] 下回合使自身获得1层防御等级提升 "
                },
                {
                  "desc": "[OnSucceedAttack] 使自身增加2级呼吸法 强度"
                }
              ]
            }
          ]
        }
      ]
    },
    {
      "id": 817102,
      "levelList": [
        {
          "level": 1,
          "name": "迎客之道1式 狩猎",
          "desc": "[WhenUse] 若目标带有[AaCfPcBb]，则使本技能的拼点威力+1\n[WinDuel] 下回合使自身获得1层迅捷 ",
          "coinlist": [
            {
              "coindescs": [
                {
                  "desc": "[OnSucceedAttack] 下回合对目标施加1层麻痹 "
                },
                {
                  "desc": "[OnSucceedAttack] 使自身增加3级呼吸法 强度"
                }
              ]
            },
            {
              "coindescs": [
                {
                  "desc": "[OnSucceedAttack] 下回合使自身获得1层攻击等级提升 "
                },
                {
                  "desc": "[OnSucceedAttack] 对目标施加1层[AaCfPcBb]"
                }
              ]
            }
          ]
        }
      ]
    },
    {
      "id": 817103,
      "levelList": [
        {
          "level": 1,
          "name": "反转迎客之道1式 狩猎",
          "desc": "[WhenUse] 若目标带有[AaCfPcBb]，则使本技能的拼点威力+1\n[WinDuel] 下回合使自身获得1层迅捷 ",
          "coinlist": [
            {
              "coindescs": [
                {
                  "desc": "[OnSucceedAttack] 下回合对目标施加1层束缚 "
                },
                {
                  "desc": "[OnSucceedAttack] 使自身获得2层呼吸法 "
                }
              ]
            },
            {
              "coindescs": [
                {
                  "desc": "[OnSucceedAttack] 下回合使自身获得1层防御等级提升 "
                },
                {
                  "desc": "[OnSucceedAttack] 对目标施加1层[AaCfPcBb]"
                }
              ]
            }
          ]
        }
      ]
    },
    {
      "id": 817104,
      "levelList": [
        {
          "level": 1,
          "name": "威慑不速之客",
          "desc": "[WhenUse] 若自身的速度值高于目标，则使本技能的拼点威力+2",
          "coinlist": [
            {
              "coindescs": [
                {
                  "desc": "[OnSucceedAttack] 对目标施加1层易损 "
                }
              ]
            },
            {
              "coindescs": [
                {
                  "desc": "[OnSucceedAttack] 下回合对目标施加2层束缚 "
                }
              ]
            },
            {
              "coindescs": [
                {
                  "desc": "[OnSucceedAttack] 下回合对目标施加2层防御等级降低 "
                },
                {
                  "desc": "[OnSucceedAttack] 若目标带有的负面状态不少于3种，则重复使用本硬币(最多1次)"
                }
              ]
            }
          ]
        }
      ]
    },
    {
      "id": 817105,
      "levelList": [
        {
          "level": 1,
          "name": "迎客之道第2式 崩溃",
          "desc": "[WhenUse] 若目标带有[AaCfPcBb]，则使本技能的拼点威力+10",
          "coinlist": [
            {
              "coindescs": [
                {
                  "desc": "[OnSucceedAttack] 若目标未拥有混乱阈值，则对其造成200点体力伤害"
                },
                {
                  "desc": "[OnSucceedAttack] 使目标的混乱阈值前移200"
                }
              ]
            }
          ]
        }
      ]
    },
    {
      "id": 817106,
      "levelList": [
        {
          "level": 1,
          "name": "迎客之道第7式 捕捉",
          "desc": "[StartBattle] 根据带有[AaCfPcBb]的敌方单位数，使本技能的攻击容量相应增加\n[WhenUse] 若自身的速度值高于目标至少3点，则对其施加2层斩击抗性弱化 \n[WhenUse] 若目标带有[AaCfPcBb]，则使本技能的拼点威力+8\n[EndBattle] 解除所有[AaCfPcBb]",
          "coinlist": [
            {
              "coindescs": [
                {
                  "desc": "[OnSucceedAttack] 使自身增加3级呼吸法 强度"
                }
              ]
            },
            {
              "coindescs": [
                {
                  "desc": "[OnSucceedAttack] 使自身获得2层呼吸法 "
                }
              ]
            },
            {
              "coindescs": [
                {
                  "desc": "[OnSucceedAttack] 下回合对目标施加2层束缚 "
                },
                {
                  "desc": "[OnSucceedAttack] 下回合对目标施加2层麻痹 "
                }
              ]
            },
            {
              "coindescs": [
                {
                  "desc": "[OnSucceedAttack] 下回合使自身获得1层迅捷 "
                },
                {
                  "desc": "[OnSucceedAttack] 若目标带有的负面状态不少于4种，则对其额外造成本硬币伤害量30%的斩击伤害"
                }
              ]
            }
          ]
        }
      ]
    },
    {
      "id": 817107,
      "levelList": [
        {
          "level": 1,
          "name": "拘捕不速之客",
          "desc": "优先指定带有[AaCfPcBc]的目标\n[DefeatDuel] 若目标带有[AaCfPcBc]，则解除其[AaCfPcBc]",
          "coinlist": [
            {
              "coindescs": [
                {
                  "desc": "[OnSucceedAttack] 使目标增加5级流血 强度"
                },
                {
                  "desc": "[OnSucceedAttack] 下回合对目标施加6层防御等级降低 "
                },
                {
                  "desc": "[OnSucceedAttack] 若自身的速度值高于目标至少3点，则重复使用本硬币(最多1次)"
                }
              ]
            }
          ]
        }
      ]
    },
    {
      "id": 817108,
      "levelList": [
        {
          "level": 1,
          "name": "迎客之道第3式 受缚",
          "desc": "[WhenUse] 若目标带有[AaCfPcBc]，则使本技能的基础威力+5\n[WhenUse] 若目标带有[AaCfPcBc]，则对其施加1层[AaCfPcBc]",
          "coinlist": [
            {
              "coindescs": [
                {
                  "desc": "[OnSucceedAttack] 对目标施加1层易损 "
                },
                {
                  "desc": "[OnSucceedAttack] 使自身增加3级呼吸法 强度"
                }
              ]
            },
            {
              "coindescs": [
                {
                  "desc": "[OnSucceedAttack] 对目标施加1层易损 "
                },
                {
                  "desc": "[OnSucceedAttack] 使自身获得2层呼吸法 "
                }
              ]
            },
            {
              "coindescs": [
                {
                  "desc": "[OnSucceedAttack] 下回合对目标施加2层束缚 "
                }
              ]
            },
            {
              "coindescs": [
                {
                  "desc": "[OnSucceedAttack] 下回合对目标施加3层防御等级降低 "
                },
                {
                  "desc": "[OnSucceedAttack] 若目标带有的负面状态不少于3种，则重复使用本硬币(最多1次)"
                }
              ]
            }
          ]
        }
      ]
    },
    {
      "id": 817109,
      "levelList": [
        {
          "level": 1,
          "name": "闪避",
          "desc": "[OnSucceedEvade] 使自身恢复5点理智值\n[OnSucceedEvade] 仅在下回合使自身增加1个行动槽(最多1次)",
          "coinlist": [
            {
              "coindescs": [
                {
                  "desc": ""
                }
              ]
            }
          ]
        }
      ]
    },
    {
      "id": 817110,
      "levelList": [
        {
          "level": 1,
          "name": "迎客之道第9式 瓦解",
          "desc": "优先指定带有[AaCfPcBc]的目标\n若目标带有[AaCfPcBc]，则使本技能的拼点威力+10\n若目标未带有[AaCfPcBc]，则使本技能造成的伤害固定为0点",
          "coinlist": [
            {
              "coindescs": [
                {
                  "desc": "[OnSucceedAttack] 使目标陷入混乱"
                }
              ]
            }
          ]
        }
      ]
    },
    {
      "id": 817201,
      "levelList": [
        {
          "level": 1,
          "name": "破灭镜中世界的纠缠之剑",
          "desc": "",
          "coinlist": [
            {
              "coindescs": [
                {
                  "desc": "[OnSucceedAttack] 对目标施加3层沉沦 并使其增加3级沉沦 强度"
                }
              ]
            }
          ]
        }
      ]
    },
    {
      "id": 817202,
      "levelList": [
        {
          "level": 1,
          "name": "击倒出局",
          "desc": "[WinDuel] 下回合使自身获得1层强壮 与1层伤害强化 ",
          "coinlist": [
            {
              "coindescs": [
                {
                  "desc": "[OnSucceedAttack] 对目标施加3层沉沦 并使其增加3级沉沦 强度"
                }
              ]
            },
            {
              "coindescs": [
                {
                  "desc": "[OnSucceedAttack] 使目标增加3级流血 强度"
                },
                {
                  "desc": "[OnSucceedAttack] 使目标增加相当于其沉沦 强度的流血 强度"
                }
              ]
            }
          ]
        }
      ]
    },
    {
      "id": 817203,
      "levelList": [
        {
          "level": 1,
          "name": "放下恩怨",
          "desc": "若目标的沉沦 强度不低于5级，则使本技能的拼点威力+1\n若目标的流血 强度不低于5级，则使本技能的拼点威力+1\n[WinDuel] 对目标施加3层沉沦 ",
          "coinlist": [
            {
              "coindescs": [
                {
                  "desc": "[OnSucceedAttackHead] 使本技能下一枚硬币的威力+1"
                }
              ]
            },
            {
              "coindescs": [
                {
                  "desc": "[OnSucceedAttackHead] 使本技能下一枚硬币的威力+2"
                }
              ]
            },
            {
              "coindescs": [
                {
                  "desc": "[OnSucceedAttack] 使目标增加8级流血 强度"
                }
              ]
            }
          ]
        }
      ]
    },
    {
      "id": 817204,
      "levelList": [
        {
          "level": 1,
          "name": "噩梦的复仇者归来",
          "desc": "[CantChangeTarget]\n[WhenUse] 若目标未带有爆发的忧郁 ，则使本技能的拼点威力+10\n[DefeatDuel] 下回合对自身施加3层易损 ",
          "coinlist": [
            {
              "coindescs": [
                {
                  "desc": "[OnSucceedAttack] 下回合对目标施加3层麻痹 "
                },
                {
                  "desc": "[OnSucceedAttack] 使目标增加8级沉沦 强度"
                }
              ]
            }
          ]
        }
      ]
    },
    {
      "id": 817205,
      "levelList": [
        {
          "level": 1,
          "name": "奔向死亡，杜拉罕",
          "desc": "[CantDuel]\n[WhenUse] 若目标带有爆发的嫉妒 ，则使本技能造成的伤害-100%",
          "coinlist": [
            {},
            {
              "coindescs": [
                {
                  "desc": "[OnSucceedAttack] 使目标增加5级沉沦 强度"
                }
              ]
            },
            {
              "coindescs": [
                {
                  "desc": "[OnSucceedAttack] 对目标施加3层沉沦 "
                }
              ]
            }
          ]
        }
      ]
    },
    {
      "id": 817206,
      "levelList": [
        {
          "level": 1,
          "name": "破灭的狂猎",
          "desc": "[CantDuel]\n[WhenUse] 若目标带有[AaCfPbBc]，则使本技能造成的伤害-100%\n[WhenUse] 每有1名友方单位存活，使本技能造成的伤害+25%",
          "coinlist": [
            {}
          ]
        }
      ]
    },
    {
      "id": 817207,
      "levelList": [
        {
          "level": 1,
          "name": "忍耐",
          "desc": "[WhenUse] 下回合使自身获得1层强壮 (每回合最多1层)",
          "coinlist": [
            {}
          ]
        }
      ]
    },
    {
      "id": 817208,
      "levelList": [
        {
          "level": 1,
          "name": "吐露悲伤与哀鸣的玻璃碎片",
          "desc": "[WhenUse] 下回合使自身获得1层强壮 ",
          "coinlist": [
            {
              "coindescs": [
                {
                  "desc": "[OnSucceedAttack] 使目标增加3级沉沦 强度"
                },
                {
                  "desc": "[OnSucceedAttack] 使目标增加3级流血 强度"
                }
              ]
            }
          ]
        }
      ]
    },
    {
      "id": 817301,
      "levelList": [
        {
          "level": 1,
          "name": "巨剑砍击",
          "desc": "",
          "coinlist": [
            {
              "coindescs": [
                {
                  "desc": "[OnSucceedAttack] 对目标施加3层沉沦 并使其增加3级沉沦 强度"
                }
              ]
            }
          ]
        }
      ]
    },
    {
      "id": 817302,
      "levelList": [
        {
          "level": 1,
          "name": "击倒出局",
          "desc": "[WinDuel] 下回合使自身获得1层强壮 与1层伤害强化 ",
          "coinlist": [
            {
              "coindescs": [
                {
                  "desc": "[OnSucceedAttack] 对目标施加3层沉沦 并使其增加3级沉沦 强度"
                }
              ]
            },
            {
              "coindescs": [
                {
                  "desc": "[OnSucceedAttack] 使目标增加3级流血 强度"
                }
              ]
            },
            {
              "coindescs": [
                {
                  "desc": "[OnSucceedAttack] 使目标增加相当于其沉沦 强度的流血 强度"
                }
              ]
            }
          ]
        }
      ]
    },
    {
      "id": 817303,
      "levelList": [
        {
          "level": 1,
          "name": "回应我的呼唤，呼啸山庄",
          "desc": "[CantDuel]\n[WhenUse] 下回合生成1个狂猎单位",
          "coinlist": [
            {
              "coindescs": [
                {
                  "desc": ""
                }
              ]
            }
          ]
        }
      ]
    },
    {
      "id": 817304,
      "levelList": [
        {
          "level": 1,
          "name": "把你也装进这棺材",
          "desc": "[CantDuel]\n[StartBattle] 本回合使震颤引爆 与其他效果造成的混乱阈值前移量+100%\n[WhenUse] 下回合使包含自身在内的全体友方单位获得3层强壮 与3层伤害强化 ",
          "coinlist": [
            {
              "coindescs": [
                {
                  "desc": ""
                }
              ]
            }
          ]
        }
      ]
    },
    {
      "id": 817305,
      "levelList": [
        {
          "level": 1,
          "name": "斩首希斯克利夫",
          "desc": "",
          "coinlist": [
            {
              "coindescs": [
                {
                  "desc": "[OnSucceedAttack] 下回合对目标施加3层麻痹 "
                },
                {
                  "desc": "[OnSucceedAttack] 使目标增加8级流血 强度"
                }
              ]
            }
          ]
        }
      ]
    },
    {
      "id": 817306,
      "levelList": [
        {
          "level": 1,
          "name": "空棺之槌",
          "desc": "若目标的沉沦 强度不低于5级，则使本技能的拼点威力+1\n若目标的流血 强度不低于5级，则使本技能的拼点威力+1\n[WinDuel] 对目标施加3层沉沦 ",
          "coinlist": [
            {
              "coindescs": [
                {
                  "desc": "[OnSucceedAttackHead] 使本技能下一枚硬币的威力+2"
                }
              ]
            }
          ]
        }
      ]
    },
    {
      "id": 817307,
      "levelList": [
        {
          "level": 1,
          "name": "奔向死亡，杜拉罕",
          "desc": "",
          "coinlist": [
            {},
            {
              "coindescs": [
                {
                  "desc": "使目标增加5级沉沦 强度"
                }
              ]
            },
            {
              "coindescs": [
                {
                  "desc": "对目标施加5层沉沦 "
                }
              ]
            }
          ]
        }
      ]
    },
    {
      "id": 817308,
      "levelList": [
        {
          "level": 1,
          "name": "忍耐",
          "desc": "[WhenUse] 下回合使自身获得1层强壮 ",
          "coinlist": [
            {
              "coindescs": [
                {
                  "desc": ""
                }
              ]
            }
          ]
        }
      ]
    },
    {
      "id": 817309,
      "levelList": [
        {
          "level": 1,
          "name": "魔王所经之处，唯余悲伤与哀鸣",
          "desc": "",
          "coinlist": [
            {
              "coindescs": [
                {
                  "desc": "[OnSucceedAttack] 使目标增加4级沉沦 强度与4级流血 强度"
                }
              ]
            },
            {
              "coindescs": [
                {
                  "desc": "[OnSucceedAttack] 对目标施加2层沉沦 与2层流血 "
                }
              ]
            },
            {
              "coindescs": [
                {
                  "desc": "[OnSucceedAttack] 使目标增加4级沉沦 强度与4级流血 强度"
                }
              ]
            },
            {
              "coindescs": [
                {
                  "desc": "[OnSucceedAttack] 对目标施加2层沉沦 与2层流血 "
                }
              ]
            }
          ]
        }
      ]
    },
    {
      "id": 817310,
      "levelList": [
        {
          "level": 1,
          "name": "所有的希斯克利夫必定死亡…",
          "desc": "[CantChangeTarget]\n[CantDuel]\n本回合自身不会陷入混乱",
          "coinlist": [
            {
              "coindescs": [
                {
                  "desc": "[OnSucceedAttack] 对目标造成其体力上限100%的伤害"
                }
              ]
            }
          ]
        }
      ]
    },
    {
      "id": 817401,
      "levelList": [
        {
          "level": 1,
          "name": "徒劳",
          "desc": "",
          "coinlist": [
            {
              "coindescs": [
                {
                  "desc": ""
                }
              ]
            }
          ]
        }
      ]
    },
    {
      "id": 817402,
      "levelList": [
        {
          "level": 1,
          "name": "为了一个他没有痛苦的世界",
          "desc": "[CantDuel]\n[StartBattle] 对除自身以外的全体友方单位施加2层易损 并使其获得2层强壮 \n[StartBattle] 下回合对自身施加5层束缚 并使自身获得5层伤害强化 ",
          "coinlist": [
            {}
          ]
        }
      ]
    },
    {
      "id": 817403,
      "levelList": [
        {
          "level": 1,
          "name": "所有的凯瑟琳必定死亡",
          "desc": "[CantDuel]\n若所有手的体力均为1，则造成0点伤害\n[StartBattle] 对除自身以外的全体友方单位施加2层易损 并使其获得2层强壮 \n[EndSkill] 对自身施加1层撕碎的心 ",
          "coinlist": [
            {
              "coindescs": [
                {
                  "desc": "[OnSucceedAttack] 对目标施加撕碎的心 "
                }
              ]
            }
          ]
        }
      ]
    },
    {
      "id": 817404,
      "levelList": [
        {
          "level": 1,
          "name": "撕碎的心",
          "desc": "[EndSkill] 使自身获得1层撕碎的心 ",
          "coinlist": [
            {
              "coindescs": [
                {
                  "desc": "[OnSucceedAttack] 对目标造成其体力上限15%的伤害"
                },
                {
                  "desc": "[OnSucceedAttack] 对目标施加撕碎的心 "
                }
              ]
            }
          ]
        }
      ]
    },
    {
      "id": 819201,
      "levelList": [
        {
          "level": 1,
          "name": "苦涩的泪水",
          "desc": "",
          "coinlist": [
            {
              "coindescs": [
                {
                  "desc": ""
                }
              ]
            }
          ]
        }
      ]
    },
    {
      "id": 819202,
      "levelList": [
        {
          "level": 1,
          "name": "悲剧之手",
          "desc": "",
          "coinlist": [
            {
              "coindescs": [
                {
                  "desc": "[OnSucceedAttack] 下回合对目标施加1层束缚 "
                }
              ]
            },
            {
              "coindescs": [
                {
                  "desc": "[OnSucceedAttack] 下回合对目标施加1层束缚 "
                }
              ]
            }
          ]
        }
      ]
    },
    {
      "id": 819203,
      "levelList": [
        {
          "level": 1,
          "name": "绝望之手",
          "desc": "",
          "coinlist": [
            {
              "coindescs": [
                {
                  "desc": "[OnSucceedAttack] 下回合对目标施加2层攻击等级降低 "
                }
              ]
            },
            {
              "coindescs": [
                {
                  "desc": "[OnSucceedAttack] 下回合对目标施加1层攻击等级降低 "
                }
              ]
            }
          ]
        }
      ]
    },
    {
      "id": 819204,
      "levelList": [
        {
          "level": 1,
          "name": "无意义的挣扎",
          "desc": "",
          "coinlist": [
            {
              "coindescs": [
                {
                  "desc": "[OnSucceedAttack] 下回合对目标施加3层麻痹 "
                }
              ]
            }
          ]
        }
      ]
    },
    {
      "id": 819205,
      "levelList": [
        {
          "level": 1,
          "name": "唯余痛苦…",
          "desc": "[DefeatDuel] 使自身获得1层撕碎的心 ",
          "coinlist": [
            {
              "coindescs": [
                {
                  "desc": "[OnSucceedAttack] 对目标造成其体力上限15%的伤害"
                }
              ]
            }
          ]
        }
      ]
    },
    {
      "id": 819206,
      "levelList": [
        {
          "level": 1,
          "name": "无法企及的灵魂",
          "desc": "",
          "coinlist": [
            {
              "coindescs": [
                {
                  "desc": ""
                }
              ]
            }
          ]
        }
      ]
    },
    {
      "id": 817001,
      "levelList": [
        {
          "level": 1,
          "name": "我会除…",
          "desc": "使本体与部位恢复本攻击技能伤害量10%的体力",
          "coinlist": [
            {
              "coindescs": [
                {
                  "desc": "[OnSucceedAttack] 使自身获得1层攻击等级提升 "
                }
              ]
            },
            {
              "coindescs": [
                {
                  "desc": "[OnSucceedAttack] 使自身获得1层攻击等级提升 "
                },
                {
                  "desc": "[OnSucceedAttackHead] 下回合使自身获得1层迅捷 "
                }
              ]
            }
          ]
        }
      ]
    },
    {
      "id": 817002,
      "levelList": [
        {
          "level": 1,
          "name": "…混帐",
          "desc": "若自身的速度值高于目标，则使本技能的拼点威力+2",
          "coinlist": [
            {
              "coindescs": [
                {
                  "desc": "[OnSucceedAttack] 使目标增加4级流血 强度并对其施加2层流血 "
                }
              ]
            },
            {
              "coindescs": [
                {
                  "desc": "[OnSucceedAttack] 使目标增加4级流血 强度并对其施加2层流血 "
                },
                {
                  "desc": "[OnSucceedAttack] 若自身的速度值高于目标至少3点，则重复使用本硬币(最多1次)"
                }
              ]
            }
          ]
        }
      ]
    },
    {
      "id": 817003,
      "levelList": [
        {
          "level": 1,
          "name": "…我的家",
          "desc": "优先指定体力最低的目标\n[WhenUse] 若目标现存体力不高于70%，则使本技能的拼点威力+2",
          "coinlist": [
            {
              "coindescs": [
                {
                  "desc": "[OnSucceedAttack] 下回合使自身获得1层迅捷 "
                },
                {
                  "desc": "[OnSucceedAttack] 对目标施加1层易损 "
                }
              ]
            },
            {
              "coindescs": [
                {
                  "desc": "[OnSucceedAttack] 使目标增加5级流血 强度并对其施加2层流血 "
                }
              ]
            },
            {
              "coindescs": [
                {
                  "desc": "[OnSucceedAttack] 使目标增加5级流血 强度并对其施加2层流血 "
                }
              ]
            },
            {
              "coindescs": [
                {
                  "desc": "[OnSucceedAttack] 若目标的流血 强度不低于20级，则使本硬币造成的伤害+100%"
                },
                {
                  "desc": "[EnemyKill] 重复使用本技能(最多1次)"
                }
              ]
            }
          ]
        }
      ]
    },
    {
      "id": 817004,
      "levelList": [
        {
          "level": 1,
          "name": "抓…",
          "desc": "优先指定希斯克利夫\n[WhenUse] 若目标为速度值最低的敌方单位，则使本技能的基础威力+3\n[WhenUse] 下回合对目标施加[AaCfPbBe]、2层易损 、3层麻痹 与5层束缚 ",
          "coinlist": [
            {
              "coindescs": [
                {
                  "desc": "[OnSucceedAttack] 下回合使自身获得1层攻击等级提升 "
                }
              ]
            },
            {
              "coindescs": [
                {
                  "desc": "[OnSucceedAttack] 下回合使自身获得1层攻击等级提升 "
                }
              ]
            }
          ]
        }
      ]
    },
    {
      "id": 817005,
      "levelList": [
        {
          "level": 1,
          "name": "还来…！！",
          "desc": "[CantDuel]",
          "coinlist": [
            {
              "coindescs": [
                {
                  "desc": "[OnSucceedAttackHead] 下回合使自身获得2层攻击等级提升 "
                }
              ]
            },
            {
              "coindescs": [
                {
                  "desc": "[OnSucceedAttackHead] 下回合使自身获得2层攻击等级提升 "
                }
              ]
            },
            {
              "coindescs": [
                {
                  "desc": "[OnSucceedAttackHead] 下回合使自身获得2层攻击等级提升 "
                }
              ]
            },
            {
              "coindescs": [
                {
                  "desc": "[OnSucceedAttack] 若目标的流血 强度不低于10级，则使本硬币造成的伤害+30%"
                },
                {
                  "desc": "[OnSucceedAttack] 若目标的流血 强度不低于5级，则使自身恢复本硬币伤害量50%的体力"
                }
              ]
            }
          ]
        }
      ]
    },
    {
      "id": 817006,
      "levelList": [
        {
          "level": 1,
          "name": "家伙…",
          "desc": "优先指定带有[AaCfPbBe]的目标\n若自身的速度值高于目标至少3点，则重复使用本技能(最多1次)",
          "coinlist": [
            {
              "coindescs": [
                {
                  "desc": "[OnSucceedAttack] 使本体与部位恢复本硬币伤害量50%的体力"
                }
              ]
            },
            {
              "coindescs": [
                {
                  "desc": "[OnSucceedAttack] 使本体与部位恢复本硬币伤害量50%的体力"
                }
              ]
            }
          ]
        }
      ]
    },
    {
      "id": 817007,
      "levelList": [
        {
          "level": 1,
          "name": "防…",
          "desc": "回合结束时若自身带有护盾，则下回合使自身获得4层守护 ",
          "coinlist": [
            {
              "coindescs": [
                {
                  "desc": ""
                }
              ]
            }
          ]
        }
      ]
    },
    {
      "id": 817008,
      "levelList": [
        {
          "level": 1,
          "name": "…避",
          "desc": "[OnSucceedEvade] 下回合对目标施加1层束缚 (最多2层)",
          "coinlist": [
            {
              "coindescs": [
                {
                  "desc": ""
                }
              ]
            }
          ]
        }
      ]
    },
    {
      "id": 817009,
      "levelList": [
        {
          "level": 1,
          "name": "这是…！",
          "desc": "若自身的速度值高于目标，则使本技能的硬币威力+1",
          "coinlist": [
            {
              "coindescs": [
                {
                  "desc": "[OnSucceedAttack] 若目标的流血 强度不低于10级，则使本硬币造成的伤害+30%"
                }
              ]
            },
            {
              "coindescs": [
                {
                  "desc": "[OnSucceedAttack] 若目标的流血 强度不低于10级，则使本硬币造成的伤害+30%"
                }
              ]
            },
            {
              "coindescs": [
                {
                  "desc": "[OnSucceedAttack] 若目标的流血 强度不低于10级，则使本硬币造成的伤害+30%"
                }
              ]
            },
            {
              "coindescs": [
                {
                  "desc": "[OnSucceedAttack] 若目标的流血 强度不低于10级，则使本硬币造成的伤害+30%"
                },
                {
                  "desc": "[OnSucceedAttack] 若目标的流血 强度不低于10级，则使自身恢复本硬币造成伤害70%的体力"
                }
              ]
            }
          ]
        }
      ]
    }
  ]
}