{
  "dataList": [
    {
      "id": 1120601,
      "levelList": [
        {
          "level": 1,
          "name": "针锋相对",
          "desc": "[WhenUse] 使自身获得2层防御等级提升 ",
          "coinlist": [
            {},
            {
              "coindescs": [
                {
                  "desc": "[OnSucceedAttackHead] 下回合使自身获得1层迅捷 "
                }
              ]
            }
          ]
        },
        {
          "level": 2,
          "name": "针锋相对",
          "desc": "[WhenUse] 使自身获得2层防御等级提升 \n[DefeatDuel] 使自身获得(自身的防御等级提升 层数 × 3)点护盾。下回合使自身获得1层防御等级提升 。",
          "coinlist": [
            {},
            {
              "coindescs": [
                {
                  "desc": "[OnSucceedAttack] 下回合使自身获得1层迅捷 "
                }
              ]
            }
          ]
        },
        {
          "level": 4,
          "name": "针锋相对",
          "desc": "[WhenUse] 使自身获得2层防御等级提升 \n[DefeatDuel]使自身获得(自身的防御等级提升 层数 × 5)点护盾。下回合使自身获得2层防御等级提升 。",
          "coinlist": [
            {},
            {
              "coindescs": [
                {
                  "desc": "[OnSucceedAttack] 下回合使自身获得2层迅捷 "
                }
              ]
            }
          ]
        }
      ]
    },
    {
      "id": 1120602,
      "levelList": [
        {
          "level": 1,
          "name": "灵活压制",
          "desc": "[WhenUse] 使自身获得2层防御等级提升 ",
          "coinlist": [
            {
              "coindescs": [
                {
                  "desc": "[OnSucceedAttackHead] 下回合使自身获得1层防御等级提升 "
                }
              ]
            },
            {
              "coindescs": [
                {
                  "desc": "[OnSucceedAttackHead] 下回合使自身获得1层防御等级提升 "
                }
              ]
            },
            {},
            {
              "coindescs": [
                {
                  "desc": "若自身的防御等级提升 层数不低于6层，则使本硬币造成的伤害+20%"
                }
              ]
            }
          ]
        },
        {
          "level": 2,
          "name": "灵活压制",
          "desc": "[WhenUse] 使自身获得3层防御等级提升 \n[WhenUse] 下回合使本技能对应行动槽的挑衅值 +2",
          "coinlist": [
            {
              "coindescs": [
                {
                  "desc": "[OnSucceedAttack] 下回合使自身获得1层防御等级提升 "
                }
              ]
            },
            {
              "coindescs": [
                {
                  "desc": "[OnSucceedAttack] 下回合使自身获得1层防御等级提升 "
                }
              ]
            },
            {},
            {
              "coindescs": [
                {
                  "desc": "若自身的防御等级提升 层数不低于6层，则使本硬币造成的伤害+30%"
                }
              ]
            }
          ]
        },
        {
          "level": 4,
          "name": "灵活压制",
          "desc": "[WhenUse] 使自身获得3层防御等级提升 \n[WhenUse] 下回合使本技能对应行动槽的挑衅值 +3\n若自身的防御等级提升 层数不低于6层，则使本技能的拼点威力+1",
          "coinlist": [
            {
              "coindescs": [
                {
                  "desc": "[OnSucceedAttack] 下回合使自身获得1层防御等级提升 "
                }
              ]
            },
            {
              "coindescs": [
                {
                  "desc": "[OnSucceedAttack] 下回合使自身获得1层防御等级提升 "
                }
              ]
            },
            {},
            {
              "coindescs": [
                {
                  "desc": "若自身的防御等级提升 层数不低于6层，则使本硬币造成的伤害+40%"
                }
              ]
            }
          ]
        }
      ]
    },
    {
      "id": 1120603,
      "levelList": [
        {
          "level": 3,
          "name": "人民卫士",
          "desc": "[WhenUse] 使全体友方单位获得2层忍耐 与3层防御等级提升 \n若自身的防御等级提升 层数不低于6层，则使本技能的硬币威力+1\n若自身的防御等级提升 层数不低于10层，则使本技能造成的伤害+30%",
          "coinlist": [
            {},
            {},
            {
              "coindescs": [
                {
                  "desc": "[OnSucceedAttack] 下回合使全体友方单位获得3层防御等级提升 "
                }
              ]
            }
          ]
        },
        {
          "level": 4,
          "name": "人民卫士",
          "desc": "[WhenUse] 使全体友方单位获得2层忍耐 与3层防御等级提升 \n自身每带有6层防御等级提升 ，使本技能的硬币威力+1(最多+3)\n若自身的防御等级提升 层数不低于10层，则使本技能造成的伤害+50%",
          "coinlist": [
            {},
            {},
            {
              "coindescs": [
                {
                  "desc": "[OnSucceedAttack] 下回合使全体友方单位获得3层防御等级提升 "
                }
              ]
            }
          ]
        }
      ]
    },
    {
      "id": 1120604,
      "levelList": [
        {
          "level": 1,
          "name": "最佳防守",
          "desc": "[StartBattle] 使自身获得(自身的防御等级提升 层数 × 2)点护盾",
          "coinlist": [
            {}
          ]
        },
        {
          "level": 4,
          "name": "最佳防守",
          "desc": "[StartBattle] 使自身获得(自身的防御等级提升 层数 × 2)点护盾\n[WhenUse] 下回合使本技能对应行动槽的挑衅值 +5",
          "coinlist": [
            {}
          ]
        }
      ]
    },
    {
      "id": 1120701,
      "levelList": [
        {
          "level": 1,
          "name": "开始谈判",
          "desc": "[WhenUse] 使自身增加2级呼吸法 强度",
          "coinlist": [
            {
              "coindescs": [
                {}
              ]
            },
            {
              "coindescs": [
                {
                  "desc": "[OnSucceedAttackHead] 使自身获得1层呼吸法 "
                }
              ]
            }
          ]
        },
        {
          "level": 2,
          "name": "开始谈判",
          "desc": "[WhenUse] 使自身增加3级呼吸法 强度",
          "coinlist": [
            {
              "coindescs": [
                {
                  "desc": "[OnSucceedAttack] 使自身获得1层呼吸法 "
                },
                {
                  "desc": "[CriticalOnSucceedAttack] 使目标增加2级流血 强度"
                }
              ]
            },
            {
              "coindescs": [
                {
                  "desc": "[CriticalOnSucceedAttack] 使目标增加2级流血 强度"
                }
              ]
            }
          ]
        },
        {
          "level": 4,
          "name": "开始谈判",
          "desc": "[WhenUse] 使自身增加3级呼吸法 强度\n若目标的流血 强度不低于7级，则使本技能的硬币威力+1",
          "coinlist": [
            {
              "coindescs": [
                {
                  "desc": "[OnSucceedAttack] 使自身获得1层呼吸法 "
                },
                {
                  "desc": "[CriticalOnSucceedAttack] 使目标增加2级流血 强度"
                }
              ]
            },
            {
              "coindescs": [
                {
                  "desc": "[CriticalOnSucceedAttack] 使目标增加2级流血 强度"
                }
              ]
            }
          ]
        }
      ]
    },
    {
      "id": 1120702,
      "levelList": [
        {
          "level": 1,
          "name": "单边业务",
          "desc": "[WhenUse] 使自身获得2层呼吸法 ",
          "coinlist": [
            {
              "coindescs": [
                {
                  "desc": "[OnSucceedAttackHead] 使自身增加3级呼吸法 强度"
                }
              ]
            },
            {
              "coindescs": [
                {
                  "desc": "[OnSucceedAttack] 使目标增加3级流血 强度"
                },
                {
                  "desc": "[CriticalOnSucceedAttack] 使目标增加2级流血 强度"
                }
              ]
            }
          ]
        },
        {
          "level": 2,
          "name": "单边业务",
          "desc": "[WhenUse] 使自身获得3层呼吸法 ",
          "coinlist": [
            {
              "coindescs": [
                {
                  "desc": "[OnSucceedAttackHead] 使自身增加4级呼吸法 强度"
                },
                {
                  "desc": "[CriticalOnSucceedAttack] 使目标增加2级流血 强度"
                }
              ]
            },
            {
              "coindescs": [
                {
                  "desc": "[OnSucceedAttack] 使目标增加3级流血 强度"
                },
                {
                  "desc": "[CriticalOnSucceedAttack] 使目标增加2级流血 强度"
                },
                {
                  "desc": "使本硬币暴击时造成的伤害+30%"
                }
              ]
            }
          ]
        },
        {
          "level": 4,
          "name": "单边业务",
          "desc": "目标每带有7级流血 强度，使本技能的硬币威力+1(最多+2)\n[WhenUse] 使自身获得3层呼吸法 ",
          "coinlist": [
            {
              "coindescs": [
                {
                  "desc": "[OnSucceedAttack] 使自身增加4级呼吸法 强度"
                },
                {
                  "desc": "[CriticalOnSucceedAttack] 使目标增加2级流血 强度"
                }
              ]
            },
            {
              "coindescs": [
                {
                  "desc": "[OnSucceedAttack] 使目标增加3级流血 强度"
                },
                {
                  "desc": "[CriticalOnSucceedAttack] 使目标增加2级流血 强度"
                },
                {
                  "desc": "使本硬币暴击时造成的伤害+50%"
                }
              ]
            }
          ]
        }
      ]
    },
    {
      "id": 1120703,
      "levelList": [
        {
          "level": 3,
          "name": "决裂定局",
          "desc": "[WhenUse] 目标每带有3级流血 强度，使自身增加1级呼吸法 强度(最多增加5级)\n若自身的呼吸法 强度不低于7级，则使本技能的硬币威力+1",
          "coinlist": [
            {
              "coindescs": [
                {
                  "desc": "[CriticalOnSucceedAttack] 对目标施加2层流血 "
                }
              ]
            },
            {
              "coindescs": [
                {
                  "desc": "消耗1发弹药 "
                },
                {
                  "desc": "使本硬币暴击时造成的伤害+50%"
                }
              ]
            }
          ]
        },
        {
          "level": 4,
          "name": "决裂定局",
          "desc": "[WhenUse] 目标每带有3级流血 强度，使自身增加1级呼吸法 强度(最多增加10级)\n自身每带有7级呼吸法 强度，使本技能的硬币威力+1(最多+3)",
          "coinlist": [
            {
              "coindescs": [
                {
                  "desc": "[CriticalOnSucceedAttack] 对目标施加2层流血 "
                }
              ]
            },
            {
              "coindescs": [
                {
                  "desc": "消耗1发弹药 "
                },
                {
                  "desc": "使本硬币暴击时造成的伤害+100%"
                },
                {
                  "desc": "[EnemyKill] 下回合使自身获得1层加算硬币强化 "
                }
              ]
            }
          ]
        }
      ]
    },
    {
      "id": 1120704,
      "levelList": [
        {
          "level": 1,
          "name": "喘口气",
          "desc": "[OnSucceedEvade] 使自身增加1级呼吸法 强度(每回合最多3次)",
          "coinlist": [
            {}
          ]
        },
        {
          "level": 4,
          "name": "喘口气",
          "desc": "[OnSucceedEvade] 使自身增加1级呼吸法 强度(每回合最多5次)",
          "coinlist": [
            {}
          ]
        }
      ]
    },
    {
      "id": 1120801,
      "levelList": [
        {
          "level": 1,
          "name": "云涡撕裂",
          "desc": "[WinDuel] 使目标增加1级流血 强度",
          "coinlist": [
            {
              "coindescs": [
                {
                  "desc": "[OnSucceedAttackHead] 对目标施加1层流血 "
                }
              ]
            }
          ]
        },
        {
          "level": 2,
          "name": "云涡撕裂",
          "desc": "[WhenUse] 若目标的流血 强度不低于7级，则使本技能的拼点威力+1\n[WinDuel] 使目标增加1级流血 强度",
          "coinlist": [
            {
              "coindescs": [
                {
                  "desc": "[OnSucceedAttack] 对目标施加1层流血 "
                }
              ]
            }
          ]
        },
        {
          "level": 3,
          "name": "云涡撕裂",
          "desc": "[WhenUse_Force] 若目标的流血 强度不低于7级，则使本技能的拼点威力+1\n[WinDuel] 使目标增加1级流血 强度",
          "coinlist": [
            {
              "coindescs": [
                {
                  "desc": "[OnSucceedAttack] 对目标施加1层流血 "
                }
              ]
            }
          ]
        },
        {
          "level": 4,
          "name": "云涡撕裂",
          "desc": "[WhenUse] 若目标的流血 强度不低于7级，则使本技能的拼点威力+2\n[WinDuel] 使目标增加1级流血 强度",
          "coinlist": [
            {
              "coindescs": [
                {
                  "desc": "[OnSucceedAttack] 对目标施加1层流血 "
                }
              ]
            }
          ]
        }
      ]
    },
    {
      "id": 1120802,
      "levelList": [
        {
          "level": 1,
          "name": "墨云",
          "desc": "",
          "coinlist": [
            {
              "coindescs": [
                {
                  "desc": "[OnSucceedAttackHead] 使目标增加2级流血 强度"
                }
              ]
            },
            {
              "coindescs": [
                {
                  "desc": "[OnSucceedAttack] 对目标施加1层攻击等级降低 "
                },
                {
                  "desc": "[OnSucceedAttack] 若目标的流血 强度不低于10级，则下回合对其施加1层虚弱 "
                }
              ]
            }
          ]
        },
        {
          "level": 2,
          "name": "墨云",
          "desc": "",
          "coinlist": [
            {
              "coindescs": [
                {
                  "desc": "[OnSucceedAttackHead] 使目标增加2级流血 强度"
                }
              ]
            },
            {
              "coindescs": [
                {
                  "desc": "[OnSucceedAttack] 对目标施加1层攻击等级降低 "
                },
                {
                  "desc": "[OnSucceedAttack] 若目标的流血 强度不低于10级，则下回合对其施加1层虚弱 "
                }
              ]
            }
          ]
        },
        {
          "level": 4,
          "name": "墨云",
          "desc": "[WhenUse] 若目标的流血 强度不低于7级，则使本技能的拼点威力+2",
          "coinlist": [
            {
              "coindescs": [
                {
                  "desc": "[OnSucceedAttackHead] 使目标增加2级流血 强度"
                }
              ]
            },
            {
              "coindescs": [
                {
                  "desc": "[OnSucceedAttack] 对目标施加1层攻击等级降低 "
                },
                {
                  "desc": "[OnSucceedAttack] 若目标的流血 强度不低于7级，则下回合对其施加1层虚弱 "
                }
              ]
            }
          ]
        }
      ]
    },
    {
      "id": 1120803,
      "levelList": [
        {
          "level": 3,
          "name": "墨云崩裂",
          "desc": "[WhenUse] 若目标的流血 强度不低于7级，则使本技能的拼点威力+1",
          "coinlist": [
            {
              "coindescs": [
                {
                  "desc": "[OnSucceedAttack] 对目标施加1层攻击等级降低 "
                },
                {
                  "desc": "[OnSucceedAttack] 若目标的流血 强度不低于7级，则下回合对其施加1层攻击等级降低 "
                }
              ]
            },
            {
              "coindescs": [
                {
                  "desc": "[OnSucceedAttack] 对目标施加1层攻击等级降低 "
                },
                {
                  "desc": "[OnSucceedAttack] 若目标的流血 强度不低于7级，则下回合对其施加1层攻击等级降低 "
                }
              ]
            },
            {
              "coindescs": [
                {
                  "desc": "[OnSucceedAttack] 若目标的流血 强度不低于10级，则下回合对其施加1层加算硬币弱化 "
                }
              ]
            }
          ]
        },
        {
          "level": 4,
          "name": "墨云崩裂",
          "desc": "[WhenUse] 若目标的流血 强度不低于7级，则使本技能的拼点威力+1\n[WhenUse] 若目标的流血 强度不低于10级，则使本技能的硬币威力+1",
          "coinlist": [
            {
              "coindescs": [
                {
                  "desc": "[OnSucceedAttack] 对目标施加1层攻击等级降低 "
                },
                {
                  "desc": "[OnSucceedAttack] 若目标的流血 强度不低于7级，则下回合对其施加1层攻击等级降低 "
                }
              ]
            },
            {
              "coindescs": [
                {
                  "desc": "[OnSucceedAttack] 对目标施加1层攻击等级降低 "
                },
                {
                  "desc": "[OnSucceedAttack] 若目标的流血 强度不低于7级，则下回合对其施加1层攻击等级降低 "
                }
              ]
            },
            {
              "coindescs": [
                {
                  "desc": "[OnSucceedAttackHead] 使目标增加3级流血 强度"
                },
                {
                  "desc": "[OnSucceedAttack] 若目标的流血 强度不低于7级，则下回合对其施加1层加算硬币弱化 "
                }
              ]
            }
          ]
        }
      ]
    },
    {
      "id": 1120804,
      "levelList": [
        {
          "level": 1,
          "name": "防御",
          "desc": "",
          "coinlist": [
            {}
          ]
        },
        {
          "level": 4,
          "name": "防御",
          "desc": "",
          "coinlist": [
            {}
          ]
        }
      ]
    },
    {
      "id": 1120901,
      "levelList": [
        {
          "level": 1,
          "name": "长剑劈砍",
          "desc": "",
          "coinlist": [
            {
              "coindescs": [
                {
                  "desc": "[OnSucceedAttack] 使目标增加3级沉沦 强度"
                }
              ]
            }
          ]
        },
        {
          "level": 2,
          "name": "长剑劈砍",
          "desc": "[WhenUse] 若目标的沉沦 强度不低于6级，则使本技能的硬币威力+2",
          "coinlist": [
            {
              "coindescs": [
                {
                  "desc": "[OnSucceedAttack] 使目标增加3级沉沦 强度"
                }
              ]
            }
          ]
        },
        {
          "level": 4,
          "name": "长剑劈砍",
          "desc": "[WhenUse] 目标每带有3级沉沦 强度，使本技能的硬币威力+1(最多+2)\n[WhenUse] 目标每带有3层沉沦 ，使本技能的拼点威力+1(最多+2)",
          "coinlist": [
            {
              "coindescs": [
                {
                  "desc": "[OnSucceedAttack] 使目标增加3级沉沦 强度"
                }
              ]
            }
          ]
        }
      ]
    },
    {
      "id": 1120902,
      "levelList": [
        {
          "level": 1,
          "name": "延续进攻",
          "desc": "[WinDuel] 对目标施加1层沉沦 ",
          "coinlist": [
            {
              "coindescs": [
                {
                  "desc": "[OnSucceedAttack] 若目标的沉沦 强度不低于5级，则下回合使自身获得1层迅捷 "
                }
              ]
            },
            {
              "coindescs": [
                {
                  "desc": "[OnSucceedAttack] 对目标施加3层沉沦 "
                }
              ]
            }
          ]
        },
        {
          "level": 2,
          "name": "延续进攻",
          "desc": "[WhenUse] 目标每带有3层沉沦 ，使本技能的拼点威力+1(最多+2)\n[WinDuel] 对目标施加1层沉沦 ",
          "coinlist": [
            {
              "coindescs": [
                {
                  "desc": "[OnSucceedAttack] 若目标的沉沦 强度不低于5级，则下回合使自身获得1层迅捷 "
                }
              ]
            },
            {
              "coindescs": [
                {
                  "desc": "[OnSucceedAttack] 对目标施加3层沉沦 "
                }
              ]
            }
          ]
        },
        {
          "level": 4,
          "name": "延续进攻",
          "desc": "[WhenUse] 若目标的沉沦 强度不低于6级，则使本技能的硬币威力+1\n[WhenUse] 目标每带有3层沉沦 ，使本技能的拼点威力+1(最多+2)\n[WinDuel] 对目标施加2层沉沦 ",
          "coinlist": [
            {
              "coindescs": [
                {
                  "desc": "[OnSucceedAttack] 若目标的沉沦 强度不低于5级，则下回合使自身获得1层迅捷 "
                }
              ]
            },
            {
              "coindescs": [
                {
                  "desc": "[OnSucceedAttack] 对目标施加3层沉沦 "
                }
              ]
            }
          ]
        }
      ]
    },
    {
      "id": 1120903,
      "levelList": [
        {
          "level": 3,
          "name": "噩梦狩猎",
          "desc": "[WhenUse] 目标每带有3层沉沦 ，使本技能的拼点威力+1(最多+2)\n[EndSkill] 若使目标陷入混乱，则对其施加3层沉沦 \n[EndSkill] 若击杀目标，则随机对1名敌方单位施加3层沉沦 ",
          "coinlist": [
            {
              "coindescs": [
                {
                  "desc": "[OnSucceedAttack] 使目标增加1级沉沦 强度"
                }
              ]
            },
            {
              "coindescs": [
                {
                  "desc": "[OnSucceedAttack] 使目标增加1级沉沦 强度"
                }
              ]
            },
            {
              "coindescs": [
                {
                  "desc": "[OnSucceedAttack] 使目标增加1级沉沦 强度"
                }
              ]
            },
            {
              "coindescs": [
                {
                  "desc": "[OnSucceedAttack] 吸收目标10级沉沦 强度并在下回合使自身获得1层加算硬币强化 与1层伤害强化 。有50%的概率获得上述状态时不吸收沉沦 "
                }
              ]
            }
          ]
        },
        {
          "level": 4,
          "name": "噩梦狩猎",
          "desc": "[WhenUse] 目标每带有3层沉沦 ，使本技能的拼点威力+1(最多+3)\n[EndSkill] 若使目标陷入混乱，则对其施加3层沉沦 \n[EndSkill] 若击杀目标，则随机对2名敌方单位施加3层沉沦 ",
          "coinlist": [
            {
              "coindescs": [
                {
                  "desc": "[OnSucceedAttack] 使目标增加1级沉沦 强度"
                }
              ]
            },
            {
              "coindescs": [
                {
                  "desc": "[OnSucceedAttack] 使目标增加1级沉沦 强度"
                }
              ]
            },
            {
              "coindescs": [
                {
                  "desc": "[OnSucceedAttack] 使目标增加1级沉沦 强度"
                }
              ]
            },
            {
              "coindescs": [
                {
                  "desc": "[OnSucceedAttack] 吸收目标10级沉沦 强度并在下回合使自身获得1层加算硬币强化 与3层伤害强化 。有50%的概率获得上述状态时不吸收沉沦 "
                }
              ]
            }
          ]
        }
      ]
    },
    {
      "id": 1120904,
      "levelList": [
        {
          "level": 1,
          "name": "你也想哭吗？",
          "desc": "[WhenUse] 若目标的沉沦 强度不低于5级，则使本技能的硬币威力+1",
          "coinlist": [
            {}
          ]
        },
        {
          "level": 4,
          "name": "你也想哭吗？",
          "desc": "[WhenUse] 目标每带有3级沉沦 强度，使本技能的硬币威力+1(最多+3)",
          "coinlist": [
            {}
          ]
        }
      ]
    }
  ]
}