{
  "dataList": [
    {
      "id": 2090411,
      "levelList": [
        {
          "level": 1,
          "name": "沸腾腐蚀",
          "abName": "陆行珍珠",
          "desc": "",
          "coinlist": [
            {
              "coindescs": [
                {
                  "desc": "[OnSucceedAttack] 对目标施加3层震颤 "
                },
                {
                  "desc": "[OnSucceedAttackHead] 下回合对目标施加2层束缚 "
                }
              ]
            }
          ]
        },
        {
          "level": 3,
          "name": "沸腾腐蚀",
          "abName": "陆行珍珠",
          "desc": "[BeforeAttack] 若主要目标现存体力不低于50%，则使本技能的攻击容量+1",
          "coinlist": [
            {
              "coindescs": [
                {
                  "desc": "[OnSucceedAttack] 使目标增加3级震颤 强度并对其施加5层震颤 "
                },
                {
                  "desc": "[OnSucceedAttackHead] 下回合对目标施加2层束缚 "
                },
                {
                  "desc": "[OnSucceedAttackHead] 使目标震颤引爆 "
                }
              ]
            }
          ]
        },
        {
          "level": 4,
          "name": "沸腾腐蚀",
          "abName": "陆行珍珠",
          "desc": "[BeforeAttack] 若主要目标现存体力不低于50%，则使本技能的攻击容量+1；若主要目标现存体力不低于75%，则使本技能的攻击容量额外+1",
          "coinlist": [
            {
              "coindescs": [
                {
                  "desc": "[OnSucceedAttack] 使目标增加3级震颤 强度并对其施加7层震颤 "
                },
                {
                  "desc": "[OnSucceedAttackHead] 下回合对目标施加2层束缚 "
                },
                {
                  "desc": "[OnSucceedAttack] 使目标震颤引爆 "
                }
              ]
            }
          ]
        }
      ]
    },
    {
      "id": 2090421,
      "levelList": [
        {
          "level": 1,
          "name": "沸腾腐蚀",
          "abName": "陆行珍珠",
          "desc": "[CantIdentify]\n随机指定目标",
          "coinlist": [
            {
              "coindescs": [
                {
                  "desc": "[OnSucceedAttack] 使自身恢复本硬币伤害量30%的体力"
                },
                {
                  "desc": "[OnSucceedAttack] 使目标震颤引爆 "
                }
              ]
            }
          ]
        },
        {
          "level": 3,
          "name": "沸腾腐蚀",
          "abName": "陆行珍珠",
          "desc": "[CantIdentify]\n随机指定目标\n[BeforeAttack] 若主要目标现存体力不低于50%，则使本技能的攻击容量+1",
          "coinlist": [
            {
              "coindescs": [
                {
                  "desc": "[OnSucceedAttack] 使自身恢复本硬币伤害量30%的体力"
                },
                {
                  "desc": "[OnSucceedAttack] 对目标施加3层防御等级降低 "
                },
                {
                  "desc": "[OnSucceedAttack] 使目标震颤引爆 "
                }
              ]
            }
          ]
        },
        {
          "level": 4,
          "name": "沸腾腐蚀",
          "abName": "陆行珍珠",
          "desc": "[CantIdentify]\n随机指定目标\n[BeforeAttack] 若主要目标现存体力不低于50%，则使本技能的攻击容量+1；若主要目标现存体力不低于75%，则使本技能的攻击容量额外+1",
          "coinlist": [
            {
              "coindescs": [
                {
                  "desc": "[OnSucceedAttack] 使自身恢复本硬币伤害量30%的体力"
                },
                {
                  "desc": "[OnSucceedAttack] 对目标施加5层防御等级降低 "
                },
                {
                  "desc": "[OnSucceedAttack] 使目标震颤引爆 "
                }
              ]
            }
          ]
        }
      ]
    },
    {
      "id": 2090511,
      "levelList": [
        {
          "level": 1,
          "name": "执行",
          "abName": "天之执行官的辅佐",
          "desc": "",
          "coinlist": [
            {
              "coindescs": [
                {
                  "desc": "[OnSucceedAttackHead] 下回合对目标施加1层怠惰易损 "
                },
                {
                  "desc": "[EndSkill] 使除自身以外现存体力比例最低的2名友方单位恢复自身体力上限15%的体力"
                }
              ]
            }
          ]
        },
        {
          "level": 3,
          "name": "执行",
          "abName": "天之执行官的辅佐",
          "desc": "",
          "coinlist": [
            {
              "coindescs": [
                {
                  "desc": "[OnSucceedAttackHead] 下回合对目标施加1层怠惰易损 "
                },
                {
                  "desc": "[EndSkill] 使除自身以外现存体力比例最低的2名友方单位恢复自身体力上限25%的体力"
                },
                {
                  "desc": "[EndSkillHead] 若使目标陷入混乱或击杀目标，则使恢复体力的友方单位获得自身体力上限10%的护盾"
                }
              ]
            }
          ]
        },
        {
          "level": 4,
          "name": "执行",
          "abName": "天之执行官的辅佐",
          "desc": "",
          "coinlist": [
            {
              "coindescs": [
                {
                  "desc": "[OnSucceedAttack] 下回合对目标施加1层怠惰易损 "
                },
                {
                  "desc": "[EndSkill] 使除自身以外现存体力比例最低的2名友方单位恢复自身体力上限30%的体力"
                },
                {
                  "desc": "[EndSkillHead] 若使目标陷入混乱或击杀目标，则使恢复体力的友方单位获得自身体力上限15%的护盾"
                }
              ]
            }
          ]
        }
      ]
    },
    {
      "id": 2090521,
      "levelList": [
        {
          "level": 1,
          "name": "执行",
          "abName": "天之执行官的辅佐",
          "desc": "[CantIdentify]\n随机指定目标",
          "coinlist": [
            {
              "coindescs": [
                {
                  "desc": "[OnSucceedAttack] 使目标震颤引爆 "
                },
                {
                  "desc": "[OnSucceedAttack] 对目标造成15点理智伤害"
                }
              ]
            }
          ]
        },
        {
          "level": 3,
          "name": "执行",
          "abName": "天之执行官的辅佐",
          "desc": "[CantIdentify]\n随机指定目标\n[BeforeAttack] 若现存体力不高于50%，则使本技能的攻击容量+1",
          "coinlist": [
            {
              "coindescs": [
                {
                  "desc": "[OnSucceedAttack] 使目标震颤引爆 "
                },
                {
                  "desc": "[OnSucceedAttack] 对目标造成20点理智伤害"
                },
                {
                  "desc": "[OnSucceedAttackTail] 若使目标陷入混乱或击杀目标，则使自身恢复5点理智值"
                }
              ]
            }
          ]
        },
        {
          "level": 4,
          "name": "执行",
          "abName": "天之执行官的辅佐",
          "desc": "[CantIdentify]\n随机指定目标\n[BeforeAttack] 若现存体力不高于50%，则使本技能的攻击容量+2",
          "coinlist": [
            {
              "coindescs": [
                {
                  "desc": "[OnSucceedAttack] 使目标震颤引爆 "
                },
                {
                  "desc": "[OnSucceedAttack] 对目标造成20点理智伤害"
                },
                {
                  "desc": "[OnSucceedAttack] 若使目标陷入混乱或击杀目标，则使自身恢复7点理智值"
                }
              ]
            }
          ]
        }
      ]
    },
    {
      "id": 2090611,
      "levelList": [
        {
          "level": 1,
          "name": "血欲",
          "abName": "红舞鞋",
          "desc": "目标每带有2级流血 强度，使本技能的硬币威力+1(最多+6)\n[StartBattle] 本回合使本技能主要目标的流血 层数不会减少\n[EndSkill] 3回合内，回合结束时使自身失去10点理智值",
          "coinlist": [
            {
              "coindescs": [
                {
                  "desc": "[OnSucceedAttack] 对目标造成相当于其流血 强度点色欲伤害\n- 若色欲共鸣数不低于4，则改为造成相当于(目标的流血 强度×1.2)点色欲伤害\n(本技能至多计入99级流血 强度)",
                  "summary": "[OnSucceedAttack] 根据目标的流血 强度，相应对其造成色欲伤害"
                },
                {
                  "desc": "[EnemyKill] 若本技能或其硬币效果对目标造成超过其剩余体力的伤害，则对全体敌方单位造成共计相当于溢出伤害量的固定伤害\n(若是集中遭遇战，则以本体体力计算)",
                  "summary": "[EnemyKill] 对全体敌方单位造成共计相当于溢出伤害量的伤害"
                }
              ]
            }
          ]
        },
        {
          "level": 3,
          "name": "血欲",
          "abName": "红舞鞋",
          "desc": "目标每带有2级流血 强度，使本技能的硬币威力+1(最多+9)\n[StartBattle] 本回合使本技能主要目标的流血 层数不会减少\n[EndSkill] 3回合内，回合结束时使自身失去10点理智值",
          "coinlist": [
            {
              "coindescs": [
                {
                  "desc": "[OnSucceedAttack] 对目标造成相当于(其流血 强度×1.2)点色欲伤害\n- 若色欲共鸣数不低于4，则改为造成相当于(目标的流血 强度×1.5)点色欲伤害\n- 若色欲完全共鸣数不低于4，则改为造成相当于(目标的流血 强度×1.8)点色欲伤害\n(本技能至多计入99级流血 强度)",
                  "summary": "[OnSucceedAttack] 根据目标的流血 强度，相应对其造成色欲伤害"
                },
                {
                  "desc": "[EnemyKill] 若本技能或其硬币效果对目标造成超过其剩余体力的伤害，则对全体敌方单位造成共计相当于溢出伤害量的固定伤害\n(若是集中遭遇战，则以本体体力计算)",
                  "summary": "[EnemyKill] 对全体敌方单位造成共计相当于溢出伤害量的伤害"
                }
              ]
            }
          ]
        },
        {
          "level": 4,
          "name": "血欲",
          "abName": "红舞鞋",
          "desc": "目标每带有2级流血 强度，使本技能的硬币威力+1(最多+13)\n[StartBattle] 本回合使本技能主要目标的流血 层数不会减少\n[EndSkill] 3回合内，回合结束时使自身失去10点理智值",
          "coinlist": [
            {
              "coindescs": [
                {
                  "desc": "[OnSucceedAttack] 对目标造成相当于(其流血 强度×1.5)点色欲伤害\n- 若色欲共鸣数不低于4，则改为造成相当于(目标的流血 强度×1.8)点色欲伤害\n- 若色欲完全共鸣数不低于4，则改为造成相当于(目标的流血 强度×2)点色欲伤害\n(本技能至多计入99级流血 强度)",
                  "summary": "[OnSucceedAttack] 根据目标的流血 强度，相应对其造成色欲伤害"
                },
                {
                  "desc": "[EnemyKill] 若本技能或其硬币效果对目标造成超过其剩余体力的伤害，则对全体敌方单位造成共计相当于溢出伤害量的固定伤害\n(若是集中遭遇战，则以本体体力计算)",
                  "summary": "[EnemyKill] 对全体敌方单位造成共计相当于溢出伤害量的伤害"
                }
              ]
            }
          ]
        }
      ]
    },
    {
      "id": 2090621,
      "levelList": [
        {
          "level": 1,
          "name": "血欲",
          "abName": "红舞鞋",
          "desc": "[CantIdentify]\n随机指定目标\n[BeforeAttack] 使本技能的攻击容量+(最大共鸣数-2)(最多+2)",
          "coinlist": [
            {
              "coindescs": [
                {
                  "desc": "[OnSucceedAttack] 使目标增加(2+色欲共鸣数)级流血 强度\n(最高计入色欲共鸣数：4)",
                  "summary": "[OnSucceedAttack] 使目标增加(2+色欲共鸣数)级流血 强度)"
                }
              ]
            }
          ]
        },
        {
          "level": 3,
          "name": "血欲",
          "abName": "红舞鞋",
          "desc": "[CantIdentify]\n随机指定目标\n[BeforeAttack] 使本技能的攻击容量+(最大共鸣数-2)(最多+2)",
          "coinlist": [
            {
              "coindescs": [
                {
                  "desc": "[OnSucceedAttack] 使目标增加(3+色欲共鸣数)级流血 强度\n(最高计入色欲共鸣数：5)",
                  "summary": "[OnSucceedAttack] 使目标增加(3+色欲共鸣数)级流血 强度"
                },
                {
                  "desc": "[OnSucceedAttack] 对目标施加2层流血 "
                }
              ]
            }
          ]
        },
        {
          "level": 4,
          "name": "血欲",
          "abName": "红舞鞋",
          "desc": "[CantIdentify]\n随机指定目标\n[BeforeAttack] 使本技能的攻击容量+(最大共鸣数-2)(最多+2)",
          "coinlist": [
            {
              "coindescs": [
                {
                  "desc": "[OnSucceedAttack] 使目标增加(4+色欲共鸣数)级流血 强度\n(最高计入色欲共鸣数：6)",
                  "summary": "[OnSucceedAttack] 使目标增加(4+色欲共鸣数)级流血 强度"
                },
                {
                  "desc": "[OnSucceedAttack] 对目标施加3层流血 "
                }
              ]
            }
          ]
        }
      ]
    }
  ]
}