{
  "dataList": [
    {
      "id": 1110501,
      "levelList": [
        {
          "level": 1,
          "name": "慢着慢着！",
          "desc": "若本技能被丢弃，则对自身施加3层震颤 ",
          "coinlist": [
            {
              "coindescs": [
                {
                  "desc": "[OnSucceedAttackHead] 使自身的混乱阈值后移与自身的震颤 层数相当的数值(最多10)"
                }
              ]
            }
          ]
        },
        {
          "level": 2,
          "name": "慢着慢着！",
          "desc": "若本技能被丢弃，则对自身施加4层震颤 \n[WhenUse] 对自身施加2层震颤 \n若自身的震颤 层数不低于6层，则使本技能的最终威力+1",
          "coinlist": [
            {
              "coindescs": [
                {
                  "desc": "[OnSucceedAttack] 使自身的混乱阈值后移与自身的震颤 层数相当的数值(最多10)"
                }
              ]
            }
          ]
        },
        {
          "level": 4,
          "name": "慢着慢着！",
          "desc": "若本技能被丢弃，则对自身施加4层震颤 \n[WhenUse] 对自身施加2层震颤 \n若自身的震颤 层数不低于6层，则使本技能的最终威力+2",
          "coinlist": [
            {
              "coindescs": [
                {
                  "desc": "[OnSucceedAttack] 使自身的混乱阈值后移与自身的震颤 层数相当的数值(最多10)"
                }
              ]
            }
          ]
        }
      ]
    },
    {
      "id": 1110502,
      "levelList": [
        {
          "level": 1,
          "name": "锯刃切割",
          "desc": "[WhenUse] 丢弃 自身所有行动槽中级别最低的1个技能",
          "coinlist": [
            {
              "coindescs": [
                {
                  "desc": "[OnSucceedAttackHead] 使目标增加1级震颤 强度"
                }
              ]
            },
            {
              "coindescs": [
                {
                  "desc": "[OnSucceedAttackHead] 使目标增加1级震颤 强度"
                }
              ]
            },
            {
              "coindescs": [
                {
                  "desc": "[OnSucceedAttack] 若自身的震颤 层数不低于6层，则使目标震颤引爆 ，并使目标的震颤 层数减少1层"
                }
              ]
            }
          ]
        },
        {
          "level": 2,
          "name": "锯刃切割",
          "desc": "若本技能被丢弃，则使自身获得1层攻击等级提升 \n[WhenUse] 丢弃 自身所有行动槽中级别最低的1个技能",
          "coinlist": [
            {
              "coindescs": [
                {
                  "desc": "[OnSucceedAttack] 使目标增加1级震颤 强度"
                }
              ]
            },
            {
              "coindescs": [
                {
                  "desc": "[OnSucceedAttack] 使目标增加1级震颤 强度"
                }
              ]
            },
            {
              "coindescs": [
                {
                  "desc": "[OnSucceedAttack] 若自身的震颤 层数不低于6层，则使目标震颤引爆 ，并使目标的震颤 层数减少1层"
                }
              ]
            }
          ]
        },
        {
          "level": 4,
          "name": "锯刃切割",
          "desc": "若本技能被丢弃，则使自身获得1层攻击等级提升 \n[WhenUse] 丢弃 自身所有行动槽中级别最低的1个技能",
          "coinlist": [
            {
              "coindescs": [
                {
                  "desc": "[OnSucceedAttack] 使目标增加2级震颤 强度"
                }
              ]
            },
            {
              "coindescs": [
                {
                  "desc": "[OnSucceedAttack] 使目标增加2级震颤 强度"
                }
              ]
            },
            {
              "coindescs": [
                {
                  "desc": "[OnSucceedAttack] 若自身的震颤 层数不低于6层，则使目标震颤引爆 ，并使目标的震颤 层数减少1层"
                }
              ]
            }
          ]
        }
      ]
    },
    {
      "id": 1110503,
      "levelList": [
        {
          "level": 3,
          "name": "当机立断",
          "desc": "[WhenUse] 按技能级别由高到低丢弃 自身所有行动槽中的技能\n消耗10层震颤 并使本技能的硬币威力+1",
          "coinlist": [
            {
              "coindescs": [
                {
                  "desc": "[OnSucceedAttack] 使目标增加4级震颤 强度"
                },
                {
                  "desc": "[OnSucceedAttack] 若使用本技能时消耗了震颤 层数，则对目标施加3层震颤 "
                }
              ]
            },
            {
              "coindescs": [
                {
                  "desc": "[OnSucceedAttackHead] 使目标震颤引爆 ，并使目标的震颤 层数减少1层"
                }
              ]
            },
            {
              "coindescs": [
                {
                  "desc": "[OnSucceedAttackHead] 使目标震颤引爆 ，并使目标的震颤 层数减少1层"
                }
              ]
            },
            {
              "coindescs": [
                {
                  "desc": "[OnSucceedAttackHead] 使目标震颤引爆 ，并使目标的震颤 层数减少1层"
                }
              ]
            }
          ]
        },
        {
          "level": 4,
          "name": "当机立断",
          "desc": "[WhenUse] 按技能级别由高到低丢弃 自身所有行动槽中的技能\n消耗10层震颤 并使本技能的硬币威力+2",
          "coinlist": [
            {
              "coindescs": [
                {
                  "desc": "[OnSucceedAttack] 使目标增加4级震颤 强度"
                },
                {
                  "desc": "[OnSucceedAttack] 若使用本技能时消耗了震颤 层数，则对目标施加3层震颤 "
                }
              ]
            },
            {
              "coindescs": [
                {
                  "desc": "[OnSucceedAttack] 使目标震颤引爆 ，并使目标的震颤 层数减少1层"
                }
              ]
            },
            {
              "coindescs": [
                {
                  "desc": "[OnSucceedAttack] 使目标震颤引爆 ，并使目标的震颤 层数减少1层"
                }
              ]
            },
            {
              "coindescs": [
                {
                  "desc": "[OnSucceedAttack] 使目标震颤引爆 ，并使目标的震颤 层数减少1层"
                }
              ]
            }
          ]
        }
      ]
    },
    {
      "id": 1110504,
      "levelList": [
        {
          "level": 1,
          "name": "醒酒",
          "desc": "[WhenUse] 丢弃 自身所有行动槽中级别最低的1个技能",
          "coinlist": [
            {}
          ]
        },
        {
          "level": 4,
          "name": "醒酒",
          "desc": "[WhenUse] 丢弃 自身所有行动槽中级别最低的1个技能",
          "coinlist": [
            {}
          ]
        }
      ]
    },
    {
      "id": 1110601,
      "levelList": [
        {
          "level": 1,
          "name": "前进",
          "desc": "[WhenUse] 下回合使自身获得2层迅捷 ",
          "coinlist": [
            {
              "coindescs": [
                {
                  "desc": "[OnSucceedAttackHead] 使自身获得1层呼吸法 "
                }
              ]
            },
            {
              "coindescs": [
                {
                  "desc": "[OnSucceedAttackHead] 使自身获得1层呼吸法 "
                }
              ]
            }
          ]
        },
        {
          "level": 2,
          "name": "前进",
          "desc": "[WhenUse] 下回合使自身获得2层迅捷 \n[WhenUse] 下回合使本技能对应行动槽的挑衅值 +1",
          "coinlist": [
            {
              "coindescs": [
                {
                  "desc": "[OnSucceedAttack] 使自身获得1层呼吸法 "
                }
              ]
            },
            {
              "coindescs": [
                {
                  "desc": "[OnSucceedAttack] 使自身获得1层呼吸法 "
                }
              ]
            }
          ]
        },
        {
          "level": 4,
          "name": "前进",
          "desc": "[WhenUse] 下回合使自身获得2层迅捷 \n[WhenUse] 下回合使本技能对应行动槽的挑衅值 +3",
          "coinlist": [
            {
              "coindescs": [
                {
                  "desc": "[OnSucceedAttack] 使自身获得1层呼吸法 "
                }
              ]
            },
            {
              "coindescs": [
                {
                  "desc": "[OnSucceedAttack] 使自身获得1层呼吸法 "
                }
              ]
            }
          ]
        }
      ]
    },
    {
      "id": 1110602,
      "levelList": [
        {
          "level": 1,
          "name": "惩罚",
          "desc": "[WhenUse] 使自身获得2层呼吸法 ",
          "coinlist": [
            {
              "coindescs": [
                {
                  "desc": "[OnSucceedAttack] 使自身增加2级呼吸法 强度"
                }
              ]
            },
            {
              "coindescs": [
                {
                  "desc": "[OnSucceedAttack] 下回合对目标施加1层束缚 "
                }
              ]
            }
          ]
        },
        {
          "level": 2,
          "name": "惩罚",
          "desc": "若自身的速度值高于目标，则使本技能的硬币威力+1\n[WhenUse] 使自身获得2层呼吸法 \n[WhenUse] 下回合使本技能对应行动槽的挑衅值 +2",
          "coinlist": [
            {
              "coindescs": [
                {
                  "desc": "[OnSucceedAttack] 使自身增加2级呼吸法 强度"
                }
              ]
            },
            {
              "coindescs": [
                {
                  "desc": "[OnSucceedAttack] 下回合对目标施加2层束缚 "
                }
              ]
            }
          ]
        },
        {
          "level": 4,
          "name": "惩罚",
          "desc": "若自身的速度值高于目标，则使本技能的硬币威力+2\n[WhenUse] 使自身获得2层呼吸法 \n[WhenUse] 下回合使本技能对应行动槽的挑衅值 +4",
          "coinlist": [
            {
              "coindescs": [
                {
                  "desc": "[OnSucceedAttack] 使自身增加2级呼吸法 强度"
                }
              ]
            },
            {
              "coindescs": [
                {
                  "desc": "[OnSucceedAttack] 下回合对目标施加2层束缚 "
                }
              ]
            }
          ]
        }
      ]
    },
    {
      "id": 1110603,
      "levelList": [
        {
          "level": 3,
          "name": "腾跃长刺",
          "desc": "若自身的呼吸法 强度不低于7级，则使本技能的最终威力+2\n[WinDuel] 根据拼点次数，相应使自身增加呼吸法 强度(最多10级)",
          "coinlist": [
            {
              "coindescs": [
                {
                  "desc": "[OnSucceedAttack] 对目标施加决斗宣告-奥提斯 "
                },
                {
                  "desc": "[OnSucceedAttack] 使速度值最低的2名友方单位在下回合获得1层迅捷 "
                },
                {
                  "desc": "[CriticalOnSucceedAttack] 使本硬币暴击时造成的伤害+50%"
                }
              ]
            }
          ]
        },
        {
          "level": 4,
          "name": "腾跃长刺",
          "desc": "若自身的呼吸法 强度不低于7级，则使本技能的最终威力+4\n[WinDuel] 根据拼点次数，相应使自身增加呼吸法 强度(最多10级)",
          "coinlist": [
            {
              "coindescs": [
                {
                  "desc": "[OnSucceedAttack] 对目标施加决斗宣告-奥提斯 "
                },
                {
                  "desc": "[OnSucceedAttack] 使速度值最低的2名友方单位在下回合获得2层迅捷 "
                },
                {
                  "desc": "[CriticalOnSucceedAttack] 使本硬币暴击时造成的伤害+70%"
                }
              ]
            }
          ]
        }
      ]
    },
    {
      "id": 1110604,
      "levelList": [
        {
          "level": 1,
          "name": "撤退",
          "desc": "若自身的速度值高于目标，则使本技能的硬币威力+1\n[OnSucceedEvade] 使自身增加1级呼吸法 强度(最多5级)",
          "coinlist": [
            {}
          ]
        },
        {
          "level": 4,
          "name": "撤退",
          "desc": "若自身的速度值高于目标，则每相差1点，使本技能的硬币威力+1(最多+3)\n[OnSucceedEvade] 使自身增加1级呼吸法 强度(最多10级)",
          "coinlist": [
            {}
          ]
        }
      ]
    },
    {
      "id": 1110701,
      "levelList": [
        {
          "level": 1,
          "name": "点火",
          "desc": "",
          "coinlist": [
            {
              "coindescs": [
                {
                  "desc": "[OnSucceedAttackHead] 下回合对目标施加1层黑焰 "
                }
              ]
            },
            {
              "coindescs": [
                {
                  "desc": "[OnSucceedAttack] 根据目标带有的黑焰 层数，使其增加相应的烧伤 强度"
                }
              ]
            }
          ]
        },
        {
          "level": 2,
          "name": "点火",
          "desc": "目标每带有3级烧伤 强度，使本技能的硬币威力+1(最多+2)",
          "coinlist": [
            {
              "coindescs": [
                {
                  "desc": "[OnSucceedAttackHead] 下回合对目标施加1层黑焰 "
                }
              ]
            },
            {
              "coindescs": [
                {
                  "desc": "[OnSucceedAttack] 根据目标带有的黑焰 层数，使其增加相应的烧伤 强度"
                }
              ]
            }
          ]
        },
        {
          "level": 4,
          "name": "点火",
          "desc": "目标每带有3级烧伤 强度，使本技能的硬币威力+1(最多+3)",
          "coinlist": [
            {
              "coindescs": [
                {
                  "desc": "[OnSucceedAttack] 下回合对目标施加1层黑焰 "
                }
              ]
            },
            {
              "coindescs": [
                {
                  "desc": "[OnSucceedAttack] 根据目标带有的黑焰 层数，使其增加相应的烧伤 强度"
                }
              ]
            }
          ]
        }
      ]
    },
    {
      "id": 1110702,
      "levelList": [
        {
          "level": 1,
          "name": "魔弹起爆",
          "desc": "若目标的烧伤 强度不低于6级，则使本技能的硬币威力+1",
          "coinlist": [
            {
              "coindescs": [
                {
                  "desc": "[OnSucceedAttack] 若自身的魔弹 层数低于4层，则使自身获得1层魔弹 ，并根据自身带有的魔弹 层数，下回合对目标施加相应层数的黑焰 "
                }
              ]
            },
            {
              "coindescs": [
                {
                  "desc": "[OnSucceedAttackHead] 根据目标带有的黑焰 层数，使其增加相应的烧伤 强度"
                }
              ]
            }
          ]
        },
        {
          "level": 2,
          "name": "魔弹起爆",
          "desc": "目标每带有6级烧伤 强度，使本技能的硬币威力+1(最多+2)",
          "coinlist": [
            {
              "coindescs": [
                {
                  "desc": "[OnSucceedAttack] 若自身的魔弹 层数低于4层，则使自身获得1层魔弹 ，并根据自身带有的魔弹 层数，下回合对目标施加相应层数的黑焰 "
                }
              ]
            },
            {
              "coindescs": [
                {
                  "desc": "[OnSucceedAttack] 根据目标带有的黑焰 层数，使其增加相应的烧伤 强度"
                }
              ]
            }
          ]
        },
        {
          "level": 4,
          "name": "魔弹起爆",
          "desc": "目标每带有6级烧伤 强度，使本技能的硬币威力+1(最多+3)",
          "coinlist": [
            {
              "coindescs": [
                {
                  "desc": "[OnSucceedAttack] 若自身的魔弹 层数低于4层，则使自身获得1层魔弹 ，并根据自身带有的魔弹 层数，下回合对目标施加相应层数的黑焰 "
                }
              ]
            },
            {
              "coindescs": [
                {
                  "desc": "[OnSucceedAttack] 根据目标带有的黑焰 层数，使其增加相应的烧伤 强度"
                }
              ]
            }
          ]
        }
      ]
    },
    {
      "id": 1110703,
      "levelList": [
        {
          "level": 3,
          "name": "魔弹射击",
          "desc": "目标每带有1级烧伤 强度，使本技能造成的伤害+0.5%(最多+15%)\n\n[BeforeAttack] 使自身获得1层魔弹 \n- 使自身失去(自身的魔弹 层数-1)×5点理智值\n- 使本技能的攻击容量变为与自身的魔弹 层数相同\n- 若自身的理智值不高于10点，则本技能有50%的概率进行无差别攻击\n\n[EndSkill] 若自身的魔弹 层数为7层，则将其重置为0层(视作消耗了最后的弹药 )",
          "coinlist": [
            {
              "coindescs": [
                {
                  "desc": "[OnSucceedAttack] 根据自身带有的魔弹 层数，下回合对目标施加相应层数的黑焰 "
                }
              ]
            }
          ]
        },
        {
          "level": 4,
          "name": "魔弹射击",
          "desc": "目标每带有1级烧伤 强度，使本技能造成的伤害+1%(最多+30%)\n\n[BeforeAttack] 使自身获得1层魔弹 \n- 使自身失去(自身的魔弹 层数-1)×5点理智值\n- 使本技能的攻击容量变为与自身的魔弹 层数相同\n- 若自身的理智值不高于10点，则本技能有50%的概率进行无差别攻击\n\n[EndSkill] 若自身的魔弹 层数为7层，则将其重置为0层(视作消耗了最后的弹药 )",
          "coinlist": [
            {
              "coindescs": [
                {
                  "desc": "[OnSucceedAttack] 根据自身带有的魔弹 层数，下回合对目标施加相应层数的黑焰 "
                }
              ]
            }
          ]
        }
      ]
    },
    {
      "id": 1110704,
      "levelList": [
        {
          "level": 1,
          "name": "魔弹的代价",
          "desc": "[WhenUse] 使自身获得1层魔弹 (每回合最多1层)\n[EndSkillAll] 根据自身带有的魔弹 层数，使自身失去相应的理智值",
          "coinlist": [
            {}
          ]
        },
        {
          "level": 4,
          "name": "魔弹的代价",
          "desc": "[WhenUse] 使自身获得1层魔弹 (每回合最多1层)\n[WhenUse] 使本技能的最终威力+(自身的魔弹 层数×2)\n[EndSkillAll] 根据自身带有的魔弹 层数，使自身失去相应的理智值",
          "coinlist": [
            {}
          ]
        }
      ]
    },
    {
      "id": 1110801,
      "levelList": [
        {
          "level": 1,
          "name": "敲击",
          "desc": "",
          "coinlist": [
            {},
            {
              "coindescs": [
                {
                  "desc": "[OnSucceedAttack] 使目标增加2级沉沦 强度"
                }
              ]
            }
          ]
        },
        {
          "level": 2,
          "name": "敲击",
          "desc": "[WhenUse] 若目标的沉沦 强度不低于7级，则使本技能的硬币威力+1",
          "coinlist": [
            {},
            {
              "coindescs": [
                {
                  "desc": "[OnSucceedAttack] 使目标增加2级沉沦 强度"
                }
              ]
            }
          ]
        },
        {
          "level": 4,
          "name": "敲击",
          "desc": "[WhenUse] 若目标的沉沦 强度不低于5级，则使本技能的硬币威力+1",
          "coinlist": [
            {},
            {
              "coindescs": [
                {
                  "desc": "[OnSucceedAttack] 使目标增加2级沉沦 强度"
                }
              ]
            }
          ]
        }
      ]
    },
    {
      "id": 1110802,
      "levelList": [
        {
          "level": 1,
          "name": "掸尘",
          "desc": "[WinDuel] 对目标施加1层沉沦 ",
          "coinlist": [
            {},
            {
              "coindescs": [
                {
                  "desc": "[OnSucceedAttack] 使目标增加3级沉沦 强度"
                }
              ]
            },
            {
              "coindescs": [
                {
                  "desc": "[OnSucceedAttack] 使目标增加2级沉沦 强度"
                }
              ]
            }
          ]
        },
        {
          "level": 2,
          "name": "掸尘",
          "desc": "[WinDuel] 对目标施加2层沉沦 ",
          "coinlist": [
            {},
            {
              "coindescs": [
                {
                  "desc": "[OnSucceedAttack] 使目标增加3级沉沦 强度"
                }
              ]
            },
            {
              "coindescs": [
                {
                  "desc": "[OnSucceedAttack] 使目标增加2级沉沦 强度"
                }
              ]
            }
          ]
        },
        {
          "level": 4,
          "name": "掸尘",
          "desc": "[WhenUse] 若目标的沉沦 强度不低于5级，则使本技能的硬币威力+1\n[WinDuel] 对目标施加2层沉沦 ",
          "coinlist": [
            {},
            {
              "coindescs": [
                {
                  "desc": "[OnSucceedAttack] 使目标增加3级沉沦 强度"
                }
              ]
            },
            {
              "coindescs": [
                {
                  "desc": "[OnSucceedAttack] 使目标增加2级沉沦 强度"
                }
              ]
            }
          ]
        }
      ]
    },
    {
      "id": 1110803,
      "levelList": [
        {
          "level": 3,
          "name": "遵夫人之命",
          "desc": "[WinDuel] 对目标施加3层沉沦 ",
          "coinlist": [
            {},
            {},
            {},
            {
              "coindescs": [
                {
                  "desc": "[OnSucceedAttack] 下回合对目标施加3层[EchoOfMansion]"
                },
                {
                  "desc": "[OnSucceedAttack] 若目标带有[EchoOfMansion]，则对目标额外造成相当于其沉沦 强度一半的忧郁伤害(最多20点)"
                }
              ]
            }
          ]
        },
        {
          "level": 4,
          "name": "遵夫人之命",
          "desc": "[WhenUse] 若目标的沉沦 强度不低于7级，则使本技能的硬币威力+1\n[WinDuel] 对目标施加3层沉沦 ",
          "coinlist": [
            {},
            {},
            {},
            {
              "coindescs": [
                {
                  "desc": "[OnSucceedAttack] 下回合对目标施加3层[EchoOfMansion]"
                },
                {
                  "desc": "[OnSucceedAttack] 若目标带有[EchoOfMansion]，则对目标额外造成相当于其沉沦 强度的忧郁伤害(最多30点)"
                }
              ]
            }
          ]
        }
      ]
    },
    {
      "id": 1110804,
      "levelList": [
        {
          "level": 1,
          "name": "何等失礼…！",
          "desc": "[OnSucceedEvade] 使目标增加1级沉沦 强度(每回合最多3级)",
          "coinlist": [
            {}
          ]
        },
        {
          "level": 4,
          "name": "何等失礼…！",
          "desc": "[OnSucceedEvade] 使目标增加1级沉沦 强度(每回合最多6级)",
          "coinlist": [
            {}
          ]
        }
      ]
    },
    {
      "id": 1110901,
      "levelList": [
        {
          "level": 1,
          "name": "点画",
          "desc": "",
          "coinlist": [
            {
              "coindescs": [
                {
                  "desc": "[OnSucceedAttackHead] 使目标增加1级流血 强度"
                }
              ]
            },
            {
              "coindescs": [
                {
                  "desc": "[OnSucceedAttackHead] 使目标增加1级流血 强度"
                }
              ]
            }
          ]
        },
        {
          "level": 2,
          "name": "点画",
          "desc": "若目标的流血 强度不低于6级，则使本技能的拼点威力+1",
          "coinlist": [
            {
              "coindescs": [
                {
                  "desc": "[OnSucceedAttack] 使目标增加1级流血 强度"
                }
              ]
            },
            {
              "coindescs": [
                {
                  "desc": "[OnSucceedAttack] 使目标增加1级流血 强度"
                }
              ]
            }
          ]
        },
        {
          "level": 4,
          "name": "点画",
          "desc": "若目标的流血 强度不低于6级，则使本技能的拼点威力+1\n若目标的流血 强度不低于10级，则使本技能的硬币威力+1",
          "coinlist": [
            {
              "coindescs": [
                {
                  "desc": "[OnSucceedAttack] 使目标增加1级流血 强度"
                }
              ]
            },
            {
              "coindescs": [
                {
                  "desc": "[OnSucceedAttack] 使目标增加1级流血 强度"
                }
              ]
            }
          ]
        }
      ]
    },
    {
      "id": 1110902,
      "levelList": [
        {
          "level": 1,
          "name": "血描画",
          "desc": "",
          "coinlist": [
            {},
            {
              "coindescs": [
                {
                  "desc": "[OnSucceedAttack] 以20%概率重复使用本硬币1次。目标每带有1种负面状态，使本硬币重复使用的概率+20%"
                },
                {
                  "desc": "[OnSucceedAttack] 对目标施加1层流血 "
                }
              ]
            }
          ]
        },
        {
          "level": 2,
          "name": "血描画",
          "desc": "若目标的流血 强度不低于6级，则使本技能的拼点威力+1",
          "coinlist": [
            {},
            {
              "coindescs": [
                {
                  "desc": "[OnSucceedAttack] 以20%概率重复使用本硬币1次。目标每带有1种负面状态，使本硬币重复使用的概率+20%"
                },
                {
                  "desc": "[OnSucceedAttack] 对目标施加1层流血 \n通过自身硬币效果重复使用本硬币时，对目标额外施加1层流血 "
                }
              ]
            }
          ]
        },
        {
          "level": 4,
          "name": "血描画",
          "desc": "若目标的流血 强度不低于6级，则使本技能的拼点威力+2",
          "coinlist": [
            {},
            {
              "coindescs": [
                {
                  "desc": "[OnSucceedAttack] 以40%概率重复使用本硬币。目标每带有1种负面状态，使本硬币重复使用的概率+20%(每个技能最多2次)"
                },
                {
                  "desc": "[OnSucceedAttack] 对目标施加1层流血 \n通过自身硬币效果重复使用本硬币时，对目标额外施加1层流血 "
                }
              ]
            }
          ]
        }
      ]
    },
    {
      "id": 1110903,
      "levelList": [
        {
          "level": 3,
          "name": "检查作品",
          "desc": "目标每带有1种负面状态，使本技能造成的伤害+10%(最多+30%)\n[WhenUse] 使仪表盘上位于自身两侧的友方单位在下回合获得1层迅捷 ",
          "coinlist": [
            {},
            {
              "coindescs": [
                {
                  "desc": "[OnSucceedAttack] 使目标增加3级流血 强度"
                },
                {
                  "desc": "[OnSucceedAttack] 使目标增加3级某1种随机效果的强度，该效果可能为烧伤 、流血 、震颤 、破裂 或沉沦 "
                },
                {
                  "desc": "[EndSkill] 若使目标陷入混乱或击杀目标，则使除自身以外理智值最高的1名友方单位在下回合获得1层突刺伤害强化 "
                }
              ]
            }
          ]
        },
        {
          "level": 4,
          "name": "检查作品",
          "desc": "若目标的流血 强度不低于6级，则使本技能的硬币威力+1\n目标每带有1种负面状态，使本技能造成的伤害+12.5%(最多+50%)\n[WhenUse] 使仪表盘上位于自身两侧的友方单位在下回合获得1层迅捷 ",
          "coinlist": [
            {},
            {
              "coindescs": [
                {
                  "desc": "[OnSucceedAttack] 使目标增加3级流血 强度"
                },
                {
                  "desc": "[OnSucceedAttack] 使目标增加3级某1种随机效果的强度，该效果可能为烧伤 、流血 、震颤 、破裂 或沉沦 "
                },
                {
                  "desc": "[EndSkill] 若使目标陷入混乱或击杀目标，则使除自身以外理智值最高的1名友方单位在下回合获得1层突刺伤害强化 。若该友方单位属于环指成员，则额外使其获得1层突刺强壮 "
                }
              ]
            }
          ]
        }
      ]
    },
    {
      "id": 1110904,
      "levelList": [
        {
          "level": 1,
          "name": "防御",
          "desc": "[WhenUse] 若目标的流血 强度不低于10级，则使本技能的硬币威力+3",
          "coinlist": [
            {}
          ]
        },
        {
          "level": 4,
          "name": "防御",
          "desc": "[WhenUse] 若目标的流血 强度不低于10级，则使本技能的硬币威力+7",
          "coinlist": [
            {}
          ]
        }
      ]
    },
    {
      "id": 1111001,
      "levelList": [
        {
          "level": 1,
          "name": "脉冲轰炸",
          "desc": "[WhenUse] 若自身的充能 层数不低于4层，则使本技能的拼点威力+1\n[WhenUse] 使自身获得2层充能 ",
          "coinlist": [
            {},
            {
              "coindescs": [
                {
                  "desc": "[OnSucceedAttack] 使自身获得1层充能 "
                }
              ]
            }
          ]
        },
        {
          "level": 2,
          "name": "脉冲轰炸",
          "desc": "[WhenUse] 若自身的充能 层数不低于4层，则使本技能的基础威力+1\n[WhenUse] 若自身的充能 层数不低于6层，则使本技能的拼点威力+1\n[WhenUse] 使自身获得2层充能 ",
          "coinlist": [
            {},
            {
              "coindescs": [
                {
                  "desc": "[OnSucceedAttack] 使自身获得1层充能 "
                }
              ]
            }
          ]
        },
        {
          "level": 4,
          "name": "脉冲轰炸",
          "desc": "[WhenUse] 若自身的充能 层数不低于4层，则使本技能的基础威力+1\n[WhenUse] 自身每带有5层充能 ，使本技能的拼点威力+1(最多+2)\n[WhenUse] 使自身获得2层充能 ",
          "coinlist": [
            {},
            {
              "coindescs": [
                {
                  "desc": "[OnSucceedAttack] 使自身获得2层充能 "
                }
              ]
            }
          ]
        }
      ]
    },
    {
      "id": 1111002,
      "levelList": [
        {
          "level": 1,
          "name": "充能腾跃",
          "desc": "[WhenUse] 消耗自身的6层充能 并使本技能的基础威力+1\n[WhenUse] 使自身获得2层充能 ",
          "coinlist": [
            {
              "coindescs": [
                {
                  "desc": "[OnSucceedAttack] 使自身获得1层充能 "
                }
              ]
            },
            {
              "coindescs": [
                {
                  "desc": "[OnSucceedAttack] 使自身获得1层充能 "
                },
                {
                  "desc": "[OnSucceedAttack] 下回合对目标施加1层束缚 "
                }
              ]
            }
          ]
        },
        {
          "level": 2,
          "name": "充能腾跃",
          "desc": "[WhenUse] 消耗自身的6层充能 并使本技能的基础威力+1\n- 若自身消耗了充能 层数，则使自身与除自身以外充能 层数最低的2名友方单位获得(自身的充能 强度+1)层充能力场 (最多7层，每回合最多1次)\n[WhenUse] 使自身获得2层充能 ",
          "coinlist": [
            {
              "coindescs": [
                {
                  "desc": "[OnSucceedAttack] 使自身获得1层充能 "
                }
              ]
            },
            {
              "coindescs": [
                {
                  "desc": "[OnSucceedAttack] 使自身获得2层充能 "
                },
                {
                  "desc": "[OnSucceedAttack] 下回合对目标施加1层束缚 "
                },
                {
                  "desc": "[OnSucceedAttackHead] 若本技能使用时消耗了充能 层数，则下回合对目标施加2层束缚 "
                }
              ]
            }
          ]
        },
        {
          "level": 4,
          "name": "充能腾跃",
          "desc": "[WhenUse] 消耗自身的6层充能 并使本技能的硬币威力+1\n- 若自身消耗了充能 层数，则使自身与除自身以外充能 层数最低的2名友方单位获得(自身的充能 强度+2)层充能力场 (最多8层，每回合最多2次)\n[WhenUse] 使自身获得2层充能 ",
          "coinlist": [
            {
              "coindescs": [
                {
                  "desc": "[OnSucceedAttack] 使自身获得2层充能 "
                }
              ]
            },
            {
              "coindescs": [
                {
                  "desc": "[OnSucceedAttack] 使自身获得2层充能 "
                },
                {
                  "desc": "[OnSucceedAttack] 下回合对目标施加1层束缚 "
                },
                {
                  "desc": "[OnSucceedAttack] 若本技能使用时消耗了充能 层数，则下回合对目标施加2层束缚 "
                }
              ]
            }
          ]
        }
      ]
    },
    {
      "id": 1111003,
      "levelList": [
        {
          "level": 3,
          "name": "次元撕裂",
          "desc": "[StartBattle] 根据自身带有的充能 强度，使自身与(最大共鸣数)名带有充能 的友方单位获得相应层数的负荷 \n(最多5名其他友方单位)\n[WhenUse] 若自身的充能 强度不低于2级，且自身的充能 层数在7~14层之间，则消耗自身所有充能 层数并使本技能的硬币威力+1\n[WhenUse] 消耗15层充能 并使本技能的硬币威力+1",
          "coinlist": [
            {},
            {
              "coindescs": [
                {
                  "desc": "[OnSucceedAttack] 使目标增加1级破裂 强度"
                }
              ]
            },
            {
              "coindescs": [
                {
                  "desc": "[OnSucceedAttack] 使目标增加1级破裂 强度"
                }
              ]
            },
            {
              "coindescs": [
                {
                  "desc": "[OnSucceedAttack] 若本技能使用时消耗了15层充能 ，则使目标增加2级破裂 强度"
                },
                {
                  "desc": "[OnSucceedAttack] 使自身获得(5-自身的充能 强度)层充能 (最少0层)"
                }
              ]
            }
          ]
        },
        {
          "level": 4,
          "name": "次元撕裂",
          "desc": "[StartBattle] 根据自身带有的充能 强度，使自身与(最大共鸣数)名带有充能 的友方单位获得相应层数的负荷 \n(最多5名其他友方单位)\n[WhenUse] 若自身的充能 强度不低于2级，且自身的充能 层数在7~14层之间，则消耗自身所有充能 层数并使本技能的硬币威力+2\n[WhenUse] 消耗15层充能 并使本技能的硬币威力+2",
          "coinlist": [
            {
              "coindescs": [
                {
                  "desc": "[OnSucceedAttack] 使目标增加1级破裂 强度"
                }
              ]
            },
            {
              "coindescs": [
                {
                  "desc": "[OnSucceedAttack] 使目标增加1级破裂 强度"
                }
              ]
            },
            {
              "coindescs": [
                {
                  "desc": "[OnSucceedAttack] 使目标增加1级破裂 强度"
                }
              ]
            },
            {
              "coindescs": [
                {
                  "desc": "[OnSucceedAttack] 若本技能使用时消耗了15层充能 ，则使目标增加2级破裂 强度"
                },
                {
                  "desc": "[OnSucceedAttack] 使自身获得(5-自身的充能 强度)层充能 (最少0层)"
                }
              ]
            }
          ]
        }
      ]
    },
    {
      "id": 1111004,
      "levelList": [
        {
          "level": 1,
          "name": "等离子场展开",
          "desc": "[WhenUse] 自身每带有2层充能 ，使本技能的基础威力+1(最多+5)\n[WhenUse] 使自身获得2层充能 (每回合最多2次)",
          "coinlist": [
            {
              "coindescs": [
                {
                  "desc": ""
                }
              ]
            }
          ]
        },
        {
          "level": 4,
          "name": "等离子场展开",
          "desc": "[WhenUse] 自身每带有1层充能 ，使本技能的基础威力+1(最多+10)\n[WhenUse] 使自身获得2层充能 (每回合最多3次)",
          "coinlist": [
            {
              "coindescs": [
                {
                  "desc": ""
                }
              ]
            }
          ]
        }
      ]
    }
  ]
}