{
  "dataList": [
    {
      "id": 2120511,
      "levelList": [
        {
          "level": 1,
          "name": "荆棘花园",
          "abName": "玫瑰告示牌",
          "desc": "[BeforeAttack] 若最大共鸣数不低于3，则使本技能的攻击容量+1\n[WhenUse] 使(1+最大共鸣数)名友方单位获得1层该罪孽属性的伤害强化 与1层该罪孽属性的强壮 \n- 若该共鸣数不低于4，则使其额外获得1层该罪孽属性的伤害强化 ",
          "coinlist": [
            {
              "coindescs": [
                {
                  "desc": "[EndSkill] 使现存体力比例最低的1名友方单位恢复其体力上限15%的体力\n- 额外使(最大共鸣数-2)名友方单位恢复体力 (最多3名)"
                }
              ]
            }
          ]
        },
        {
          "level": 3,
          "name": "荆棘花园",
          "abName": "玫瑰告示牌",
          "desc": "[BeforeAttack] 使本技能的攻击容量+(最大共鸣数-2)(最多+2)\n[WhenUse] 使(2+最大共鸣数)名友方单位获得1层该罪孽属性的伤害强化 与1层该罪孽属性的强壮 \n- 若该共鸣数不低于4，则使其额外获得1层该罪孽属性的伤害强化 \n- 若该共鸣数不低于5，则使其额外获得1层该罪孽属性的强壮 ",
          "coinlist": [
            {
              "coindescs": [
                {
                  "desc": "[EndSkill] 使现存体力比例最低的2名友方单位恢复其体力上限18%的体力\n- 额外使(最大共鸣数-2)名友方单位恢复体力 (最多3名)"
                }
              ]
            }
          ]
        },
        {
          "level": 4,
          "name": "荆棘花园",
          "abName": "玫瑰告示牌",
          "desc": "[BeforeAttack] 使本技能的攻击容量+(最大共鸣数-2)(最多+3)\n[WhenUse] 使(4+最大共鸣数)名友方单位获得1层该罪孽属性的伤害强化 与1层该罪孽属性的强壮 \n- 若该共鸣数不低于4，则使其额外获得1层该罪孽属性的伤害强化 \n- 若该共鸣数不低于5，则使其额外获得1层该罪孽属性的强壮 \n- 若该完全共鸣数不低于6，则下回合使其再次获得上述状态",
          "coinlist": [
            {
              "coindescs": [
                {
                  "desc": "[EndSkill] 使现存体力比例最低的4名友方单位恢复其体力上限22%的体力\n- 额外使(最大共鸣数-2)名友方单位恢复体力 (最多3名)"
                }
              ]
            }
          ]
        }
      ]
    },
    {
      "id": 2120521,
      "levelList": [
        {
          "level": 1,
          "name": "荆棘花园",
          "abName": "玫瑰告示牌",
          "desc": "[CantIdentify]\n随机指定目标\n[BeforeAttack] 若最大共鸣数不低于3，则使本技能的攻击容量+1",
          "coinlist": [
            {
              "coindescs": [
                {
                  "desc": "[OnSucceedAttack] 对目标施加1层伤害弱化 ，下回合对其施加2层束缚 "
                },
                {
                  "desc": "[OnSucceedAttack] 对目标施加1层该罪孽属性的易损 与1层该罪孽属性的虚弱 \n- 若该共鸣数不低于4，则对其额外施加1层该罪孽属性的易损 "
                }
              ]
            }
          ]
        },
        {
          "level": 3,
          "name": "荆棘花园",
          "abName": "玫瑰告示牌",
          "desc": "[CantIdentify]\n随机指定目标\n[BeforeAttack] 使本技能的攻击容量+(最大共鸣数-2)(最多+2)",
          "coinlist": [
            {
              "coindescs": [
                {
                  "desc": "[OnSucceedAttack] 对目标施加1层伤害弱化 ，下回合对其施加2层束缚 "
                },
                {
                  "desc": "[OnSucceedAttack] 对目标施加1层该罪孽属性的易损 与1层该罪孽属性的虚弱 \n- 若该共鸣数不低于4，则对其额外施加1层该罪孽属性的易损 \n- 若该共鸣数不低于5，则对其额外施加1层该罪孽属性的虚弱 "
                }
              ]
            }
          ]
        },
        {
          "level": 4,
          "name": "荆棘花园",
          "abName": "玫瑰告示牌",
          "desc": "[CantIdentify]\n随机指定目标\n[BeforeAttack] 使本技能的攻击容量+(最大共鸣数-2)(最多+3)",
          "coinlist": [
            {
              "coindescs": [
                {
                  "desc": "[OnSucceedAttack] 对目标施加1层伤害弱化 ，下回合对其施加2层束缚 "
                },
                {
                  "desc": "[OnSucceedAttack] 对目标施加1层该罪孽属性的易损 与1层该罪孽属性的虚弱 \n- 若该共鸣数不低于4，则对其额外施加1层该罪孽属性的易损 \n- 若该共鸣数不低于5，则对其额外施加1层该罪孽属性的虚弱 \n- 若该完全共鸣数不低于6，则下回合对其再次施加上述状态"
                }
              ]
            }
          ]
        }
      ]
    },
    {
      "id": 2120611,
      "levelList": [
        {
          "level": 1,
          "name": "往昔",
          "abName": "某日的肖像",
          "desc": "[EndSkill] 使自身与除自身以外理智值最低的2名友方单位恢复10点理智值\n- 若目标受到攻击后存活，则消耗其5层沉沦 并额外恢复相当于其沉沦 强度点理智值(最大恢复量：20点)\n- 若击杀目标，则随机使2名敌方单位增加3级沉沦 强度(若是集中遭遇战，则改为随机部位)",
          "coinlist": [
            {
              "coindescs": [
                {}
              ]
            }
          ]
        },
        {
          "level": 3,
          "name": "往昔",
          "abName": "某日的肖像",
          "desc": "[EndSkill] 使自身与除自身以外理智值最低的2名友方单位恢复12点理智值\n- 若目标受到攻击后存活，则消耗其5层沉沦 并额外恢复相当于其沉沦 强度点理智值(最大恢复量：20点)\n- 若击杀目标，则随机使2名敌方单位增加3级沉沦 强度并对其施加1层诅咒 (若是集中遭遇战，则改为随机部位)",
          "coinlist": [
            {
              "coindescs": [
                {}
              ]
            }
          ]
        },
        {
          "level": 4,
          "name": "往昔",
          "abName": "某日的肖像",
          "desc": "[EndSkill] 使自身与除自身以外理智值最低的2名友方单位恢复15点理智值\n- 若目标受到攻击后存活，则消耗其3层沉沦 并额外恢复相当于其沉沦 强度点理智值(最大恢复量：20点)\n- 若击杀目标，则随机使3名敌方单位增加3级沉沦 强度并对其施加1层诅咒 (若是集中遭遇战，则改为随机部位)",
          "coinlist": [
            {
              "coindescs": [
                {}
              ]
            }
          ]
        }
      ]
    },
    {
      "id": 2120621,
      "levelList": [
        {
          "level": 1,
          "name": "往昔",
          "abName": "某日的肖像",
          "desc": "[CantIdentify]\n随机指定目标",
          "coinlist": [
            {
              "coindescs": [
                {
                  "desc": "[OnSucceedAttack] 对目标施加2层忧郁易损 。若忧郁共鸣数不低于3，则对其额外施加1层忧郁易损 "
                },
                {
                  "desc": "[OnSucceedAttack] 对目标施加3层沉沦 "
                },
                {
                  "desc": "[OnSucceedAttack] 对目标施加1层诅咒 "
                }
              ]
            }
          ]
        },
        {
          "level": 3,
          "name": "往昔",
          "abName": "某日的肖像",
          "desc": "[CantIdentify]\n随机指定目标",
          "coinlist": [
            {
              "coindescs": [
                {
                  "desc": "[OnSucceedAttack] 对目标施加2层忧郁易损 。每有3点忧郁共鸣数，对其额外施加1层忧郁易损 (最多2层)"
                },
                {
                  "desc": "[OnSucceedAttack] 对目标施加3层沉沦 "
                },
                {
                  "desc": "[OnSucceedAttack] 对目标施加2层诅咒 "
                }
              ]
            }
          ]
        },
        {
          "level": 4,
          "name": "往昔",
          "abName": "某日的肖像",
          "desc": "[CantIdentify]\n随机指定目标\n若目标带有诅咒 ，则使本技能造成的伤害+50%",
          "coinlist": [
            {
              "coindescs": [
                {
                  "desc": "[OnSucceedAttack] 对目标施加2层忧郁易损 。每有2点忧郁共鸣数，对其额外施加1层忧郁易损 (最多2层)"
                },
                {
                  "desc": "[OnSucceedAttack] 对目标施加3层沉沦 "
                },
                {
                  "desc": "[OnSucceedAttack] 对目标施加3层诅咒 "
                }
              ]
            }
          ]
        }
      ]
    }
  ]
}