{
  "dataList": [
    {
      "id": 910401,
      "title": "去海边！",
      "place": "梅菲斯托费勒斯 内部",
      "desc": "穿过长长的隧道，我们到了一个被称为大湖的地方。\n看着宽阔蔚蓝的海滩，罪人们开始兴奋地谈论他们想在海滩上做什么。\n但是……我们真的能在这度假吗？"
    },
    {
      "id": 910402,
      "title": "废料海滩",
      "place": "21区 后巷某处",
      "desc": "最终到达的地方是一个绿色，充斥着腥臭味的沙滩。\n周围堆满了不知从何而来的废料，远处蓝色大海的样子就像画里的饼一样，让人感觉遥不可及。\n我们来这里干什么？"
    },
    {
      "id": 910403,
      "title": "废料蟹？",
      "place": "21区 后巷某处",
      "desc": "从山上的垃圾堆中，爬出来的甲壳类动物身上覆盖着各种各样的碎屑。根据以实玛利的说法，他们是U公司后巷很有名的东西。\n相比之下……以实玛利的表情一直阴沉沉的，怎么回事？"
    },
    {
      "id": 910404,
      "title": "船夫",
      "place": "臼齿修船厂",
      "desc": "美香和雷恩这些人好像已经认识我们了。我想LCCB已经通知了他们。\n为了前往下一个目的地，似乎必须在这里改造梅菲斯托费勒斯。"
    },
    {
      "id": 910405,
      "title": "废料收集时间！",
      "place": "21区 后巷某处",
      "desc": "是时候收集废料，把巴士变成船了。"
    },
    {
      "id": 910406,
      "title": "废料巴士改造",
      "place": "臼齿修船厂",
      "desc": "我们终于收集到了足够多的废料用于改造巴士。\n现在，我能和罪人们休息一下了吗？\n那么……休息的时候找以实玛利谈谈吧。"
    },
    {
      "id": 910407,
      "title": "沙滩……排球？",
      "place": "21区 后巷某处",
      "desc": "在烦恼着如何解决不断闹别扭的以实玛利和罪人们之间的关系时，决定试试堂吉诃德和李箱提议的沙滩排球。\n一起运动的同时或许能让彼此的关系变得深厚。"
    },
    {
      "id": 910408,
      "title": "瓦解",
      "place": "臼齿修船厂",
      "desc": "与预想相反，沙滩排球彻底完蛋了……\n大家满脸怒容地<size=110%>和</size>废料蟹搏斗着。\n果然……我觉得我该对此说点什么。"
    },
    {
      "id": 910409,
      "title": "废料收集时间……",
      "place": "21区 后巷某处",
      "desc": "虽然情况比沙滩的颜色更加晦暗……\n但还是要收集废料。"
    },
    {
      "id": 910410,
      "title": "尴尬时间",
      "place": "臼齿修船厂",
      "desc": "在开始收集比第一次还多的废料之后，几天时间又过去了。\n这段时间我决定远远地看着罪人们工作。\n想着该怎么处理以实玛利和希斯克利夫……"
    },
    {
      "id": 910411,
      "title": "最后的废料",
      "place": "臼齿修船厂",
      "desc": "虽然还没有解决任何问题，但梅菲斯托费勒斯的改造已经接近尾声。\n美香一本正经地把所有人都叫过来试车。\n虽然改造结束了是好事……但是这样真的可以前往下一个目的地吗？"
    },
    {
      "id": 910412,
      "title": "帝王废料蟹狩猎",
      "place": "21区 后巷某处",
      "desc": "让我们<size=110%>和</size>帝王废料蟹战斗，取得大块的废料吧。"
    }
  ]
}