{
  "dataList": [
    {
      "id": 10622,
      "title": "深邃的地下室"
    },
    {
      "id": 10623,
      "title": "深邃的地下室 2"
    },
    {
      "id": 10624,
      "title": "玻璃管"
    },
    {
      "id": 10625,
      "title": "赝品"
    },
    {
      "id": 10626,
      "title": "赝品 2"
    },
    {
      "id": 10627,
      "title": "赝品 3"
    },
    {
      "id": 10628,
      "title": "令人怀念的面容"
    },
    {
      "id": 10629,
      "title": "赝品 4"
    },
    {
      "id": 10630,
      "title": "扣错的纽扣"
    },
    {
      "id": 10631,
      "title": "黑草"
    },
    {
      "id": 10632,
      "title": "小提琴"
    },
    {
      "id": 10633,
      "title": "马特"
    },
    {
      "id": 10634,
      "title": "野兽"
    }
  ]
}