{
  "dataList": [
    {
      "id": 911001,
      "title": "头等舱",
      "place": ""
    },
    {
      "id": 911002,
      "title": "北部收尾人",
      "place": ""
    },
    {
      "id": 911003,
      "title": "消失的乘客",
      "place": ""
    },
    {
      "id": 911004,
      "title": "无法阅览",
      "place": ""
    },
    {
      "id": 911005,
      "title": "多裂纹事务所",
      "place": ""
    },
    {
      "id": 911006,
      "title": "地狱般的图景",
      "place": ""
    },
    {
      "id": 911007,
      "title": "地狱般的图景 2",
      "place": ""
    },
    {
      "id": 911008,
      "title": "血魔",
      "place": ""
    },
    {
      "id": 911009,
      "title": "清扫人员",
      "place": ""
    },
    {
      "id": 911010,
      "title": "下一节车厢",
      "place": ""
    },
    {
      "id": 911011,
      "title": "下一节车厢 2",
      "place": ""
    },
    {
      "id": 911012,
      "title": "义体收尾人",
      "place": ""
    },
    {
      "id": 911013,
      "title": "主宰者",
      "place": ""
    },
    {
      "id": 911014,
      "title": "谈判",
      "place": ""
    },
    {
      "id": 911015,
      "title": "不确定性",
      "place": ""
    }
  ]
}