{
  "dataList": [
    {
      "id": 10635,
      "title": "钟表之音"
    },
    {
      "id": 10636,
      "title": "伊莎贝拉"
    },
    {
      "id": 10637,
      "title": "避雷针"
    },
    {
      "id": 10638,
      "title": "狂猎"
    },
    {
      "id": 10639,
      "title": "狂猎 2"
    },
    {
      "id": 10640,
      "title": "狂猎 3"
    },
    {
      "id": 10641,
      "title": "无尽的死路"
    },
    {
      "id": 10642,
      "title": "去屋顶"
    },
    {
      "id": 10643,
      "title": "金枝"
    },
    {
      "id": 10644,
      "title": "魔王"
    },
    {
      "id": 10645,
      "title": "被盗走的人生"
    },
    {
      "id": 10646,
      "title": "传达爱的话语"
    },
    {
      "id": 10647,
      "title": "同样的心"
    },
    {
      "id": 10648,
      "title": "所有世界"
    }
  ]
}