{
  "dataList": [
    {
      "id": "chapter_d_100",
      "company": "D公司",
      "area": "4区",
      "chapter": "序章",
      "chapterNumber": "00",
      "chaptertitle": "幽暗的森林",
      "timeline": "984-01"
    },
    {
      "id": "chapter_d_101",
      "company": "D公司",
      "area": "4区",
      "chapter": "章节I",
      "chapterNumber": "01",
      "chaptertitle": "无归属者",
      "timeline": "984-01"
    },
    {
      "id": "chapter_j_102",
      "company": "J公司",
      "area": "10区",
      "chapter": "章节II",
      "chapterNumber": "02",
      "chaptertitle": "无慈悲者",
      "timeline": "984-01"
    },
    {
      "id": "chapter_k_103",
      "company": "K公司",
      "area": "11区",
      "chapter": "章节III",
      "chapterNumber": "03",
      "chaptertitle": "无作为者",
      "timeline": "984-02"
    },
    {
      "id": "chapter_k_9103",
      "company": "K公司",
      "area": "11区",
      "chapter": "间章I",
      "chapterNumber": "3.5",
      "chaptertitle": "地狱鸡",
      "timeline": "984-03"
    },
    {
      "id": "chapter_k_104",
      "company": "K公司",
      "area": "11区",
      "chapter": "章节IV",
      "chapterNumber": "04",
      "chaptertitle": "无改变者",
      "timeline": "984-05"
    },
    {
      "id": "chapter_u_9104",
      "company": "U公司",
      "area": "21区",
      "chapter": "间章II",
      "chapterNumber": "4.5",
      "chaptertitle": "去・海・边",
      "timeline": "984-05"
    },
    {
      "id": "chapter_u_105",
      "company": "U公司",
      "area": "21区",
      "chapter": "章节V",
      "chapterNumber": "05",
      "chaptertitle": "定义为恶",
      "timeline": "984-07"
    },
    {
      "id": "chapter_u_9105",
      "company": "U公司",
      "area": "21区",
      "chapter": "间章III",
      "chapterNumber": "5.5",
      "chaptertitle": "20区的奇迹",
      "timeline": "984-08"
    },
    {
      "id": "chapter_u_9106",
      "company": "U公司",
      "area": "21区",
      "chapter": "",
      "chapterNumber": "",
      "chaptertitle": "第2次 瓦尔普吉斯之夜",
      "timeline": "984-09"
    },
    {
      "id": "chapter_t_9107",
      "company": "T公司",
      "area": "20区",
      "chapter": "间章III",
      "chapterNumber": "5.5",
      "chaptertitle": "肉斩骨断",
      "timeline": "984-10"
    },
    {
      "id": "chapter_t_106",
      "company": "T公司",
      "area": "20区",
      "chapter": "章节VI",
      "chapterNumber": "06",
      "chaptertitle": "心意相悖",
      "timeline": "984-11"
    },
    {
      "id": "chapter_t_9108",
      "company": "T公司",
      "area": "20区",
      "chapter": "",
      "chapterNumber": "",
      "chaptertitle": "第3次 瓦尔普吉斯之夜",
      "timeline": "984-11"
    },
    {
      "id": "chapter_t_9109",
      "company": "T公司",
      "area": "20区",
      "chapter": "间章 IV",
      "chapterNumber": "6.5",
      "chaptertitle": "时间杀人时间",
      "timeline": "984-11"
    },
    {
      "id": "chapter_t_9110",
      "company": "T公司",
      "area": "20区",
      "chapter": "间章 IV",
      "chapterNumber": "6.5",
      "chaptertitle": "WARP快车谋杀案",
      "timeline": "984-11"
    }
  ]
}