{
  "dataList": [
    {
      "id": 910701,
      "title": "20区 后巷",
      "place": "梅菲斯托费勒斯 内部",
      "desc": "自我们经过T公司的后巷入口已有些时候了。\n车窗外的世界已经比之前褪去了更多色彩，仿佛变成了模糊的灰色空间。\n一同向窗外望去的希斯克利夫皱起了眉头。"
    },
    {
      "id": 910702,
      "title": "争斗",
      "place": "T公司后巷 某处",
      "desc": "一下巴士就映入眼帘的，是一群身着黑衣，挥刀相向的人。\n一方有些吵闹，另一方则似乎处于劣势，显得沉重而迟钝。\n我们到底要从这些人那里得到什么呢。"
    },
    {
      "id": 910703,
      "title": "执剑之契",
      "place": "梅菲斯托费勒斯 内部",
      "desc": "我们把受伤失去意识的人带到了巴士上。\n虽然被维吉里乌斯责备了一番……但我觉得这样做是对的，所以打算好事做到底。\n……正好，她已经恢复了意识。"
    },
    {
      "id": 910704,
      "title": "不速之客",
      "place": "梅菲斯托费勒斯 内部",
      "desc": "回到巴士时，有个虽然从未见过，但似曾相识的人在等着我们。\n如果衣服的颜色换成蓝色，再穿上稍有些不同的背心……倒是能想到几个熟人。\n维吉里乌斯为什么让这个人上了巴士呢？"
    },
    {
      "id": 910705,
      "title": "前往龙进大楼",
      "place": "T公司后巷 某处",
      "desc": "边狱公司的高层要求我们在叫做“龙进大楼”的地方回收与扭曲有关的东西。\n虽然我看不到其与找回金枝的工作的关联性，但能隐约感受到公司安排的任务中具有某种程度的强制性。\n话说回来……\n维吉里乌斯好像当初就知道目标是那里。为什么他非要让我们绕一圈远路呢？"
    },
    {
      "id": 910706,
      "title": "前往龙进大楼 2",
      "place": "T公司后巷 某处",
      "desc": "边狱公司的高层要求我们在叫做“龙进大楼”的地方回收与扭曲有关的东西。\n虽然我看不到其与找回金枝的工作的关联性，但能隐约感受到公司安排的任务中具有某种程度的强制性。\n话说回来……\n维吉里乌斯好像当初就知道目标是那里。为什么他非要让我们绕一圈远路呢？"
    },
    {
      "id": 910707,
      "title": "金笠与友人们",
      "place": "龙进大楼",
      "desc": "樱桃依然在为了寻找头领……那个被叫做金笠的人物，而焦急地清理着大楼里的敌人。\n她受伤的地方还没有完全恢复……这大概就是所谓的执念吧。\n这位金笠，到底是什么样的人呢。"
    },
    {
      "id": 910708,
      "title": "金笠与友人们 2",
      "place": "龙进大楼",
      "desc": "樱桃依然在为了寻找头领……那个被叫做金笠的人物，而焦急地清理着大楼里的敌人。\n她受伤的地方还没有完全恢复……这大概就是所谓的执念吧。\n这位金笠，到底是什么样的人呢。"
    },
    {
      "id": 910709,
      "title": "罪之根源",
      "place": "龙进大楼",
      "desc": "黏糊糊的忧郁感和像燃烧一样的愤怒感让人头晕目眩。\n为什么这种地方会出现罪种的反应……？\n而且……\n那和我一直以来感受到的反应级别……不一样。"
    },
    {
      "id": 910710,
      "title": "黑云",
      "place": "龙进大楼",
      "desc": "我们抵达了大楼的顶层，第6层，那里有个焦躁地俯视着怀表的人。\n他的胳膊搭在巨大的剑上，一脸烦躁。\n就算不问也能知道，他就是我们在上来的路上打倒的黑云会的负责人。"
    },
    {
      "id": 910711,
      "title": "金笠",
      "place": "龙进大楼",
      "desc": "我们终于面对了被樱桃称为头领的人。\n在斜戴着的破碎斗笠的缝隙间，那冰冷的蓝色目光缓缓流淌而出。\n……看来战斗是难以避免了。"
    },
    {
      "id": 910712,
      "title": "剑鬼的心象",
      "place": "心象镜像迷宫"
    }
  ]
}