{
  "dataList": [
    {
      "id": 10601,
      "title": "呼啸山庄"
    },
    {
      "id": 10602,
      "title": "没时间了"
    },
    {
      "id": 10603,
      "title": "没时间了 2"
    },
    {
      "id": 10604,
      "title": "信"
    },
    {
      "id": 10605,
      "title": "颜色"
    },
    {
      "id": 10606,
      "title": "打扮"
    },
    {
      "id": 10607,
      "title": "正门"
    },
    {
      "id": 10608,
      "title": "耐莉"
    },
    {
      "id": 10609,
      "title": "热情欢迎"
    },
    {
      "id": 10610,
      "title": "凯瑟琳"
    },
    {
      "id": 10611,
      "title": "管家"
    },
    {
      "id": 10612,
      "title": "幽魂"
    },
    {
      "id": 10613,
      "title": "谜语"
    },
    {
      "id": 10614,
      "title": "走廊"
    },
    {
      "id": 10615,
      "title": "走廊 2"
    },
    {
      "id": 10616,
      "title": "走廊 3"
    },
    {
      "id": 10617,
      "title": "死兔帮"
    },
    {
      "id": 10618,
      "title": "死兔帮 2"
    },
    {
      "id": 10619,
      "title": "日记本"
    },
    {
      "id": 10620,
      "title": "日记本 2"
    },
    {
      "id": 10621,
      "title": "壁炉"
    }
  ]
}