{
  "dataList": [
    {
      "id": 10501,
      "title": "启航",
      "place": "梅菲斯托费勒斯 巴士船",
      "desc": "在绿色灯光的骚乱告一段落后，巴士船继续航行。浮士德好像发现了什么似的，朝着船舵的方向走去。"
    },
    {
      "id": 10502,
      "title": "规则",
      "place": "梅菲斯托费勒斯 巴士船",
      "desc": "就在奥提斯关于航海的讲座达到高潮的时候，引擎停了。但我们还有很长一段路要走……"
    },
    {
      "id": 10503,
      "title": "共鸣音叉",
      "place": "梅菲斯托费勒斯 巴士船",
      "desc": "配合着奥提斯的命令，罪人们齐心协力……虽然实际上并不是这样，但在罪人们的团结努力下，熄火的巴士船仍在继续航行。在这种情况下，为了在这片湖中生存下来，必须知道这个事实：如果违反规则就会变成海里的海藻渣……然后，我们注意到巴士船被什么东西拽住了，偏离了航线。"
    },
    {
      "id": 10504,
      "title": "绑匪",
      "place": "U公司 马林鱼港船",
      "desc": "几经险阻，劈波斩浪，我们终于抵达了目的地。那似乎是U公司的马林鱼港船，一艘由无数集装箱堆砌而成的巨轮。"
    },
    {
      "id": 10505,
      "title": "违抗命令",
      "place": "U公司 马林鱼港船",
      "desc": "本应和我们接触的LCCB队员们并不在，取而代之的是一伙性格恶劣的绑匪在欢迎我们。在我们讨论如何应对这些索要赎金的人时……以实玛利仿佛毫不在意般地突然开始了行动。以实玛利的眼中充斥着各种各样的感情，似乎彷徨不定。即便在尚未确定LCCB队员们是否存活的情况下，我们依然必须先击退这些绑匪。"
    },
    {
      "id": 10506,
      "title": "会所",
      "place": "U公司 马林鱼港船",
      "desc": "似乎并非所有人都在团结一致地作战。我们向着以实玛利威胁绑匪而得来的首领位置前进。"
    },
    {
      "id": 10507,
      "title": "会所 2",
      "place": "U公司 马林鱼港船",
      "desc": "绑匪头目的所在地，是一个传出嘈杂音乐的会所。我本来想安静地潜入……但我们在会所入口的时候便被卷入了战斗，好不容易才击退了门卫。"
    },
    {
      "id": 10508,
      "title": "会所 3",
      "place": "U公司 马林鱼港船",
      "desc": "绑匪头目的所在地，是一个传出嘈杂音乐的会所。我本来想安静地潜入……但我们在会所入口的时候便被卷入了战斗，好不容易才击退了门卫。"
    },
    {
      "id": 10509,
      "title": "大副",
      "place": "U公司 马林鱼港船",
      "desc": "我们在会所里四处走动，干掉了绑匪所属的帮派成员。很快就能找到他们首领所在的房间了……"
    },
    {
      "id": 10510,
      "title": "大副 2",
      "place": "U公司 马林鱼港船",
      "desc": "多亏了辛克莱，我们找到了首领所在的房间。她自称为双钩海盗团的大副……"
    },
    {
      "id": 10511,
      "title": "集装箱",
      "place": "U公司 马林鱼港船",
      "desc": "双钩海盗团的大副，斯米，告诉了我们被绑架的LCCB队长的关押位置。虽然以实玛利希望不留后患……但我拼命阻止了她。虽然我没能从逻辑上解释清楚，也没能说服以实玛利，但我并不后悔。"
    },
    {
      "id": 10512,
      "title": "集装箱 2",
      "place": "U公司 马林鱼港船",
      "desc": "大副斯米告诉了我们被绑架的LCCB队长的关押位置。在那里能看到堆积如山的集装箱。"
    },
    {
      "id": 10513,
      "title": "皮利托",
      "place": "U公司 马林鱼港船",
      "desc": "打开了名为斯米的人所说的集装箱，我们看到了一个泪流满面的年幼LCCB队员。虽然我很高兴看到他没受什么伤害，但他真的是队长吗……？"
    },
    {
      "id": 10514,
      "title": "皮利托 2",
      "place": "U公司 马林鱼港船",
      "desc": "我们遇见了一位自称皮利托的LCCB幸存者队员。另外，他还告诉了我们索德还活着这令人高兴的事实。现在该听听他准备说什么了。"
    },
    {
      "id": 10515,
      "title": "冰淇淋",
      "place": "U公司 马林鱼港船",
      "desc": "皮利托将最后一次目击到金枝的脑叶公司支部的变动坐标交给了我们。一直假装若无其事说着话的皮利托最终还是流下了眼泪。我十分希望接下来要去的脑叶公司支部里仍然有幸存者。"
    },
    {
      "id": 10516,
      "title": "海盗",
      "place": "梅菲斯托费勒斯 巴士船",
      "desc": "基于皮利托交给我们的变动坐标，我们必须前往湖中某处的脑叶公司支部。与此同时，以实玛利一直在焦虑地看着望远镜。"
    },
    {
      "id": 10517,
      "title": "海盗 2",
      "place": "梅菲斯托费勒斯 巴士船",
      "desc": "双钩海盗团正在追着我们。我决定根据以实玛利的提议，赶在他们之前抢先登陆他们的船。"
    },
    {
      "id": 10518,
      "title": "浪潮",
      "place": "梅菲斯托费勒斯 巴士船",
      "desc": "我们击退了海盗们，但还是难以摆脱不快的感觉。只能牢记着湖上的规则继续航行……"
    },
    {
      "id": 10519,
      "title": "浪潮 2",
      "place": "梅菲斯托费勒斯 巴士船",
      "desc": "奥提斯提议为了缩短时间而打破规则去抗击浪潮。天气很快变得阴沉，未知的波涛正朝我们汹涌而来。"
    }
  ]
}