{
  "dataList": [
    {
      "id": 10520,
      "title": "游轮宴会",
      "place": "梅菲斯托费勒斯 巴士船",
      "desc": "冲破浪潮后，稍显平静的航行开始了。\n现在可以朝着坐标航行了吧，这样的念头一闪而过。\n一艘独自耸立在大湖中心的游轮映入眼帘。"
    },
    {
      "id": 10521,
      "title": "游轮宴会 2",
      "place": "游轮",
      "desc": "我们想了解情况，便登上游轮。游轮上到处是花里胡哨的精美装饰，但一个人影也没瞧见，毛骨悚然的恶寒涌上我的脊梁。"
    },
    {
      "id": 10522,
      "title": "游轮宴会 3",
      "place": "游轮",
      "desc": "我跑进船舱寻找被恐怖故事吓跑的辛克莱，没花多大功夫便找到了他。\n然而……"
    },
    {
      "id": 10523,
      "title": "游轮宴会 4",
      "place": "游轮",
      "desc": "这游轮是灾难的牺牲品。无视大湖规则的惩罚竟如此严重。\n……小心驶得万年船，也许下次我应当作出更明智的决断。"
    },
    {
      "id": 10524,
      "title": "灾难",
      "place": "脑叶公司支部钻井船 某处",
      "desc": "雾气彼岸，隐约可见的，是寻觅已久的U公司脑叶支部。只是那建筑通体覆盖在一层诡异的白色黏膜之下，令人不禁怀疑其真实性……我忖度着，起码我们没走错路。"
    },
    {
      "id": 10525,
      "title": "捕鲸人",
      "place": "脑叶公司支部钻井船 某处",
      "desc": "不光是外表，这陌生的怪异现象一直延伸到脑叶公司支部的深处。苍白黏膜覆盖着内部每一寸空间。\n而且……还有些浑身沾满黏膜的人摇晃着走来走去。"
    },
    {
      "id": 10526,
      "title": "湖与蝴蝶",
      "place": "脑叶公司支部钻井船 某处",
      "desc": "跟着散发神秘气息的蝴蝶，我们进入了脑叶公司支部深处，有个头上碧波荡漾的人正等待着我们。"
    },
    {
      "id": 10527,
      "title": "湖与蝴蝶 2",
      "place": "脑叶公司支部钻井船 某处",
      "desc": "林好似飞过水面驻足片刻的蝴蝶，消失在视野中。我们如梦方醒，那熟悉的红色图案又一次浮现出来。……那人鱼又冲了上来。"
    },
    {
      "id": 10529,
      "title": "湖与蝴蝶 3",
      "place": "脑叶公司支部钻井船 某处",
      "desc": "那个叫林的人说得没错，我们在支部根本找不到一点儿金枝的踪迹。\n……正如他所言，我们得去寻找鲸了。"
    },
    {
      "id": 10530,
      "title": "鱼叉",
      "place": "脑叶公司支部 钻井船入口",
      "desc": "在等待与维吉里乌斯会面时，支部突然发生了震动，我们急忙跑到外边，朝雾的方向凝视……一艘令人望而生畏的船只出现了。"
    },
    {
      "id": 10532,
      "title": "幼兄",
      "place": "脑叶公司支部 钻井船入口",
      "desc": "在我们与伏击的海盗周旋时，我突然意识到这只不过是战斗的前奏而已。仔细想想，他们那最大、最华丽的舰船至今仍未“钩”住我们。"
    },
    {
      "id": 10533,
      "title": "幼兄 2",
      "place": "脑叶公司支部 钻井船入口",
      "desc": "这无异于一场蹂躏与欺瞒，玩弄人于股掌之间。以实玛利一次又一次死去，而后我让她复活，我也同样重温着死亡带给她的痛苦。\n……胜利遥遥无期。也许真如浮士德所言……旅途将在此休止。"
    },
    {
      "id": 10534,
      "title": "靛蓝老人",
      "place": "梅菲斯托费勒斯 巴士船",
      "desc": "老人嘴里叼的香烟闪烁着蓝色的火光，高深莫测的实力，已无需多言。似乎是认出了他，几句简短的寒暄之后，浮士德把他带到了维吉里乌斯面前。"
    },
    {
      "id": 10535,
      "title": "暗礁",
      "place": "梅菲斯托费勒斯 小船",
      "desc": "和当初跟靛蓝老人商量的好一样，我们划着桨向灰色的湖面驶去。浑浊湖水荡漾其上，远处隐约可见白色的礁石，看来我们得想办法避开并绕过那些礁石。"
    },
    {
      "id": 10537,
      "title": "白鲸",
      "place": "梅菲斯托费勒斯 小船",
      "desc": "我们杀死了那些从被我们当成岩石的孔穴鲸身上爬出的人鱼。但是……那并不是我们要找的鲸，以实玛利为什么要这么做？\n从希斯克利夫脸上的表情来看，好奇的并不止我一个。"
    },
    {
      "id": 10538,
      "title": "白鲸 2",
      "place": "梅菲斯托费勒斯 小船",
      "desc": "我们涉过海雾，进入了漆黑的湖。\n以实玛利所说的，传说之湖。处于那片湖中的……\n是苍白到令人胆寒的白鲸。"
    }
  ]
}