{
  "dataList": [
    {
      "id": 910501,
      "title": "乏味",
      "place": "巴士船 梅菲斯托费勒斯",
      "desc": "在大湖里等待的时间越来越长，罪人们因无聊而变得疲惫不堪。\n这时，希斯克利夫焦急地跟维吉里乌斯搭话……"
    },
    {
      "id": 910502,
      "title": "诱人的提案",
      "place": "巴士船 梅菲斯托费勒斯",
      "desc": "堂吉诃德带着意味深长的表情把我们带到了驾驶舱。\n那里有着后门发生变动时，浮士德曾观察过的显示器……上面正排列着未知的文字。"
    },
    {
      "id": 910503,
      "title": "意想不到的旅程",
      "place": "巴士的后门",
      "desc": "打开堂吉诃德发现的后门并进入后，发现那里有看起来像工厂一样的空间。\n堂吉诃德好像已经来过了这里，她很自然地呼唤着某人……"
    },
    {
      "id": 910504,
      "title": "怪物们的礼物",
      "place": "礼物工厂 接待室",
      "desc": "从雪橇上的袋子里跳出来的是一个小家伙和四肢不全的人们。\n看样子他们似乎是被绑架到这里来的，到底发生了什么事情呢。"
    },
    {
      "id": 910505,
      "title": "感人的重逢",
      "place": "礼物分拣工厂",
      "desc": "在希斯克利夫和堂吉诃德晕倒的绝境中，多亏了来找我的罪人们，我得以保住了性命。\n但是……被气体迷晕的那两个人不见了。"
    },
    {
      "id": 910506,
      "title": "寻找那两人",
      "place": "礼物分拣工厂",
      "desc": "他们应该是被带到了这工厂的某个地方。柯蕾昂她应该也在一起吧……得快点找到他们一起回去。"
    },
    {
      "id": 910507,
      "title": "寻找那两人",
      "place": "礼物分拣工厂",
      "desc": "他们应该是被带到了这工厂的某个地方。柯蕾昂她应该也在一起吧……得快点找到他们一起回去。"
    },
    {
      "id": 910508,
      "title": "礼物为谁而做",
      "place": "礼物组装工厂",
      "desc": "工厂有着比想象中更大更复杂的结构。他们到底为了谁，为了什么在制作礼物呢。"
    },
    {
      "id": 910509,
      "title": "礼物为谁而做",
      "place": "礼物组装工厂",
      "desc": "工厂有着比想象中更大更复杂的结构。他们到底为了谁，为了什么在制作礼物呢。"
    },
    {
      "id": 910510,
      "title": "用仇恨制作的礼物",
      "place": "礼物组装处",
      "desc": "默尔索所指的地方是制作礼物的空间。用抓到的“材料”做成礼物的样子，实在令人震惊。\n同时，终于被找到的两个罪人也快要被做成礼物了……"
    },
    {
      "id": 910511,
      "title": "礼物配送巨人",
      "place": "礼物组装处",
      "desc": "似乎没有和胡子巨人桑塔塔交涉的余地。只能在这里打倒它。"
    },
    {
      "id": 910512,
      "title": "旅程的终点",
      "place": "礼物组装处",
      "desc": "桑塔塔被打倒了，但它的身体就像是要进行自爆攻击一样开始膨胀。那时，从某处传来陌生的声音……"
    },
    {
      "id": 910513,
      "title": "桑塔塔",
      "place": "礼物组装处",
      "desc": "似乎没有和胡子巨人桑塔塔交涉的余地。只能直接击败它。"
    }
  ]
}